news_id,titulo,investigador_id,nombre,departamento,grupos,nombre_oficial
0,La nueva Junta Rectora de CRUE se reúne con el presidente del Gobierno en La Moncloa,https://portalinvestigacion.uniovi.es/investigadores/218536/detalle,IGNACIO VILLAVERDE MENENDEZ,Derecho Público,Derechos Fundamentales y Constitución,IGNACIO VILLAVERDE MENENDEZ
1,La Universidad de Oviedo reconstruye los orígenes contables de una empresa minera pionera en la industrialización asturiana,https://portalinvestigacion.uniovi.es/investigadores/216887/detalle,JAVIER DE ANDRES SUAREZ,Contabilidad,Nuevas Tecnologías y Análisis Económico-financiero,JAVIER DE ANDRES SUAREZ
1,La Universidad de Oviedo reconstruye los orígenes contables de una empresa minera pionera en la industrialización asturiana,https://portalinvestigacion.uniovi.es/investigadores/217791/detalle,PEDRO LORCA FERNANDEZ,Contabilidad,Nuevas Tecnologías y Análisis Económico-financiero,PEDRO LORCA FERNANDEZ
2,La Universidá Asturiana de Branu incorpora la inteligencia artificial a su oferta formativa,https://portalinvestigacion.uniovi.es/investigadores/217844/detalle,CLAUDIA ELENA MENENDEZ FERNANDEZ,Filología Española,Seminario de Estudios Árabo-románicos,CLAUDIA ELENA MENENDEZ FERNANDEZ
2,La Universidá Asturiana de Branu incorpora la inteligencia artificial a su oferta formativa,https://portalinvestigacion.uniovi.es/investigadores/217909/detalle,XOSE ANTON GONZALEZ RIAÑO,Ciencias de la Educación,"Didáctica de las Lenguas, Interculturalidad y Multilingüismo en Educación",XOSE ANTON GONZALEZ RIAÑO
3,El grupo Llabor de la Universidad de Oviedo regresa a Cueiru para desvelar el origen de una de las ferias más antiguas del Noroeste,https://portalinvestigacion.uniovi.es/investigadores/217322/detalle,MARIA MARGARITA FERNANDEZ MIER,Historia,Social Landscapes,MARIA MARGARITA FERNANDEZ MIER
5,Los Picos de Europa esconden un ‘amortiguador’ geológico natural que evita la formación de terremotos,https://portalinvestigacion.uniovi.es/investigadores/217347/detalle,JOSE MANUEL GONZALEZ DIAZ,Química Orgánica e Inorgánica,Síntesis Orgánica Selectiva,JOSE MANUEL GONZALEZ DIAZ
5,Los Picos de Europa esconden un ‘amortiguador’ geológico natural que evita la formación de terremotos,https://portalinvestigacion.uniovi.es/investigadores/217782/detalle,CARLOS ANTONIO LOPEZ SANCHEZ,Biología de Organismos y Sistemas,Gestión Inteligente de Bosques,CARLOS ANTONIO LOPEZ SANCHEZ
5,Los Picos de Europa esconden un ‘amortiguador’ geológico natural que evita la formación de terremotos,https://portalinvestigacion.uniovi.es/investigadores/1010294/detalle,EMILIO FERNANDEZ VIEJO,Filología Española,Lingüística Funcional del Español,EMILIO FERNANDEZ VIEJO
5,Los Picos de Europa esconden un ‘amortiguador’ geológico natural que evita la formación de terremotos,https://portalinvestigacion.uniovi.es/investigadores/2354604/detalle,PABLO LOPEZ FERNANDEZ,No especificado,,PABLO LOPEZ FERNANDEZ
5,Los Picos de Europa esconden un ‘amortiguador’ geológico natural que evita la formación de terremotos,https://portalinvestigacion.uniovi.es/investigadores/1301906/detalle,ANA MARIA LOPEZ FERNANDEZ,No especificado,,ANA MARIA LOPEZ FERNANDEZ
5,Los Picos de Europa esconden un ‘amortiguador’ geológico natural que evita la formación de terremotos,https://portalinvestigacion.uniovi.es/investigadores/217592/detalle,GABRIELA FERNANDEZ VIEJO,Geología,Procesos Geológicos Modeladores del Relieve de la Cordillera Cantábrica,GABRIELA FERNANDEZ VIEJO
5,Los Picos de Europa esconden un ‘amortiguador’ geológico natural que evita la formación de terremotos,https://portalinvestigacion.uniovi.es/investigadores/217762/detalle,JESUS ALBERTO LOPEZ FERNANDEZ,"Ingeniería Eléctrica, Electrónica, de Comunicaciones y de Sistemas (DIEECS)",Teoría de la Señal y Comunicaciones,JESUS ALBERTO LOPEZ FERNANDEZ
5,Los Picos de Europa esconden un ‘amortiguador’ geológico natural que evita la formación de terremotos,https://portalinvestigacion.uniovi.es/investigadores/217348/detalle,MANUEL GONZALEZ DIAZ,Administración de Empresas,Grupo de Análisis Económico de Organizaciones,MANUEL GONZALEZ DIAZ
5,Los Picos de Europa esconden un ‘amortiguador’ geológico natural que evita la formación de terremotos,https://portalinvestigacion.uniovi.es/investigadores/217382/detalle,VICTOR MANUEL GONZALEZ MENDEZ,Administración de Empresas,Grupo de Economía Financiera,VICTOR MANUEL GONZALEZ MENDEZ
5,Los Picos de Europa esconden un ‘amortiguador’ geológico natural que evita la formación de terremotos,https://portalinvestigacion.uniovi.es/investigadores/217597/detalle,FELIX CARLOS FERNANDEZ DE CASTRO LOPEZ PATIÑO,Filología Española,Lingüística Funcional del Español,FELIX CARLOS FERNANDEZ DE CASTRO LOPEZ PATIÑO
5,Los Picos de Europa esconden un ‘amortiguador’ geológico natural que evita la formación de terremotos,https://portalinvestigacion.uniovi.es/investigadores/217761/detalle,CARLOS LOPEZ FERNANDEZ,Geología,Procesos Geológicos Modeladores del Relieve de la Cordillera Cantábrica,CARLOS LOPEZ FERNANDEZ
5,Los Picos de Europa esconden un ‘amortiguador’ geológico natural que evita la formación de terremotos,https://portalinvestigacion.uniovi.es/investigadores/217738/detalle,SERGIO LLANA FUNEZ,Geología,Procesos Geológicos Modeladores del Relieve de la Cordillera Cantábrica,SERGIO LLANA FUNEZ
5,Los Picos de Europa esconden un ‘amortiguador’ geológico natural que evita la formación de terremotos,https://portalinvestigacion.uniovi.es/investigadores/220122/detalle,ANA GABRIELA FERNANDEZ SAAVEDRA,Sociología,"Género, Economía, Salud y Sociedad",ANA GABRIELA FERNANDEZ SAAVEDRA
6,La Real Sociedad Española de Física premia la tesis doctoral de Clara Ramón Álvarez en la Universidad de Oviedo,https://portalinvestigacion.uniovi.es/investigadores/219959/detalle,JAVIER FERNANDEZ GONZALEZ,,Materials-pro,JAVIER FERNANDEZ GONZALEZ
6,La Real Sociedad Española de Física premia la tesis doctoral de Clara Ramón Álvarez en la Universidad de Oviedo,https://portalinvestigacion.uniovi.es/investigadores/218879/detalle,LUIS JAVIER FERNANDEZ MENENDEZ,Física,"Grupo de Espectroscopia, Láseres y Plasmas",LUIS JAVIER FERNANDEZ MENENDEZ
6,La Real Sociedad Española de Física premia la tesis doctoral de Clara Ramón Álvarez en la Universidad de Oviedo,https://portalinvestigacion.uniovi.es/investigadores/219035/detalle,JAVIER FERNANDEZ REYNES,Química Orgánica e Inorgánica,Química de Moléculas y Macromoléculas Inorgánicas,JAVIER FERNANDEZ REYNES
6,La Real Sociedad Española de Física premia la tesis doctoral de Clara Ramón Álvarez en la Universidad de Oviedo,https://portalinvestigacion.uniovi.es/investigadores/217503/detalle,FRANCISCO JAVIER FERNANDEZ RIO,Ciencias de la Educación,"Educación, Actividad Física, Deporte y Salud",FRANCISCO JAVIER FERNANDEZ RIO
6,La Real Sociedad Española de Física premia la tesis doctoral de Clara Ramón Álvarez en la Universidad de Oviedo,https://portalinvestigacion.uniovi.es/investigadores/217085/detalle,FRANCISCO JAVIER CUEVAS MAESTRO,Física,Física de Altas Energías,FRANCISCO JAVIER CUEVAS MAESTRO
6,La Real Sociedad Española de Física premia la tesis doctoral de Clara Ramón Álvarez en la Universidad de Oviedo,https://portalinvestigacion.uniovi.es/investigadores/217637/detalle,SUSANA DEL CARMEN FERNANDEZ MENENDEZ,No especificado,,SUSANA DEL CARMEN FERNANDEZ MENENDEZ
6,La Real Sociedad Española de Física premia la tesis doctoral de Clara Ramón Álvarez en la Universidad de Oviedo,https://portalinvestigacion.uniovi.es/investigadores/217636/detalle,JAVIER FERNANDEZ MENENDEZ,Física,Física de Altas Energías,JAVIER FERNANDEZ MENENDEZ
6,La Real Sociedad Española de Física premia la tesis doctoral de Clara Ramón Álvarez en la Universidad de Oviedo,https://portalinvestigacion.uniovi.es/investigadores/216867/detalle,JOSE RAMON ALVAREZ SAIZ,Química Física y Analítica,"Nanopartículas, Membranas y Bioanálisis",JOSE RAMON ALVAREZ SAIZ
6,La Real Sociedad Española de Física premia la tesis doctoral de Clara Ramón Álvarez en la Universidad de Oviedo,https://portalinvestigacion.uniovi.es/investigadores/218878/detalle,JAVIER FERNANDEZ MATEOS,Bioquímica y Biología Molecular,"Genomas, Cáncer y Envejecimiento",JAVIER FERNANDEZ MATEOS
6,La Real Sociedad Española de Física premia la tesis doctoral de Clara Ramón Álvarez en la Universidad de Oviedo,https://portalinvestigacion.uniovi.es/investigadores/218865/detalle,JAVIER FERNANDEZ FERNANDEZ,,Biotecnología de Nutracéuticos y Compuestos Bioactivos,JAVIER FERNANDEZ FERNANDEZ
6,La Real Sociedad Española de Física premia la tesis doctoral de Clara Ramón Álvarez en la Universidad de Oviedo,https://portalinvestigacion.uniovi.es/investigadores/217049/detalle,FRANCISCO JAVIER FERNANDEZ GARCIA,No especificado,,FRANCISCO JAVIER FERNANDEZ GARCIA
8,Treinta estudiantes de la Universidad de Oviedo completan  su formación en EDP,https://portalinvestigacion.uniovi.es/investigadores/218536/detalle,IGNACIO VILLAVERDE MENENDEZ,Derecho Público,Derechos Fundamentales y Constitución,IGNACIO VILLAVERDE MENENDEZ
8,Treinta estudiantes de la Universidad de Oviedo completan  su formación en EDP,https://portalinvestigacion.uniovi.es/investigadores/216850/detalle,CESAR ANTONIO ALVAREZ MARCOS,,Investigación en Oncología de Cabeza y Cuello,CESAR ANTONIO ALVAREZ MARCOS
8,Treinta estudiantes de la Universidad de Oviedo completan  su formación en EDP,https://portalinvestigacion.uniovi.es/investigadores/217944/detalle,SANTIAGO MARTIN GONZALEZ,No especificado,,SANTIAGO MARTIN GONZALEZ
9,La Universidad de Oviedo muestra sus buenas prácticas en internacionalización en unas jornadas de CRUE,https://portalinvestigacion.uniovi.es/investigadores/217437/detalle,PAULINO JOSE GARCIA NIETO,Construcción e Ingeniería de Fabricación,"Grupo de Investigación en Construcción Sostenible, Simulación y Ensayo",PAULINO JOSE GARCIA NIETO
9,La Universidad de Oviedo muestra sus buenas prácticas en internacionalización en unas jornadas de CRUE,https://portalinvestigacion.uniovi.es/investigadores/217416/detalle,JUAN JOSE GARCIA GONZALEZ,Filología Clásica y Románica,Grupo de Investigación en Estudios Clásicos,JUAN JOSE GARCIA GONZALEZ
9,La Universidad de Oviedo muestra sus buenas prácticas en internacionalización en unas jornadas de CRUE,https://portalinvestigacion.uniovi.es/investigadores/217577/detalle,JOSE GARCIA FANJUL,Informática,Grupo de Investigación en Ingeniería del Software,JOSE GARCIA FANJUL
9,La Universidad de Oviedo muestra sus buenas prácticas en internacionalización en unas jornadas de CRUE,https://portalinvestigacion.uniovi.es/investigadores/218790/detalle,JOSE GARCIA GARCIA,Estadística e Investigación Operativa y Didáctica de la Matemática,Estadística con Elementos Imprecisos Aleatorios & comparación de Distribuciones entre Elementos Aleatorios,JOSE GARCIA GARCIA
9,La Universidad de Oviedo muestra sus buenas prácticas en internacionalización en unas jornadas de CRUE,https://portalinvestigacion.uniovi.es/investigadores/217580/detalle,JOSE GARCIA FERNANDEZ,Filología Clásica y Románica,Voces Femeninas en la Literatura y la Cultura Europeas,JOSE GARCIA FERNANDEZ
9,La Universidad de Oviedo muestra sus buenas prácticas en internacionalización en unas jornadas de CRUE,https://portalinvestigacion.uniovi.es/investigadores/217678/detalle,ANA CRISTINA LAHUERTA MARTINEZ,"Filología Inglesa, Francesa y Alemana",Grupo de Investigación en Multilingüismo: Estudios en Contextos Especializados y Académicos,ANA CRISTINA LAHUERTA MARTINEZ
9,La Universidad de Oviedo muestra sus buenas prácticas en internacionalización en unas jornadas de CRUE,https://portalinvestigacion.uniovi.es/investigadores/217454/detalle,MARIA JOSE GARCIA SALGADO,Ciencias Jurídicas Básicas,Grupo de Investigación de Filosofía y Argumentación Jurídica,MARIA JOSE GARCIA SALGADO
9,La Universidad de Oviedo muestra sus buenas prácticas en internacionalización en unas jornadas de CRUE,https://portalinvestigacion.uniovi.es/investigadores/219153/detalle,JOSE LUIS GARCIA SUAREZ,,Centro de Cooperación y Desarrollo Territorial de la Universidad de Oviedo,JOSE LUIS GARCIA SUAREZ
9,La Universidad de Oviedo muestra sus buenas prácticas en internacionalización en unas jornadas de CRUE,https://portalinvestigacion.uniovi.es/investigadores/2355660/detalle,JOSE MANUEL GARCIA MONTES,Psicología,Ciencia y Divulgación en Prevención y Salud Mental,JOSE MANUEL GARCIA MONTES
9,La Universidad de Oviedo muestra sus buenas prácticas en internacionalización en unas jornadas de CRUE,https://portalinvestigacion.uniovi.es/investigadores/217546/detalle,JOSE IGNACIO GARCIA ALONSO,Química Física y Analítica,Isótopos Estables Enriquecidos,JOSE IGNACIO GARCIA ALONSO
10,La Comisión Europea asegura la financiación para la alianza INGENIUM hasta 2028,https://portalinvestigacion.uniovi.es/investigadores/218536/detalle,IGNACIO VILLAVERDE MENENDEZ,Derecho Público,Derechos Fundamentales y Constitución,IGNACIO VILLAVERDE MENENDEZ
12,El primer estudio de la Cátedra Universitaria de Demografía revela que la pérdida de población es la segunda preocupación de los asturianos solo por detrás de la vivienda,https://portalinvestigacion.uniovi.es/investigadores/218648/detalle,OSCAR RODRIGUEZ PRIETO,Informática,Computational Reflection Research Group,OSCAR RODRIGUEZ PRIETO
12,El primer estudio de la Cátedra Universitaria de Demografía revela que la pérdida de población es la segunda preocupación de los asturianos solo por detrás de la vivienda,https://portalinvestigacion.uniovi.es/investigadores/217221/detalle,VERONICA CAÑAL FERNANDEZ,Economía Cuantitativa,Grupo de Decisión Multicriterio Universidad de Oviedo,VERONICA CAÑAL FERNANDEZ
14,La Universidad de Oviedo reconoce la trayectoria de los catedráticos José Antonio Cecchini y Miguel del Valle,https://portalinvestigacion.uniovi.es/investigadores/218536/detalle,IGNACIO VILLAVERDE MENENDEZ,Derecho Público,Derechos Fundamentales y Constitución,IGNACIO VILLAVERDE MENENDEZ
14,La Universidad de Oviedo reconoce la trayectoria de los catedráticos José Antonio Cecchini y Miguel del Valle,https://portalinvestigacion.uniovi.es/investigadores/219959/detalle,JAVIER FERNANDEZ GONZALEZ,,Materials-pro,JAVIER FERNANDEZ GONZALEZ
14,La Universidad de Oviedo reconoce la trayectoria de los catedráticos José Antonio Cecchini y Miguel del Valle,https://portalinvestigacion.uniovi.es/investigadores/217049/detalle,FRANCISCO JAVIER FERNANDEZ GARCIA,No especificado,,FRANCISCO JAVIER FERNANDEZ GARCIA
14,La Universidad de Oviedo reconoce la trayectoria de los catedráticos José Antonio Cecchini y Miguel del Valle,https://portalinvestigacion.uniovi.es/investigadores/218879/detalle,LUIS JAVIER FERNANDEZ MENENDEZ,Física,"Grupo de Espectroscopia, Láseres y Plasmas",LUIS JAVIER FERNANDEZ MENENDEZ
14,La Universidad de Oviedo reconoce la trayectoria de los catedráticos José Antonio Cecchini y Miguel del Valle,https://portalinvestigacion.uniovi.es/investigadores/219035/detalle,JAVIER FERNANDEZ REYNES,Química Orgánica e Inorgánica,Química de Moléculas y Macromoléculas Inorgánicas,JAVIER FERNANDEZ REYNES
14,La Universidad de Oviedo reconoce la trayectoria de los catedráticos José Antonio Cecchini y Miguel del Valle,https://portalinvestigacion.uniovi.es/investigadores/218896/detalle,MIGUEL ENRIQUE DEL VALLE SOTO,Biología Funcional,"Grupo de Investigación en Rendimiento, Readaptación Físico-deportiva, Entrenamiento y Salud",MIGUEL ENRIQUE DEL VALLE SOTO
14,La Universidad de Oviedo reconoce la trayectoria de los catedráticos José Antonio Cecchini y Miguel del Valle,https://portalinvestigacion.uniovi.es/investigadores/217503/detalle,FRANCISCO JAVIER FERNANDEZ RIO,Ciencias de la Educación,"Educación, Actividad Física, Deporte y Salud",FRANCISCO JAVIER FERNANDEZ RIO
14,La Universidad de Oviedo reconoce la trayectoria de los catedráticos José Antonio Cecchini y Miguel del Valle,https://portalinvestigacion.uniovi.es/investigadores/217636/detalle,JAVIER FERNANDEZ MENENDEZ,Física,Física de Altas Energías,JAVIER FERNANDEZ MENENDEZ
14,La Universidad de Oviedo reconoce la trayectoria de los catedráticos José Antonio Cecchini y Miguel del Valle,https://portalinvestigacion.uniovi.es/investigadores/218865/detalle,JAVIER FERNANDEZ FERNANDEZ,,Biotecnología de Nutracéuticos y Compuestos Bioactivos,JAVIER FERNANDEZ FERNANDEZ
14,La Universidad de Oviedo reconoce la trayectoria de los catedráticos José Antonio Cecchini y Miguel del Valle,https://portalinvestigacion.uniovi.es/investigadores/218878/detalle,JAVIER FERNANDEZ MATEOS,Bioquímica y Biología Molecular,"Genomas, Cáncer y Envejecimiento",JAVIER FERNANDEZ MATEOS
14,La Universidad de Oviedo reconoce la trayectoria de los catedráticos José Antonio Cecchini y Miguel del Valle,https://portalinvestigacion.uniovi.es/investigadores/216978/detalle,JOSE ANTONIO CECCHINI ESTRADA,Ciencias de la Educación,"Educación, Actividad Física, Deporte y Salud",JOSE ANTONIO CECCHINI ESTRADA
14,La Universidad de Oviedo reconoce la trayectoria de los catedráticos José Antonio Cecchini y Miguel del Valle,https://portalinvestigacion.uniovi.es/investigadores/218643/detalle,CELESTINO RODRIGUEZ PEREZ,Psicología,"Grupo de Aprendizaje Escolar, Dificultades y Rendimiento Académico",CELESTINO RODRIGUEZ PEREZ
16,La Universidad de Oviedo reúne a especialistas internacionales para analizar el impacto de la inteligencia artificial en la enseñanza de lenguas,https://portalinvestigacion.uniovi.es/investigadores/217029/detalle,ALBERTO FERNANDEZ COSTALES,Ciencias de la Educación,"Didáctica de las Lenguas, Interculturalidad y Multilingüismo en Educación",ALBERTO FERNANDEZ COSTALES
16,La Universidad de Oviedo reúne a especialistas internacionales para analizar el impacto de la inteligencia artificial en la enseñanza de lenguas,https://portalinvestigacion.uniovi.es/investigadores/217016/detalle,ALBERTO MANUEL FERNANDEZ ALVAREZ,Informática,Computational Reflection Research Group,ALBERTO MANUEL FERNANDEZ ALVAREZ
16,La Universidad de Oviedo reúne a especialistas internacionales para analizar el impacto de la inteligencia artificial en la enseñanza de lenguas,https://portalinvestigacion.uniovi.es/investigadores/218643/detalle,CELESTINO RODRIGUEZ PEREZ,Psicología,"Grupo de Aprendizaje Escolar, Dificultades y Rendimiento Académico",CELESTINO RODRIGUEZ PEREZ
17,La Universidad de Oviedo identifica especies nativas para restaurar espacios urbanos degradados,https://portalinvestigacion.uniovi.es/investigadores/217064/detalle,PAULA FERNANDEZ GONZALEZ,Economía Aplicada,Modelización Econométrica y Predicción,PAULA FERNANDEZ GONZALEZ
17,La Universidad de Oviedo identifica especies nativas para restaurar espacios urbanos degradados,https://portalinvestigacion.uniovi.es/investigadores/217051/detalle,MARIA PAULA FERNANDEZ GARCIA,Psicología,Evaluación Psicométrica y Diseño de Investigación,MARIA PAULA FERNANDEZ GARCIA
17,La Universidad de Oviedo identifica especies nativas para restaurar espacios urbanos degradados,https://portalinvestigacion.uniovi.es/investigadores/2370717/detalle,EDUARDO FERNANDEZ ALONSO,Energía,Grupo de Ingeniería Fluidodinámica,EDUARDO FERNANDEZ ALONSO
17,La Universidad de Oviedo identifica especies nativas para restaurar espacios urbanos degradados,https://portalinvestigacion.uniovi.es/investigadores/219672/detalle,Borja Jiménez-Alfaro,,"Biodiversidad, Evolución y Conservación",Borja Jiménez-Alfaro
18,"La Universidad de Oviedo desarrolla DubbiOvi, una plataforma abierta para la traducción audiovisual potenciada con inteligencia artificial",https://portalinvestigacion.uniovi.es/investigadores/218353/detalle,ALFONSO CARLOS RODRIGUEZ FERNANDEZ-PEÑA,"Filología Inglesa, Francesa y Alemana",Traducción y Análisis del Discurso,ALFONSO CARLOS RODRIGUEZ FERNANDEZ-PEÑA
18,"La Universidad de Oviedo desarrolla DubbiOvi, una plataforma abierta para la traducción audiovisual potenciada con inteligencia artificial",https://portalinvestigacion.uniovi.es/investigadores/220101/detalle,CARLOS RODRIGUEZ HOYOS,Ciencias de la Educación,Grupo de Investigación sobre Innovación Educativa con TIC en los Entornos Virtuales de Enseñanzas de Aprendizaje,CARLOS RODRIGUEZ HOYOS
18,"La Universidad de Oviedo desarrolla DubbiOvi, una plataforma abierta para la traducción audiovisual potenciada con inteligencia artificial",https://portalinvestigacion.uniovi.es/investigadores/1116407/detalle,CARLOS RODRIGUEZ LUCAS,Morfología y Biología Celular,Respuesta Celular al Estrés Oxidativo,CARLOS RODRIGUEZ LUCAS
19,El rector valora la “buena disposición” del presidente del Principado para avanzar en los principales retos de la Universidad de Oviedo,https://portalinvestigacion.uniovi.es/investigadores/218536/detalle,IGNACIO VILLAVERDE MENENDEZ,Derecho Público,Derechos Fundamentales y Constitución,IGNACIO VILLAVERDE MENENDEZ
20,Gijón reunirá a expertos internacionales en instrumentación electrónica y en gestión de la energía en el ámbito de la inteligencia artificial y el espacio durante el SAAEI 2026,https://portalinvestigacion.uniovi.es/investigadores/217426/detalle,PATRICIA GARCIA MAJADO,Derecho Público,Derechos Fundamentales y Constitución,PATRICIA GARCIA MAJADO
20,Gijón reunirá a expertos internacionales en instrumentación electrónica y en gestión de la energía en el ámbito de la inteligencia artificial y el espacio durante el SAAEI 2026,https://portalinvestigacion.uniovi.es/investigadores/217435/detalle,PABLO GARCIA MENENDEZ,Ciencias de la Educación,Grupo de Investigación sobre Innovación Educativa con TIC en los Entornos Virtuales de Enseñanzas de Aprendizaje,PABLO GARCIA MENENDEZ
20,Gijón reunirá a expertos internacionales en instrumentación electrónica y en gestión de la energía en el ámbito de la inteligencia artificial y el espacio durante el SAAEI 2026,https://portalinvestigacion.uniovi.es/investigadores/217584/detalle,PABLO GARCIA FERNANDEZ,"Ingeniería Eléctrica, Electrónica, de Comunicaciones y de Sistemas (DIEECS)",Laboratory for Electrical Energy Management Unified Research,PABLO GARCIA FERNANDEZ
20,Gijón reunirá a expertos internacionales en instrumentación electrónica y en gestión de la energía en el ámbito de la inteligencia artificial y el espacio durante el SAAEI 2026,https://portalinvestigacion.uniovi.es/investigadores/218344/detalle,MIGUEL ANGEL RODRIGUEZ DIAZ,,Biogeoquímica Ambiental y Materias Primas Minerales,MIGUEL ANGEL RODRIGUEZ DIAZ
20,Gijón reunirá a expertos internacionales en instrumentación electrónica y en gestión de la energía en el ámbito de la inteligencia artificial y el espacio durante el SAAEI 2026,https://portalinvestigacion.uniovi.es/investigadores/1010304/detalle,PABLO GARCIA MARCOS,"Ingeniería Eléctrica, Electrónica, de Comunicaciones y de Sistemas (DIEECS)","Modelado, Inspección, Diagnóstico y Automatización de Sistemas Industriales",PABLO GARCIA MARCOS
20,Gijón reunirá a expertos internacionales en instrumentación electrónica y en gestión de la energía en el ámbito de la inteligencia artificial y el espacio durante el SAAEI 2026,https://portalinvestigacion.uniovi.es/investigadores/217552/detalle,PABLO GARCIA ALVAREZ,Química Orgánica e Inorgánica,Química de Moléculas y Macromoléculas Inorgánicas,PABLO GARCIA ALVAREZ
20,Gijón reunirá a expertos internacionales en instrumentación electrónica y en gestión de la energía en el ámbito de la inteligencia artificial y el espacio durante el SAAEI 2026,https://portalinvestigacion.uniovi.es/investigadores/2044729/detalle,PATRICIA BARRIO FERNANDEZ,"Filología Inglesa, Francesa y Alemana",Humanidades Médicas y Medioambientales,PATRICIA BARRIO FERNANDEZ
20,Gijón reunirá a expertos internacionales en instrumentación electrónica y en gestión de la energía en el ámbito de la inteligencia artificial y el espacio durante el SAAEI 2026,https://portalinvestigacion.uniovi.es/investigadores/218983/detalle,PABLO BARRIO FERNANDEZ,Química Orgánica e Inorgánica,Síntesis Orgánica Selectiva,PABLO BARRIO FERNANDEZ
20,Gijón reunirá a expertos internacionales en instrumentación electrónica y en gestión de la energía en el ámbito de la inteligencia artificial y el espacio durante el SAAEI 2026,https://portalinvestigacion.uniovi.es/investigadores/1205486/detalle,JORGE GARCIA PIQUERAS,Morfología y Biología Celular,Sistema Nervioso Periférico y Órganos de los Sentidos,JORGE GARCIA PIQUERAS
20,Gijón reunirá a expertos internacionales en instrumentación electrónica y en gestión de la energía en el ámbito de la inteligencia artificial y el espacio durante el SAAEI 2026,https://portalinvestigacion.uniovi.es/investigadores/219300/detalle,MIGUEL RODRIGUEZ MONTEAVARO,Filología Española,Seminariu de Filoloxía Asturiana,MIGUEL RODRIGUEZ MONTEAVARO
20,Gijón reunirá a expertos internacionales en instrumentación electrónica y en gestión de la energía en el ámbito de la inteligencia artificial y el espacio durante el SAAEI 2026,https://portalinvestigacion.uniovi.es/investigadores/217463/detalle,PABLO GARCIA VALDES,Filología Clásica y Románica,Voces Femeninas en la Literatura y la Cultura Europeas,PABLO GARCIA VALDES
20,Gijón reunirá a expertos internacionales en instrumentación electrónica y en gestión de la energía en el ámbito de la inteligencia artificial y el espacio durante el SAAEI 2026,https://portalinvestigacion.uniovi.es/investigadores/1216810/detalle,PATRICIA GARCIA MARTINEZ,No especificado,,PATRICIA GARCIA MARTINEZ
20,Gijón reunirá a expertos internacionales en instrumentación electrónica y en gestión de la energía en el ámbito de la inteligencia artificial y el espacio durante el SAAEI 2026,https://portalinvestigacion.uniovi.es/investigadores/217449/detalle,JORGE GARCIA RODRIGUEZ,No especificado,,JORGE GARCIA RODRIGUEZ
20,Gijón reunirá a expertos internacionales en instrumentación electrónica y en gestión de la energía en el ámbito de la inteligencia artificial y el espacio durante el SAAEI 2026,https://portalinvestigacion.uniovi.es/investigadores/219148/detalle,JORGE GARCIA GARCIA,"Ingeniería Eléctrica, Electrónica, de Comunicaciones y de Sistemas (DIEECS)",Laboratory for Electrical Energy Management Unified Research,JORGE GARCIA GARCIA
21,La Universidad de Oviedo reúne a especialistas nacionales e internacionales para analizar el futuro de las carreteras históricas como patrimonio y recurso turístico,https://portalinvestigacion.uniovi.es/investigadores/1010245/detalle,MARINA BARGON GARCIA,Historia del Arte y Musicología,Escenarios para el Arte,MARINA BARGON GARCIA
21,La Universidad de Oviedo reúne a especialistas nacionales e internacionales para analizar el futuro de las carreteras históricas como patrimonio y recurso turístico,https://portalinvestigacion.uniovi.es/investigadores/1205486/detalle,JORGE GARCIA PIQUERAS,Morfología y Biología Celular,Sistema Nervioso Periférico y Órganos de los Sentidos,JORGE GARCIA PIQUERAS
21,La Universidad de Oviedo reúne a especialistas nacionales e internacionales para analizar el futuro de las carreteras históricas como patrimonio y recurso turístico,https://portalinvestigacion.uniovi.es/investigadores/219670/detalle,JESUS RUIZ FERNANDEZ,Geografía,Grupo de Estudios en Ambientes Fríos y de Montaña,JESUS RUIZ FERNANDEZ
21,La Universidad de Oviedo reúne a especialistas nacionales e internacionales para analizar el futuro de las carreteras históricas como patrimonio y recurso turístico,https://portalinvestigacion.uniovi.es/investigadores/218110/detalle,INES PEÑUELAS SANCHEZ,,"Simulación Numérica, Modelizacion, Caracterización Mecánica y Optimización Microestructural de Componentes Industriales",INES PEÑUELAS SANCHEZ
21,La Universidad de Oviedo reúne a especialistas nacionales e internacionales para analizar el futuro de las carreteras históricas como patrimonio y recurso turístico,https://portalinvestigacion.uniovi.es/investigadores/217449/detalle,JORGE GARCIA RODRIGUEZ,No especificado,,JORGE GARCIA RODRIGUEZ
21,La Universidad de Oviedo reúne a especialistas nacionales e internacionales para analizar el futuro de las carreteras históricas como patrimonio y recurso turístico,https://portalinvestigacion.uniovi.es/investigadores/219148/detalle,JORGE GARCIA GARCIA,"Ingeniería Eléctrica, Electrónica, de Comunicaciones y de Sistemas (DIEECS)",Laboratory for Electrical Energy Management Unified Research,JORGE GARCIA GARCIA
21,La Universidad de Oviedo reúne a especialistas nacionales e internacionales para analizar el futuro de las carreteras históricas como patrimonio y recurso turístico,https://portalinvestigacion.uniovi.es/investigadores/218311/detalle,PEDRO PLASENCIA LOZANO,No especificado,,PEDRO PLASENCIA LOZANO
22,La Universidad de Oviedo recibe este verano a 300 estudiantes en sus cursos intensivos de español para extranjeros,https://portalinvestigacion.uniovi.es/investigadores/218536/detalle,IGNACIO VILLAVERDE MENENDEZ,Derecho Público,Derechos Fundamentales y Constitución,IGNACIO VILLAVERDE MENENDEZ
22,La Universidad de Oviedo recibe este verano a 300 estudiantes en sus cursos intensivos de español para extranjeros,https://portalinvestigacion.uniovi.es/investigadores/217455/detalle,JOAQUIN GARCIA SAN SEGUNDO,Geología,Geofísica y Tectónica,JOAQUIN GARCIA SAN SEGUNDO
22,La Universidad de Oviedo recibe este verano a 300 estudiantes en sus cursos intensivos de español para extranjeros,https://portalinvestigacion.uniovi.es/investigadores/217678/detalle,ANA CRISTINA LAHUERTA MARTINEZ,"Filología Inglesa, Francesa y Alemana",Grupo de Investigación en Multilingüismo: Estudios en Contextos Especializados y Académicos,ANA CRISTINA LAHUERTA MARTINEZ
23,Un universitario ovetense que publicó su observación del eclipse del año 1860 da nombre al asteroide ‘14918 Gonzálezalegre’,https://portalinvestigacion.uniovi.es/investigadores/217347/detalle,JOSE MANUEL GONZALEZ DIAZ,Química Orgánica e Inorgánica,Síntesis Orgánica Selectiva,JOSE MANUEL GONZALEZ DIAZ
23,Un universitario ovetense que publicó su observación del eclipse del año 1860 da nombre al asteroide ‘14918 Gonzálezalegre’,https://portalinvestigacion.uniovi.es/investigadores/218536/detalle,IGNACIO VILLAVERDE MENENDEZ,Derecho Público,Derechos Fundamentales y Constitución,IGNACIO VILLAVERDE MENENDEZ
23,Un universitario ovetense que publicó su observación del eclipse del año 1860 da nombre al asteroide ‘14918 Gonzálezalegre’,https://portalinvestigacion.uniovi.es/investigadores/219141/detalle,JOSE ANTONIO GONZALEZ DIAZ,Geografía,Análisis y Representación de los Paisajes Geográficos Españoles | Centro de Cooperación y Desarrollo Territorial de la Universidad de Oviedo,JOSE ANTONIO GONZALEZ DIAZ
23,Un universitario ovetense que publicó su observación del eclipse del año 1860 da nombre al asteroide ‘14918 Gonzálezalegre’,https://portalinvestigacion.uniovi.es/investigadores/2355302/detalle,NOEMI PINILLA ALONSO,Explotación y Prospección de Minas,Grupo de Modelización Matemática Aplicada,NOEMI PINILLA ALONSO
23,Un universitario ovetense que publicó su observación del eclipse del año 1860 da nombre al asteroide ‘14918 Gonzálezalegre’,https://portalinvestigacion.uniovi.es/investigadores/217395/detalle,JOSE GONZALEZ PEREZ,Energía,Fluids Engineeering for Renewable Energy and Sustainability,JOSE GONZALEZ PEREZ
23,Un universitario ovetense que publicó su observación del eclipse del año 1860 da nombre al asteroide ‘14918 Gonzálezalegre’,https://portalinvestigacion.uniovi.es/investigadores/218373/detalle,JOSE IGNACIO SAN VICENTE GONZALEZ DE ASPURU,Filología Clásica y Románica,Investigación en Patrimonio de Asturias,JOSE IGNACIO SAN VICENTE GONZALEZ DE ASPURU
24,El Edificio Histórico de la Universidad de Oviedo acoge la exposición 'Tejiendo solidaridad desde la Economía Social de Asturias' de ASATA,https://portalinvestigacion.uniovi.es/investigadores/218785/detalle,JAIME GARCIA FERNANDEZ,Psicología,Evaluación Psicométrica y Diseño de Investigación,JAIME GARCIA FERNANDEZ
24,El Edificio Histórico de la Universidad de Oviedo acoge la exposición 'Tejiendo solidaridad desde la Economía Social de Asturias' de ASATA,https://portalinvestigacion.uniovi.es/investigadores/217585/detalle,ROBERTO GARCIA FERNANDEZ,Informática,Investigación de Sistemas Multimedia e Internet de las Cosas,ROBERTO GARCIA FERNANDEZ
24,El Edificio Histórico de la Universidad de Oviedo acoge la exposición 'Tejiendo solidaridad desde la Economía Social de Asturias' de ASATA,https://portalinvestigacion.uniovi.es/investigadores/2355660/detalle,JOSE MANUEL GARCIA MONTES,Psicología,Ciencia y Divulgación en Prevención y Salud Mental,JOSE MANUEL GARCIA MONTES
24,El Edificio Histórico de la Universidad de Oviedo acoge la exposición 'Tejiendo solidaridad desde la Economía Social de Asturias' de ASATA,https://portalinvestigacion.uniovi.es/investigadores/218786/detalle,MARIA GARCIA FERNANDEZ,"Ingeniería Eléctrica, Electrónica, de Comunicaciones y de Sistemas (DIEECS)",Teoría de la Señal y Comunicaciones,MARIA GARCIA FERNANDEZ
24,El Edificio Histórico de la Universidad de Oviedo acoge la exposición 'Tejiendo solidaridad desde la Economía Social de Asturias' de ASATA,https://portalinvestigacion.uniovi.es/investigadores/218790/detalle,JOSE GARCIA GARCIA,Estadística e Investigación Operativa y Didáctica de la Matemática,Estadística con Elementos Imprecisos Aleatorios & comparación de Distribuciones entre Elementos Aleatorios,JOSE GARCIA GARCIA
24,El Edificio Histórico de la Universidad de Oviedo acoge la exposición 'Tejiendo solidaridad desde la Economía Social de Asturias' de ASATA,https://portalinvestigacion.uniovi.es/investigadores/217398/detalle,VICTOR MANUEL GARCIA FERNANDEZ,"Ingeniería Eléctrica, Electrónica, de Comunicaciones y de Sistemas (DIEECS)","Sistemas de Medidas, Almacenamiento Energético y Aplicaciones Industriales",VICTOR MANUEL GARCIA FERNANDEZ
24,El Edificio Histórico de la Universidad de Oviedo acoge la exposición 'Tejiendo solidaridad desde la Economía Social de Asturias' de ASATA,https://portalinvestigacion.uniovi.es/investigadores/219166/detalle,JAVIER GARCIA FERNANDEZ,Física,Magnetismo de Materiales y Nanomateriales,JAVIER GARCIA FERNANDEZ
24,El Edificio Histórico de la Universidad de Oviedo acoge la exposición 'Tejiendo solidaridad desde la Economía Social de Asturias' de ASATA,https://portalinvestigacion.uniovi.es/investigadores/217579/detalle,GLORIA GARCIA FERNANDEZ,No especificado,,GLORIA GARCIA FERNANDEZ
24,El Edificio Histórico de la Universidad de Oviedo acoge la exposición 'Tejiendo solidaridad desde la Economía Social de Asturias' de ASATA,https://portalinvestigacion.uniovi.es/investigadores/217584/detalle,PABLO GARCIA FERNANDEZ,"Ingeniería Eléctrica, Electrónica, de Comunicaciones y de Sistemas (DIEECS)",Laboratory for Electrical Energy Management Unified Research,PABLO GARCIA FERNANDEZ
24,El Edificio Histórico de la Universidad de Oviedo acoge la exposición 'Tejiendo solidaridad desde la Economía Social de Asturias' de ASATA,https://portalinvestigacion.uniovi.es/investigadores/217416/detalle,JUAN JOSE GARCIA GONZALEZ,Filología Clásica y Románica,Grupo de Investigación en Estudios Clásicos,JUAN JOSE GARCIA GONZALEZ
24,El Edificio Histórico de la Universidad de Oviedo acoge la exposición 'Tejiendo solidaridad desde la Economía Social de Asturias' de ASATA,https://portalinvestigacion.uniovi.es/investigadores/217454/detalle,MARIA JOSE GARCIA SALGADO,Ciencias Jurídicas Básicas,Grupo de Investigación de Filosofía y Argumentación Jurídica,MARIA JOSE GARCIA SALGADO
24,El Edificio Histórico de la Universidad de Oviedo acoge la exposición 'Tejiendo solidaridad desde la Economía Social de Asturias' de ASATA,https://portalinvestigacion.uniovi.es/investigadores/1010303/detalle,IRENE GARCIA FERNANDEZ,No especificado,,IRENE GARCIA FERNANDEZ
24,El Edificio Histórico de la Universidad de Oviedo acoge la exposición 'Tejiendo solidaridad desde la Economía Social de Asturias' de ASATA,https://portalinvestigacion.uniovi.es/investigadores/219153/detalle,JOSE LUIS GARCIA SUAREZ,,Centro de Cooperación y Desarrollo Territorial de la Universidad de Oviedo,JOSE LUIS GARCIA SUAREZ
24,El Edificio Histórico de la Universidad de Oviedo acoge la exposición 'Tejiendo solidaridad desde la Economía Social de Asturias' de ASATA,https://portalinvestigacion.uniovi.es/investigadores/217437/detalle,PAULINO JOSE GARCIA NIETO,Construcción e Ingeniería de Fabricación,"Grupo de Investigación en Construcción Sostenible, Simulación y Ensayo",PAULINO JOSE GARCIA NIETO
24,El Edificio Histórico de la Universidad de Oviedo acoge la exposición 'Tejiendo solidaridad desde la Economía Social de Asturias' de ASATA,https://portalinvestigacion.uniovi.es/investigadores/217577/detalle,JOSE GARCIA FANJUL,Informática,Grupo de Investigación en Ingeniería del Software,JOSE GARCIA FANJUL
24,El Edificio Histórico de la Universidad de Oviedo acoge la exposición 'Tejiendo solidaridad desde la Economía Social de Asturias' de ASATA,https://portalinvestigacion.uniovi.es/investigadores/217397/detalle,TRINIDAD GARCIA FERNANDEZ,Psicología,"Grupo de Aprendizaje Escolar, Dificultades y Rendimiento Académico",TRINIDAD GARCIA FERNANDEZ
24,El Edificio Histórico de la Universidad de Oviedo acoge la exposición 'Tejiendo solidaridad desde la Economía Social de Asturias' de ASATA,https://portalinvestigacion.uniovi.es/investigadores/217580/detalle,JOSE GARCIA FERNANDEZ,Filología Clásica y Románica,Voces Femeninas en la Literatura y la Cultura Europeas,JOSE GARCIA FERNANDEZ
24,El Edificio Histórico de la Universidad de Oviedo acoge la exposición 'Tejiendo solidaridad desde la Economía Social de Asturias' de ASATA,https://portalinvestigacion.uniovi.es/investigadores/218788/detalle,NATALIA GARCIA FERNANDEZ,Construcción e Ingeniería de Fabricación,"Dynamics, Materials and Structures",NATALIA GARCIA FERNANDEZ
24,El Edificio Histórico de la Universidad de Oviedo acoge la exposición 'Tejiendo solidaridad desde la Economía Social de Asturias' de ASATA,https://portalinvestigacion.uniovi.es/investigadores/217546/detalle,JOSE IGNACIO GARCIA ALONSO,Química Física y Analítica,Isótopos Estables Enriquecidos,JOSE IGNACIO GARCIA ALONSO
26,La Universidad de Oviedo celebra la ceremonia de graduación de 12 estudiantes de su programa universitario para mayores PUMUO,https://portalinvestigacion.uniovi.es/investigadores/1010407/detalle,ENRIQUE JOSE RODRIGUEZ MARTIN,Informática,Web Semántica Oviedo,ENRIQUE JOSE RODRIGUEZ MARTIN
26,La Universidad de Oviedo celebra la ceremonia de graduación de 12 estudiantes de su programa universitario para mayores PUMUO,https://portalinvestigacion.uniovi.es/investigadores/218536/detalle,IGNACIO VILLAVERDE MENENDEZ,Derecho Público,Derechos Fundamentales y Constitución,IGNACIO VILLAVERDE MENENDEZ
26,La Universidad de Oviedo celebra la ceremonia de graduación de 12 estudiantes de su programa universitario para mayores PUMUO,https://portalinvestigacion.uniovi.es/investigadores/2014315/detalle,ADRIAN ALVAREZ ALVAREZ,No especificado,,ADRIAN ALVAREZ ALVAREZ
26,La Universidad de Oviedo celebra la ceremonia de graduación de 12 estudiantes de su programa universitario para mayores PUMUO,https://portalinvestigacion.uniovi.es/investigadores/216779/detalle,JUAN CARLOS ALVAREZ ALVAREZ,"Ingeniería Eléctrica, Electrónica, de Comunicaciones y de Sistemas (DIEECS)",Sistemas Multisensor y Robótica,JUAN CARLOS ALVAREZ ALVAREZ
26,La Universidad de Oviedo celebra la ceremonia de graduación de 12 estudiantes de su programa universitario para mayores PUMUO,https://portalinvestigacion.uniovi.es/investigadores/216777/detalle,EDUARDO ALVAREZ ALVAREZ,Energía,Grupo de Ingeniería Fluidodinámica,EDUARDO ALVAREZ ALVAREZ
26,La Universidad de Oviedo celebra la ceremonia de graduación de 12 estudiantes de su programa universitario para mayores PUMUO,https://portalinvestigacion.uniovi.es/investigadores/216782/detalle,PEDRO ALVAREZ ALVAREZ,Biología de Organismos y Sistemas,Grupo de Investigación de Sistemas Forestales Atlánticos,PEDRO ALVAREZ ALVAREZ
26,La Universidad de Oviedo celebra la ceremonia de graduación de 12 estudiantes de su programa universitario para mayores PUMUO,https://portalinvestigacion.uniovi.es/investigadores/220229/detalle,MARTA ELENA ALVAREZ ARGUELLES,Morfología y Biología Celular,Respuesta Celular al Estrés Oxidativo,MARTA ELENA ALVAREZ ARGUELLES
26,La Universidad de Oviedo celebra la ceremonia de graduación de 12 estudiantes de su programa universitario para mayores PUMUO,https://portalinvestigacion.uniovi.es/investigadores/217947/detalle,JOSE FERNANDO MARTIN LOPEZ,Biología Funcional,Neurobiología de los Sistemas Sensoriales,JOSE FERNANDO MARTIN LOPEZ
26,La Universidad de Oviedo celebra la ceremonia de graduación de 12 estudiantes de su programa universitario para mayores PUMUO,https://portalinvestigacion.uniovi.es/investigadores/216776/detalle,BRAULIO JOSE ALVAREZ ALVAREZ,Construcción e Ingeniería de Fabricación,Engineering for Precision Manufacturing,BRAULIO JOSE ALVAREZ ALVAREZ
26,La Universidad de Oviedo celebra la ceremonia de graduación de 12 estudiantes de su programa universitario para mayores PUMUO,https://portalinvestigacion.uniovi.es/investigadores/1095856/detalle,ENRIQUE RODRIGUEZ RUBIO,Medicina,Uniovi-pediatría,ENRIQUE RODRIGUEZ RUBIO
26,La Universidad de Oviedo celebra la ceremonia de graduación de 12 estudiantes de su programa universitario para mayores PUMUO,https://portalinvestigacion.uniovi.es/investigadores/216780/detalle,LEONARDO ALVAREZ ALVAREZ,Derecho Público,Derechos Fundamentales y Constitución,LEONARDO ALVAREZ ALVAREZ
26,La Universidad de Oviedo celebra la ceremonia de graduación de 12 estudiantes de su programa universitario para mayores PUMUO,https://portalinvestigacion.uniovi.es/investigadores/219286/detalle,MARIA ELENA RIVOIR,Ciencias de la Educación,Grupo de Análisis Sociológico y Cultural de los Procesos Escolares y Educativos,MARIA ELENA RIVOIR
27,La Universidad de Oviedo y el Principado impulsan la entrada de Asturias en el mapa nacional de la supercomputación,https://portalinvestigacion.uniovi.es/investigadores/1010273/detalle,IRENE DIAZ MARTINEZ,Historia,Grupo de Investigación en Historia Sociocultural,IRENE DIAZ MARTINEZ
27,La Universidad de Oviedo y el Principado impulsan la entrada de Asturias en el mapa nacional de la supercomputación,https://portalinvestigacion.uniovi.es/investigadores/217124/detalle,SUSANA IRENE DIAZ RODRIGUEZ,Estadística e Investigación Operativa y Didáctica de la Matemática,Modelización de la Incertidumbre y la Imprecisión en Teoría de la Decisión,SUSANA IRENE DIAZ RODRIGUEZ
27,La Universidad de Oviedo y el Principado impulsan la entrada de Asturias en el mapa nacional de la supercomputación,https://portalinvestigacion.uniovi.es/investigadores/218536/detalle,IGNACIO VILLAVERDE MENENDEZ,Derecho Público,Derechos Fundamentales y Constitución,IGNACIO VILLAVERDE MENENDEZ
27,La Universidad de Oviedo y el Principado impulsan la entrada de Asturias en el mapa nacional de la supercomputación,https://portalinvestigacion.uniovi.es/investigadores/218056/detalle,LUIS OREA SANCHEZ,Economía,Oviedo Efficiency Group,LUIS OREA SANCHEZ
28,1.120 estudiantes se examinan de la PAU en Asturias la próxima semana,https://portalinvestigacion.uniovi.es/investigadores/217775/detalle,ALFONSO JOAQUIN LOPEZ MUÑIZ,Morfología y Biología Celular,Sistema Nervioso Periférico y Órganos de los Sentidos,ALFONSO JOAQUIN LOPEZ MUÑIZ
28,1.120 estudiantes se examinan de la PAU en Asturias la próxima semana,https://portalinvestigacion.uniovi.es/investigadores/220173/detalle,SANTIAGO ALFONSO LOPEZ NAVIA,Filología Española,Grupo de Estudios Cervantinos,SANTIAGO ALFONSO LOPEZ NAVIA
29,El rector de la Universidad de Castilla-La Mancha asume la presidencia semestral del Grupo 9 de Universidades,https://portalinvestigacion.uniovi.es/investigadores/217370/detalle,CARLOS GONZALEZ GUTIERREZ,Explotación y Prospección de Minas,Grupo de Modelización Matemática Aplicada,CARLOS GONZALEZ GUTIERREZ
30,"El investigador de la Universidad de Oviedo Saúl Sal Sarria, segundo premio Luis Felipe Torrente de Divulgación sobre Medicina y Salud",https://portalinvestigacion.uniovi.es/investigadores/218344/detalle,MIGUEL ANGEL RODRIGUEZ DIAZ,,Biogeoquímica Ambiental y Materias Primas Minerales,MIGUEL ANGEL RODRIGUEZ DIAZ
30,"El investigador de la Universidad de Oviedo Saúl Sal Sarria, segundo premio Luis Felipe Torrente de Divulgación sobre Medicina y Salud",https://portalinvestigacion.uniovi.es/investigadores/2186294/detalle,ANGEL ANTONIO RODRIGUEZ MARTIN,Historia del Arte y Musicología,Escenarios para el Arte,ANGEL ANTONIO RODRIGUEZ MARTIN
30,"El investigador de la Universidad de Oviedo Saúl Sal Sarria, segundo premio Luis Felipe Torrente de Divulgación sobre Medicina y Salud",https://portalinvestigacion.uniovi.es/investigadores/218884/detalle,JAVIER RODRIGUEZ RODRIGUEZ,No especificado,,JAVIER RODRIGUEZ RODRIGUEZ
30,"El investigador de la Universidad de Oviedo Saúl Sal Sarria, segundo premio Luis Felipe Torrente de Divulgación sobre Medicina y Salud",https://portalinvestigacion.uniovi.es/investigadores/218651/detalle,LAURA RODRIGUEZ RODRIGUEZ,Geología,Procesos Geológicos Modeladores del Relieve de la Cordillera Cantábrica,LAURA RODRIGUEZ RODRIGUEZ
30,"El investigador de la Universidad de Oviedo Saúl Sal Sarria, segundo premio Luis Felipe Torrente de Divulgación sobre Medicina y Salud",https://portalinvestigacion.uniovi.es/investigadores/2356353/detalle,ALVARO MANUEL RODRIGUEZ RODRIGUEZ,Explotación y Prospección de Minas,Grupo de Modelización Matemática Aplicada,ALVARO MANUEL RODRIGUEZ RODRIGUEZ
30,"El investigador de la Universidad de Oviedo Saúl Sal Sarria, segundo premio Luis Felipe Torrente de Divulgación sobre Medicina y Salud",https://portalinvestigacion.uniovi.es/investigadores/1010415/detalle,SAUL SAL SARRIA,Psicología,Grupo de Investigación de Neurociencia de la Conducta,SAUL SAL SARRIA
32,"Asturias consolida un modelo productivo más diversificado, innovador y competitivo, con al menos 15 sectores estratégicos en crecimiento",https://portalinvestigacion.uniovi.es/investigadores/218056/detalle,LUIS OREA SANCHEZ,Economía,Oviedo Efficiency Group,LUIS OREA SANCHEZ
32,"Asturias consolida un modelo productivo más diversificado, innovador y competitivo, con al menos 15 sectores estratégicos en crecimiento",https://portalinvestigacion.uniovi.es/investigadores/219668/detalle,FERNANDO RUBIERA MOROLLON,Economía Aplicada,Laboratorio de Análisis Económico Regional,FERNANDO RUBIERA MOROLLON
32,"Asturias consolida un modelo productivo más diversificado, innovador y competitivo, con al menos 15 sectores estratégicos en crecimiento",https://portalinvestigacion.uniovi.es/investigadores/217233/detalle,ANDRE CARRASCAL INCERA,Economía Aplicada,Laboratorio de Análisis Económico Regional,ANDRE CARRASCAL INCERA
34,La Universidad de Oviedo transforma las jornadas de innovación docente en un congreso científico internacional y duplica  la participación,https://portalinvestigacion.uniovi.es/investigadores/218536/detalle,IGNACIO VILLAVERDE MENENDEZ,Derecho Público,Derechos Fundamentales y Constitución,IGNACIO VILLAVERDE MENENDEZ
34,La Universidad de Oviedo transforma las jornadas de innovación docente en un congreso científico internacional y duplica  la participación,https://portalinvestigacion.uniovi.es/investigadores/1116426/detalle,JOSE ANTONIO FERNANDEZ ALVAREZ,"Ingeniería Eléctrica, Electrónica, de Comunicaciones y de Sistemas (DIEECS)",Sistemas Electrónicos de Alimentación,JOSE ANTONIO FERNANDEZ ALVAREZ
34,La Universidad de Oviedo transforma las jornadas de innovación docente en un congreso científico internacional y duplica  la participación,https://portalinvestigacion.uniovi.es/investigadores/217359/detalle,CRISTINA GONZALEZ GAGO,Física,"Grupo de Espectroscopia, Láseres y Plasmas",CRISTINA GONZALEZ GAGO
34,La Universidad de Oviedo transforma las jornadas de innovación docente en un congreso científico internacional y duplica  la participación,https://portalinvestigacion.uniovi.es/investigadores/1010307/detalle,ANGEL GARCIA MENENDEZ,Informática,Web Semántica Oviedo,ANGEL GARCIA MENENDEZ
34,La Universidad de Oviedo transforma las jornadas de innovación docente en un congreso científico internacional y duplica  la participación,https://portalinvestigacion.uniovi.es/investigadores/218571/detalle,FRANCISCO JOSE SUAREZ DOMINGUEZ,Construcción e Ingeniería de Fabricación,"Grupo de Investigación en Construcción Sostenible, Simulación y Ensayo",FRANCISCO JOSE SUAREZ DOMINGUEZ
34,La Universidad de Oviedo transforma las jornadas de innovación docente en un congreso científico internacional y duplica  la participación,https://portalinvestigacion.uniovi.es/investigadores/217928/detalle,JUAN MANUEL MARCHANTE GAYON,Química Física y Analítica,Isótopos Estables Enriquecidos,JUAN MANUEL MARCHANTE GAYON
34,La Universidad de Oviedo transforma las jornadas de innovación docente en un congreso científico internacional y duplica  la participación,https://portalinvestigacion.uniovi.es/investigadores/217016/detalle,ALBERTO MANUEL FERNANDEZ ALVAREZ,Informática,Computational Reflection Research Group,ALBERTO MANUEL FERNANDEZ ALVAREZ
34,La Universidad de Oviedo transforma las jornadas de innovación docente en un congreso científico internacional y duplica  la participación,https://portalinvestigacion.uniovi.es/investigadores/1010273/detalle,IRENE DIAZ MARTINEZ,Historia,Grupo de Investigación en Historia Sociocultural,IRENE DIAZ MARTINEZ
34,La Universidad de Oviedo transforma las jornadas de innovación docente en un congreso científico internacional y duplica  la participación,https://portalinvestigacion.uniovi.es/investigadores/217019/detalle,MARIA DEL MAR FERNANDEZ ALVAREZ,Medicina,"Entorno, Conductas y Salud",MARIA DEL MAR FERNANDEZ ALVAREZ
34,La Universidad de Oviedo transforma las jornadas de innovación docente en un congreso científico internacional y duplica  la participación,https://portalinvestigacion.uniovi.es/investigadores/218578/detalle,JOSE IGNACIO SUAREZ GARCIA,Historia del Arte y Musicología,"Edición, Investigación y Análisis del Patrimonio Musical Español XIX - XX",JOSE IGNACIO SUAREZ GARCIA
34,La Universidad de Oviedo transforma las jornadas de innovación docente en un congreso científico internacional y duplica  la participación,https://portalinvestigacion.uniovi.es/investigadores/217932/detalle,IRENE MARIÑAS DEL COLLADO,Estadística e Investigación Operativa y Didáctica de la Matemática,Modelización de la Incertidumbre y la Imprecisión en Teoría de la Decisión,IRENE MARIÑAS DEL COLLADO
34,La Universidad de Oviedo transforma las jornadas de innovación docente en un congreso científico internacional y duplica  la participación,https://portalinvestigacion.uniovi.es/investigadores/218593/detalle,INES MARIA SUAREZ RAMON,Construcción e Ingeniería de Fabricación,"Grupo de Investigación en Construcción Sostenible, Simulación y Ensayo",INES MARIA SUAREZ RAMON
34,La Universidad de Oviedo transforma las jornadas de innovación docente en un congreso científico internacional y duplica  la participación,https://portalinvestigacion.uniovi.es/investigadores/219657/detalle,MARIA JOSE SUAREZ LOPEZ,Energía,Grupo de Ingeniería Fluidodinámica,MARIA JOSE SUAREZ LOPEZ
34,La Universidad de Oviedo transforma las jornadas de innovación docente en un congreso científico internacional y duplica  la participación,https://portalinvestigacion.uniovi.es/investigadores/2355260/detalle,SERGIO GARCIA JIMENEZ,"Filología Inglesa, Francesa y Alemana","Literatura, Identidad y Traducción Cultural",SERGIO GARCIA JIMENEZ
34,La Universidad de Oviedo transforma las jornadas de innovación docente en un congreso científico internacional y duplica  la participación,https://portalinvestigacion.uniovi.es/investigadores/217124/detalle,SUSANA IRENE DIAZ RODRIGUEZ,Estadística e Investigación Operativa y Didáctica de la Matemática,Modelización de la Incertidumbre y la Imprecisión en Teoría de la Decisión,SUSANA IRENE DIAZ RODRIGUEZ
34,La Universidad de Oviedo transforma las jornadas de innovación docente en un congreso científico internacional y duplica  la participación,https://portalinvestigacion.uniovi.es/investigadores/217433/detalle,DAVID GARCIA MENENDEZ,Energía,Grupo de Ingeniería Fluidodinámica,DAVID GARCIA MENENDEZ
34,La Universidad de Oviedo transforma las jornadas de innovación docente en un congreso científico internacional y duplica  la participación,https://portalinvestigacion.uniovi.es/investigadores/1301703/detalle,AITOR NICOLAS FERNANDEZ ALVAREZ,No especificado,,AITOR NICOLAS FERNANDEZ ALVAREZ
34,La Universidad de Oviedo transforma las jornadas de innovación docente en un congreso científico internacional y duplica  la participación,https://portalinvestigacion.uniovi.es/investigadores/219680/detalle,DANIEL FERNANDEZ ALVAREZ,Informática,Web Semántica Oviedo,DANIEL FERNANDEZ ALVAREZ
34,La Universidad de Oviedo transforma las jornadas de innovación docente en un congreso científico internacional y duplica  la participación,https://portalinvestigacion.uniovi.es/investigadores/218700/detalle,EDUARDO GARCIA ANTUÑA,Morfología y Biología Celular,Respuesta Celular al Estrés Oxidativo,EDUARDO GARCIA ANTUÑA
34,La Universidad de Oviedo transforma las jornadas de innovación docente en un congreso científico internacional y duplica  la participación,https://portalinvestigacion.uniovi.es/investigadores/217435/detalle,PABLO GARCIA MENENDEZ,Ciencias de la Educación,Grupo de Investigación sobre Innovación Educativa con TIC en los Entornos Virtuales de Enseñanzas de Aprendizaje,PABLO GARCIA MENENDEZ
34,La Universidad de Oviedo transforma las jornadas de innovación docente en un congreso científico internacional y duplica  la participación,https://portalinvestigacion.uniovi.es/investigadores/216960/detalle,LAURA CALZADA INFANTE,No especificado,,LAURA CALZADA INFANTE
34,La Universidad de Oviedo transforma las jornadas de innovación docente en un congreso científico internacional y duplica  la participación,https://portalinvestigacion.uniovi.es/investigadores/218575/detalle,MARIA JOSE SUAREZ FERNANDEZ,,"Economics of Leisure, Culture and Sports",MARIA JOSE SUAREZ FERNANDEZ
34,La Universidad de Oviedo transforma las jornadas de innovación docente en un congreso científico internacional y duplica  la participación,https://portalinvestigacion.uniovi.es/investigadores/217020/detalle,PEDRO FERNANDEZ ALVAREZ,Construcción e Ingeniería de Fabricación,Engineering for Precision Manufacturing,PEDRO FERNANDEZ ALVAREZ
34,La Universidad de Oviedo transforma las jornadas de innovación docente en un congreso científico internacional y duplica  la participación,https://portalinvestigacion.uniovi.es/investigadores/220250/detalle,TOMAS EDUARDO GARCIA SUAREZ,,"Simulación Numérica, Modelizacion, Caracterización Mecánica y Optimización Microestructural de Componentes Industriales",TOMAS EDUARDO GARCIA SUAREZ
34,La Universidad de Oviedo transforma las jornadas de innovación docente en un congreso científico internacional y duplica  la participación,https://portalinvestigacion.uniovi.es/investigadores/217017/detalle,JOSE PAULINO FERNANDEZ ALVAREZ,,Materials-pro,JOSE PAULINO FERNANDEZ ALVAREZ
34,La Universidad de Oviedo transforma las jornadas de innovación docente en un congreso científico internacional y duplica  la participación,https://portalinvestigacion.uniovi.es/investigadores/218461/detalle,MARIA JOSE SUAREZ-CABAL,Informática,Grupo de Investigación en Ingeniería del Software,MARIA JOSE SUAREZ-CABAL
34,La Universidad de Oviedo transforma las jornadas de innovación docente en un congreso científico internacional y duplica  la participación,https://portalinvestigacion.uniovi.es/investigadores/218456/detalle,FRANCISCO JOSE SUAREZ ALONSO,,Autogestión de Sistemas Informáticos | Ingeniería de Computadores,FRANCISCO JOSE SUAREZ ALONSO
34,La Universidad de Oviedo transforma las jornadas de innovación docente en un congreso científico internacional y duplica  la participación,https://portalinvestigacion.uniovi.es/investigadores/217949/detalle,RUBEN MARTIN PAYO,Medicina,"Entorno, Conductas y Salud",RUBEN MARTIN PAYO
35,La Jornada de Doctorado de la Universidad de Oviedo reúne a 224 investigadores e investigadoras en la nueva Escuela Internacional de Doctorado ‘Paz Suárez Rendueles’,https://portalinvestigacion.uniovi.es/investigadores/218033/detalle,CARLOS QUIROS FERNANDEZ,Física,Grupo de Nanociencia,CARLOS QUIROS FERNANDEZ
35,La Jornada de Doctorado de la Universidad de Oviedo reúne a 224 investigadores e investigadoras en la nueva Escuela Internacional de Doctorado ‘Paz Suárez Rendueles’,https://portalinvestigacion.uniovi.es/investigadores/218536/detalle,IGNACIO VILLAVERDE MENENDEZ,Derecho Público,Derechos Fundamentales y Constitución,IGNACIO VILLAVERDE MENENDEZ
35,La Jornada de Doctorado de la Universidad de Oviedo reúne a 224 investigadores e investigadoras en la nueva Escuela Internacional de Doctorado ‘Paz Suárez Rendueles’,https://portalinvestigacion.uniovi.es/investigadores/218267/detalle,SUSANA MONTES RODRIGUEZ,Estadística e Investigación Operativa y Didáctica de la Matemática,Modelización de la Incertidumbre y la Imprecisión en Teoría de la Decisión,SUSANA MONTES RODRIGUEZ
35,La Jornada de Doctorado de la Universidad de Oviedo reúne a 224 investigadores e investigadoras en la nueva Escuela Internacional de Doctorado ‘Paz Suárez Rendueles’,https://portalinvestigacion.uniovi.es/investigadores/217893/detalle,FERNANDO LUIS LAS HERAS ANDRES,"Ingeniería Eléctrica, Electrónica, de Comunicaciones y de Sistemas (DIEECS)",Teoría de la Señal y Comunicaciones,FERNANDO LUIS LAS HERAS ANDRES
35,La Jornada de Doctorado de la Universidad de Oviedo reúne a 224 investigadores e investigadoras en la nueva Escuela Internacional de Doctorado ‘Paz Suárez Rendueles’,https://portalinvestigacion.uniovi.es/investigadores/219324/detalle,YURI ALVAREZ LOPEZ,"Ingeniería Eléctrica, Electrónica, de Comunicaciones y de Sistemas (DIEECS)",Teoría de la Señal y Comunicaciones,YURI ALVAREZ LOPEZ
35,La Jornada de Doctorado de la Universidad de Oviedo reúne a 224 investigadores e investigadoras en la nueva Escuela Internacional de Doctorado ‘Paz Suárez Rendueles’,https://portalinvestigacion.uniovi.es/investigadores/217359/detalle,CRISTINA GONZALEZ GAGO,Física,"Grupo de Espectroscopia, Láseres y Plasmas",CRISTINA GONZALEZ GAGO
35,La Jornada de Doctorado de la Universidad de Oviedo reúne a 224 investigadores e investigadoras en la nueva Escuela Internacional de Doctorado ‘Paz Suárez Rendueles’,https://portalinvestigacion.uniovi.es/investigadores/217290/detalle,JORGE LUIS ARIAS PEREZ,Psicología,Grupo de Investigación de Neurociencia de la Conducta,JORGE LUIS ARIAS PEREZ
35,La Jornada de Doctorado de la Universidad de Oviedo reúne a 224 investigadores e investigadoras en la nueva Escuela Internacional de Doctorado ‘Paz Suárez Rendueles’,https://portalinvestigacion.uniovi.es/investigadores/1095860/detalle,CHRISTIAN RODRIGUEZ GONZALEZ,Ciencias de la Educación,Gi Tecn@: Tecnología y Aprendizaje,CHRISTIAN RODRIGUEZ GONZALEZ
35,La Jornada de Doctorado de la Universidad de Oviedo reúne a 224 investigadores e investigadoras en la nueva Escuela Internacional de Doctorado ‘Paz Suárez Rendueles’,https://portalinvestigacion.uniovi.es/investigadores/217949/detalle,RUBEN MARTIN PAYO,Medicina,"Entorno, Conductas y Salud",RUBEN MARTIN PAYO
35,La Jornada de Doctorado de la Universidad de Oviedo reúne a 224 investigadores e investigadoras en la nueva Escuela Internacional de Doctorado ‘Paz Suárez Rendueles’,https://portalinvestigacion.uniovi.es/investigadores/1116437/detalle,YOLANDA ALVAREZ LOPEZ,Física,Magnetismo de Materiales y Nanomateriales,YOLANDA ALVAREZ LOPEZ
35,La Jornada de Doctorado de la Universidad de Oviedo reúne a 224 investigadores e investigadoras en la nueva Escuela Internacional de Doctorado ‘Paz Suárez Rendueles’,https://portalinvestigacion.uniovi.es/investigadores/218359/detalle,CARLA MARIA RODRIGUEZ GONZALEZ,,"Intersecciones: Literaturas, Culturas y Teorías Contemporáneas",CARLA MARIA RODRIGUEZ GONZALEZ
35,La Jornada de Doctorado de la Universidad de Oviedo reúne a 224 investigadores e investigadoras en la nueva Escuela Internacional de Doctorado ‘Paz Suárez Rendueles’,https://portalinvestigacion.uniovi.es/investigadores/1010273/detalle,IRENE DIAZ MARTINEZ,Historia,Grupo de Investigación en Historia Sociocultural,IRENE DIAZ MARTINEZ
35,La Jornada de Doctorado de la Universidad de Oviedo reúne a 224 investigadores e investigadoras en la nueva Escuela Internacional de Doctorado ‘Paz Suárez Rendueles’,https://portalinvestigacion.uniovi.es/investigadores/218420/detalle,JAVIER SEBASTIÁN,"Ingeniería Eléctrica, Electrónica, de Comunicaciones y de Sistemas (DIEECS)",Sistemas Electrónicos de Alimentación,JAVIER SEBASTIÁN
35,La Jornada de Doctorado de la Universidad de Oviedo reúne a 224 investigadores e investigadoras en la nueva Escuela Internacional de Doctorado ‘Paz Suárez Rendueles’,https://portalinvestigacion.uniovi.es/investigadores/217292/detalle,DANIEL MANUEL ARIAS PRIETO,Geología,"Recursos, Yacimientos Minerales y Medio Ambiente",DANIEL MANUEL ARIAS PRIETO
35,La Jornada de Doctorado de la Universidad de Oviedo reúne a 224 investigadores e investigadoras en la nueva Escuela Internacional de Doctorado ‘Paz Suárez Rendueles’,https://portalinvestigacion.uniovi.es/investigadores/217123/detalle,ELENA DIAZ RODRIGUEZ,Biología Funcional,Investigación en Fisiopatología del Envejecimiento y la Fertilidad Femeninas,ELENA DIAZ RODRIGUEZ
35,La Jornada de Doctorado de la Universidad de Oviedo reúne a 224 investigadores e investigadoras en la nueva Escuela Internacional de Doctorado ‘Paz Suárez Rendueles’,https://portalinvestigacion.uniovi.es/investigadores/217868/detalle,GUILLERMO MUÑIZ ALBAICETA,Biología Funcional,Investigación Traslacional en el Paciente Crítico,GUILLERMO MUÑIZ ALBAICETA
35,La Jornada de Doctorado de la Universidad de Oviedo reúne a 224 investigadores e investigadoras en la nueva Escuela Internacional de Doctorado ‘Paz Suárez Rendueles’,https://portalinvestigacion.uniovi.es/investigadores/217228/detalle,ANA ISABEL CARCABA GARCIA,Economía,Gestión Pública,ANA ISABEL CARCABA GARCIA
35,La Jornada de Doctorado de la Universidad de Oviedo reúne a 224 investigadores e investigadoras en la nueva Escuela Internacional de Doctorado ‘Paz Suárez Rendueles’,https://portalinvestigacion.uniovi.es/investigadores/218034/detalle,LUIS MANUEL QUIROS FERNANDEZ,Cirugía y Especialidades Médico-Quirúrgicas,"Grupo de Investigación en Glicopatología, Oftalmología y Terapias Avanzadas",LUIS MANUEL QUIROS FERNANDEZ
35,La Jornada de Doctorado de la Universidad de Oviedo reúne a 224 investigadores e investigadoras en la nueva Escuela Internacional de Doctorado ‘Paz Suárez Rendueles’,https://portalinvestigacion.uniovi.es/investigadores/218360/detalle,PABLO RODRIGUEZ GONZALEZ,Química Física y Analítica,Isótopos Estables Enriquecidos,PABLO RODRIGUEZ GONZALEZ
35,La Jornada de Doctorado de la Universidad de Oviedo reúne a 224 investigadores e investigadoras en la nueva Escuela Internacional de Doctorado ‘Paz Suárez Rendueles’,https://portalinvestigacion.uniovi.es/investigadores/217029/detalle,ALBERTO FERNANDEZ COSTALES,Ciencias de la Educación,"Didáctica de las Lenguas, Interculturalidad y Multilingüismo en Educación",ALBERTO FERNANDEZ COSTALES
35,La Jornada de Doctorado de la Universidad de Oviedo reúne a 224 investigadores e investigadoras en la nueva Escuela Internacional de Doctorado ‘Paz Suárez Rendueles’,https://portalinvestigacion.uniovi.es/investigadores/1010274/detalle,NOEMI DIAZ RODRIGUEZ,Historia del Arte y Musicología,Texto e Imagen,NOEMI DIAZ RODRIGUEZ
35,La Jornada de Doctorado de la Universidad de Oviedo reúne a 224 investigadores e investigadoras en la nueva Escuela Internacional de Doctorado ‘Paz Suárez Rendueles’,https://portalinvestigacion.uniovi.es/investigadores/216745/detalle,MARIA DEL CARMEN ALFONSO GARCIA,,"Intersecciones: Literaturas, Culturas y Teorías Contemporáneas",MARIA DEL CARMEN ALFONSO GARCIA
35,La Jornada de Doctorado de la Universidad de Oviedo reúne a 224 investigadores e investigadoras en la nueva Escuela Internacional de Doctorado ‘Paz Suárez Rendueles’,https://portalinvestigacion.uniovi.es/investigadores/217291/detalle,MANUEL ARIAS PEREZ DE AZPEITIA,"Ingeniería Eléctrica, Electrónica, de Comunicaciones y de Sistemas (DIEECS)",Sistemas Electrónicos de Alimentación,MANUEL ARIAS PEREZ DE AZPEITIA
35,La Jornada de Doctorado de la Universidad de Oviedo reúne a 224 investigadores e investigadoras en la nueva Escuela Internacional de Doctorado ‘Paz Suárez Rendueles’,https://portalinvestigacion.uniovi.es/investigadores/216742/detalle,MARIA ANGELES ALCEDO RODRIGUEZ,Psicología,Grupo de Investigación sobre Discapacidad,MARIA ANGELES ALCEDO RODRIGUEZ
35,La Jornada de Doctorado de la Universidad de Oviedo reúne a 224 investigadores e investigadoras en la nueva Escuela Internacional de Doctorado ‘Paz Suárez Rendueles’,https://portalinvestigacion.uniovi.es/investigadores/217423/detalle,ALFONSO GARCIA LEAL,Filología Clásica y Románica,Investigación en Patrimonio de Asturias,ALFONSO GARCIA LEAL
35,La Jornada de Doctorado de la Universidad de Oviedo reúne a 224 investigadores e investigadoras en la nueva Escuela Internacional de Doctorado ‘Paz Suárez Rendueles’,https://portalinvestigacion.uniovi.es/investigadores/219633/detalle,MARIA CRISTINA RODRIGUEZ GONZALEZ,,"Simulación Numérica, Modelizacion, Caracterización Mecánica y Optimización Microestructural de Componentes Industriales",MARIA CRISTINA RODRIGUEZ GONZALEZ
35,La Jornada de Doctorado de la Universidad de Oviedo reúne a 224 investigadores e investigadoras en la nueva Escuela Internacional de Doctorado ‘Paz Suárez Rendueles’,https://portalinvestigacion.uniovi.es/investigadores/218464/detalle,MARIA PAZ SUAREZ COALLA,Psicología,Investigación en Neurociencia Cognitiva,MARIA PAZ SUAREZ COALLA
35,La Jornada de Doctorado de la Universidad de Oviedo reúne a 224 investigadores e investigadoras en la nueva Escuela Internacional de Doctorado ‘Paz Suárez Rendueles’,https://portalinvestigacion.uniovi.es/investigadores/217804/detalle,MARIA ASUNCION LUBIANO GOMEZ,Estadística e Investigación Operativa y Didáctica de la Matemática,Estadística con Elementos Imprecisos Aleatorios & comparación de Distribuciones entre Elementos Aleatorios,MARIA ASUNCION LUBIANO GOMEZ
35,La Jornada de Doctorado de la Universidad de Oviedo reúne a 224 investigadores e investigadoras en la nueva Escuela Internacional de Doctorado ‘Paz Suárez Rendueles’,https://portalinvestigacion.uniovi.es/investigadores/216951/detalle,MARIA ESTHER ALVAREZ LOPEZ,,"Intersecciones: Literaturas, Culturas y Teorías Contemporáneas",MARIA ESTHER ALVAREZ LOPEZ
35,La Jornada de Doctorado de la Universidad de Oviedo reúne a 224 investigadores e investigadoras en la nueva Escuela Internacional de Doctorado ‘Paz Suárez Rendueles’,https://portalinvestigacion.uniovi.es/investigadores/217016/detalle,ALBERTO MANUEL FERNANDEZ ALVAREZ,Informática,Computational Reflection Research Group,ALBERTO MANUEL FERNANDEZ ALVAREZ
35,La Jornada de Doctorado de la Universidad de Oviedo reúne a 224 investigadores e investigadoras en la nueva Escuela Internacional de Doctorado ‘Paz Suárez Rendueles’,https://portalinvestigacion.uniovi.es/investigadores/217124/detalle,SUSANA IRENE DIAZ RODRIGUEZ,Estadística e Investigación Operativa y Didáctica de la Matemática,Modelización de la Incertidumbre y la Imprecisión en Teoría de la Decisión,SUSANA IRENE DIAZ RODRIGUEZ
36,El Campus de Mieres acoge a jóvenes de todo el Estado para abordar el ciclo intergeneracional de la pobreza,https://portalinvestigacion.uniovi.es/investigadores/218217/detalle,DIEGO NORIEGA RODRIGUEZ,Matemáticas,Grupo de Sistemas Dinámicos de la Universidad de Oviedo,DIEGO NORIEGA RODRIGUEZ
37,La Universidad de Oviedo cierra el ejercicio 2025 con un remanente de tesorería no afectado positivo de 776.766 euros,https://portalinvestigacion.uniovi.es/investigadores/218380/detalle,JOSE PABLO SANCHEZ CASAS,Matemáticas,Grupo de Sistemas Dinámicos de la Universidad de Oviedo,JOSE PABLO SANCHEZ CASAS
37,La Universidad de Oviedo cierra el ejercicio 2025 con un remanente de tesorería no afectado positivo de 776.766 euros,https://portalinvestigacion.uniovi.es/investigadores/218391/detalle,PABLO SANCHEZ LORDA,Administración de Empresas,Grupo de Estrategias de Crecimiento e Internacionalización,PABLO SANCHEZ LORDA
39,"El rector de la Universidad de Oviedo, Ignacio Villaverde, accede a la Vicepresidencia de la Red CRUSOE",https://portalinvestigacion.uniovi.es/investigadores/218536/detalle,IGNACIO VILLAVERDE MENENDEZ,Derecho Público,Derechos Fundamentales y Constitución,IGNACIO VILLAVERDE MENENDEZ
39,"El rector de la Universidad de Oviedo, Ignacio Villaverde, accede a la Vicepresidencia de la Red CRUSOE",https://portalinvestigacion.uniovi.es/investigadores/452944/detalle,MIGUEL GARCIA VILLARINO,Medicina,Salud y Medio Ambiente,MIGUEL GARCIA VILLARINO
39,"El rector de la Universidad de Oviedo, Ignacio Villaverde, accede a la Vicepresidencia de la Red CRUSOE",https://portalinvestigacion.uniovi.es/investigadores/217451/detalle,MIGUEL GARCIA RODRIGUEZ,Informática,Computational Reflection Research Group,MIGUEL GARCIA RODRIGUEZ
39,"El rector de la Universidad de Oviedo, Ignacio Villaverde, accede a la Vicepresidencia de la Red CRUSOE",https://portalinvestigacion.uniovi.es/investigadores/217283/detalle,JOSE MIGUEL ARIAS BLANCO,Ciencias de la Educación,Evaluación en Educación Secundaria y Superior,JOSE MIGUEL ARIAS BLANCO
39,"El rector de la Universidad de Oviedo, Ignacio Villaverde, accede a la Vicepresidencia de la Red CRUSOE",https://portalinvestigacion.uniovi.es/investigadores/217758/detalle,MARIA CONCEPCION LOPEZ DIAZ,Matemáticas,"Grupo de Investigación en Algebra, Codificación y Criptografía",MARIA CONCEPCION LOPEZ DIAZ
39,"El rector de la Universidad de Oviedo, Ignacio Villaverde, accede a la Vicepresidencia de la Red CRUSOE",https://portalinvestigacion.uniovi.es/investigadores/1116405/detalle,MIGUEL GARCIA SUAREZ,Psicología,"Grupo de Aprendizaje Escolar, Dificultades y Rendimiento Académico",MIGUEL GARCIA SUAREZ
40,La Universidad de Oviedo acoge la entrega de los Premios Santander X a Proyectos Emprendedores Universitarios y Startup Universitaria y la Beca Excelencia 360º,https://portalinvestigacion.uniovi.es/investigadores/218785/detalle,JAIME GARCIA FERNANDEZ,Psicología,Evaluación Psicométrica y Diseño de Investigación,JAIME GARCIA FERNANDEZ
40,La Universidad de Oviedo acoge la entrega de los Premios Santander X a Proyectos Emprendedores Universitarios y Startup Universitaria y la Beca Excelencia 360º,https://portalinvestigacion.uniovi.es/investigadores/217585/detalle,ROBERTO GARCIA FERNANDEZ,Informática,Investigación de Sistemas Multimedia e Internet de las Cosas,ROBERTO GARCIA FERNANDEZ
40,La Universidad de Oviedo acoge la entrega de los Premios Santander X a Proyectos Emprendedores Universitarios y Startup Universitaria y la Beca Excelencia 360º,https://portalinvestigacion.uniovi.es/investigadores/220173/detalle,SANTIAGO ALFONSO LOPEZ NAVIA,Filología Española,Grupo de Estudios Cervantinos,SANTIAGO ALFONSO LOPEZ NAVIA
40,La Universidad de Oviedo acoge la entrega de los Premios Santander X a Proyectos Emprendedores Universitarios y Startup Universitaria y la Beca Excelencia 360º,https://portalinvestigacion.uniovi.es/investigadores/217053/detalle,MIGUEL FERNANDEZ GARCIA,"Ingeniería Eléctrica, Electrónica, de Comunicaciones y de Sistemas (DIEECS)",Teoría de la Señal y Comunicaciones,MIGUEL FERNANDEZ GARCIA
40,La Universidad de Oviedo acoge la entrega de los Premios Santander X a Proyectos Emprendedores Universitarios y Startup Universitaria y la Beca Excelencia 360º,https://portalinvestigacion.uniovi.es/investigadores/1116426/detalle,JOSE ANTONIO FERNANDEZ ALVAREZ,"Ingeniería Eléctrica, Electrónica, de Comunicaciones y de Sistemas (DIEECS)",Sistemas Electrónicos de Alimentación,JOSE ANTONIO FERNANDEZ ALVAREZ
40,La Universidad de Oviedo acoge la entrega de los Premios Santander X a Proyectos Emprendedores Universitarios y Startup Universitaria y la Beca Excelencia 360º,https://portalinvestigacion.uniovi.es/investigadores/219658/detalle,JESUS SUAREZ PEREZ DEL RIO,Matemáticas,Grupo de Sistemas Dinámicos de la Universidad de Oviedo,JESUS SUAREZ PEREZ DEL RIO
40,La Universidad de Oviedo acoge la entrega de los Premios Santander X a Proyectos Emprendedores Universitarios y Startup Universitaria y la Beca Excelencia 360º,https://portalinvestigacion.uniovi.es/investigadores/219706/detalle,MIGUEL ANTONIO FERNANDEZ MARQUEZ,Biología de Organismos y Sistemas,"Biodiversidad, Conservación y Filogeografía de Plantas Vasculares",MIGUEL ANTONIO FERNANDEZ MARQUEZ
40,La Universidad de Oviedo acoge la entrega de los Premios Santander X a Proyectos Emprendedores Universitarios y Startup Universitaria y la Beca Excelencia 360º,https://portalinvestigacion.uniovi.es/investigadores/218786/detalle,MARIA GARCIA FERNANDEZ,"Ingeniería Eléctrica, Electrónica, de Comunicaciones y de Sistemas (DIEECS)",Teoría de la Señal y Comunicaciones,MARIA GARCIA FERNANDEZ
40,La Universidad de Oviedo acoge la entrega de los Premios Santander X a Proyectos Emprendedores Universitarios y Startup Universitaria y la Beca Excelencia 360º,https://portalinvestigacion.uniovi.es/investigadores/219143/detalle,MIGUEL ANGEL GONZALEZ FERNANDEZ,Informática,Grupo de Investigación en Optimización y Scheduling Inteligentes,MIGUEL ANGEL GONZALEZ FERNANDEZ
40,La Universidad de Oviedo acoge la entrega de los Premios Santander X a Proyectos Emprendedores Universitarios y Startup Universitaria y la Beca Excelencia 360º,https://portalinvestigacion.uniovi.es/investigadores/217775/detalle,ALFONSO JOAQUIN LOPEZ MUÑIZ,Morfología y Biología Celular,Sistema Nervioso Periférico y Órganos de los Sentidos,ALFONSO JOAQUIN LOPEZ MUÑIZ
40,La Universidad de Oviedo acoge la entrega de los Premios Santander X a Proyectos Emprendedores Universitarios y Startup Universitaria y la Beca Excelencia 360º,https://portalinvestigacion.uniovi.es/investigadores/217398/detalle,VICTOR MANUEL GARCIA FERNANDEZ,"Ingeniería Eléctrica, Electrónica, de Comunicaciones y de Sistemas (DIEECS)","Sistemas de Medidas, Almacenamiento Energético y Aplicaciones Industriales",VICTOR MANUEL GARCIA FERNANDEZ
40,La Universidad de Oviedo acoge la entrega de los Premios Santander X a Proyectos Emprendedores Universitarios y Startup Universitaria y la Beca Excelencia 360º,https://portalinvestigacion.uniovi.es/investigadores/219166/detalle,JAVIER GARCIA FERNANDEZ,Física,Magnetismo de Materiales y Nanomateriales,JAVIER GARCIA FERNANDEZ
40,La Universidad de Oviedo acoge la entrega de los Premios Santander X a Proyectos Emprendedores Universitarios y Startup Universitaria y la Beca Excelencia 360º,https://portalinvestigacion.uniovi.es/investigadores/217579/detalle,GLORIA GARCIA FERNANDEZ,No especificado,,GLORIA GARCIA FERNANDEZ
40,La Universidad de Oviedo acoge la entrega de los Premios Santander X a Proyectos Emprendedores Universitarios y Startup Universitaria y la Beca Excelencia 360º,https://portalinvestigacion.uniovi.es/investigadores/217780/detalle,ANTONIO MIGUEL LOPEZ RODRIGUEZ,"Ingeniería Eléctrica, Electrónica, de Comunicaciones y de Sistemas (DIEECS)",Sistemas Multisensor y Robótica,ANTONIO MIGUEL LOPEZ RODRIGUEZ
40,La Universidad de Oviedo acoge la entrega de los Premios Santander X a Proyectos Emprendedores Universitarios y Startup Universitaria y la Beca Excelencia 360º,https://portalinvestigacion.uniovi.es/investigadores/217584/detalle,PABLO GARCIA FERNANDEZ,"Ingeniería Eléctrica, Electrónica, de Comunicaciones y de Sistemas (DIEECS)",Laboratory for Electrical Energy Management Unified Research,PABLO GARCIA FERNANDEZ
40,La Universidad de Oviedo acoge la entrega de los Premios Santander X a Proyectos Emprendedores Universitarios y Startup Universitaria y la Beca Excelencia 360º,https://portalinvestigacion.uniovi.es/investigadores/1010303/detalle,IRENE GARCIA FERNANDEZ,No especificado,,IRENE GARCIA FERNANDEZ
40,La Universidad de Oviedo acoge la entrega de los Premios Santander X a Proyectos Emprendedores Universitarios y Startup Universitaria y la Beca Excelencia 360º,https://portalinvestigacion.uniovi.es/investigadores/217435/detalle,PABLO GARCIA MENENDEZ,Ciencias de la Educación,Grupo de Investigación sobre Innovación Educativa con TIC en los Entornos Virtuales de Enseñanzas de Aprendizaje,PABLO GARCIA MENENDEZ
40,La Universidad de Oviedo acoge la entrega de los Premios Santander X a Proyectos Emprendedores Universitarios y Startup Universitaria y la Beca Excelencia 360º,https://portalinvestigacion.uniovi.es/investigadores/1010304/detalle,PABLO GARCIA MARCOS,"Ingeniería Eléctrica, Electrónica, de Comunicaciones y de Sistemas (DIEECS)","Modelado, Inspección, Diagnóstico y Automatización de Sistemas Industriales",PABLO GARCIA MARCOS
40,La Universidad de Oviedo acoge la entrega de los Premios Santander X a Proyectos Emprendedores Universitarios y Startup Universitaria y la Beca Excelencia 360º,https://portalinvestigacion.uniovi.es/investigadores/217552/detalle,PABLO GARCIA ALVAREZ,Química Orgánica e Inorgánica,Química de Moléculas y Macromoléculas Inorgánicas,PABLO GARCIA ALVAREZ
40,La Universidad de Oviedo acoge la entrega de los Premios Santander X a Proyectos Emprendedores Universitarios y Startup Universitaria y la Beca Excelencia 360º,https://portalinvestigacion.uniovi.es/investigadores/1010293/detalle,MIGUEL FERNANDEZ TURUELO,Historia,Grupo de Investigación en Historia Sociocultural,MIGUEL FERNANDEZ TURUELO
40,La Universidad de Oviedo acoge la entrega de los Premios Santander X a Proyectos Emprendedores Universitarios y Startup Universitaria y la Beca Excelencia 360º,https://portalinvestigacion.uniovi.es/investigadores/217397/detalle,TRINIDAD GARCIA FERNANDEZ,Psicología,"Grupo de Aprendizaje Escolar, Dificultades y Rendimiento Académico",TRINIDAD GARCIA FERNANDEZ
40,La Universidad de Oviedo acoge la entrega de los Premios Santander X a Proyectos Emprendedores Universitarios y Startup Universitaria y la Beca Excelencia 360º,https://portalinvestigacion.uniovi.es/investigadores/2217385/detalle,MARIA LUZ ALONSO ALONSO,Biología Funcional,Intervenciones Traslacionales para la Salud,MARIA LUZ ALONSO ALONSO
40,La Universidad de Oviedo acoge la entrega de los Premios Santander X a Proyectos Emprendedores Universitarios y Startup Universitaria y la Beca Excelencia 360º,https://portalinvestigacion.uniovi.es/investigadores/217463/detalle,PABLO GARCIA VALDES,Filología Clásica y Románica,Voces Femeninas en la Literatura y la Cultura Europeas,PABLO GARCIA VALDES
40,La Universidad de Oviedo acoge la entrega de los Premios Santander X a Proyectos Emprendedores Universitarios y Startup Universitaria y la Beca Excelencia 360º,https://portalinvestigacion.uniovi.es/investigadores/217580/detalle,JOSE GARCIA FERNANDEZ,Filología Clásica y Románica,Voces Femeninas en la Literatura y la Cultura Europeas,JOSE GARCIA FERNANDEZ
40,La Universidad de Oviedo acoge la entrega de los Premios Santander X a Proyectos Emprendedores Universitarios y Startup Universitaria y la Beca Excelencia 360º,https://portalinvestigacion.uniovi.es/investigadores/217593/detalle,LUIS ANTONIO FERNANDEZ VILLAZON,Derecho Privado y de la Empresa,Grupo de Investigación en Derecho Social de la Universidad de Oviedo,LUIS ANTONIO FERNANDEZ VILLAZON
40,La Universidad de Oviedo acoge la entrega de los Premios Santander X a Proyectos Emprendedores Universitarios y Startup Universitaria y la Beca Excelencia 360º,https://portalinvestigacion.uniovi.es/investigadores/1931688/detalle,ANTONIO FERNANDEZ FERNANDEZ,Geografía,Grupo de Estudios en Ambientes Fríos y de Montaña,ANTONIO FERNANDEZ FERNANDEZ
40,La Universidad de Oviedo acoge la entrega de los Premios Santander X a Proyectos Emprendedores Universitarios y Startup Universitaria y la Beca Excelencia 360º,https://portalinvestigacion.uniovi.es/investigadores/218788/detalle,NATALIA GARCIA FERNANDEZ,Construcción e Ingeniería de Fabricación,"Dynamics, Materials and Structures",NATALIA GARCIA FERNANDEZ
40,La Universidad de Oviedo acoge la entrega de los Premios Santander X a Proyectos Emprendedores Universitarios y Startup Universitaria y la Beca Excelencia 360º,https://portalinvestigacion.uniovi.es/investigadores/218122/detalle,JESUS ANGEL PEREZ FERNANDEZ,Construcción e Ingeniería de Fabricación,Lubrication and Surface Technology,JESUS ANGEL PEREZ FERNANDEZ
40,La Universidad de Oviedo acoge la entrega de los Premios Santander X a Proyectos Emprendedores Universitarios y Startup Universitaria y la Beca Excelencia 360º,https://portalinvestigacion.uniovi.es/investigadores/217949/detalle,RUBEN MARTIN PAYO,Medicina,"Entorno, Conductas y Salud",RUBEN MARTIN PAYO
41,La Facultad de Economía y Empresa de la Universidad de Oviedo exhibe un archivo internacional único para entender la economía moderna,https://portalinvestigacion.uniovi.es/investigadores/218536/detalle,IGNACIO VILLAVERDE MENENDEZ,Derecho Público,Derechos Fundamentales y Constitución,IGNACIO VILLAVERDE MENENDEZ
41,La Facultad de Economía y Empresa de la Universidad de Oviedo exhibe un archivo internacional único para entender la economía moderna,https://portalinvestigacion.uniovi.es/investigadores/219168/detalle,ESTEBAN FERNANDEZ VAZQUEZ,Economía Aplicada,Laboratorio de Análisis Económico Regional,ESTEBAN FERNANDEZ VAZQUEZ
41,La Facultad de Economía y Empresa de la Universidad de Oviedo exhibe un archivo internacional único para entender la economía moderna,https://portalinvestigacion.uniovi.es/investigadores/217233/detalle,ANDRE CARRASCAL INCERA,Economía Aplicada,Laboratorio de Análisis Económico Regional,ANDRE CARRASCAL INCERA
41,La Facultad de Economía y Empresa de la Universidad de Oviedo exhibe un archivo internacional único para entender la economía moderna,https://portalinvestigacion.uniovi.es/investigadores/218037/detalle,MARIA DEL CARMEN RAMOS CARVAJAL,Economía Aplicada,Laboratorio de Análisis Económico Regional,MARIA DEL CARMEN RAMOS CARVAJAL
41,La Facultad de Economía y Empresa de la Universidad de Oviedo exhibe un archivo internacional único para entender la economía moderna,https://portalinvestigacion.uniovi.es/investigadores/217898/detalle,MANUEL HERNANDEZ MUÑIZ,Economía Aplicada,Modelización Econométrica y Predicción,MANUEL HERNANDEZ MUÑIZ
42,La Universidad de Oviedo y el Gobierno del Principado recuperan una guía divulgativa sobre el eclipse publicada coincidiendo con el ‘apagón’ solar del año 1905,https://portalinvestigacion.uniovi.es/investigadores/218536/detalle,IGNACIO VILLAVERDE MENENDEZ,Derecho Público,Derechos Fundamentales y Constitución,IGNACIO VILLAVERDE MENENDEZ
42,La Universidad de Oviedo y el Gobierno del Principado recuperan una guía divulgativa sobre el eclipse publicada coincidiendo con el ‘apagón’ solar del año 1905,https://portalinvestigacion.uniovi.es/investigadores/1010273/detalle,IRENE DIAZ MARTINEZ,Historia,Grupo de Investigación en Historia Sociocultural,IRENE DIAZ MARTINEZ
42,La Universidad de Oviedo y el Gobierno del Principado recuperan una guía divulgativa sobre el eclipse publicada coincidiendo con el ‘apagón’ solar del año 1905,https://portalinvestigacion.uniovi.es/investigadores/217124/detalle,SUSANA IRENE DIAZ RODRIGUEZ,Estadística e Investigación Operativa y Didáctica de la Matemática,Modelización de la Incertidumbre y la Imprecisión en Teoría de la Decisión,SUSANA IRENE DIAZ RODRIGUEZ
42,La Universidad de Oviedo y el Gobierno del Principado recuperan una guía divulgativa sobre el eclipse publicada coincidiendo con el ‘apagón’ solar del año 1905,https://portalinvestigacion.uniovi.es/investigadores/218056/detalle,LUIS OREA SANCHEZ,Economía,Oviedo Efficiency Group,LUIS OREA SANCHEZ
42,La Universidad de Oviedo y el Gobierno del Principado recuperan una guía divulgativa sobre el eclipse publicada coincidiendo con el ‘apagón’ solar del año 1905,https://portalinvestigacion.uniovi.es/investigadores/218461/detalle,MARIA JOSE SUAREZ-CABAL,Informática,Grupo de Investigación en Ingeniería del Software,MARIA JOSE SUAREZ-CABAL
42,La Universidad de Oviedo y el Gobierno del Principado recuperan una guía divulgativa sobre el eclipse publicada coincidiendo con el ‘apagón’ solar del año 1905,https://portalinvestigacion.uniovi.es/investigadores/217196/detalle,FRANCISCO JAVIER DE COS JUEZ,Explotación y Prospección de Minas,Grupo de Modelización Matemática Aplicada,FRANCISCO JAVIER DE COS JUEZ
45,87 jóvenes concluyen con éxito el programa Mentoring de Compromiso Asturias,https://portalinvestigacion.uniovi.es/investigadores/217775/detalle,ALFONSO JOAQUIN LOPEZ MUÑIZ,Morfología y Biología Celular,Sistema Nervioso Periférico y Órganos de los Sentidos,ALFONSO JOAQUIN LOPEZ MUÑIZ
45,87 jóvenes concluyen con éxito el programa Mentoring de Compromiso Asturias,https://portalinvestigacion.uniovi.es/investigadores/220173/detalle,SANTIAGO ALFONSO LOPEZ NAVIA,Filología Española,Grupo de Estudios Cervantinos,SANTIAGO ALFONSO LOPEZ NAVIA
45,87 jóvenes concluyen con éxito el programa Mentoring de Compromiso Asturias,https://portalinvestigacion.uniovi.es/investigadores/219888/detalle,JOSE MANUEL PIEDRA FERNANDEZ,"Ingeniería Eléctrica, Electrónica, de Comunicaciones y de Sistemas (DIEECS)",Laboratory for Electrical Energy Management Unified Research,JOSE MANUEL PIEDRA FERNANDEZ
46,La Universidad de Oviedo logra tres premios y tres accésits en las XIII Jornadas Doctorales del G-9,https://portalinvestigacion.uniovi.es/investigadores/219650/detalle,GERARD VILLARROYA PIQUE,No especificado,,GERARD VILLARROYA PIQUE
46,La Universidad de Oviedo logra tres premios y tres accésits en las XIII Jornadas Doctorales del G-9,https://portalinvestigacion.uniovi.es/investigadores/219717/detalle,LUIS CARLOS MARTINEZ FERNANDEZ,Geografía,Análisis y Representación de los Paisajes Geográficos Españoles,LUIS CARLOS MARTINEZ FERNANDEZ
46,La Universidad de Oviedo logra tres premios y tres accésits en las XIII Jornadas Doctorales del G-9,https://portalinvestigacion.uniovi.es/investigadores/217688/detalle,JOSE CARLOS MARTINEZ GARCIA,Física,Magnetism for Health and Environment,JOSE CARLOS MARTINEZ GARCIA
46,La Universidad de Oviedo logra tres premios y tres accésits en las XIII Jornadas Doctorales del G-9,https://portalinvestigacion.uniovi.es/investigadores/217666/detalle,ENOL JUNQUERA ALVAREZ,Estadística e Investigación Operativa y Didáctica de la Matemática,Modelización de la Incertidumbre y la Imprecisión en Teoría de la Decisión,ENOL JUNQUERA ALVAREZ
46,La Universidad de Oviedo logra tres premios y tres accésits en las XIII Jornadas Doctorales del G-9,https://portalinvestigacion.uniovi.es/investigadores/2373266/detalle,SWAN SADITH PACHECO DIAZ,Ciencias de la Educación,Evaluación en Educación Secundaria y Superior,SWAN SADITH PACHECO DIAZ
47,El Campus de Mieres acoge el acto ‘Rector Alas’ de toma de posesión y reconocimiento de cargos académicos y funcionariado,https://portalinvestigacion.uniovi.es/investigadores/218536/detalle,IGNACIO VILLAVERDE MENENDEZ,Derecho Público,Derechos Fundamentales y Constitución,IGNACIO VILLAVERDE MENENDEZ
47,El Campus de Mieres acoge el acto ‘Rector Alas’ de toma de posesión y reconocimiento de cargos académicos y funcionariado,https://portalinvestigacion.uniovi.es/investigadores/1010273/detalle,IRENE DIAZ MARTINEZ,Historia,Grupo de Investigación en Historia Sociocultural,IRENE DIAZ MARTINEZ
47,El Campus de Mieres acoge el acto ‘Rector Alas’ de toma de posesión y reconocimiento de cargos académicos y funcionariado,https://portalinvestigacion.uniovi.es/investigadores/217169/detalle,ANGEL ESPINIELLA MENENDEZ,Derecho Privado y de la Empresa,Grupo de Derecho Internacional Privado de la Universidad de Oviedo,ANGEL ESPINIELLA MENENDEZ
47,El Campus de Mieres acoge el acto ‘Rector Alas’ de toma de posesión y reconocimiento de cargos académicos y funcionariado,https://portalinvestigacion.uniovi.es/investigadores/217124/detalle,SUSANA IRENE DIAZ RODRIGUEZ,Estadística e Investigación Operativa y Didáctica de la Matemática,Modelización de la Incertidumbre y la Imprecisión en Teoría de la Decisión,SUSANA IRENE DIAZ RODRIGUEZ
47,El Campus de Mieres acoge el acto ‘Rector Alas’ de toma de posesión y reconocimiento de cargos académicos y funcionariado,https://portalinvestigacion.uniovi.es/investigadores/216770/detalle,PEDRO ALONSO VELAZQUEZ,Estadística e Investigación Operativa y Didáctica de la Matemática,Modelización de la Incertidumbre y la Imprecisión en Teoría de la Decisión,PEDRO ALONSO VELAZQUEZ
48,Astrónomos de Light Bridges y la Universidad de Oviedo detectan que los asteroides metálicos giran más rápido que los demás,https://portalinvestigacion.uniovi.es/investigadores/2355302/detalle,NOEMI PINILLA ALONSO,Explotación y Prospección de Minas,Grupo de Modelización Matemática Aplicada,NOEMI PINILLA ALONSO
49,Las mejores tesis en salud de la Universidad de Oviedo reciben los Premios RAMPRA 2026,https://portalinvestigacion.uniovi.es/investigadores/217753/detalle,LAUDINO LOPEZ ALVAREZ,Psicología,Intervención en Psicología Clínica y de la Salud,LAUDINO LOPEZ ALVAREZ
49,Las mejores tesis en salud de la Universidad de Oviedo reciben los Premios RAMPRA 2026,https://portalinvestigacion.uniovi.es/investigadores/218033/detalle,CARLOS QUIROS FERNANDEZ,Física,Grupo de Nanociencia,CARLOS QUIROS FERNANDEZ
49,Las mejores tesis en salud de la Universidad de Oviedo reciben los Premios RAMPRA 2026,https://portalinvestigacion.uniovi.es/investigadores/216811/detalle,ANA BELEN BERNARDO GUTIERREZ,Psicología,"Grupo de Aprendizaje Escolar, Dificultades y Rendimiento Académico",ANA BELEN BERNARDO GUTIERREZ
49,Las mejores tesis en salud de la Universidad de Oviedo reciben los Premios RAMPRA 2026,https://portalinvestigacion.uniovi.es/investigadores/2456580/detalle,FRANCESCO DAL SANTO,No especificado,,FRANCESCO DAL SANTO
49,Las mejores tesis en salud de la Universidad de Oviedo reciben los Premios RAMPRA 2026,https://portalinvestigacion.uniovi.es/investigadores/217752/detalle,FERNANDO LOPEZ ALVAREZ,,Investigación en Oncología de Cabeza y Cuello,FERNANDO LOPEZ ALVAREZ
49,Las mejores tesis en salud de la Universidad de Oviedo reciben los Premios RAMPRA 2026,https://portalinvestigacion.uniovi.es/investigadores/217768/detalle,FERNANDO LOPEZ GAYARRE,Construcción e Ingeniería de Fabricación,Tecnología y Sostenibilidad en la Construcción con Acero y Hormigón (TESCAH),FERNANDO LOPEZ GAYARRE
49,Las mejores tesis en salud de la Universidad de Oviedo reciben los Premios RAMPRA 2026,https://portalinvestigacion.uniovi.es/investigadores/217775/detalle,ALFONSO JOAQUIN LOPEZ MUÑIZ,Morfología y Biología Celular,Sistema Nervioso Periférico y Órganos de los Sentidos,ALFONSO JOAQUIN LOPEZ MUÑIZ
49,Las mejores tesis en salud de la Universidad de Oviedo reciben los Premios RAMPRA 2026,https://portalinvestigacion.uniovi.es/investigadores/1931689/detalle,ANGEL BERNARDO GUTIERREZ,Medicina,Grupo Transversal de Investigación y Desarrollo en Plaquetas,ANGEL BERNARDO GUTIERREZ
49,Las mejores tesis en salud de la Universidad de Oviedo reciben los Premios RAMPRA 2026,https://portalinvestigacion.uniovi.es/investigadores/220173/detalle,SANTIAGO ALFONSO LOPEZ NAVIA,Filología Española,Grupo de Estudios Cervantinos,SANTIAGO ALFONSO LOPEZ NAVIA
49,Las mejores tesis en salud de la Universidad de Oviedo reciben los Premios RAMPRA 2026,https://portalinvestigacion.uniovi.es/investigadores/217884/detalle,LAURA GUTIERREZ GUTIERREZ,Medicina,Grupo Transversal de Investigación y Desarrollo en Plaquetas,LAURA GUTIERREZ GUTIERREZ
49,Las mejores tesis en salud de la Universidad de Oviedo reciben los Premios RAMPRA 2026,https://portalinvestigacion.uniovi.es/investigadores/218988/detalle,NOELIA BLANCO AGUDIN,Cirugía y Especialidades Médico-Quirúrgicas,"Grupo de Investigación en Glicopatología, Oftalmología y Terapias Avanzadas",NOELIA BLANCO AGUDIN
49,Las mejores tesis en salud de la Universidad de Oviedo reciben los Premios RAMPRA 2026,https://portalinvestigacion.uniovi.es/investigadores/1116408/detalle,EVA MARIA LÓPEZ ÁLVAREZ,Morfología y Biología Celular,Respuesta Celular al Estrés Oxidativo,EVA MARIA LÓPEZ ÁLVAREZ
49,Las mejores tesis en salud de la Universidad de Oviedo reciben los Premios RAMPRA 2026,https://portalinvestigacion.uniovi.es/investigadores/217478/detalle,MARIA PAZ GARCIA-PORTILLA GONZALEZ,No especificado,,MARIA PAZ GARCIA-PORTILLA GONZALEZ
49,Las mejores tesis en salud de la Universidad de Oviedo reciben los Premios RAMPRA 2026,https://portalinvestigacion.uniovi.es/investigadores/218034/detalle,LUIS MANUEL QUIROS FERNANDEZ,Cirugía y Especialidades Médico-Quirúrgicas,"Grupo de Investigación en Glicopatología, Oftalmología y Terapias Avanzadas",LUIS MANUEL QUIROS FERNANDEZ
49,Las mejores tesis en salud de la Universidad de Oviedo reciben los Premios RAMPRA 2026,https://portalinvestigacion.uniovi.es/investigadores/218241/detalle,JESUS MANUEL MERAYO LLOVES,Cirugía y Especialidades Médico-Quirúrgicas,"Grupo de Investigación en Glicopatología, Oftalmología y Terapias Avanzadas",JESUS MANUEL MERAYO LLOVES
51,"INGENIUM avanza en Ruan hacia una nueva etapa de cooperación universitaria europea más estable, sostenible y estructurada",https://portalinvestigacion.uniovi.es/investigadores/218536/detalle,IGNACIO VILLAVERDE MENENDEZ,Derecho Público,Derechos Fundamentales y Constitución,IGNACIO VILLAVERDE MENENDEZ
51,"INGENIUM avanza en Ruan hacia una nueva etapa de cooperación universitaria europea más estable, sostenible y estructurada",https://portalinvestigacion.uniovi.es/investigadores/217928/detalle,JUAN MANUEL MARCHANTE GAYON,Química Física y Analítica,Isótopos Estables Enriquecidos,JUAN MANUEL MARCHANTE GAYON
51,"INGENIUM avanza en Ruan hacia una nueva etapa de cooperación universitaria europea más estable, sostenible y estructurada",https://portalinvestigacion.uniovi.es/investigadores/1010273/detalle,IRENE DIAZ MARTINEZ,Historia,Grupo de Investigación en Historia Sociocultural,IRENE DIAZ MARTINEZ
51,"INGENIUM avanza en Ruan hacia una nueva etapa de cooperación universitaria europea más estable, sostenible y estructurada",https://portalinvestigacion.uniovi.es/investigadores/218412/detalle,JESUS DANIEL SANTOS RODRIGUEZ,Explotación y Prospección de Minas,Grupo de Modelización Matemática Aplicada,JESUS DANIEL SANTOS RODRIGUEZ
51,"INGENIUM avanza en Ruan hacia una nueva etapa de cooperación universitaria europea más estable, sostenible y estructurada",https://portalinvestigacion.uniovi.es/investigadores/219659/detalle,ANA SUAREZ SANCHEZ,Explotación y Prospección de Minas,Grupo de Modelización Matemática Aplicada,ANA SUAREZ SANCHEZ
51,"INGENIUM avanza en Ruan hacia una nueva etapa de cooperación universitaria europea más estable, sostenible y estructurada",https://portalinvestigacion.uniovi.es/investigadores/218602/detalle,ANA SUAREZ VAZQUEZ,Administración de Empresas,Smart Marketing Advances in Research and Theory,ANA SUAREZ VAZQUEZ
51,"INGENIUM avanza en Ruan hacia una nueva etapa de cooperación universitaria europea más estable, sostenible y estructurada",https://portalinvestigacion.uniovi.es/investigadores/218110/detalle,INES PEÑUELAS SANCHEZ,,"Simulación Numérica, Modelizacion, Caracterización Mecánica y Optimización Microestructural de Componentes Industriales",INES PEÑUELAS SANCHEZ
51,"INGENIUM avanza en Ruan hacia una nueva etapa de cooperación universitaria europea más estable, sostenible y estructurada",https://portalinvestigacion.uniovi.es/investigadores/218457/detalle,ANA SUAREZ ALVAREZ,Economía Aplicada,Modelización Econométrica y Predicción,ANA SUAREZ ALVAREZ
51,"INGENIUM avanza en Ruan hacia una nueva etapa de cooperación universitaria europea más estable, sostenible y estructurada",https://portalinvestigacion.uniovi.es/investigadores/217124/detalle,SUSANA IRENE DIAZ RODRIGUEZ,Estadística e Investigación Operativa y Didáctica de la Matemática,Modelización de la Incertidumbre y la Imprecisión en Teoría de la Decisión,SUSANA IRENE DIAZ RODRIGUEZ
51,"INGENIUM avanza en Ruan hacia una nueva etapa de cooperación universitaria europea más estable, sostenible y estructurada",https://portalinvestigacion.uniovi.es/investigadores/218465/detalle,ANA MARIA SUAREZ DIAZ,Biología Funcional,Investigación Básica y Traslacional en Enfermedades Inflamatorias,ANA MARIA SUAREZ DIAZ
52,La Universidad de Oviedo reconoce el compromiso de estudiantes y centros con la donación de sangre,https://portalinvestigacion.uniovi.es/investigadores/217775/detalle,ALFONSO JOAQUIN LOPEZ MUÑIZ,Morfología y Biología Celular,Sistema Nervioso Periférico y Órganos de los Sentidos,ALFONSO JOAQUIN LOPEZ MUÑIZ
52,La Universidad de Oviedo reconoce el compromiso de estudiantes y centros con la donación de sangre,https://portalinvestigacion.uniovi.es/investigadores/220173/detalle,SANTIAGO ALFONSO LOPEZ NAVIA,Filología Española,Grupo de Estudios Cervantinos,SANTIAGO ALFONSO LOPEZ NAVIA
52,La Universidad de Oviedo reconoce el compromiso de estudiantes y centros con la donación de sangre,https://portalinvestigacion.uniovi.es/investigadores/217271/detalle,BEATRIZ CABALLERO GARCIA,Morfología y Biología Celular,Respuesta Celular al Estrés Oxidativo,BEATRIZ CABALLERO GARCIA
53,"Villaverde defiende a las universidades públicas como garantes de la libertad, la democracia y la igualdad en su investidura como doctor honoris causa por la Universidad de Rouen Normandía",https://portalinvestigacion.uniovi.es/investigadores/218536/detalle,IGNACIO VILLAVERDE MENENDEZ,Derecho Público,Derechos Fundamentales y Constitución,IGNACIO VILLAVERDE MENENDEZ
56,La conexión entre la internacionalización y la cooperación universitaria al desarrollo centran la reunión del G-9 de Universidades celebrada en Pamplona,https://portalinvestigacion.uniovi.es/investigadores/217052/detalle,MARIA PAZ FERNANDEZ GARCIA,Física,Magnetism for Health and Environment,MARIA PAZ FERNANDEZ GARCIA
56,La conexión entre la internacionalización y la cooperación universitaria al desarrollo centran la reunión del G-9 de Universidades celebrada en Pamplona,https://portalinvestigacion.uniovi.es/investigadores/1095867/detalle,MARIA ELENA FERNANDEZ IGLESIAS,Estadística e Investigación Operativa y Didáctica de la Matemática,Grupo de Investigación en Riesgos Naturales,MARIA ELENA FERNANDEZ IGLESIAS
56,La conexión entre la internacionalización y la cooperación universitaria al desarrollo centran la reunión del G-9 de Universidades celebrada en Pamplona,https://portalinvestigacion.uniovi.es/investigadores/217511/detalle,MARIA ARANZAZU FERNANDEZ RODRIGUEZ,Sociología,"Género, Economía, Salud y Sociedad",MARIA ARANZAZU FERNANDEZ RODRIGUEZ
56,La conexión entre la internacionalización y la cooperación universitaria al desarrollo centran la reunión del G-9 de Universidades celebrada en Pamplona,https://portalinvestigacion.uniovi.es/investigadores/217057/detalle,JESUS MARIA FERNANDEZ GOMEZ,No especificado,,JESUS MARIA FERNANDEZ GOMEZ
56,La conexión entre la internacionalización y la cooperación universitaria al desarrollo centran la reunión del G-9 de Universidades celebrada en Pamplona,https://portalinvestigacion.uniovi.es/investigadores/217047/detalle,CARMEN MARIA FERNANDEZ GARCIA,Ciencias de la Educación,Grupo de Análisis Sociológico y Cultural de los Procesos Escolares y Educativos,CARMEN MARIA FERNANDEZ GARCIA
56,La conexión entre la internacionalización y la cooperación universitaria al desarrollo centran la reunión del G-9 de Universidades celebrada en Pamplona,https://portalinvestigacion.uniovi.es/investigadores/216733/detalle,ESTEBAN AGULLO TOMAS,Psicología,Grupo de Investigación en Análisis e Intervención Psicosocial Gi@ps,ESTEBAN AGULLO TOMAS
56,La conexión entre la internacionalización y la cooperación universitaria al desarrollo centran la reunión del G-9 de Universidades celebrada en Pamplona,https://portalinvestigacion.uniovi.es/investigadores/217325/detalle,MARIA ZULIMA FERNANDEZ MUÑIZ,Matemáticas,"Grupo de Problemas Inversos, Optimizaciòn y Aprendizaje Automático",MARIA ZULIMA FERNANDEZ MUÑIZ
56,La conexión entre la internacionalización y la cooperación universitaria al desarrollo centran la reunión del G-9 de Universidades celebrada en Pamplona,https://portalinvestigacion.uniovi.es/investigadores/217019/detalle,MARIA DEL MAR FERNANDEZ ALVAREZ,Medicina,"Entorno, Conductas y Salud",MARIA DEL MAR FERNANDEZ ALVAREZ
56,La conexión entre la internacionalización y la cooperación universitaria al desarrollo centran la reunión del G-9 de Universidades celebrada en Pamplona,https://portalinvestigacion.uniovi.es/investigadores/218860/detalle,MARIA FERNANDEZ DEL VALLE,Biología Funcional,Intervenciones Traslacionales para la Salud,MARIA FERNANDEZ DEL VALLE
56,La conexión entre la internacionalización y la cooperación universitaria al desarrollo centran la reunión del G-9 de Universidades celebrada en Pamplona,https://portalinvestigacion.uniovi.es/investigadores/219850/detalle,MARIA FERNANDEZ DIAZ,Biología Funcional,Investigación en Fisiopatología del Envejecimiento y la Fertilidad Femeninas,MARIA FERNANDEZ DIAZ
56,La conexión entre la internacionalización y la cooperación universitaria al desarrollo centran la reunión del G-9 de Universidades celebrada en Pamplona,https://portalinvestigacion.uniovi.es/investigadores/217038/detalle,MARIA FERNANDEZ FERREIRO,Filología Española,Grupo de Estudios Cervantinos,MARIA FERNANDEZ FERREIRO
56,La conexión entre la internacionalización y la cooperación universitaria al desarrollo centran la reunión del G-9 de Universidades celebrada en Pamplona,https://portalinvestigacion.uniovi.es/investigadores/218869/detalle,MARIA FERNANDEZ GARCIA,Biología de Organismos y Sistemas,"Biodiversidad, Conservación y Filogeografía de Plantas Vasculares",MARIA FERNANDEZ GARCIA
56,La conexión entre la internacionalización y la cooperación universitaria al desarrollo centran la reunión del G-9 de Universidades celebrada en Pamplona,https://portalinvestigacion.uniovi.es/investigadores/219110/detalle,MARIA TERESA FERNANDEZ FERNANDEZ-ARGUELLES,Química Física y Analítica,Grupo de Espectrometría Analítica y Bioanalítica,MARIA TERESA FERNANDEZ FERNANDEZ-ARGUELLES
56,La conexión entre la internacionalización y la cooperación universitaria al desarrollo centran la reunión del G-9 de Universidades celebrada en Pamplona,https://portalinvestigacion.uniovi.es/investigadores/217179/detalle,MARIA TERESA FERNANDEZ ABEDUL,Química Física y Analítica,Espectrometría y Electroquímica Bionanoanalíticas,MARIA TERESA FERNANDEZ ABEDUL
56,La conexión entre la internacionalización y la cooperación universitaria al desarrollo centran la reunión del G-9 de Universidades celebrada en Pamplona,https://portalinvestigacion.uniovi.es/investigadores/1095919/detalle,MARIA ATENEA FERNANDEZ HIGUERO,Historia del Arte y Musicología,"Música, Danza y Estudios Culturales",MARIA ATENEA FERNANDEZ HIGUERO
56,La conexión entre la internacionalización y la cooperación universitaria al desarrollo centran la reunión del G-9 de Universidades celebrada en Pamplona,https://portalinvestigacion.uniovi.es/investigadores/217518/detalle,MARIA LUISA FERNANDEZ SANCHEZ,Química Física y Analítica,Grupo de Espectrometría Analítica y Bioanalítica,MARIA LUISA FERNANDEZ SANCHEZ
56,La conexión entre la internacionalización y la cooperación universitaria al desarrollo centran la reunión del G-9 de Universidades celebrada en Pamplona,https://portalinvestigacion.uniovi.es/investigadores/217043/detalle,ANA MARIA FERNANDEZ GARCIA,Historia del Arte y Musicología,Escenarios para el Arte,ANA MARIA FERNANDEZ GARCIA
56,La conexión entre la internacionalización y la cooperación universitaria al desarrollo centran la reunión del G-9 de Universidades celebrada en Pamplona,https://portalinvestigacion.uniovi.es/investigadores/217051/detalle,MARIA PAULA FERNANDEZ GARCIA,Psicología,Evaluación Psicométrica y Diseño de Investigación,MARIA PAULA FERNANDEZ GARCIA
56,La conexión entre la internacionalización y la cooperación universitaria al desarrollo centran la reunión del G-9 de Universidades celebrada en Pamplona,https://portalinvestigacion.uniovi.es/investigadores/217062/detalle,MARIA DE LOS ANGELES FERNANDEZ GONZALEZ,Ciencias de la Educación,"Síntesis, Estructura y Aplicación Tecnológica de Materiales",MARIA DE LOS ANGELES FERNANDEZ GONZALEZ
56,La conexión entre la internacionalización y la cooperación universitaria al desarrollo centran la reunión del G-9 de Universidades celebrada en Pamplona,https://portalinvestigacion.uniovi.es/investigadores/219224/detalle,MARIA JOSE PEREZ FERNANDEZ,Física,Magnetismo de Materiales y Nanomateriales,MARIA JOSE PEREZ FERNANDEZ
56,La conexión entre la internacionalización y la cooperación universitaria al desarrollo centran la reunión del G-9 de Universidades celebrada en Pamplona,https://portalinvestigacion.uniovi.es/investigadores/217512/detalle,MARIA DEL ROCIO FERNANDEZ RODRIGUEZ,No especificado,,MARIA DEL ROCIO FERNANDEZ RODRIGUEZ
56,La conexión entre la internacionalización y la cooperación universitaria al desarrollo centran la reunión del G-9 de Universidades celebrada en Pamplona,https://portalinvestigacion.uniovi.es/investigadores/217059/detalle,ELENA MARIA FERNANDEZ GONZALEZ,No especificado,,ELENA MARIA FERNANDEZ GONZALEZ
56,La conexión entre la internacionalización y la cooperación universitaria al desarrollo centran la reunión del G-9 de Universidades celebrada en Pamplona,https://portalinvestigacion.uniovi.es/investigadores/217519/detalle,MARIA TERESA FERNANDEZ SANCHEZ,Química Física y Analítica,"Nanopartículas, Membranas y Bioanálisis",MARIA TERESA FERNANDEZ SANCHEZ
56,La conexión entre la internacionalización y la cooperación universitaria al desarrollo centran la reunión del G-9 de Universidades celebrada en Pamplona,https://portalinvestigacion.uniovi.es/investigadores/217181/detalle,MARIA ISABEL FERNANDEZ QUESADA,,Grupo de Ingeniería de Organización,MARIA ISABEL FERNANDEZ QUESADA
56,La conexión entre la internacionalización y la cooperación universitaria al desarrollo centran la reunión del G-9 de Universidades celebrada en Pamplona,https://portalinvestigacion.uniovi.es/investigadores/220227/detalle,MARIA FERNANDEZ FERNANDEZ,Morfología y Biología Celular,Respuesta Celular al Estrés Oxidativo,MARIA FERNANDEZ FERNANDEZ
56,La conexión entre la internacionalización y la cooperación universitaria al desarrollo centran la reunión del G-9 de Universidades celebrada en Pamplona,https://portalinvestigacion.uniovi.es/investigadores/2356382/detalle,JULIA MARIA FERNANDEZ DIAZ,Explotación y Prospección de Minas,Grupo de Modelización Matemática Aplicada,JULIA MARIA FERNANDEZ DIAZ
56,La conexión entre la internacionalización y la cooperación universitaria al desarrollo centran la reunión del G-9 de Universidades celebrada en Pamplona,https://portalinvestigacion.uniovi.es/investigadores/217011/detalle,MARIA ESTRELLA FERNANDEZ ALBA,Psicología,"Grupo de Aprendizaje Escolar, Dificultades y Rendimiento Académico",MARIA ESTRELLA FERNANDEZ ALBA
56,La conexión entre la internacionalización y la cooperación universitaria al desarrollo centran la reunión del G-9 de Universidades celebrada en Pamplona,https://portalinvestigacion.uniovi.es/investigadores/217322/detalle,MARIA MARGARITA FERNANDEZ MIER,Historia,Social Landscapes,MARIA MARGARITA FERNANDEZ MIER
57,El equipo masculino de la Universidad de Oviedo asciende a División de Honor del atletismo nacional,https://portalinvestigacion.uniovi.es/investigadores/218778/detalle,JAVIER MARTIN SANCHEZ,Física,Grupo de Nanociencia,JAVIER MARTIN SANCHEZ
57,El equipo masculino de la Universidad de Oviedo asciende a División de Honor del atletismo nacional,https://portalinvestigacion.uniovi.es/investigadores/217548/detalle,ALEJANDRO GARCIA ALVAREZ,Historia,"Arqueología Antigua y Medieval: Territorio, Sociedad y Cultura Material",ALEJANDRO GARCIA ALVAREZ
57,El equipo masculino de la Universidad de Oviedo asciende a División de Honor del atletismo nacional,https://portalinvestigacion.uniovi.es/investigadores/217462/detalle,ALEJANDRO GARCIA TUERO,Construcción e Ingeniería de Fabricación,Lubrication and Surface Technology,ALEJANDRO GARCIA TUERO
58,La Universidad de Oviedo identifica qué plantas alpinas tendrán más dificultades para regenerarse por el cambio climático,https://portalinvestigacion.uniovi.es/investigadores/2370717/detalle,EDUARDO FERNANDEZ ALONSO,Energía,Grupo de Ingeniería Fluidodinámica,EDUARDO FERNANDEZ ALONSO
58,La Universidad de Oviedo identifica qué plantas alpinas tendrán más dificultades para regenerarse por el cambio climático,https://portalinvestigacion.uniovi.es/investigadores/219672/detalle,Borja Jiménez-Alfaro,,"Biodiversidad, Evolución y Conservación",Borja Jiménez-Alfaro
59,"Jazz Europa convertirá la Universidad de Oviedo en un espacio de creación, intercambio y conexión europea a través de la música",https://portalinvestigacion.uniovi.es/investigadores/217052/detalle,MARIA PAZ FERNANDEZ GARCIA,Física,Magnetism for Health and Environment,MARIA PAZ FERNANDEZ GARCIA
59,"Jazz Europa convertirá la Universidad de Oviedo en un espacio de creación, intercambio y conexión europea a través de la música",https://portalinvestigacion.uniovi.es/investigadores/1095867/detalle,MARIA ELENA FERNANDEZ IGLESIAS,Estadística e Investigación Operativa y Didáctica de la Matemática,Grupo de Investigación en Riesgos Naturales,MARIA ELENA FERNANDEZ IGLESIAS
59,"Jazz Europa convertirá la Universidad de Oviedo en un espacio de creación, intercambio y conexión europea a través de la música",https://portalinvestigacion.uniovi.es/investigadores/217511/detalle,MARIA ARANZAZU FERNANDEZ RODRIGUEZ,Sociología,"Género, Economía, Salud y Sociedad",MARIA ARANZAZU FERNANDEZ RODRIGUEZ
59,"Jazz Europa convertirá la Universidad de Oviedo en un espacio de creación, intercambio y conexión europea a través de la música",https://portalinvestigacion.uniovi.es/investigadores/217057/detalle,JESUS MARIA FERNANDEZ GOMEZ,No especificado,,JESUS MARIA FERNANDEZ GOMEZ
59,"Jazz Europa convertirá la Universidad de Oviedo en un espacio de creación, intercambio y conexión europea a través de la música",https://portalinvestigacion.uniovi.es/investigadores/217047/detalle,CARMEN MARIA FERNANDEZ GARCIA,Ciencias de la Educación,Grupo de Análisis Sociológico y Cultural de los Procesos Escolares y Educativos,CARMEN MARIA FERNANDEZ GARCIA
59,"Jazz Europa convertirá la Universidad de Oviedo en un espacio de creación, intercambio y conexión europea a través de la música",https://portalinvestigacion.uniovi.es/investigadores/218668/detalle,MARIA NIEVES ROQUEÑI GUTIERREZ,Explotación y Prospección de Minas,Investigación del Subsuelo y Medioambiente,MARIA NIEVES ROQUEÑI GUTIERREZ
59,"Jazz Europa convertirá la Universidad de Oviedo en un espacio de creación, intercambio y conexión europea a través de la música",https://portalinvestigacion.uniovi.es/investigadores/217325/detalle,MARIA ZULIMA FERNANDEZ MUÑIZ,Matemáticas,"Grupo de Problemas Inversos, Optimizaciòn y Aprendizaje Automático",MARIA ZULIMA FERNANDEZ MUÑIZ
59,"Jazz Europa convertirá la Universidad de Oviedo en un espacio de creación, intercambio y conexión europea a través de la música",https://portalinvestigacion.uniovi.es/investigadores/217129/detalle,JOSE LUIS DIAZ DE ARRIBA,,Autogestión de Sistemas Informáticos | Ingeniería de Computadores,JOSE LUIS DIAZ DE ARRIBA
59,"Jazz Europa convertirá la Universidad de Oviedo en un espacio de creación, intercambio y conexión europea a través de la música",https://portalinvestigacion.uniovi.es/investigadores/217019/detalle,MARIA DEL MAR FERNANDEZ ALVAREZ,Medicina,"Entorno, Conductas y Salud",MARIA DEL MAR FERNANDEZ ALVAREZ
59,"Jazz Europa convertirá la Universidad de Oviedo en un espacio de creación, intercambio y conexión europea a través de la música",https://portalinvestigacion.uniovi.es/investigadores/218860/detalle,MARIA FERNANDEZ DEL VALLE,Biología Funcional,Intervenciones Traslacionales para la Salud,MARIA FERNANDEZ DEL VALLE
59,"Jazz Europa convertirá la Universidad de Oviedo en un espacio de creación, intercambio y conexión europea a través de la música",https://portalinvestigacion.uniovi.es/investigadores/219688/detalle,MANUEL PLAZA MARTINEZ,No especificado,,MANUEL PLAZA MARTINEZ
59,"Jazz Europa convertirá la Universidad de Oviedo en un espacio de creación, intercambio y conexión europea a través de la música",https://portalinvestigacion.uniovi.es/investigadores/216738/detalle,MIGUEL ALARCOS MARTINEZ,Filología Clásica y Románica,Falsa Et Vera Historia,MIGUEL ALARCOS MARTINEZ
59,"Jazz Europa convertirá la Universidad de Oviedo en un espacio de creación, intercambio y conexión europea a través de la música",https://portalinvestigacion.uniovi.es/investigadores/219850/detalle,MARIA FERNANDEZ DIAZ,Biología Funcional,Investigación en Fisiopatología del Envejecimiento y la Fertilidad Femeninas,MARIA FERNANDEZ DIAZ
59,"Jazz Europa convertirá la Universidad de Oviedo en un espacio de creación, intercambio y conexión europea a través de la música",https://portalinvestigacion.uniovi.es/investigadores/220058/detalle,IVAN IGLESIAS IGLESIAS,Historia del Arte y Musicología,"Grupo de Investigación en Música Contemporánea de España y Latinoamérica ""Diapente XXI""",IVAN IGLESIAS IGLESIAS
59,"Jazz Europa convertirá la Universidad de Oviedo en un espacio de creación, intercambio y conexión europea a través de la música",https://portalinvestigacion.uniovi.es/investigadores/217038/detalle,MARIA FERNANDEZ FERREIRO,Filología Española,Grupo de Estudios Cervantinos,MARIA FERNANDEZ FERREIRO
59,"Jazz Europa convertirá la Universidad de Oviedo en un espacio de creación, intercambio y conexión europea a través de la música",https://portalinvestigacion.uniovi.es/investigadores/218869/detalle,MARIA FERNANDEZ GARCIA,Biología de Organismos y Sistemas,"Biodiversidad, Conservación y Filogeografía de Plantas Vasculares",MARIA FERNANDEZ GARCIA
59,"Jazz Europa convertirá la Universidad de Oviedo en un espacio de creación, intercambio y conexión europea a través de la música",https://portalinvestigacion.uniovi.es/investigadores/217127/detalle,JOSE DIAZ TRAPIELLA,No especificado,,JOSE DIAZ TRAPIELLA
59,"Jazz Europa convertirá la Universidad de Oviedo en un espacio de creación, intercambio y conexión europea a través de la música",https://portalinvestigacion.uniovi.es/investigadores/219110/detalle,MARIA TERESA FERNANDEZ FERNANDEZ-ARGUELLES,Química Física y Analítica,Grupo de Espectrometría Analítica y Bioanalítica,MARIA TERESA FERNANDEZ FERNANDEZ-ARGUELLES
59,"Jazz Europa convertirá la Universidad de Oviedo en un espacio de creación, intercambio y conexión europea a través de la música",https://portalinvestigacion.uniovi.es/investigadores/217179/detalle,MARIA TERESA FERNANDEZ ABEDUL,Química Física y Analítica,Espectrometría y Electroquímica Bionanoanalíticas,MARIA TERESA FERNANDEZ ABEDUL
59,"Jazz Europa convertirá la Universidad de Oviedo en un espacio de creación, intercambio y conexión europea a través de la música",https://portalinvestigacion.uniovi.es/investigadores/1095919/detalle,MARIA ATENEA FERNANDEZ HIGUERO,Historia del Arte y Musicología,"Música, Danza y Estudios Culturales",MARIA ATENEA FERNANDEZ HIGUERO
59,"Jazz Europa convertirá la Universidad de Oviedo en un espacio de creación, intercambio y conexión europea a través de la música",https://portalinvestigacion.uniovi.es/investigadores/217518/detalle,MARIA LUISA FERNANDEZ SANCHEZ,Química Física y Analítica,Grupo de Espectrometría Analítica y Bioanalítica,MARIA LUISA FERNANDEZ SANCHEZ
59,"Jazz Europa convertirá la Universidad de Oviedo en un espacio de creación, intercambio y conexión europea a través de la música",https://portalinvestigacion.uniovi.es/investigadores/217043/detalle,ANA MARIA FERNANDEZ GARCIA,Historia del Arte y Musicología,Escenarios para el Arte,ANA MARIA FERNANDEZ GARCIA
59,"Jazz Europa convertirá la Universidad de Oviedo en un espacio de creación, intercambio y conexión europea a través de la música",https://portalinvestigacion.uniovi.es/investigadores/217051/detalle,MARIA PAULA FERNANDEZ GARCIA,Psicología,Evaluación Psicométrica y Diseño de Investigación,MARIA PAULA FERNANDEZ GARCIA
59,"Jazz Europa convertirá la Universidad de Oviedo en un espacio de creación, intercambio y conexión europea a través de la música",https://portalinvestigacion.uniovi.es/investigadores/217062/detalle,MARIA DE LOS ANGELES FERNANDEZ GONZALEZ,Ciencias de la Educación,"Síntesis, Estructura y Aplicación Tecnológica de Materiales",MARIA DE LOS ANGELES FERNANDEZ GONZALEZ
59,"Jazz Europa convertirá la Universidad de Oviedo en un espacio de creación, intercambio y conexión europea a través de la música",https://portalinvestigacion.uniovi.es/investigadores/218042/detalle,JULIO RAUL OGAS JOFRE,Historia del Arte y Musicología,"Grupo de Investigación en Música Contemporánea de España y Latinoamérica ""Diapente XXI""",JULIO RAUL OGAS JOFRE
59,"Jazz Europa convertirá la Universidad de Oviedo en un espacio de creación, intercambio y conexión europea a través de la música",https://portalinvestigacion.uniovi.es/investigadores/217512/detalle,MARIA DEL ROCIO FERNANDEZ RODRIGUEZ,No especificado,,MARIA DEL ROCIO FERNANDEZ RODRIGUEZ
59,"Jazz Europa convertirá la Universidad de Oviedo en un espacio de creación, intercambio y conexión europea a través de la música",https://portalinvestigacion.uniovi.es/investigadores/217059/detalle,ELENA MARIA FERNANDEZ GONZALEZ,No especificado,,ELENA MARIA FERNANDEZ GONZALEZ
59,"Jazz Europa convertirá la Universidad de Oviedo en un espacio de creación, intercambio y conexión europea a través de la música",https://portalinvestigacion.uniovi.es/investigadores/217519/detalle,MARIA TERESA FERNANDEZ SANCHEZ,Química Física y Analítica,"Nanopartículas, Membranas y Bioanálisis",MARIA TERESA FERNANDEZ SANCHEZ
59,"Jazz Europa convertirá la Universidad de Oviedo en un espacio de creación, intercambio y conexión europea a través de la música",https://portalinvestigacion.uniovi.es/investigadores/217181/detalle,MARIA ISABEL FERNANDEZ QUESADA,,Grupo de Ingeniería de Organización,MARIA ISABEL FERNANDEZ QUESADA
59,"Jazz Europa convertirá la Universidad de Oviedo en un espacio de creación, intercambio y conexión europea a través de la música",https://portalinvestigacion.uniovi.es/investigadores/220227/detalle,MARIA FERNANDEZ FERNANDEZ,Morfología y Biología Celular,Respuesta Celular al Estrés Oxidativo,MARIA FERNANDEZ FERNANDEZ
59,"Jazz Europa convertirá la Universidad de Oviedo en un espacio de creación, intercambio y conexión europea a través de la música",https://portalinvestigacion.uniovi.es/investigadores/2356382/detalle,JULIA MARIA FERNANDEZ DIAZ,Explotación y Prospección de Minas,Grupo de Modelización Matemática Aplicada,JULIA MARIA FERNANDEZ DIAZ
59,"Jazz Europa convertirá la Universidad de Oviedo en un espacio de creación, intercambio y conexión europea a través de la música",https://portalinvestigacion.uniovi.es/investigadores/217011/detalle,MARIA ESTRELLA FERNANDEZ ALBA,Psicología,"Grupo de Aprendizaje Escolar, Dificultades y Rendimiento Académico",MARIA ESTRELLA FERNANDEZ ALBA
59,"Jazz Europa convertirá la Universidad de Oviedo en un espacio de creación, intercambio y conexión europea a través de la música",https://portalinvestigacion.uniovi.es/investigadores/217322/detalle,MARIA MARGARITA FERNANDEZ MIER,Historia,Social Landscapes,MARIA MARGARITA FERNANDEZ MIER
61,El equipo de fútbol sala del PTGAS de la Universidad de Oviedo logra un quinto puesto en el campeonato nacional de Almería,https://portalinvestigacion.uniovi.es/investigadores/216929/detalle,DAVID ALVAREZ FERNANDEZ,Biología de Organismos y Sistemas,Diversidad y Conservación Animal,DAVID ALVAREZ FERNANDEZ
61,El equipo de fútbol sala del PTGAS de la Universidad de Oviedo logra un quinto puesto en el campeonato nacional de Almería,https://portalinvestigacion.uniovi.es/investigadores/216932/detalle,MARIA ALVAREZ FERNANDEZ,,"Grupo Demeter. Maternidad, Genero y Familia",MARIA ALVAREZ FERNANDEZ
61,El equipo de fútbol sala del PTGAS de la Universidad de Oviedo logra un quinto puesto en el campeonato nacional de Almería,https://portalinvestigacion.uniovi.es/investigadores/216935/detalle,MONICA ALVAREZ FERNANDEZ,Derecho Público,Derecho Administrativo,MONICA ALVAREZ FERNANDEZ
61,El equipo de fútbol sala del PTGAS de la Universidad de Oviedo logra un quinto puesto en el campeonato nacional de Almería,https://portalinvestigacion.uniovi.es/investigadores/2353797/detalle,ENOL ALVAREZ FERNANDEZ,Derecho Privado y de la Empresa,Grupo de Investigación en Derecho Social de la Universidad de Oviedo,ENOL ALVAREZ FERNANDEZ
61,El equipo de fútbol sala del PTGAS de la Universidad de Oviedo logra un quinto puesto en el campeonato nacional de Almería,https://portalinvestigacion.uniovi.es/investigadores/216934/detalle,MARTINA INMACULADA ALVAREZ FERNANDEZ,Explotación y Prospección de Minas,Comportamiento Dinámico del Terreno,MARTINA INMACULADA ALVAREZ FERNANDEZ
62,La Universidad de Oviedo otorga el doctorado ‘Honoris Causa’ a Víctor Manuel para reconocer su trayectoria y su canto a la memoria de Asturias,https://portalinvestigacion.uniovi.es/investigadores/218536/detalle,IGNACIO VILLAVERDE MENENDEZ,Derecho Público,Derechos Fundamentales y Constitución,IGNACIO VILLAVERDE MENENDEZ
62,La Universidad de Oviedo otorga el doctorado ‘Honoris Causa’ a Víctor Manuel para reconocer su trayectoria y su canto a la memoria de Asturias,https://portalinvestigacion.uniovi.es/investigadores/218042/detalle,JULIO RAUL OGAS JOFRE,Historia del Arte y Musicología,"Grupo de Investigación en Música Contemporánea de España y Latinoamérica ""Diapente XXI""",JULIO RAUL OGAS JOFRE
62,La Universidad de Oviedo otorga el doctorado ‘Honoris Causa’ a Víctor Manuel para reconocer su trayectoria y su canto a la memoria de Asturias,https://portalinvestigacion.uniovi.es/investigadores/216865/detalle,ANGEL LUIS ALVAREZ RODRIGUEZ,Bioquímica y Biología Molecular,Virología y Parasitología Molecular,ANGEL LUIS ALVAREZ RODRIGUEZ
62,La Universidad de Oviedo otorga el doctorado ‘Honoris Causa’ a Víctor Manuel para reconocer su trayectoria y su canto a la memoria de Asturias,https://portalinvestigacion.uniovi.es/investigadores/217981/detalle,VICENTE GOTOR FERNANDEZ,Química Orgánica e Inorgánica,Grupo de Química Bioorgánica,VICENTE GOTOR FERNANDEZ
62,La Universidad de Oviedo otorga el doctorado ‘Honoris Causa’ a Víctor Manuel para reconocer su trayectoria y su canto a la memoria de Asturias,https://portalinvestigacion.uniovi.es/investigadores/218367/detalle,EDUARDO SAN JOSE VAZQUEZ,,Grupo de Investigación del Instituto Feijoo de Estudios del Siglo XVIII,EDUARDO SAN JOSE VAZQUEZ
62,La Universidad de Oviedo otorga el doctorado ‘Honoris Causa’ a Víctor Manuel para reconocer su trayectoria y su canto a la memoria de Asturias,https://portalinvestigacion.uniovi.es/investigadores/217359/detalle,CRISTINA GONZALEZ GAGO,Física,"Grupo de Espectroscopia, Láseres y Plasmas",CRISTINA GONZALEZ GAGO
62,La Universidad de Oviedo otorga el doctorado ‘Honoris Causa’ a Víctor Manuel para reconocer su trayectoria y su canto a la memoria de Asturias,https://portalinvestigacion.uniovi.es/investigadores/217169/detalle,ANGEL ESPINIELLA MENENDEZ,Derecho Privado y de la Empresa,Grupo de Derecho Internacional Privado de la Universidad de Oviedo,ANGEL ESPINIELLA MENENDEZ
62,La Universidad de Oviedo otorga el doctorado ‘Honoris Causa’ a Víctor Manuel para reconocer su trayectoria y su canto a la memoria de Asturias,https://portalinvestigacion.uniovi.es/investigadores/218539/detalle,MARIA ISABEL VIÑA OLAY,Construcción e Ingeniería de Fabricación,Integridad Estructural: Materiales y Estructuras,MARIA ISABEL VIÑA OLAY
62,La Universidad de Oviedo otorga el doctorado ‘Honoris Causa’ a Víctor Manuel para reconocer su trayectoria y su canto a la memoria de Asturias,https://portalinvestigacion.uniovi.es/investigadores/218643/detalle,CELESTINO RODRIGUEZ PEREZ,Psicología,"Grupo de Aprendizaje Escolar, Dificultades y Rendimiento Académico",CELESTINO RODRIGUEZ PEREZ
64,"La Universidad de Oviedo convertirá sus campus universitarios en entornos más biodiversos, saludables y sostenibles",https://portalinvestigacion.uniovi.es/investigadores/217293/detalle,ANDRES ARIAS RODRIGUEZ,Biología de Organismos y Sistemas,"Biodiversidad, Conservación y Filogeografía de Plantas Vasculares",ANDRES ARIAS RODRIGUEZ
64,"La Universidad de Oviedo convertirá sus campus universitarios en entornos más biodiversos, saludables y sostenibles",https://portalinvestigacion.uniovi.es/investigadores/217349/detalle,MARIA AIDA GONZALEZ DIAZ,,Biogeoquímica Ambiental y Materias Primas Minerales,MARIA AIDA GONZALEZ DIAZ
64,"La Universidad de Oviedo convertirá sus campus universitarios en entornos más biodiversos, saludables y sostenibles",https://portalinvestigacion.uniovi.es/investigadores/218110/detalle,INES PEÑUELAS SANCHEZ,,"Simulación Numérica, Modelizacion, Caracterización Mecánica y Optimización Microestructural de Componentes Industriales",INES PEÑUELAS SANCHEZ
64,"La Universidad de Oviedo convertirá sus campus universitarios en entornos más biodiversos, saludables y sostenibles",https://portalinvestigacion.uniovi.es/investigadores/217772/detalle,BELEN LOPEZ MARTINEZ,Historia,"Arqueología Antigua y Medieval: Territorio, Sociedad y Cultura Material",BELEN LOPEZ MARTINEZ
65,Mares Circulares entrega a la Universidad de Oviedo un banco fabricado con plástico recogido del mar en reconocimiento a su compromiso medioambiental,https://portalinvestigacion.uniovi.es/investigadores/219202/detalle,ANA MARIA PILAR GONZALEZ RODRIGUEZ,No especificado,,ANA MARIA PILAR GONZALEZ RODRIGUEZ
65,Mares Circulares entrega a la Universidad de Oviedo un banco fabricado con plástico recogido del mar en reconocimiento a su compromiso medioambiental,https://portalinvestigacion.uniovi.es/investigadores/217927/detalle,MARIA MARTA GONZALEZ TASCON,Ciencias Jurídicas Básicas,Grupo de Investigación de Ciencias Penales y Criminologicas,MARIA MARTA GONZALEZ TASCON
65,Mares Circulares entrega a la Universidad de Oviedo un banco fabricado con plástico recogido del mar en reconocimiento a su compromiso medioambiental,https://portalinvestigacion.uniovi.es/investigadores/217387/detalle,MARIA DEL ROSARIO GONZALEZ MORADAS,Explotación y Prospección de Minas,Remote Sensing Applications,MARIA DEL ROSARIO GONZALEZ MORADAS
65,Mares Circulares entrega a la Universidad de Oviedo un banco fabricado con plástico recogido del mar en reconocimiento a su compromiso medioambiental,https://portalinvestigacion.uniovi.es/investigadores/217349/detalle,MARIA AIDA GONZALEZ DIAZ,,Biogeoquímica Ambiental y Materias Primas Minerales,MARIA AIDA GONZALEZ DIAZ
65,Mares Circulares entrega a la Universidad de Oviedo un banco fabricado con plástico recogido del mar en reconocimiento a su compromiso medioambiental,https://portalinvestigacion.uniovi.es/investigadores/218820/detalle,MARIA GONZALEZ BUSTO,"Ingeniería Eléctrica, Electrónica, de Comunicaciones y de Sistemas (DIEECS)",Grupo de Electrónica para la Innovación Industrial,MARIA GONZALEZ BUSTO
65,Mares Circulares entrega a la Universidad de Oviedo un banco fabricado con plástico recogido del mar en reconocimiento a su compromiso medioambiental,https://portalinvestigacion.uniovi.es/investigadores/219145/detalle,MARIA GONZALEZ NOSTI,Psicología,Investigación en Neurociencia Cognitiva,MARIA GONZALEZ NOSTI
65,Mares Circulares entrega a la Universidad de Oviedo un banco fabricado con plástico recogido del mar en reconocimiento a su compromiso medioambiental,https://portalinvestigacion.uniovi.es/investigadores/217921/detalle,RAQUEL MARIA GONZALEZ SOENGAS,Química Orgánica e Inorgánica,Grupo de Química Bioorgánica,RAQUEL MARIA GONZALEZ SOENGAS
65,Mares Circulares entrega a la Universidad de Oviedo un banco fabricado con plástico recogido del mar en reconocimiento a su compromiso medioambiental,https://portalinvestigacion.uniovi.es/investigadores/1010315/detalle,SILVIA MARIA GONZALEZ FERNANDEZ,Sociología,Promoviendo el Empleo y el Bienestar en Europa,SILVIA MARIA GONZALEZ FERNANDEZ
65,Mares Circulares entrega a la Universidad de Oviedo un banco fabricado con plástico recogido del mar en reconocimiento a su compromiso medioambiental,https://portalinvestigacion.uniovi.es/investigadores/217958/detalle,MARIA DEL ROSARIO GONZALEZ ARIAS,Sociología,"Género, Economía, Salud y Sociedad",MARIA DEL ROSARIO GONZALEZ ARIAS
65,Mares Circulares entrega a la Universidad de Oviedo un banco fabricado con plástico recogido del mar en reconocimiento a su compromiso medioambiental,https://portalinvestigacion.uniovi.es/investigadores/217916/detalle,MARIA AMPARO GONZALEZ RUA,No especificado,,MARIA AMPARO GONZALEZ RUA
65,Mares Circulares entrega a la Universidad de Oviedo un banco fabricado con plástico recogido del mar en reconocimiento a su compromiso medioambiental,https://portalinvestigacion.uniovi.es/investigadores/218110/detalle,INES PEÑUELAS SANCHEZ,,"Simulación Numérica, Modelizacion, Caracterización Mecánica y Optimización Microestructural de Componentes Industriales",INES PEÑUELAS SANCHEZ
65,Mares Circulares entrega a la Universidad de Oviedo un banco fabricado con plástico recogido del mar en reconocimiento a su compromiso medioambiental,https://portalinvestigacion.uniovi.es/investigadores/1116406/detalle,MARIA GONZALEZ AMOR,Medicina,Farmacología del Dolor Experimental,MARIA GONZALEZ AMOR
65,Mares Circulares entrega a la Universidad de Oviedo un banco fabricado con plástico recogido del mar en reconocimiento a su compromiso medioambiental,https://portalinvestigacion.uniovi.es/investigadores/1010319/detalle,ANDREA MARIA GONZALEZ LOPEZ,Ciencias de la Educación,Teaching and Curriculum Group,ANDREA MARIA GONZALEZ LOPEZ
65,Mares Circulares entrega a la Universidad de Oviedo un banco fabricado con plástico recogido del mar en reconocimiento a su compromiso medioambiental,https://portalinvestigacion.uniovi.es/investigadores/217385/detalle,MARIA DEL CARMEN GONZALEZ MENENDEZ,Sociología,Promoviendo el Empleo y el Bienestar en Europa,MARIA DEL CARMEN GONZALEZ MENENDEZ
65,Mares Circulares entrega a la Universidad de Oviedo un banco fabricado con plástico recogido del mar en reconocimiento a su compromiso medioambiental,https://portalinvestigacion.uniovi.es/investigadores/217965/detalle,MARIA MERCEDES GONZALEZ DE SANDE,Filología Clásica y Románica,Voces Femeninas en la Literatura y la Cultura Europeas,MARIA MERCEDES GONZALEZ DE SANDE
65,Mares Circulares entrega a la Universidad de Oviedo un banco fabricado con plástico recogido del mar en reconocimiento a su compromiso medioambiental,https://portalinvestigacion.uniovi.es/investigadores/217967/detalle,MARIA GONZALEZ DE LA VEGA,Física,Magnetism for Health and Environment,MARIA GONZALEZ DE LA VEGA
65,Mares Circulares entrega a la Universidad de Oviedo un banco fabricado con plástico recogido del mar en reconocimiento a su compromiso medioambiental,https://portalinvestigacion.uniovi.es/investigadores/217501/detalle,MARIA TERESA GONZALEZ APARICIO,Informática,Grupo de Investigación en Ingeniería del Software,MARIA TERESA GONZALEZ APARICIO
65,Mares Circulares entrega a la Universidad de Oviedo un banco fabricado con plástico recogido del mar en reconocimiento a su compromiso medioambiental,https://portalinvestigacion.uniovi.es/investigadores/217342/detalle,MARIA DEL MAR GONZALEZ CHACON,"Filología Inglesa, Francesa y Alemana","Literatura, Identidad y Traducción Cultural",MARIA DEL MAR GONZALEZ CHACON
65,Mares Circulares entrega a la Universidad de Oviedo un banco fabricado con plástico recogido del mar en reconocimiento a su compromiso medioambiental,https://portalinvestigacion.uniovi.es/investigadores/220187/detalle,MARIA EUGENIA GONZALEZ CUIDET,Derecho Público,Grupo de Estudios Jurídico-sociales sobre Territorio y Desarrollo Urbano Sostenible,MARIA EUGENIA GONZALEZ CUIDET
65,Mares Circulares entrega a la Universidad de Oviedo un banco fabricado con plástico recogido del mar en reconocimiento a su compromiso medioambiental,https://portalinvestigacion.uniovi.es/investigadores/217379/detalle,MARIA PLACERES GONZALEZ MARTINEZ,Construcción e Ingeniería de Fabricación,"Grupo de Investigación en Construcción Sostenible, Simulación y Ensayo",MARIA PLACERES GONZALEZ MARTINEZ
65,Mares Circulares entrega a la Universidad de Oviedo un banco fabricado con plástico recogido del mar en reconocimiento a su compromiso medioambiental,https://portalinvestigacion.uniovi.es/investigadores/217384/detalle,ANA MARIA GONZALEZ MENENDEZ,Psicología,Programa de Prevención de Psicosis,ANA MARIA GONZALEZ MENENDEZ
65,Mares Circulares entrega a la Universidad de Oviedo un banco fabricado con plástico recogido del mar en reconocimiento a su compromiso medioambiental,https://portalinvestigacion.uniovi.es/investigadores/217341/detalle,MARIA PALOMA GONZALEZ CASTRO,Psicología,"Grupo de Aprendizaje Escolar, Dificultades y Rendimiento Académico",MARIA PALOMA GONZALEZ CASTRO
65,Mares Circulares entrega a la Universidad de Oviedo un banco fabricado con plástico recogido del mar en reconocimiento a su compromiso medioambiental,https://portalinvestigacion.uniovi.es/investigadores/217380/detalle,MARIA VICTORIA GONZALEZ MEANA,,Investigación en Oncología de Cabeza y Cuello,MARIA VICTORIA GONZALEZ MEANA
67,La estudiante Ana Alonso recibe el Premio Impacto Positivo de la Universidad de Oviedo,https://portalinvestigacion.uniovi.es/investigadores/218536/detalle,IGNACIO VILLAVERDE MENENDEZ,Derecho Público,Derechos Fundamentales y Constitución,IGNACIO VILLAVERDE MENENDEZ
67,La estudiante Ana Alonso recibe el Premio Impacto Positivo de la Universidad de Oviedo,https://portalinvestigacion.uniovi.es/investigadores/1931678/detalle,JOSÉ MANUEL MARTÍNEZ PÉREZ,Ciencias de la Educación,"Educación, Actividad Física, Deporte y Salud",JOSÉ MANUEL MARTÍNEZ PÉREZ
67,La estudiante Ana Alonso recibe el Premio Impacto Positivo de la Universidad de Oviedo,https://portalinvestigacion.uniovi.es/investigadores/219314/detalle,ANA ISABEL ALONSO GARCIA,No especificado,,ANA ISABEL ALONSO GARCIA
67,La estudiante Ana Alonso recibe el Premio Impacto Positivo de la Universidad de Oviedo,https://portalinvestigacion.uniovi.es/investigadores/216756/detalle,ANA ALONSO GARCIA,Biología Funcional,Investigación en Fisiopatología del Envejecimiento y la Fertilidad Femeninas,ANA ALONSO GARCIA
67,La estudiante Ana Alonso recibe el Premio Impacto Positivo de la Universidad de Oviedo,https://portalinvestigacion.uniovi.es/investigadores/217341/detalle,MARIA PALOMA GONZALEZ CASTRO,Psicología,"Grupo de Aprendizaje Escolar, Dificultades y Rendimiento Académico",MARIA PALOMA GONZALEZ CASTRO
68,La Facultad de Formación del Profesorado y Educación de la Universidad de Oviedo reconoce a los mejores proyectos de innovación docente de Asturias,https://portalinvestigacion.uniovi.es/investigadores/218381/detalle,SUSANA SANCHEZ CASTRO,Ciencias de la Educación,Teaching and Curriculum Group,SUSANA SANCHEZ CASTRO
68,La Facultad de Formación del Profesorado y Educación de la Universidad de Oviedo reconoce a los mejores proyectos de innovación docente de Asturias,https://portalinvestigacion.uniovi.es/investigadores/216777/detalle,EDUARDO ALVAREZ ALVAREZ,Energía,Grupo de Ingeniería Fluidodinámica,EDUARDO ALVAREZ ALVAREZ
68,La Facultad de Formación del Profesorado y Educación de la Universidad de Oviedo reconoce a los mejores proyectos de innovación docente de Asturias,https://portalinvestigacion.uniovi.es/investigadores/217053/detalle,MIGUEL FERNANDEZ GARCIA,"Ingeniería Eléctrica, Electrónica, de Comunicaciones y de Sistemas (DIEECS)",Teoría de la Señal y Comunicaciones,MIGUEL FERNANDEZ GARCIA
68,La Facultad de Formación del Profesorado y Educación de la Universidad de Oviedo reconoce a los mejores proyectos de innovación docente de Asturias,https://portalinvestigacion.uniovi.es/investigadores/452981/detalle,TANIA FERNANDEZ GARCIA,Economía Aplicada,Laboratorio de Análisis Económico Regional,TANIA FERNANDEZ GARCIA
68,La Facultad de Formación del Profesorado y Educación de la Universidad de Oviedo reconoce a los mejores proyectos de innovación docente de Asturias,https://portalinvestigacion.uniovi.es/investigadores/217046/detalle,CARLOS FERNANDEZ GARCIA,Matemáticas,Análisis Teórico y Numérico de Ecuaciones en Derivadas Parciales,CARLOS FERNANDEZ GARCIA
68,La Facultad de Formación del Profesorado y Educación de la Universidad de Oviedo reconoce a los mejores proyectos de innovación docente de Asturias,https://portalinvestigacion.uniovi.es/investigadores/217045/detalle,BENJAMIN FERNANDEZ GARCIA,Biología Funcional,Intervenciones Traslacionales para la Salud,BENJAMIN FERNANDEZ GARCIA
68,La Facultad de Formación del Profesorado y Educación de la Universidad de Oviedo reconoce a los mejores proyectos de innovación docente de Asturias,https://portalinvestigacion.uniovi.es/investigadores/217044/detalle,BEATRIZ FERNANDEZ GARCIA,Química Física y Analítica,Espectrometría y Electroquímica Bionanoanalíticas,BEATRIZ FERNANDEZ GARCIA
68,La Facultad de Formación del Profesorado y Educación de la Universidad de Oviedo reconoce a los mejores proyectos de innovación docente de Asturias,https://portalinvestigacion.uniovi.es/investigadores/1283434/detalle,MARIA ALONSO ARIAS,Historia del Arte y Musicología,Escenarios para el Arte,MARIA ALONSO ARIAS
68,La Facultad de Formación del Profesorado y Educación de la Universidad de Oviedo reconoce a los mejores proyectos de innovación docente de Asturias,https://portalinvestigacion.uniovi.es/investigadores/1931694/detalle,JOSE EDUARDO RODRIGUEZ OTERO,Psicología,Ciencia y Divulgación en Prevención y Salud Mental,JOSE EDUARDO RODRIGUEZ OTERO
68,La Facultad de Formación del Profesorado y Educación de la Universidad de Oviedo reconoce a los mejores proyectos de innovación docente de Asturias,https://portalinvestigacion.uniovi.es/investigadores/220003/detalle,JUAN ALFONSO FERNANDEZ GARCIA,Historia del Arte y Musicología,"Música, Danza y Estudios Culturales",JUAN ALFONSO FERNANDEZ GARCIA
68,La Facultad de Formación del Profesorado y Educación de la Universidad de Oviedo reconoce a los mejores proyectos de innovación docente de Asturias,https://portalinvestigacion.uniovi.es/investigadores/217506/detalle,CONCEPCION FERNANDEZ RODRIGUEZ,Psicología,Intervención en Psicología Clínica y de la Salud,CONCEPCION FERNANDEZ RODRIGUEZ
68,La Facultad de Formación del Profesorado y Educación de la Universidad de Oviedo reconoce a los mejores proyectos de innovación docente de Asturias,https://portalinvestigacion.uniovi.es/investigadores/218181/detalle,LUIS JOSE RODRIGUEZ MUÑIZ,Estadística e Investigación Operativa y Didáctica de la Matemática,Mathematics Education Research Group,LUIS JOSE RODRIGUEZ MUÑIZ
68,La Facultad de Formación del Profesorado y Educación de la Universidad de Oviedo reconoce a los mejores proyectos de innovación docente de Asturias,https://portalinvestigacion.uniovi.es/investigadores/217038/detalle,MARIA FERNANDEZ FERREIRO,Filología Española,Grupo de Estudios Cervantinos,MARIA FERNANDEZ FERREIRO
68,La Facultad de Formación del Profesorado y Educación de la Universidad de Oviedo reconoce a los mejores proyectos de innovación docente de Asturias,https://portalinvestigacion.uniovi.es/investigadores/218869/detalle,MARIA FERNANDEZ GARCIA,Biología de Organismos y Sistemas,"Biodiversidad, Conservación y Filogeografía de Plantas Vasculares",MARIA FERNANDEZ GARCIA
68,La Facultad de Formación del Profesorado y Educación de la Universidad de Oviedo reconoce a los mejores proyectos de innovación docente de Asturias,https://portalinvestigacion.uniovi.es/investigadores/218651/detalle,LAURA RODRIGUEZ RODRIGUEZ,Geología,Procesos Geológicos Modeladores del Relieve de la Cordillera Cantábrica,LAURA RODRIGUEZ RODRIGUEZ
68,La Facultad de Formación del Profesorado y Educación de la Universidad de Oviedo reconoce a los mejores proyectos de innovación docente de Asturias,https://portalinvestigacion.uniovi.es/investigadores/217712/detalle,JULIA MARIA MARTINEZ-LOMBO TESTA,Historia del Arte y Musicología,"Edición, Investigación y Análisis del Patrimonio Musical Español XIX - XX",JULIA MARIA MARTINEZ-LOMBO TESTA
68,La Facultad de Formación del Profesorado y Educación de la Universidad de Oviedo reconoce a los mejores proyectos de innovación docente de Asturias,https://portalinvestigacion.uniovi.es/investigadores/219110/detalle,MARIA TERESA FERNANDEZ FERNANDEZ-ARGUELLES,Química Física y Analítica,Grupo de Espectrometría Analítica y Bioanalítica,MARIA TERESA FERNANDEZ FERNANDEZ-ARGUELLES
68,La Facultad de Formación del Profesorado y Educación de la Universidad de Oviedo reconoce a los mejores proyectos de innovación docente de Asturias,https://portalinvestigacion.uniovi.es/investigadores/1010290/detalle,VICTORIA VEGA FERNANDEZ RODRIGUEZ,Física,Grupo de Nanociencia,VICTORIA VEGA FERNANDEZ RODRIGUEZ
68,La Facultad de Formación del Profesorado y Educación de la Universidad de Oviedo reconoce a los mejores proyectos de innovación docente de Asturias,https://portalinvestigacion.uniovi.es/investigadores/1301773/detalle,ANDREA FERNANDEZ GARCÍA,,"Grupo Demeter. Maternidad, Genero y Familia",ANDREA FERNANDEZ GARCÍA
68,La Facultad de Formación del Profesorado y Educación de la Universidad de Oviedo reconoce a los mejores proyectos de innovación docente de Asturias,https://portalinvestigacion.uniovi.es/investigadores/217518/detalle,MARIA LUISA FERNANDEZ SANCHEZ,Química Física y Analítica,Grupo de Espectrometría Analítica y Bioanalítica,MARIA LUISA FERNANDEZ SANCHEZ
68,La Facultad de Formación del Profesorado y Educación de la Universidad de Oviedo reconoce a los mejores proyectos de innovación docente de Asturias,https://portalinvestigacion.uniovi.es/investigadores/218355/detalle,JOSE LUIS RODRIGUEZ GALLEGO,,Biogeoquímica Ambiental y Materias Primas Minerales,JOSE LUIS RODRIGUEZ GALLEGO
68,La Facultad de Formación del Profesorado y Educación de la Universidad de Oviedo reconoce a los mejores proyectos de innovación docente de Asturias,https://portalinvestigacion.uniovi.es/investigadores/217062/detalle,MARIA DE LOS ANGELES FERNANDEZ GONZALEZ,Ciencias de la Educación,"Síntesis, Estructura y Aplicación Tecnológica de Materiales",MARIA DE LOS ANGELES FERNANDEZ GONZALEZ
68,La Facultad de Formación del Profesorado y Educación de la Universidad de Oviedo reconoce a los mejores proyectos de innovación docente de Asturias,https://portalinvestigacion.uniovi.es/investigadores/219164/detalle,RAFAEL PEDRO GARCIA DIAZ,No especificado,,RAFAEL PEDRO GARCIA DIAZ
68,La Facultad de Formación del Profesorado y Educación de la Universidad de Oviedo reconoce a los mejores proyectos de innovación docente de Asturias,https://portalinvestigacion.uniovi.es/investigadores/220197/detalle,Manuel García Díaz,Energía,Fluids Engineeering for Renewable Energy and Sustainability,Manuel García Díaz
68,La Facultad de Formación del Profesorado y Educación de la Universidad de Oviedo reconoce a los mejores proyectos de innovación docente de Asturias,https://portalinvestigacion.uniovi.es/investigadores/2356382/detalle,JULIA MARIA FERNANDEZ DIAZ,Explotación y Prospección de Minas,Grupo de Modelización Matemática Aplicada,JULIA MARIA FERNANDEZ DIAZ
68,La Facultad de Formación del Profesorado y Educación de la Universidad de Oviedo reconoce a los mejores proyectos de innovación docente de Asturias,https://portalinvestigacion.uniovi.es/investigadores/217011/detalle,MARIA ESTRELLA FERNANDEZ ALBA,Psicología,"Grupo de Aprendizaje Escolar, Dificultades y Rendimiento Académico",MARIA ESTRELLA FERNANDEZ ALBA
68,La Facultad de Formación del Profesorado y Educación de la Universidad de Oviedo reconoce a los mejores proyectos de innovación docente de Asturias,https://portalinvestigacion.uniovi.es/investigadores/217461/detalle,ALBA GARCIA TORRES,No especificado,,ALBA GARCIA TORRES
68,La Facultad de Formación del Profesorado y Educación de la Universidad de Oviedo reconoce a los mejores proyectos de innovación docente de Asturias,https://portalinvestigacion.uniovi.es/investigadores/216751/detalle,MARIA RAQUEL ALONSO ALVAREZ,Historia del Arte y Musicología,Texto e Imagen,MARIA RAQUEL ALONSO ALVAREZ
68,La Facultad de Formación del Profesorado y Educación de la Universidad de Oviedo reconoce a los mejores proyectos de innovación docente de Asturias,https://portalinvestigacion.uniovi.es/investigadores/1095867/detalle,MARIA ELENA FERNANDEZ IGLESIAS,Estadística e Investigación Operativa y Didáctica de la Matemática,Grupo de Investigación en Riesgos Naturales,MARIA ELENA FERNANDEZ IGLESIAS
68,La Facultad de Formación del Profesorado y Educación de la Universidad de Oviedo reconoce a los mejores proyectos de innovación docente de Asturias,https://portalinvestigacion.uniovi.es/investigadores/217511/detalle,MARIA ARANZAZU FERNANDEZ RODRIGUEZ,Sociología,"Género, Economía, Salud y Sociedad",MARIA ARANZAZU FERNANDEZ RODRIGUEZ
68,La Facultad de Formación del Profesorado y Educación de la Universidad de Oviedo reconoce a los mejores proyectos de innovación docente de Asturias,https://portalinvestigacion.uniovi.es/investigadores/217057/detalle,JESUS MARIA FERNANDEZ GOMEZ,No especificado,,JESUS MARIA FERNANDEZ GOMEZ
68,La Facultad de Formación del Profesorado y Educación de la Universidad de Oviedo reconoce a los mejores proyectos de innovación docente de Asturias,https://portalinvestigacion.uniovi.es/investigadores/219851/detalle,MARIA LOURDES SANCHEZ CASTRO,Biología Funcional,Investigación en Fisiopatología del Envejecimiento y la Fertilidad Femeninas,MARIA LOURDES SANCHEZ CASTRO
68,La Facultad de Formación del Profesorado y Educación de la Universidad de Oviedo reconoce a los mejores proyectos de innovación docente de Asturias,https://portalinvestigacion.uniovi.es/investigadores/219152/detalle,MARTA SOLEDAD GARCIA RODRIGUEZ,Ciencias de la Educación,Teaching and Curriculum Group,MARTA SOLEDAD GARCIA RODRIGUEZ
68,La Facultad de Formación del Profesorado y Educación de la Universidad de Oviedo reconoce a los mejores proyectos de innovación docente de Asturias,https://portalinvestigacion.uniovi.es/investigadores/218231/detalle,EVA MARIA MENENDEZ SEBASTIAN,Derecho Público,"Servicios Públicos, Administraciones y Garantías",EVA MARIA MENENDEZ SEBASTIAN
68,La Facultad de Formación del Profesorado y Educación de la Universidad de Oviedo reconoce a los mejores proyectos de innovación docente de Asturias,https://portalinvestigacion.uniovi.es/investigadores/216779/detalle,JUAN CARLOS ALVAREZ ALVAREZ,"Ingeniería Eléctrica, Electrónica, de Comunicaciones y de Sistemas (DIEECS)",Sistemas Multisensor y Robótica,JUAN CARLOS ALVAREZ ALVAREZ
68,La Facultad de Formación del Profesorado y Educación de la Universidad de Oviedo reconoce a los mejores proyectos de innovación docente de Asturias,https://portalinvestigacion.uniovi.es/investigadores/217019/detalle,MARIA DEL MAR FERNANDEZ ALVAREZ,Medicina,"Entorno, Conductas y Salud",MARIA DEL MAR FERNANDEZ ALVAREZ
68,La Facultad de Formación del Profesorado y Educación de la Universidad de Oviedo reconoce a los mejores proyectos de innovación docente de Asturias,https://portalinvestigacion.uniovi.es/investigadores/216776/detalle,BRAULIO JOSE ALVAREZ ALVAREZ,Construcción e Ingeniería de Fabricación,Engineering for Precision Manufacturing,BRAULIO JOSE ALVAREZ ALVAREZ
68,La Facultad de Formación del Profesorado y Educación de la Universidad de Oviedo reconoce a los mejores proyectos de innovación docente de Asturias,https://portalinvestigacion.uniovi.es/investigadores/216935/detalle,MONICA ALVAREZ FERNANDEZ,Derecho Público,Derecho Administrativo,MONICA ALVAREZ FERNANDEZ
68,La Facultad de Formación del Profesorado y Educación de la Universidad de Oviedo reconoce a los mejores proyectos de innovación docente de Asturias,https://portalinvestigacion.uniovi.es/investigadores/219111/detalle,ANDREA FERNANDEZ GARCIA,,"Intersecciones: Literaturas, Culturas y Teorías Contemporáneas",ANDREA FERNANDEZ GARCIA
68,La Facultad de Formación del Profesorado y Educación de la Universidad de Oviedo reconoce a los mejores proyectos de innovación docente de Asturias,https://portalinvestigacion.uniovi.es/investigadores/219850/detalle,MARIA FERNANDEZ DIAZ,Biología Funcional,Investigación en Fisiopatología del Envejecimiento y la Fertilidad Femeninas,MARIA FERNANDEZ DIAZ
68,La Facultad de Formación del Profesorado y Educación de la Universidad de Oviedo reconoce a los mejores proyectos de innovación docente de Asturias,https://portalinvestigacion.uniovi.es/investigadores/218620/detalle,SUSANA TORIO LOPEZ,Ciencias de la Educación,Grupo de Análisis Sociológico y Cultural de los Procesos Escolares y Educativos,SUSANA TORIO LOPEZ
68,La Facultad de Formación del Profesorado y Educación de la Universidad de Oviedo reconoce a los mejores proyectos de innovación docente de Asturias,https://portalinvestigacion.uniovi.es/investigadores/217615/detalle,MANUEL FLOREZ ALONSO,Química Física y Analítica,Química Teórica y Computacional de Materiales,MANUEL FLOREZ ALONSO
68,La Facultad de Formación del Profesorado y Educación de la Universidad de Oviedo reconoce a los mejores proyectos de innovación docente de Asturias,https://portalinvestigacion.uniovi.es/investigadores/1095919/detalle,MARIA ATENEA FERNANDEZ HIGUERO,Historia del Arte y Musicología,"Música, Danza y Estudios Culturales",MARIA ATENEA FERNANDEZ HIGUERO
68,La Facultad de Formación del Profesorado y Educación de la Universidad de Oviedo reconoce a los mejores proyectos de innovación docente de Asturias,https://portalinvestigacion.uniovi.es/investigadores/217043/detalle,ANA MARIA FERNANDEZ GARCIA,Historia del Arte y Musicología,Escenarios para el Arte,ANA MARIA FERNANDEZ GARCIA
68,La Facultad de Formación del Profesorado y Educación de la Universidad de Oviedo reconoce a los mejores proyectos de innovación docente de Asturias,https://portalinvestigacion.uniovi.es/investigadores/2353797/detalle,ENOL ALVAREZ FERNANDEZ,Derecho Privado y de la Empresa,Grupo de Investigación en Derecho Social de la Universidad de Oviedo,ENOL ALVAREZ FERNANDEZ
68,La Facultad de Formación del Profesorado y Educación de la Universidad de Oviedo reconoce a los mejores proyectos de innovación docente de Asturias,https://portalinvestigacion.uniovi.es/investigadores/217509/detalle,FRANCISCO JOSE FERNANDEZ RODRIGUEZ,Geología,Grupo de Análisis de Pliegues de Oviedo | Geofísica y Tectónica,FRANCISCO JOSE FERNANDEZ RODRIGUEZ
68,La Facultad de Formación del Profesorado y Educación de la Universidad de Oviedo reconoce a los mejores proyectos de innovación docente de Asturias,https://portalinvestigacion.uniovi.es/investigadores/2014315/detalle,ADRIAN ALVAREZ ALVAREZ,No especificado,,ADRIAN ALVAREZ ALVAREZ
68,La Facultad de Formación del Profesorado y Educación de la Universidad de Oviedo reconoce a los mejores proyectos de innovación docente de Asturias,https://portalinvestigacion.uniovi.es/investigadores/2370664/detalle,SARA FERNANDEZ GARCIA,No especificado,,SARA FERNANDEZ GARCIA
68,La Facultad de Formación del Profesorado y Educación de la Universidad de Oviedo reconoce a los mejores proyectos de innovación docente de Asturias,https://portalinvestigacion.uniovi.es/investigadores/216929/detalle,DAVID ALVAREZ FERNANDEZ,Biología de Organismos y Sistemas,Diversidad y Conservación Animal,DAVID ALVAREZ FERNANDEZ
68,La Facultad de Formación del Profesorado y Educación de la Universidad de Oviedo reconoce a los mejores proyectos de innovación docente de Asturias,https://portalinvestigacion.uniovi.es/investigadores/217512/detalle,MARIA DEL ROCIO FERNANDEZ RODRIGUEZ,No especificado,,MARIA DEL ROCIO FERNANDEZ RODRIGUEZ
68,La Facultad de Formación del Profesorado y Educación de la Universidad de Oviedo reconoce a los mejores proyectos de innovación docente de Asturias,https://portalinvestigacion.uniovi.es/investigadores/2217385/detalle,MARIA LUZ ALONSO ALONSO,Biología Funcional,Intervenciones Traslacionales para la Salud,MARIA LUZ ALONSO ALONSO
68,La Facultad de Formación del Profesorado y Educación de la Universidad de Oviedo reconoce a los mejores proyectos de innovación docente de Asturias,https://portalinvestigacion.uniovi.es/investigadores/218142/detalle,MARIA DEL CARMEN PEREZ RIU,"Filología Inglesa, Francesa y Alemana","Literatura, Identidad y Traducción Cultural",MARIA DEL CARMEN PEREZ RIU
68,La Facultad de Formación del Profesorado y Educación de la Universidad de Oviedo reconoce a los mejores proyectos de innovación docente de Asturias,https://portalinvestigacion.uniovi.es/investigadores/217519/detalle,MARIA TERESA FERNANDEZ SANCHEZ,Química Física y Analítica,"Nanopartículas, Membranas y Bioanálisis",MARIA TERESA FERNANDEZ SANCHEZ
68,La Facultad de Formación del Profesorado y Educación de la Universidad de Oviedo reconoce a los mejores proyectos de innovación docente de Asturias,https://portalinvestigacion.uniovi.es/investigadores/2353841/detalle,MARIA ALONSO SENTIES,Historia del Arte y Musicología,"Edición, Investigación y Análisis del Patrimonio Musical Español XIX - XX",MARIA ALONSO SENTIES
68,La Facultad de Formación del Profesorado y Educación de la Universidad de Oviedo reconoce a los mejores proyectos de innovación docente de Asturias,https://portalinvestigacion.uniovi.es/investigadores/217181/detalle,MARIA ISABEL FERNANDEZ QUESADA,,Grupo de Ingeniería de Organización,MARIA ISABEL FERNANDEZ QUESADA
68,La Facultad de Formación del Profesorado y Educación de la Universidad de Oviedo reconoce a los mejores proyectos de innovación docente de Asturias,https://portalinvestigacion.uniovi.es/investigadores/220227/detalle,MARIA FERNANDEZ FERNANDEZ,Morfología y Biología Celular,Respuesta Celular al Estrés Oxidativo,MARIA FERNANDEZ FERNANDEZ
68,La Facultad de Formación del Profesorado y Educación de la Universidad de Oviedo reconoce a los mejores proyectos de innovación docente de Asturias,https://portalinvestigacion.uniovi.es/investigadores/218230/detalle,MARIA ISABEL MENENDEZ RODRIGUEZ,Química Orgánica e Inorgánica,Grupo Teórico-experimental de Química Organometálica,MARIA ISABEL MENENDEZ RODRIGUEZ
68,La Facultad de Formación del Profesorado y Educación de la Universidad de Oviedo reconoce a los mejores proyectos de innovación docente de Asturias,https://portalinvestigacion.uniovi.es/investigadores/217896/detalle,JESUS MIGUEL HERNANDEZ GALILEA,Ciencias Jurídicas Básicas,Grupo de Investigación de Ciencias Penales y Criminologicas,JESUS MIGUEL HERNANDEZ GALILEA
68,La Facultad de Formación del Profesorado y Educación de la Universidad de Oviedo reconoce a los mejores proyectos de innovación docente de Asturias,https://portalinvestigacion.uniovi.es/investigadores/217052/detalle,MARIA PAZ FERNANDEZ GARCIA,Física,Magnetism for Health and Environment,MARIA PAZ FERNANDEZ GARCIA
68,La Facultad de Formación del Profesorado y Educación de la Universidad de Oviedo reconoce a los mejores proyectos de innovación docente de Asturias,https://portalinvestigacion.uniovi.es/investigadores/217574/detalle,VICENTE GARCIA DIAZ,Informática,Ingeniería Dirigida por Modelos,VICENTE GARCIA DIAZ
68,La Facultad de Formación del Profesorado y Educación de la Universidad de Oviedo reconoce a los mejores proyectos de innovación docente de Asturias,https://portalinvestigacion.uniovi.es/investigadores/217834/detalle,JUAN MARIA MENENDEZ AGUADO,,Biogeoquímica Ambiental y Materias Primas Minerales,JUAN MARIA MENENDEZ AGUADO
68,La Facultad de Formación del Profesorado y Educación de la Universidad de Oviedo reconoce a los mejores proyectos de innovación docente de Asturias,https://portalinvestigacion.uniovi.es/investigadores/217047/detalle,CARMEN MARIA FERNANDEZ GARCIA,Ciencias de la Educación,Grupo de Análisis Sociológico y Cultural de los Procesos Escolares y Educativos,CARMEN MARIA FERNANDEZ GARCIA
68,La Facultad de Formación del Profesorado y Educación de la Universidad de Oviedo reconoce a los mejores proyectos de innovación docente de Asturias,https://portalinvestigacion.uniovi.es/investigadores/217599/detalle,ALFREDO FERNANDEZ OJANGUREN GARCIA COMAS,Biología de Organismos y Sistemas,Diversidad y Conservación Animal,ALFREDO FERNANDEZ OJANGUREN GARCIA COMAS
68,La Facultad de Formación del Profesorado y Educación de la Universidad de Oviedo reconoce a los mejores proyectos de innovación docente de Asturias,https://portalinvestigacion.uniovi.es/investigadores/217325/detalle,MARIA ZULIMA FERNANDEZ MUÑIZ,Matemáticas,"Grupo de Problemas Inversos, Optimizaciòn y Aprendizaje Automático",MARIA ZULIMA FERNANDEZ MUÑIZ
68,La Facultad de Formación del Profesorado y Educación de la Universidad de Oviedo reconoce a los mejores proyectos de innovación docente de Asturias,https://portalinvestigacion.uniovi.es/investigadores/217016/detalle,ALBERTO MANUEL FERNANDEZ ALVAREZ,Informática,Computational Reflection Research Group,ALBERTO MANUEL FERNANDEZ ALVAREZ
68,La Facultad de Formación del Profesorado y Educación de la Universidad de Oviedo reconoce a los mejores proyectos de innovación docente de Asturias,https://portalinvestigacion.uniovi.es/investigadores/218860/detalle,MARIA FERNANDEZ DEL VALLE,Biología Funcional,Intervenciones Traslacionales para la Salud,MARIA FERNANDEZ DEL VALLE
68,La Facultad de Formación del Profesorado y Educación de la Universidad de Oviedo reconoce a los mejores proyectos de innovación docente de Asturias,https://portalinvestigacion.uniovi.es/investigadores/218643/detalle,CELESTINO RODRIGUEZ PEREZ,Psicología,"Grupo de Aprendizaje Escolar, Dificultades y Rendimiento Académico",CELESTINO RODRIGUEZ PEREZ
68,La Facultad de Formación del Profesorado y Educación de la Universidad de Oviedo reconoce a los mejores proyectos de innovación docente de Asturias,https://portalinvestigacion.uniovi.es/investigadores/218884/detalle,JAVIER RODRIGUEZ RODRIGUEZ,No especificado,,JAVIER RODRIGUEZ RODRIGUEZ
68,La Facultad de Formación del Profesorado y Educación de la Universidad de Oviedo reconoce a los mejores proyectos de innovación docente de Asturias,https://portalinvestigacion.uniovi.es/investigadores/217774/detalle,ANA JESUS LOPEZ MENENDEZ,Economía Aplicada,Modelización Econométrica y Predicción,ANA JESUS LOPEZ MENENDEZ
68,La Facultad de Formación del Profesorado y Educación de la Universidad de Oviedo reconoce a los mejores proyectos de innovación docente de Asturias,https://portalinvestigacion.uniovi.es/investigadores/2237800/detalle,LAURA GARCIA DIAZ,Física,Física de Altas Energías,LAURA GARCIA DIAZ
68,La Facultad de Formación del Profesorado y Educación de la Universidad de Oviedo reconoce a los mejores proyectos de innovación docente de Asturias,https://portalinvestigacion.uniovi.es/investigadores/217179/detalle,MARIA TERESA FERNANDEZ ABEDUL,Química Física y Analítica,Espectrometría y Electroquímica Bionanoanalíticas,MARIA TERESA FERNANDEZ ABEDUL
68,La Facultad de Formación del Profesorado y Educación de la Universidad de Oviedo reconoce a los mejores proyectos de innovación docente de Asturias,https://portalinvestigacion.uniovi.es/investigadores/217451/detalle,MIGUEL GARCIA RODRIGUEZ,Informática,Computational Reflection Research Group,MIGUEL GARCIA RODRIGUEZ
68,La Facultad de Formación del Profesorado y Educación de la Universidad de Oviedo reconoce a los mejores proyectos de innovación docente de Asturias,https://portalinvestigacion.uniovi.es/investigadores/217051/detalle,MARIA PAULA FERNANDEZ GARCIA,Psicología,Evaluación Psicométrica y Diseño de Investigación,MARIA PAULA FERNANDEZ GARCIA
68,La Facultad de Formación del Profesorado y Educación de la Universidad de Oviedo reconoce a los mejores proyectos de innovación docente de Asturias,https://portalinvestigacion.uniovi.es/investigadores/216932/detalle,MARIA ALVAREZ FERNANDEZ,,"Grupo Demeter. Maternidad, Genero y Familia",MARIA ALVAREZ FERNANDEZ
68,La Facultad de Formación del Profesorado y Educación de la Universidad de Oviedo reconoce a los mejores proyectos de innovación docente de Asturias,https://portalinvestigacion.uniovi.es/investigadores/1010407/detalle,ENRIQUE JOSE RODRIGUEZ MARTIN,Informática,Web Semántica Oviedo,ENRIQUE JOSE RODRIGUEZ MARTIN
68,La Facultad de Formación del Profesorado y Educación de la Universidad de Oviedo reconoce a los mejores proyectos de innovación docente de Asturias,https://portalinvestigacion.uniovi.es/investigadores/217737/detalle,GONZALO LLAMEDO PANDIELLA,Filología Española,Seminariu de Filoloxía Asturiana,GONZALO LLAMEDO PANDIELLA
68,La Facultad de Formación del Profesorado y Educación de la Universidad de Oviedo reconoce a los mejores proyectos de innovación docente de Asturias,https://portalinvestigacion.uniovi.es/investigadores/217059/detalle,ELENA MARIA FERNANDEZ GONZALEZ,No especificado,,ELENA MARIA FERNANDEZ GONZALEZ
68,La Facultad de Formación del Profesorado y Educación de la Universidad de Oviedo reconoce a los mejores proyectos de innovación docente de Asturias,https://portalinvestigacion.uniovi.es/investigadores/217573/detalle,VERONICA GARCIA DIAZ,Ciencias de la Educación,"Grupo de Investigación sobre Intervención Educativa en el Ámbito Familiar, Escolar y Social",VERONICA GARCIA DIAZ
68,La Facultad de Formación del Profesorado y Educación de la Universidad de Oviedo reconoce a los mejores proyectos de innovación docente de Asturias,https://portalinvestigacion.uniovi.es/investigadores/220120/detalle,MARIA TERESA ALONSO MORO,Sociología,"Género, Economía, Salud y Sociedad",MARIA TERESA ALONSO MORO
68,La Facultad de Formación del Profesorado y Educación de la Universidad de Oviedo reconoce a los mejores proyectos de innovación docente de Asturias,https://portalinvestigacion.uniovi.es/investigadores/217452/detalle,NURIA GARCIA RODRIGUEZ,Administración de Empresas,Smart Marketing Advances in Research and Theory,NURIA GARCIA RODRIGUEZ
68,La Facultad de Formación del Profesorado y Educación de la Universidad de Oviedo reconoce a los mejores proyectos de innovación docente de Asturias,https://portalinvestigacion.uniovi.es/investigadores/220055/detalle,EDGARDO JOSE RODRIGUEZ,Historia del Arte y Musicología,"Grupo de Investigación en Música Contemporánea de España y Latinoamérica ""Diapente XXI""",EDGARDO JOSE RODRIGUEZ
68,La Facultad de Formación del Profesorado y Educación de la Universidad de Oviedo reconoce a los mejores proyectos de innovación docente de Asturias,https://portalinvestigacion.uniovi.es/investigadores/218144/detalle,MARISELA DEL CARMEN PEREZ RODRIGUEZ,Filología Española,Lingüística Funcional del Español,MARISELA DEL CARMEN PEREZ RODRIGUEZ
68,La Facultad de Formación del Profesorado y Educación de la Universidad de Oviedo reconoce a los mejores proyectos de innovación docente de Asturias,https://portalinvestigacion.uniovi.es/investigadores/218356/detalle,JOSE IGNACIO RODRIGUEZ GARCIA,No especificado,,JOSE IGNACIO RODRIGUEZ GARCIA
68,La Facultad de Formación del Profesorado y Educación de la Universidad de Oviedo reconoce a los mejores proyectos de innovación docente de Asturias,https://portalinvestigacion.uniovi.es/investigadores/216780/detalle,LEONARDO ALVAREZ ALVAREZ,Derecho Público,Derechos Fundamentales y Constitución,LEONARDO ALVAREZ ALVAREZ
68,La Facultad de Formación del Profesorado y Educación de la Universidad de Oviedo reconoce a los mejores proyectos de innovación docente de Asturias,https://portalinvestigacion.uniovi.es/investigadores/217762/detalle,JESUS ALBERTO LOPEZ FERNANDEZ,"Ingeniería Eléctrica, Electrónica, de Comunicaciones y de Sistemas (DIEECS)",Teoría de la Señal y Comunicaciones,JESUS ALBERTO LOPEZ FERNANDEZ
68,La Facultad de Formación del Profesorado y Educación de la Universidad de Oviedo reconoce a los mejores proyectos de innovación docente de Asturias,https://portalinvestigacion.uniovi.es/investigadores/217505/detalle,CAROLINA FERNANDEZ RODRIGUEZ,"Filología Inglesa, Francesa y Alemana","Literatura, Identidad y Traducción Cultural",CAROLINA FERNANDEZ RODRIGUEZ
68,La Facultad de Formación del Profesorado y Educación de la Universidad de Oviedo reconoce a los mejores proyectos de innovación docente de Asturias,https://portalinvestigacion.uniovi.es/investigadores/2356353/detalle,ALVARO MANUEL RODRIGUEZ RODRIGUEZ,Explotación y Prospección de Minas,Grupo de Modelización Matemática Aplicada,ALVARO MANUEL RODRIGUEZ RODRIGUEZ
68,La Facultad de Formación del Profesorado y Educación de la Universidad de Oviedo reconoce a los mejores proyectos de innovación docente de Asturias,https://portalinvestigacion.uniovi.es/investigadores/217591/detalle,IVAN FERNANDEZ VEGA,Cirugía y Especialidades Médico-Quirúrgicas,"Grupo de Investigación en Glicopatología, Oftalmología y Terapias Avanzadas",IVAN FERNANDEZ VEGA
68,La Facultad de Formación del Profesorado y Educación de la Universidad de Oviedo reconoce a los mejores proyectos de innovación docente de Asturias,https://portalinvestigacion.uniovi.es/investigadores/217049/detalle,FRANCISCO JAVIER FERNANDEZ GARCIA,No especificado,,FRANCISCO JAVIER FERNANDEZ GARCIA
68,La Facultad de Formación del Profesorado y Educación de la Universidad de Oviedo reconoce a los mejores proyectos de innovación docente de Asturias,https://portalinvestigacion.uniovi.es/investigadores/217048/detalle,FELIPE FERNANDEZ GARCIA,Geografía,Análisis y Representación de los Paisajes Geográficos Españoles,FELIPE FERNANDEZ GARCIA
68,La Facultad de Formación del Profesorado y Educación de la Universidad de Oviedo reconoce a los mejores proyectos de innovación docente de Asturias,https://portalinvestigacion.uniovi.es/investigadores/217050/detalle,JOSE FRANCISCO FERNANDEZ GARCIA,No especificado,,JOSE FRANCISCO FERNANDEZ GARCIA
68,La Facultad de Formación del Profesorado y Educación de la Universidad de Oviedo reconoce a los mejores proyectos de innovación docente de Asturias,https://portalinvestigacion.uniovi.es/investigadores/218854/detalle,MIGUEL HERNANDEZ CACERES,Matemáticas,"Grupo de Investigación en Algebra, Codificación y Criptografía",MIGUEL HERNANDEZ CACERES
68,La Facultad de Formación del Profesorado y Educación de la Universidad de Oviedo reconoce a los mejores proyectos de innovación docente de Asturias,https://portalinvestigacion.uniovi.es/investigadores/217449/detalle,JORGE GARCIA RODRIGUEZ,No especificado,,JORGE GARCIA RODRIGUEZ
68,La Facultad de Formación del Profesorado y Educación de la Universidad de Oviedo reconoce a los mejores proyectos de innovación docente de Asturias,https://portalinvestigacion.uniovi.es/investigadores/216934/detalle,MARTINA INMACULADA ALVAREZ FERNANDEZ,Explotación y Prospección de Minas,Comportamiento Dinámico del Terreno,MARTINA INMACULADA ALVAREZ FERNANDEZ
68,La Facultad de Formación del Profesorado y Educación de la Universidad de Oviedo reconoce a los mejores proyectos de innovación docente de Asturias,https://portalinvestigacion.uniovi.es/investigadores/218782/detalle,ADRIAN GARCIA DIAZ,Ingeniería Química y Tecnología del Medio Ambiente,"Catálisis, Reactores y Control (CRC)",ADRIAN GARCIA DIAZ
68,La Facultad de Formación del Profesorado y Educación de la Universidad de Oviedo reconoce a los mejores proyectos de innovación docente de Asturias,https://portalinvestigacion.uniovi.es/investigadores/216765/detalle,MARIA ROSARIO ALONSO IBAÑEZ,Derecho Público,Grupo de Estudios Jurídico-sociales sobre Territorio y Desarrollo Urbano Sostenible,MARIA ROSARIO ALONSO IBAÑEZ
68,La Facultad de Formación del Profesorado y Educación de la Universidad de Oviedo reconoce a los mejores proyectos de innovación docente de Asturias,https://portalinvestigacion.uniovi.es/investigadores/218232/detalle,MARIA DE LA PAZ MENENDEZ SEBASTIAN,Derecho Privado y de la Empresa,Grupo de Investigación en Derecho Social de la Universidad de Oviedo,MARIA DE LA PAZ MENENDEZ SEBASTIAN
68,La Facultad de Formación del Profesorado y Educación de la Universidad de Oviedo reconoce a los mejores proyectos de innovación docente de Asturias,https://portalinvestigacion.uniovi.es/investigadores/216782/detalle,PEDRO ALVAREZ ALVAREZ,Biología de Organismos y Sistemas,Grupo de Investigación de Sistemas Forestales Atlánticos,PEDRO ALVAREZ ALVAREZ
68,La Facultad de Formación del Profesorado y Educación de la Universidad de Oviedo reconoce a los mejores proyectos de innovación docente de Asturias,https://portalinvestigacion.uniovi.es/investigadores/220302/detalle,JOSE MANUEL RODRIGUEZ ALVAREZ,Historia del Arte y Musicología,Texto e Imagen,JOSE MANUEL RODRIGUEZ ALVAREZ
68,La Facultad de Formación del Profesorado y Educación de la Universidad de Oviedo reconoce a los mejores proyectos de innovación docente de Asturias,https://portalinvestigacion.uniovi.es/investigadores/219313/detalle,MARLEN ALONSO CASTAÑO,Estadística e Investigación Operativa y Didáctica de la Matemática,Mathematics Education Research Group,MARLEN ALONSO CASTAÑO
68,La Facultad de Formación del Profesorado y Educación de la Universidad de Oviedo reconoce a los mejores proyectos de innovación docente de Asturias,https://portalinvestigacion.uniovi.es/investigadores/218461/detalle,MARIA JOSE SUAREZ-CABAL,Informática,Grupo de Investigación en Ingeniería del Software,MARIA JOSE SUAREZ-CABAL
68,La Facultad de Formación del Profesorado y Educación de la Universidad de Oviedo reconoce a los mejores proyectos de innovación docente de Asturias,https://portalinvestigacion.uniovi.es/investigadores/217322/detalle,MARIA MARGARITA FERNANDEZ MIER,Historia,Social Landscapes,MARIA MARGARITA FERNANDEZ MIER
69,La Universidad de Oviedo analiza los rasgos psicológicos y de personalidad en deportistas de ultrarresistencia,https://portalinvestigacion.uniovi.es/investigadores/2186294/detalle,ANGEL ANTONIO RODRIGUEZ MARTIN,Historia del Arte y Musicología,Escenarios para el Arte,ANGEL ANTONIO RODRIGUEZ MARTIN
69,La Universidad de Oviedo analiza los rasgos psicológicos y de personalidad en deportistas de ultrarresistencia,https://portalinvestigacion.uniovi.es/investigadores/218048/detalle,HUGO OLMEDILLAS FERNANDEZ,Biología Funcional,"Grupo de Investigación en Rendimiento, Readaptación Físico-deportiva, Entrenamiento y Salud",HUGO OLMEDILLAS FERNANDEZ
69,La Universidad de Oviedo analiza los rasgos psicológicos y de personalidad en deportistas de ultrarresistencia,https://portalinvestigacion.uniovi.es/investigadores/218344/detalle,MIGUEL ANGEL RODRIGUEZ DIAZ,,Biogeoquímica Ambiental y Materias Primas Minerales,MIGUEL ANGEL RODRIGUEZ DIAZ
70,La Cátedra de HUNOSA recibe un premio EnerAgen por su labor de divulgación sobre las energías renovables y la transición energética,https://portalinvestigacion.uniovi.es/investigadores/219317/detalle,TERESA DE JESUS ALONSO SANCHEZ,No especificado,,TERESA DE JESUS ALONSO SANCHEZ
70,La Cátedra de HUNOSA recibe un premio EnerAgen por su labor de divulgación sobre las energías renovables y la transición energética,https://portalinvestigacion.uniovi.es/investigadores/220120/detalle,MARIA TERESA ALONSO MORO,Sociología,"Género, Economía, Salud y Sociedad",MARIA TERESA ALONSO MORO
70,La Cátedra de HUNOSA recibe un premio EnerAgen por su labor de divulgación sobre las energías renovables y la transición energética,https://portalinvestigacion.uniovi.es/investigadores/216970/detalle,JUAN CARLOS CAMPO RODRIGUEZ,"Ingeniería Eléctrica, Electrónica, de Comunicaciones y de Sistemas (DIEECS)","Sistemas de Medidas, Almacenamiento Energético y Aplicaciones Industriales",JUAN CARLOS CAMPO RODRIGUEZ
70,La Cátedra de HUNOSA recibe un premio EnerAgen por su labor de divulgación sobre las energías renovables y la transición energética,https://portalinvestigacion.uniovi.es/investigadores/1380612/detalle,FRAN CALVO GARCIA,Psicología,Ciencia y Divulgación en Prevención y Salud Mental,FRAN CALVO GARCIA
71,El Consejo de Gobierno da luz verde al Plan de Ordenación Docente para el próximo curso académico,https://portalinvestigacion.uniovi.es/investigadores/218536/detalle,IGNACIO VILLAVERDE MENENDEZ,Derecho Público,Derechos Fundamentales y Constitución,IGNACIO VILLAVERDE MENENDEZ
71,El Consejo de Gobierno da luz verde al Plan de Ordenación Docente para el próximo curso académico,https://portalinvestigacion.uniovi.es/investigadores/217811/detalle,SUSANA LUQUE RODRIGUEZ,Química Física y Analítica,"Nanopartículas, Membranas y Bioanálisis",SUSANA LUQUE RODRIGUEZ
71,El Consejo de Gobierno da luz verde al Plan de Ordenación Docente para el próximo curso académico,https://portalinvestigacion.uniovi.es/investigadores/1010273/detalle,IRENE DIAZ MARTINEZ,Historia,Grupo de Investigación en Historia Sociocultural,IRENE DIAZ MARTINEZ
71,El Consejo de Gobierno da luz verde al Plan de Ordenación Docente para el próximo curso académico,https://portalinvestigacion.uniovi.es/investigadores/1116425/detalle,SERGIO MENENDEZ FEITO,"Ingeniería Eléctrica, Electrónica, de Comunicaciones y de Sistemas (DIEECS)",Teoría de la Señal y Comunicaciones,SERGIO MENENDEZ FEITO
71,El Consejo de Gobierno da luz verde al Plan de Ordenación Docente para el próximo curso académico,https://portalinvestigacion.uniovi.es/investigadores/216944/detalle,ANA ISABEL ALVAREZ GONZALEZ,Psicología,"Grupo de Aprendizaje Escolar, Dificultades y Rendimiento Académico",ANA ISABEL ALVAREZ GONZALEZ
71,El Consejo de Gobierno da luz verde al Plan de Ordenación Docente para el próximo curso académico,https://portalinvestigacion.uniovi.es/investigadores/216945/detalle,LUIS IGNACIO ALVAREZ GONZALEZ,Administración de Empresas,Smart Marketing Advances in Research and Theory,LUIS IGNACIO ALVAREZ GONZALEZ
71,El Consejo de Gobierno da luz verde al Plan de Ordenación Docente para el próximo curso académico,https://portalinvestigacion.uniovi.es/investigadores/217124/detalle,SUSANA IRENE DIAZ RODRIGUEZ,Estadística e Investigación Operativa y Didáctica de la Matemática,Modelización de la Incertidumbre y la Imprecisión en Teoría de la Decisión,SUSANA IRENE DIAZ RODRIGUEZ
71,El Consejo de Gobierno da luz verde al Plan de Ordenación Docente para el próximo curso académico,https://portalinvestigacion.uniovi.es/investigadores/217169/detalle,ANGEL ESPINIELLA MENENDEZ,Derecho Privado y de la Empresa,Grupo de Derecho Internacional Privado de la Universidad de Oviedo,ANGEL ESPINIELLA MENENDEZ
71,El Consejo de Gobierno da luz verde al Plan de Ordenación Docente para el próximo curso académico,https://portalinvestigacion.uniovi.es/investigadores/218955/detalle,BARBARA ALVAREZ GONZALEZ,Física,Física de Altas Energías,BARBARA ALVAREZ GONZALEZ
71,El Consejo de Gobierno da luz verde al Plan de Ordenación Docente para el próximo curso académico,https://portalinvestigacion.uniovi.es/investigadores/218412/detalle,JESUS DANIEL SANTOS RODRIGUEZ,Explotación y Prospección de Minas,Grupo de Modelización Matemática Aplicada,JESUS DANIEL SANTOS RODRIGUEZ
71,El Consejo de Gobierno da luz verde al Plan de Ordenación Docente para el próximo curso académico,https://portalinvestigacion.uniovi.es/investigadores/216870/detalle,MARIA ISABEL ALVAREZ VEGA,Derecho Privado y de la Empresa,Nuevo Derecho del Consumidor,MARIA ISABEL ALVAREZ VEGA
71,El Consejo de Gobierno da luz verde al Plan de Ordenación Docente para el próximo curso académico,https://portalinvestigacion.uniovi.es/investigadores/1095855/detalle,ENOL ALVAREZ GONZALEZ,Química Física y Analítica,Espectrometría de Masas y Análisis Biomédico,ENOL ALVAREZ GONZALEZ
71,El Consejo de Gobierno da luz verde al Plan de Ordenación Docente para el próximo curso académico,https://portalinvestigacion.uniovi.es/investigadores/216770/detalle,PEDRO ALONSO VELAZQUEZ,Estadística e Investigación Operativa y Didáctica de la Matemática,Modelización de la Incertidumbre y la Imprecisión en Teoría de la Decisión,PEDRO ALONSO VELAZQUEZ
72,"Claudia Cuesta González, del Colegio Internacional Meres, obtiene el primer premio de la XIX Olimpiada de Economía",https://portalinvestigacion.uniovi.es/investigadores/219972/detalle,SARA PRIETO GARCIA CAÑEDO,"Filología Inglesa, Francesa y Alemana","Literatura, Identidad y Traducción Cultural",SARA PRIETO GARCIA CAÑEDO
72,"Claudia Cuesta González, del Colegio Internacional Meres, obtiene el primer premio de la XIX Olimpiada de Economía",https://portalinvestigacion.uniovi.es/investigadores/1301797/detalle,JULIA GARCIA PRIETO,Física,Grupo de Nanociencia,JULIA GARCIA PRIETO
72,"Claudia Cuesta González, del Colegio Internacional Meres, obtiene el primer premio de la XIX Olimpiada de Economía",https://portalinvestigacion.uniovi.es/investigadores/1931679/detalle,MARIA DEL MAR GARCIA SUAREZ,Física,Magnetism for Health and Environment,MARIA DEL MAR GARCIA SUAREZ
72,"Claudia Cuesta González, del Colegio Internacional Meres, obtiene el primer premio de la XIX Olimpiada de Economía",https://portalinvestigacion.uniovi.es/investigadores/220164/detalle,ELENA GERVILLA GARCIA,Psicología,Grupo de Conductas Adictivas,ELENA GERVILLA GARCIA
72,"Claudia Cuesta González, del Colegio Internacional Meres, obtiene el primer premio de la XIX Olimpiada de Economía",https://portalinvestigacion.uniovi.es/investigadores/219659/detalle,ANA SUAREZ SANCHEZ,Explotación y Prospección de Minas,Grupo de Modelización Matemática Aplicada,ANA SUAREZ SANCHEZ
72,"Claudia Cuesta González, del Colegio Internacional Meres, obtiene el primer premio de la XIX Olimpiada de Economía",https://portalinvestigacion.uniovi.es/investigadores/217076/detalle,EDUARDO CUESTA GONZALEZ,Construcción e Ingeniería de Fabricación,Engineering for Precision Manufacturing,EDUARDO CUESTA GONZALEZ
72,"Claudia Cuesta González, del Colegio Internacional Meres, obtiene el primer premio de la XIX Olimpiada de Economía",https://portalinvestigacion.uniovi.es/investigadores/218602/detalle,ANA SUAREZ VAZQUEZ,Administración de Empresas,Smart Marketing Advances in Research and Theory,ANA SUAREZ VAZQUEZ
72,"Claudia Cuesta González, del Colegio Internacional Meres, obtiene el primer premio de la XIX Olimpiada de Economía",https://portalinvestigacion.uniovi.es/investigadores/217454/detalle,MARIA JOSE GARCIA SALGADO,Ciencias Jurídicas Básicas,Grupo de Investigación de Filosofía y Argumentación Jurídica,MARIA JOSE GARCIA SALGADO
72,"Claudia Cuesta González, del Colegio Internacional Meres, obtiene el primer premio de la XIX Olimpiada de Economía",https://portalinvestigacion.uniovi.es/investigadores/217467/detalle,ELENA GARCIA VEGA,Psicología,Programa de Prevención de Psicosis,ELENA GARCIA VEGA
72,"Claudia Cuesta González, del Colegio Internacional Meres, obtiene el primer premio de la XIX Olimpiada de Economía",https://portalinvestigacion.uniovi.es/investigadores/218457/detalle,ANA SUAREZ ALVAREZ,Economía Aplicada,Modelización Econométrica y Predicción,ANA SUAREZ ALVAREZ
72,"Claudia Cuesta González, del Colegio Internacional Meres, obtiene el primer premio de la XIX Olimpiada de Economía",https://portalinvestigacion.uniovi.es/investigadores/218465/detalle,ANA MARIA SUAREZ DIAZ,Biología Funcional,Investigación Básica y Traslacional en Enfermedades Inflamatorias,ANA MARIA SUAREZ DIAZ
73,El uso de la inteligencia artificial generativa centra las II Jornadas de Innovación Educativa del Grupo 9 de Universidades (G-9),https://portalinvestigacion.uniovi.es/investigadores/218536/detalle,IGNACIO VILLAVERDE MENENDEZ,Derecho Público,Derechos Fundamentales y Constitución,IGNACIO VILLAVERDE MENENDEZ
73,El uso de la inteligencia artificial generativa centra las II Jornadas de Innovación Educativa del Grupo 9 de Universidades (G-9),https://portalinvestigacion.uniovi.es/investigadores/217928/detalle,JUAN MANUEL MARCHANTE GAYON,Química Física y Analítica,Isótopos Estables Enriquecidos,JUAN MANUEL MARCHANTE GAYON
73,El uso de la inteligencia artificial generativa centra las II Jornadas de Innovación Educativa del Grupo 9 de Universidades (G-9),https://portalinvestigacion.uniovi.es/investigadores/218543/detalle,ANTONIO URBANO CONTRERAS,Ciencias de la Educación,"Grupo de Investigación sobre Intervención Educativa en el Ámbito Familiar, Escolar y Social",ANTONIO URBANO CONTRERAS
73,El uso de la inteligencia artificial generativa centra las II Jornadas de Innovación Educativa del Grupo 9 de Universidades (G-9),https://portalinvestigacion.uniovi.es/investigadores/217573/detalle,VERONICA GARCIA DIAZ,Ciencias de la Educación,"Grupo de Investigación sobre Intervención Educativa en el Ámbito Familiar, Escolar y Social",VERONICA GARCIA DIAZ
73,El uso de la inteligencia artificial generativa centra las II Jornadas de Innovación Educativa del Grupo 9 de Universidades (G-9),https://portalinvestigacion.uniovi.es/investigadores/219256/detalle,ALVARO POSTIGO GUTIERREZ,Psicología,Evaluación Psicométrica y Diseño de Investigación,ALVARO POSTIGO GUTIERREZ
74,La Universidad de Oviedo y el Ayuntamiento de Avilés celebran el 20 aniversario del Centro de Servicios,https://portalinvestigacion.uniovi.es/investigadores/218536/detalle,IGNACIO VILLAVERDE MENENDEZ,Derecho Público,Derechos Fundamentales y Constitución,IGNACIO VILLAVERDE MENENDEZ
74,La Universidad de Oviedo y el Ayuntamiento de Avilés celebran el 20 aniversario del Centro de Servicios,https://portalinvestigacion.uniovi.es/investigadores/2497783/detalle,JUAN ANTONIO DE ABOL BRASON VAZQUEZ DE PRADA,Explotación y Prospección de Minas,Grupo de Modelización Matemática Aplicada,JUAN ANTONIO DE ABOL BRASON VAZQUEZ DE PRADA
74,La Universidad de Oviedo y el Ayuntamiento de Avilés celebran el 20 aniversario del Centro de Servicios,https://portalinvestigacion.uniovi.es/investigadores/217419/detalle,SANTIAGO GARCIA GRANDA,Ciencias de la Educación,"Síntesis, Estructura y Aplicación Tecnológica de Materiales",SANTIAGO GARCIA GRANDA
74,La Universidad de Oviedo y el Ayuntamiento de Avilés celebran el 20 aniversario del Centro de Servicios,https://portalinvestigacion.uniovi.es/investigadores/2355660/detalle,JOSE MANUEL GARCIA MONTES,Psicología,Ciencia y Divulgación en Prevención y Salud Mental,JOSE MANUEL GARCIA MONTES
74,La Universidad de Oviedo y el Ayuntamiento de Avilés celebran el 20 aniversario del Centro de Servicios,https://portalinvestigacion.uniovi.es/investigadores/217800/detalle,YOLANDA LOZANO GOMEZ,Física,Física de Altas Energías,YOLANDA LOZANO GOMEZ
74,La Universidad de Oviedo y el Ayuntamiento de Avilés celebran el 20 aniversario del Centro de Servicios,https://portalinvestigacion.uniovi.es/investigadores/217958/detalle,MARIA DEL ROSARIO GONZALEZ ARIAS,Sociología,"Género, Economía, Salud y Sociedad",MARIA DEL ROSARIO GONZALEZ ARIAS
74,La Universidad de Oviedo y el Ayuntamiento de Avilés celebran el 20 aniversario del Centro de Servicios,https://portalinvestigacion.uniovi.es/investigadores/218790/detalle,JOSE GARCIA GARCIA,Estadística e Investigación Operativa y Didáctica de la Matemática,Estadística con Elementos Imprecisos Aleatorios & comparación de Distribuciones entre Elementos Aleatorios,JOSE GARCIA GARCIA
74,La Universidad de Oviedo y el Ayuntamiento de Avilés celebran el 20 aniversario del Centro de Servicios,https://portalinvestigacion.uniovi.es/investigadores/217123/detalle,ELENA DIAZ RODRIGUEZ,Biología Funcional,Investigación en Fisiopatología del Envejecimiento y la Fertilidad Femeninas,ELENA DIAZ RODRIGUEZ
74,La Universidad de Oviedo y el Ayuntamiento de Avilés celebran el 20 aniversario del Centro de Servicios,https://portalinvestigacion.uniovi.es/investigadores/217502/detalle,LUZ MAR GONZALEZ ARIAS,"Filología Inglesa, Francesa y Alemana",Humanidades Médicas y Medioambientales,LUZ MAR GONZALEZ ARIAS
74,La Universidad de Oviedo y el Ayuntamiento de Avilés celebran el 20 aniversario del Centro de Servicios,https://portalinvestigacion.uniovi.es/investigadores/218363/detalle,FERMIN RODRIGUEZ GUTIERREZ,,Centro de Cooperación y Desarrollo Territorial de la Universidad de Oviedo,FERMIN RODRIGUEZ GUTIERREZ
74,La Universidad de Oviedo y el Ayuntamiento de Avilés celebran el 20 aniversario del Centro de Servicios,https://portalinvestigacion.uniovi.es/investigadores/218069/detalle,MARIA DOLORES PALACIOS GONZALEZ,Derecho Privado y de la Empresa,Modernización del Derecho de Familia,MARIA DOLORES PALACIOS GONZALEZ
74,La Universidad de Oviedo y el Ayuntamiento de Avilés celebran el 20 aniversario del Centro de Servicios,https://portalinvestigacion.uniovi.es/investigadores/217416/detalle,JUAN JOSE GARCIA GONZALEZ,Filología Clásica y Románica,Grupo de Investigación en Estudios Clásicos,JUAN JOSE GARCIA GONZALEZ
74,La Universidad de Oviedo y el Ayuntamiento de Avilés celebran el 20 aniversario del Centro de Servicios,https://portalinvestigacion.uniovi.es/investigadores/217454/detalle,MARIA JOSE GARCIA SALGADO,Ciencias Jurídicas Básicas,Grupo de Investigación de Filosofía y Argumentación Jurídica,MARIA JOSE GARCIA SALGADO
74,La Universidad de Oviedo y el Ayuntamiento de Avilés celebran el 20 aniversario del Centro de Servicios,https://portalinvestigacion.uniovi.es/investigadores/217888/detalle,RODOLFO GUTIERREZ PALACIOS,Sociología,Promoviendo el Empleo y el Bienestar en Europa,RODOLFO GUTIERREZ PALACIOS
74,La Universidad de Oviedo y el Ayuntamiento de Avilés celebran el 20 aniversario del Centro de Servicios,https://portalinvestigacion.uniovi.es/investigadores/219153/detalle,JOSE LUIS GARCIA SUAREZ,,Centro de Cooperación y Desarrollo Territorial de la Universidad de Oviedo,JOSE LUIS GARCIA SUAREZ
74,La Universidad de Oviedo y el Ayuntamiento de Avilés celebran el 20 aniversario del Centro de Servicios,https://portalinvestigacion.uniovi.es/investigadores/217437/detalle,PAULINO JOSE GARCIA NIETO,Construcción e Ingeniería de Fabricación,"Grupo de Investigación en Construcción Sostenible, Simulación y Ensayo",PAULINO JOSE GARCIA NIETO
74,La Universidad de Oviedo y el Ayuntamiento de Avilés celebran el 20 aniversario del Centro de Servicios,https://portalinvestigacion.uniovi.es/investigadores/217577/detalle,JOSE GARCIA FANJUL,Informática,Grupo de Investigación en Ingeniería del Software,JOSE GARCIA FANJUL
74,La Universidad de Oviedo y el Ayuntamiento de Avilés celebran el 20 aniversario del Centro de Servicios,https://portalinvestigacion.uniovi.es/investigadores/217342/detalle,MARIA DEL MAR GONZALEZ CHACON,"Filología Inglesa, Francesa y Alemana","Literatura, Identidad y Traducción Cultural",MARIA DEL MAR GONZALEZ CHACON
74,La Universidad de Oviedo y el Ayuntamiento de Avilés celebran el 20 aniversario del Centro de Servicios,https://portalinvestigacion.uniovi.es/investigadores/216765/detalle,MARIA ROSARIO ALONSO IBAÑEZ,Derecho Público,Grupo de Estudios Jurídico-sociales sobre Territorio y Desarrollo Urbano Sostenible,MARIA ROSARIO ALONSO IBAÑEZ
74,La Universidad de Oviedo y el Ayuntamiento de Avilés celebran el 20 aniversario del Centro de Servicios,https://portalinvestigacion.uniovi.es/investigadores/217580/detalle,JOSE GARCIA FERNANDEZ,Filología Clásica y Románica,Voces Femeninas en la Literatura y la Cultura Europeas,JOSE GARCIA FERNANDEZ
74,La Universidad de Oviedo y el Ayuntamiento de Avilés celebran el 20 aniversario del Centro de Servicios,https://portalinvestigacion.uniovi.es/investigadores/218461/detalle,MARIA JOSE SUAREZ-CABAL,Informática,Grupo de Investigación en Ingeniería del Software,MARIA JOSE SUAREZ-CABAL
74,La Universidad de Oviedo y el Ayuntamiento de Avilés celebran el 20 aniversario del Centro de Servicios,https://portalinvestigacion.uniovi.es/investigadores/217949/detalle,RUBEN MARTIN PAYO,Medicina,"Entorno, Conductas y Salud",RUBEN MARTIN PAYO
74,La Universidad de Oviedo y el Ayuntamiento de Avilés celebran el 20 aniversario del Centro de Servicios,https://portalinvestigacion.uniovi.es/investigadores/217546/detalle,JOSE IGNACIO GARCIA ALONSO,Química Física y Analítica,Isótopos Estables Enriquecidos,JOSE IGNACIO GARCIA ALONSO
75,La Universidad de Oviedo y HUNOSA refuerzan su colaboración para impulsar la investigación y la formación en procesamiento de minerales,https://portalinvestigacion.uniovi.es/investigadores/218536/detalle,IGNACIO VILLAVERDE MENENDEZ,Derecho Público,Derechos Fundamentales y Constitución,IGNACIO VILLAVERDE MENENDEZ
76,La Universidad de Oviedo y Universal Plastic firman un convenio para impulsar la innovación tecnológica aplicada a los océanos,https://portalinvestigacion.uniovi.es/investigadores/217449/detalle,JORGE GARCIA RODRIGUEZ,No especificado,,JORGE GARCIA RODRIGUEZ
76,La Universidad de Oviedo y Universal Plastic firman un convenio para impulsar la innovación tecnológica aplicada a los océanos,https://portalinvestigacion.uniovi.es/investigadores/1205486/detalle,JORGE GARCIA PIQUERAS,Morfología y Biología Celular,Sistema Nervioso Periférico y Órganos de los Sentidos,JORGE GARCIA PIQUERAS
76,La Universidad de Oviedo y Universal Plastic firman un convenio para impulsar la innovación tecnológica aplicada a los océanos,https://portalinvestigacion.uniovi.es/investigadores/218536/detalle,IGNACIO VILLAVERDE MENENDEZ,Derecho Público,Derechos Fundamentales y Constitución,IGNACIO VILLAVERDE MENENDEZ
76,La Universidad de Oviedo y Universal Plastic firman un convenio para impulsar la innovación tecnológica aplicada a los océanos,https://portalinvestigacion.uniovi.es/investigadores/219148/detalle,JORGE GARCIA GARCIA,"Ingeniería Eléctrica, Electrónica, de Comunicaciones y de Sistemas (DIEECS)",Laboratory for Electrical Energy Management Unified Research,JORGE GARCIA GARCIA
77,La banda metal Midriasis se impone en la final del VII Certamen Musical de la Universidad de Oviedo,https://portalinvestigacion.uniovi.es/investigadores/217753/detalle,LAUDINO LOPEZ ALVAREZ,Psicología,Intervención en Psicología Clínica y de la Salud,LAUDINO LOPEZ ALVAREZ
77,La banda metal Midriasis se impone en la final del VII Certamen Musical de la Universidad de Oviedo,https://portalinvestigacion.uniovi.es/investigadores/218786/detalle,MARIA GARCIA FERNANDEZ,"Ingeniería Eléctrica, Electrónica, de Comunicaciones y de Sistemas (DIEECS)",Teoría de la Señal y Comunicaciones,MARIA GARCIA FERNANDEZ
77,La banda metal Midriasis se impone en la final del VII Certamen Musical de la Universidad de Oviedo,https://portalinvestigacion.uniovi.es/investigadores/217409/detalle,MARIA SERAFINA GARCIA GARCIA,Filología Española,Lingüística Funcional del Español,MARIA SERAFINA GARCIA GARCIA
77,La banda metal Midriasis se impone en la final del VII Certamen Musical de la Universidad de Oviedo,https://portalinvestigacion.uniovi.es/investigadores/1095900/detalle,MARIA ISABEL GARCIA PEREZ,Filología Clásica y Románica,Voces Femeninas en la Literatura y la Cultura Europeas,MARIA ISABEL GARCIA PEREZ
77,La banda metal Midriasis se impone en la final del VII Certamen Musical de la Universidad de Oviedo,https://portalinvestigacion.uniovi.es/investigadores/217547/detalle,MARIA LORENA GARCIA ALONSO,Economía Aplicada,Laboratorio de Análisis Económico Regional,MARIA LORENA GARCIA ALONSO
77,La banda metal Midriasis se impone en la final del VII Certamen Musical de la Universidad de Oviedo,https://portalinvestigacion.uniovi.es/investigadores/217444/detalle,MARIA ANTONIA GARCIA PRIETO,Construcción e Ingeniería de Fabricación,Integridad Estructural: Materiales y Estructuras,MARIA ANTONIA GARCIA PRIETO
77,La banda metal Midriasis se impone en la final del VII Certamen Musical de la Universidad de Oviedo,https://portalinvestigacion.uniovi.es/investigadores/218679/detalle,ALVARO RUBIO ORDOÑEZ,Geología,Geofísica y Tectónica,ALVARO RUBIO ORDOÑEZ
77,La banda metal Midriasis se impone en la final del VII Certamen Musical de la Universidad de Oviedo,https://portalinvestigacion.uniovi.es/investigadores/217464/detalle,MARIA DE LOS ANGELES GARCIA VALIÑAS,Economía,Gestión Pública,MARIA DE LOS ANGELES GARCIA VALIÑAS
77,La banda metal Midriasis se impone en la final del VII Certamen Musical de la Universidad de Oviedo,https://portalinvestigacion.uniovi.es/investigadores/1931679/detalle,MARIA DEL MAR GARCIA SUAREZ,Física,Magnetism for Health and Environment,MARIA DEL MAR GARCIA SUAREZ
77,La banda metal Midriasis se impone en la final del VII Certamen Musical de la Universidad de Oviedo,https://portalinvestigacion.uniovi.es/investigadores/217454/detalle,MARIA JOSE GARCIA SALGADO,Ciencias Jurídicas Básicas,Grupo de Investigación de Filosofía y Argumentación Jurídica,MARIA JOSE GARCIA SALGADO
77,La banda metal Midriasis se impone en la final del VII Certamen Musical de la Universidad de Oviedo,https://portalinvestigacion.uniovi.es/investigadores/217576/detalle,MARIA ISABEL GARCIA ESPEJO,Sociología,Grupo de Investigación en Sociología de la Alimentación,MARIA ISABEL GARCIA ESPEJO
77,La banda metal Midriasis se impone en la final del VII Certamen Musical de la Universidad de Oviedo,https://portalinvestigacion.uniovi.es/investigadores/217407/detalle,MARIA ANGELES GARCIA GARCIA,No especificado,,MARIA ANGELES GARCIA GARCIA
78,Un artículo sobre el uso del término bullying en castellano y un poema de Ángel González abren los exámenes de la PAU en Asturias,https://portalinvestigacion.uniovi.es/investigadores/217775/detalle,ALFONSO JOAQUIN LOPEZ MUÑIZ,Morfología y Biología Celular,Sistema Nervioso Periférico y Órganos de los Sentidos,ALFONSO JOAQUIN LOPEZ MUÑIZ
78,Un artículo sobre el uso del término bullying en castellano y un poema de Ángel González abren los exámenes de la PAU en Asturias,https://portalinvestigacion.uniovi.es/investigadores/219143/detalle,MIGUEL ANGEL GONZALEZ FERNANDEZ,Informática,Grupo de Investigación en Optimización y Scheduling Inteligentes,MIGUEL ANGEL GONZALEZ FERNANDEZ
78,Un artículo sobre el uso del término bullying en castellano y un poema de Ángel González abren los exámenes de la PAU en Asturias,https://portalinvestigacion.uniovi.es/investigadores/220173/detalle,SANTIAGO ALFONSO LOPEZ NAVIA,Filología Española,Grupo de Estudios Cervantinos,SANTIAGO ALFONSO LOPEZ NAVIA
79,Una investigación de la Universidad de Oviedo analiza el potencial de la música para reducir el estrés en pacientes críticos,https://portalinvestigacion.uniovi.es/investigadores/217019/detalle,MARIA DEL MAR FERNANDEZ ALVAREZ,Medicina,"Entorno, Conductas y Salud",MARIA DEL MAR FERNANDEZ ALVAREZ
79,Una investigación de la Universidad de Oviedo analiza el potencial de la música para reducir el estrés en pacientes críticos,https://portalinvestigacion.uniovi.es/investigadores/1116426/detalle,JOSE ANTONIO FERNANDEZ ALVAREZ,"Ingeniería Eléctrica, Electrónica, de Comunicaciones y de Sistemas (DIEECS)",Sistemas Electrónicos de Alimentación,JOSE ANTONIO FERNANDEZ ALVAREZ
79,Una investigación de la Universidad de Oviedo analiza el potencial de la música para reducir el estrés en pacientes críticos,https://portalinvestigacion.uniovi.es/investigadores/217867/detalle,MARIA DEL PILAR MOSTEIRO DIAZ,No especificado,,MARIA DEL PILAR MOSTEIRO DIAZ
79,Una investigación de la Universidad de Oviedo analiza el potencial de la música para reducir el estrés en pacientes críticos,https://portalinvestigacion.uniovi.es/investigadores/217637/detalle,SUSANA DEL CARMEN FERNANDEZ MENENDEZ,No especificado,,SUSANA DEL CARMEN FERNANDEZ MENENDEZ
79,Una investigación de la Universidad de Oviedo analiza el potencial de la música para reducir el estrés en pacientes críticos,https://portalinvestigacion.uniovi.es/investigadores/217020/detalle,PEDRO FERNANDEZ ALVAREZ,Construcción e Ingeniería de Fabricación,Engineering for Precision Manufacturing,PEDRO FERNANDEZ ALVAREZ
79,Una investigación de la Universidad de Oviedo analiza el potencial de la música para reducir el estrés en pacientes críticos,https://portalinvestigacion.uniovi.es/investigadores/1301703/detalle,AITOR NICOLAS FERNANDEZ ALVAREZ,No especificado,,AITOR NICOLAS FERNANDEZ ALVAREZ
79,Una investigación de la Universidad de Oviedo analiza el potencial de la música para reducir el estrés en pacientes críticos,https://portalinvestigacion.uniovi.es/investigadores/217047/detalle,CARMEN MARIA FERNANDEZ GARCIA,Ciencias de la Educación,Grupo de Análisis Sociológico y Cultural de los Procesos Escolares y Educativos,CARMEN MARIA FERNANDEZ GARCIA
79,Una investigación de la Universidad de Oviedo analiza el potencial de la música para reducir el estrés en pacientes críticos,https://portalinvestigacion.uniovi.es/investigadores/219680/detalle,DANIEL FERNANDEZ ALVAREZ,Informática,Web Semántica Oviedo,DANIEL FERNANDEZ ALVAREZ
79,Una investigación de la Universidad de Oviedo analiza el potencial de la música para reducir el estrés en pacientes críticos,https://portalinvestigacion.uniovi.es/investigadores/217017/detalle,JOSE PAULINO FERNANDEZ ALVAREZ,,Materials-pro,JOSE PAULINO FERNANDEZ ALVAREZ
79,Una investigación de la Universidad de Oviedo analiza el potencial de la música para reducir el estrés en pacientes críticos,https://portalinvestigacion.uniovi.es/investigadores/217016/detalle,ALBERTO MANUEL FERNANDEZ ALVAREZ,Informática,Computational Reflection Research Group,ALBERTO MANUEL FERNANDEZ ALVAREZ
79,Una investigación de la Universidad de Oviedo analiza el potencial de la música para reducir el estrés en pacientes críticos,https://portalinvestigacion.uniovi.es/investigadores/2353797/detalle,ENOL ALVAREZ FERNANDEZ,Derecho Privado y de la Empresa,Grupo de Investigación en Derecho Social de la Universidad de Oviedo,ENOL ALVAREZ FERNANDEZ
80,"Javier Fernández Teruelo, reelegido presidente de la Conferencia de Decanas y Decanos de Facultades de Derecho de España",https://portalinvestigacion.uniovi.es/investigadores/219959/detalle,JAVIER FERNANDEZ GONZALEZ,,Materials-pro,JAVIER FERNANDEZ GONZALEZ
80,"Javier Fernández Teruelo, reelegido presidente de la Conferencia de Decanas y Decanos de Facultades de Derecho de España",https://portalinvestigacion.uniovi.es/investigadores/218879/detalle,LUIS JAVIER FERNANDEZ MENENDEZ,Física,"Grupo de Espectroscopia, Láseres y Plasmas",LUIS JAVIER FERNANDEZ MENENDEZ
80,"Javier Fernández Teruelo, reelegido presidente de la Conferencia de Decanas y Decanos de Facultades de Derecho de España",https://portalinvestigacion.uniovi.es/investigadores/219035/detalle,JAVIER FERNANDEZ REYNES,Química Orgánica e Inorgánica,Química de Moléculas y Macromoléculas Inorgánicas,JAVIER FERNANDEZ REYNES
80,"Javier Fernández Teruelo, reelegido presidente de la Conferencia de Decanas y Decanos de Facultades de Derecho de España",https://portalinvestigacion.uniovi.es/investigadores/217503/detalle,FRANCISCO JAVIER FERNANDEZ RIO,Ciencias de la Educación,"Educación, Actividad Física, Deporte y Salud",FRANCISCO JAVIER FERNANDEZ RIO
80,"Javier Fernández Teruelo, reelegido presidente de la Conferencia de Decanas y Decanos de Facultades de Derecho de España",https://portalinvestigacion.uniovi.es/investigadores/217636/detalle,JAVIER FERNANDEZ MENENDEZ,Física,Física de Altas Energías,JAVIER FERNANDEZ MENENDEZ
80,"Javier Fernández Teruelo, reelegido presidente de la Conferencia de Decanas y Decanos de Facultades de Derecho de España",https://portalinvestigacion.uniovi.es/investigadores/218865/detalle,JAVIER FERNANDEZ FERNANDEZ,,Biotecnología de Nutracéuticos y Compuestos Bioactivos,JAVIER FERNANDEZ FERNANDEZ
80,"Javier Fernández Teruelo, reelegido presidente de la Conferencia de Decanas y Decanos de Facultades de Derecho de España",https://portalinvestigacion.uniovi.es/investigadores/218878/detalle,JAVIER FERNANDEZ MATEOS,Bioquímica y Biología Molecular,"Genomas, Cáncer y Envejecimiento",JAVIER FERNANDEZ MATEOS
80,"Javier Fernández Teruelo, reelegido presidente de la Conferencia de Decanas y Decanos de Facultades de Derecho de España",https://portalinvestigacion.uniovi.es/investigadores/217049/detalle,FRANCISCO JAVIER FERNANDEZ GARCIA,No especificado,,FRANCISCO JAVIER FERNANDEZ GARCIA
81,Crue - Secretarías Generales aborda los principales retos normativos en la Universidad de La Laguna,https://portalinvestigacion.uniovi.es/investigadores/217553/detalle,JAVIER GARCIA AMEZ,Ciencias Jurídicas Básicas,Grupo de Investigación de Ciencias Penales y Criminologicas,JAVIER GARCIA AMEZ
81,Crue - Secretarías Generales aborda los principales retos normativos en la Universidad de La Laguna,https://portalinvestigacion.uniovi.es/investigadores/218536/detalle,IGNACIO VILLAVERDE MENENDEZ,Derecho Público,Derechos Fundamentales y Constitución,IGNACIO VILLAVERDE MENENDEZ
81,Crue - Secretarías Generales aborda los principales retos normativos en la Universidad de La Laguna,https://portalinvestigacion.uniovi.es/investigadores/217782/detalle,CARLOS ANTONIO LOPEZ SANCHEZ,Biología de Organismos y Sistemas,Gestión Inteligente de Bosques,CARLOS ANTONIO LOPEZ SANCHEZ
81,Crue - Secretarías Generales aborda los principales retos normativos en la Universidad de La Laguna,https://portalinvestigacion.uniovi.es/investigadores/219511/detalle,NICOLAS RODRIGUEZ GARCIA,Ciencias Jurídicas Básicas,"Estudios de Derecho Procesal (España, Europa e Iberoamérica)",NICOLAS RODRIGUEZ GARCIA
81,Crue - Secretarías Generales aborda los principales retos normativos en la Universidad de La Laguna,https://portalinvestigacion.uniovi.es/investigadores/217410/detalle,RAQUEL GARCIA GARCIA,Administración de Empresas,Grupo de Estrategias de Crecimiento e Internacionalización,RAQUEL GARCIA GARCIA
81,Crue - Secretarías Generales aborda los principales retos normativos en la Universidad de La Laguna,https://portalinvestigacion.uniovi.es/investigadores/217405/detalle,DANIEL GARCIA GARCIA,Biología de Organismos y Sistemas,Laboratorio de Biodiversidad y Servicios de los Ecosistemas,DANIEL GARCIA GARCIA
81,Crue - Secretarías Generales aborda los principales retos normativos en la Universidad de La Laguna,https://portalinvestigacion.uniovi.es/investigadores/218356/detalle,JOSE IGNACIO RODRIGUEZ GARCIA,No especificado,,JOSE IGNACIO RODRIGUEZ GARCIA
81,Crue - Secretarías Generales aborda los principales retos normativos en la Universidad de La Laguna,https://portalinvestigacion.uniovi.es/investigadores/219152/detalle,MARTA SOLEDAD GARCIA RODRIGUEZ,Ciencias de la Educación,Teaching and Curriculum Group,MARTA SOLEDAD GARCIA RODRIGUEZ
81,Crue - Secretarías Generales aborda los principales retos normativos en la Universidad de La Laguna,https://portalinvestigacion.uniovi.es/investigadores/217429/detalle,JAVIER GARCIA MARTINEZ,,Autogestión de Sistemas Informáticos | Ingeniería de Computadores,JAVIER GARCIA MARTINEZ
81,Crue - Secretarías Generales aborda los principales retos normativos en la Universidad de La Laguna,https://portalinvestigacion.uniovi.es/investigadores/217756/detalle,JOSE ANTONIO LOPEZ CEREZO,Filosofía,Grupo de Investigación de Estudios Sociales de la Ciencia,JOSE ANTONIO LOPEZ CEREZO
81,Crue - Secretarías Generales aborda los principales retos normativos en la Universidad de La Laguna,https://portalinvestigacion.uniovi.es/investigadores/218790/detalle,JOSE GARCIA GARCIA,Estadística e Investigación Operativa y Didáctica de la Matemática,Estadística con Elementos Imprecisos Aleatorios & comparación de Distribuciones entre Elementos Aleatorios,JOSE GARCIA GARCIA
81,Crue - Secretarías Generales aborda los principales retos normativos en la Universidad de La Laguna,https://portalinvestigacion.uniovi.es/investigadores/219166/detalle,JAVIER GARCIA FERNANDEZ,Física,Magnetismo de Materiales y Nanomateriales,JAVIER GARCIA FERNANDEZ
81,Crue - Secretarías Generales aborda los principales retos normativos en la Universidad de La Laguna,https://portalinvestigacion.uniovi.es/investigadores/217758/detalle,MARIA CONCEPCION LOPEZ DIAZ,Matemáticas,"Grupo de Investigación en Algebra, Codificación y Criptografía",MARIA CONCEPCION LOPEZ DIAZ
81,Crue - Secretarías Generales aborda los principales retos normativos en la Universidad de La Laguna,https://portalinvestigacion.uniovi.es/investigadores/217407/detalle,MARIA ANGELES GARCIA GARCIA,No especificado,,MARIA ANGELES GARCIA GARCIA
81,Crue - Secretarías Generales aborda los principales retos normativos en la Universidad de La Laguna,https://portalinvestigacion.uniovi.es/investigadores/217780/detalle,ANTONIO MIGUEL LOPEZ RODRIGUEZ,"Ingeniería Eléctrica, Electrónica, de Comunicaciones y de Sistemas (DIEECS)",Sistemas Multisensor y Robótica,ANTONIO MIGUEL LOPEZ RODRIGUEZ
81,Crue - Secretarías Generales aborda los principales retos normativos en la Universidad de La Laguna,https://portalinvestigacion.uniovi.es/investigadores/217644/detalle,FRANCISCO JAVIER IGLESIAS RODRIGUEZ,Explotación y Prospección de Minas,Grupo de Modelización Matemática Aplicada,FRANCISCO JAVIER IGLESIAS RODRIGUEZ
81,Crue - Secretarías Generales aborda los principales retos normativos en la Universidad de La Laguna,https://portalinvestigacion.uniovi.es/investigadores/217409/detalle,MARIA SERAFINA GARCIA GARCIA,Filología Española,Lingüística Funcional del Español,MARIA SERAFINA GARCIA GARCIA
81,Crue - Secretarías Generales aborda los principales retos normativos en la Universidad de La Laguna,https://portalinvestigacion.uniovi.es/investigadores/217459/detalle,MARCO ANTONIO GARCIA TAMARGO,Economía Cuantitativa,Grupo de Decisión Multicriterio Universidad de Oviedo,MARCO ANTONIO GARCIA TAMARGO
81,Crue - Secretarías Generales aborda los principales retos normativos en la Universidad de La Laguna,https://portalinvestigacion.uniovi.es/investigadores/217404/detalle,BEATRIZ GARCIA GARCIA,Matemáticas,"Grupo de Investigación en Algebra, Codificación y Criptografía",BEATRIZ GARCIA GARCIA
81,Crue - Secretarías Generales aborda los principales retos normativos en la Universidad de La Laguna,https://portalinvestigacion.uniovi.es/investigadores/217425/detalle,JAVIER GARCIA LUENGO,Derecho Público,Derecho Administrativo,JAVIER GARCIA LUENGO
81,Crue - Secretarías Generales aborda los principales retos normativos en la Universidad de La Laguna,https://portalinvestigacion.uniovi.es/investigadores/217451/detalle,MIGUEL GARCIA RODRIGUEZ,Informática,Computational Reflection Research Group,MIGUEL GARCIA RODRIGUEZ
81,Crue - Secretarías Generales aborda los principales retos normativos en la Universidad de La Laguna,https://portalinvestigacion.uniovi.es/investigadores/217449/detalle,JORGE GARCIA RODRIGUEZ,No especificado,,JORGE GARCIA RODRIGUEZ
81,Crue - Secretarías Generales aborda los principales retos normativos en la Universidad de La Laguna,https://portalinvestigacion.uniovi.es/investigadores/219148/detalle,JORGE GARCIA GARCIA,"Ingeniería Eléctrica, Electrónica, de Comunicaciones y de Sistemas (DIEECS)",Laboratory for Electrical Energy Management Unified Research,JORGE GARCIA GARCIA
81,Crue - Secretarías Generales aborda los principales retos normativos en la Universidad de La Laguna,https://portalinvestigacion.uniovi.es/investigadores/219825/detalle,ROBERTO GARCIA GARCIA,Construcción e Ingeniería de Fabricación,Integridad Estructural: Materiales y Estructuras,ROBERTO GARCIA GARCIA
81,Crue - Secretarías Generales aborda los principales retos normativos en la Universidad de La Laguna,https://portalinvestigacion.uniovi.es/investigadores/219675/detalle,ISMAEL GARCIA GARCIA,Construcción e Ingeniería de Fabricación,Tecnología y Sostenibilidad en la Construcción con Acero y Hormigón (TESCAH),ISMAEL GARCIA GARCIA
81,Crue - Secretarías Generales aborda los principales retos normativos en la Universidad de La Laguna,https://portalinvestigacion.uniovi.es/investigadores/217452/detalle,NURIA GARCIA RODRIGUEZ,Administración de Empresas,Smart Marketing Advances in Research and Theory,NURIA GARCIA RODRIGUEZ
82,Un total de 5.157 estudiantes se examinan de la PAU en Asturias la próxima semana,https://portalinvestigacion.uniovi.es/investigadores/217775/detalle,ALFONSO JOAQUIN LOPEZ MUÑIZ,Morfología y Biología Celular,Sistema Nervioso Periférico y Órganos de los Sentidos,ALFONSO JOAQUIN LOPEZ MUÑIZ
82,Un total de 5.157 estudiantes se examinan de la PAU en Asturias la próxima semana,https://portalinvestigacion.uniovi.es/investigadores/220173/detalle,SANTIAGO ALFONSO LOPEZ NAVIA,Filología Española,Grupo de Estudios Cervantinos,SANTIAGO ALFONSO LOPEZ NAVIA
84,La Universidad de Oviedo lidera un proyecto nacional para evaluar el impacto de contaminantes emergentes en los ecosistemas marinos,https://portalinvestigacion.uniovi.es/investigadores/217465/detalle,EVA GARCIA VAZQUEZ,Biología de Organismos y Sistemas,Aula de Investigación sobre Recursos Naturales,EVA GARCIA VAZQUEZ
84,La Universidad de Oviedo lidera un proyecto nacional para evaluar el impacto de contaminantes emergentes en los ecosistemas marinos,https://portalinvestigacion.uniovi.es/investigadores/216842/detalle,YAISEL JUAN BORRELL PICHS,Biología de Organismos y Sistemas,Aula de Investigación sobre Recursos Naturales,YAISEL JUAN BORRELL PICHS
84,La Universidad de Oviedo lidera un proyecto nacional para evaluar el impacto de contaminantes emergentes en los ecosistemas marinos,https://portalinvestigacion.uniovi.es/investigadores/2370664/detalle,SARA FERNANDEZ GARCIA,No especificado,,SARA FERNANDEZ GARCIA
84,La Universidad de Oviedo lidera un proyecto nacional para evaluar el impacto de contaminantes emergentes en los ecosistemas marinos,https://portalinvestigacion.uniovi.es/investigadores/218448/detalle,JAIME SOLIS MARTINEZ,Informática,Ingeniería Dirigida por Modelos,JAIME SOLIS MARTINEZ
84,La Universidad de Oviedo lidera un proyecto nacional para evaluar el impacto de contaminantes emergentes en los ecosistemas marinos,https://portalinvestigacion.uniovi.es/investigadores/218727/detalle,LAURA MARTINEZ CAÑAMERO,Psicología,"Grupo de Aprendizaje Escolar, Dificultades y Rendimiento Académico",LAURA MARTINEZ CAÑAMERO
84,La Universidad de Oviedo lidera un proyecto nacional para evaluar el impacto de contaminantes emergentes en los ecosistemas marinos,https://portalinvestigacion.uniovi.es/investigadores/218138/detalle,MARIA TRINIDAD PEREZ MENDEZ,Biología de Organismos y Sistemas,Aula de Investigación sobre Recursos Naturales,MARIA TRINIDAD PEREZ MENDEZ
84,La Universidad de Oviedo lidera un proyecto nacional para evaluar el impacto de contaminantes emergentes en los ecosistemas marinos,https://portalinvestigacion.uniovi.es/investigadores/219703/detalle,LAURA MIRALLES LOPEZ,No especificado,,LAURA MIRALLES LOPEZ
84,La Universidad de Oviedo lidera un proyecto nacional para evaluar el impacto de contaminantes emergentes en los ecosistemas marinos,https://portalinvestigacion.uniovi.es/investigadores/218867/detalle,SARA FERNANDEZ FERNANDEZ,No especificado,,SARA FERNANDEZ FERNANDEZ
84,La Universidad de Oviedo lidera un proyecto nacional para evaluar el impacto de contaminantes emergentes en los ecosistemas marinos,https://portalinvestigacion.uniovi.es/investigadores/219968/detalle,LAURA MARTINEZ ARIAS,Medicina,"Metabolismo Óseo, Vascular, Enfermedades Inflamatorias Crónicas y Biomarcadores",LAURA MARTINEZ ARIAS
85,La Universidad de Oviedo lanza una campaña divulgativa en vídeo sobre el eclipse total de Sol con investigadores del ICTEA,https://portalinvestigacion.uniovi.es/investigadores/2355302/detalle,NOEMI PINILLA ALONSO,Explotación y Prospección de Minas,Grupo de Modelización Matemática Aplicada,NOEMI PINILLA ALONSO
85,La Universidad de Oviedo lanza una campaña divulgativa en vídeo sobre el eclipse total de Sol con investigadores del ICTEA,https://portalinvestigacion.uniovi.es/investigadores/217133/detalle,ENRIQUE DIEZ ALONSO,Explotación y Prospección de Minas,Grupo de Modelización Matemática Aplicada,ENRIQUE DIEZ ALONSO
85,La Universidad de Oviedo lanza una campaña divulgativa en vídeo sobre el eclipse total de Sol con investigadores del ICTEA,https://portalinvestigacion.uniovi.es/investigadores/216849/detalle,DANIEL ALVAREZ MANTARAS,No especificado,,DANIEL ALVAREZ MANTARAS
85,La Universidad de Oviedo lanza una campaña divulgativa en vídeo sobre el eclipse total de Sol con investigadores del ICTEA,https://portalinvestigacion.uniovi.es/investigadores/217196/detalle,FRANCISCO JAVIER DE COS JUEZ,Explotación y Prospección de Minas,Grupo de Modelización Matemática Aplicada,FRANCISCO JAVIER DE COS JUEZ
86,La Universidad de Oviedo y Gonvarri Metal Structures R&D crean una cátedra conjunta para impulsar la innovación y la transformación industrial en Asturias,https://portalinvestigacion.uniovi.es/investigadores/219653/detalle,RUBEN USAMENTIAGA FERNANDEZ,,Autogestión de Sistemas Informáticos | Ingeniería de Computadores,RUBEN USAMENTIAGA FERNANDEZ
86,La Universidad de Oviedo y Gonvarri Metal Structures R&D crean una cátedra conjunta para impulsar la innovación y la transformación industrial en Asturias,https://portalinvestigacion.uniovi.es/investigadores/218536/detalle,IGNACIO VILLAVERDE MENENDEZ,Derecho Público,Derechos Fundamentales y Constitución,IGNACIO VILLAVERDE MENENDEZ
87,"La Universidad de Oviedo inviste como doctora ‘Honoris Causa’ a la científica francesa Emmanuelle Charpentier, Premio Nobel de Química en 2020",https://portalinvestigacion.uniovi.es/investigadores/217882/detalle,ANA YOLANDA GUTIERREZ FERNANDEZ,Bioquímica y Biología Molecular,"Genomas, Cáncer y Envejecimiento",ANA YOLANDA GUTIERREZ FERNANDEZ
87,"La Universidad de Oviedo inviste como doctora ‘Honoris Causa’ a la científica francesa Emmanuelle Charpentier, Premio Nobel de Química en 2020",https://portalinvestigacion.uniovi.es/investigadores/218536/detalle,IGNACIO VILLAVERDE MENENDEZ,Derecho Público,Derechos Fundamentales y Constitución,IGNACIO VILLAVERDE MENENDEZ
87,"La Universidad de Oviedo inviste como doctora ‘Honoris Causa’ a la científica francesa Emmanuelle Charpentier, Premio Nobel de Química en 2020",https://portalinvestigacion.uniovi.es/investigadores/2497783/detalle,JUAN ANTONIO DE ABOL BRASON VAZQUEZ DE PRADA,Explotación y Prospección de Minas,Grupo de Modelización Matemática Aplicada,JUAN ANTONIO DE ABOL BRASON VAZQUEZ DE PRADA
87,"La Universidad de Oviedo inviste como doctora ‘Honoris Causa’ a la científica francesa Emmanuelle Charpentier, Premio Nobel de Química en 2020",https://portalinvestigacion.uniovi.es/investigadores/217419/detalle,SANTIAGO GARCIA GRANDA,Ciencias de la Educación,"Síntesis, Estructura y Aplicación Tecnológica de Materiales",SANTIAGO GARCIA GRANDA
87,"La Universidad de Oviedo inviste como doctora ‘Honoris Causa’ a la científica francesa Emmanuelle Charpentier, Premio Nobel de Química en 2020",https://portalinvestigacion.uniovi.es/investigadores/217981/detalle,VICENTE GOTOR FERNANDEZ,Química Orgánica e Inorgánica,Grupo de Química Bioorgánica,VICENTE GOTOR FERNANDEZ
87,"La Universidad de Oviedo inviste como doctora ‘Honoris Causa’ a la científica francesa Emmanuelle Charpentier, Premio Nobel de Química en 2020",https://portalinvestigacion.uniovi.es/investigadores/217359/detalle,CRISTINA GONZALEZ GAGO,Física,"Grupo de Espectroscopia, Láseres y Plasmas",CRISTINA GONZALEZ GAGO
87,"La Universidad de Oviedo inviste como doctora ‘Honoris Causa’ a la científica francesa Emmanuelle Charpentier, Premio Nobel de Química en 2020",https://portalinvestigacion.uniovi.es/investigadores/2355397/detalle,ANA GEMMA GUTIERREZ GE,Filología Española,Lingüística Funcional del Español,ANA GEMMA GUTIERREZ GE
88,La Universidad de León acoge la cumbre nacional de decanos y decanas de facultades de Derecho para abordar la IA y el futuro de la docencia jurídica,https://portalinvestigacion.uniovi.es/investigadores/219959/detalle,JAVIER FERNANDEZ GONZALEZ,,Materials-pro,JAVIER FERNANDEZ GONZALEZ
88,La Universidad de León acoge la cumbre nacional de decanos y decanas de facultades de Derecho para abordar la IA y el futuro de la docencia jurídica,https://portalinvestigacion.uniovi.es/investigadores/218461/detalle,MARIA JOSE SUAREZ-CABAL,Informática,Grupo de Investigación en Ingeniería del Software,MARIA JOSE SUAREZ-CABAL
88,La Universidad de León acoge la cumbre nacional de decanos y decanas de facultades de Derecho para abordar la IA y el futuro de la docencia jurídica,https://portalinvestigacion.uniovi.es/investigadores/218879/detalle,LUIS JAVIER FERNANDEZ MENENDEZ,Física,"Grupo de Espectroscopia, Láseres y Plasmas",LUIS JAVIER FERNANDEZ MENENDEZ
88,La Universidad de León acoge la cumbre nacional de decanos y decanas de facultades de Derecho para abordar la IA y el futuro de la docencia jurídica,https://portalinvestigacion.uniovi.es/investigadores/219035/detalle,JAVIER FERNANDEZ REYNES,Química Orgánica e Inorgánica,Química de Moléculas y Macromoléculas Inorgánicas,JAVIER FERNANDEZ REYNES
88,La Universidad de León acoge la cumbre nacional de decanos y decanas de facultades de Derecho para abordar la IA y el futuro de la docencia jurídica,https://portalinvestigacion.uniovi.es/investigadores/217503/detalle,FRANCISCO JAVIER FERNANDEZ RIO,Ciencias de la Educación,"Educación, Actividad Física, Deporte y Salud",FRANCISCO JAVIER FERNANDEZ RIO
88,La Universidad de León acoge la cumbre nacional de decanos y decanas de facultades de Derecho para abordar la IA y el futuro de la docencia jurídica,https://portalinvestigacion.uniovi.es/investigadores/217636/detalle,JAVIER FERNANDEZ MENENDEZ,Física,Física de Altas Energías,JAVIER FERNANDEZ MENENDEZ
88,La Universidad de León acoge la cumbre nacional de decanos y decanas de facultades de Derecho para abordar la IA y el futuro de la docencia jurídica,https://portalinvestigacion.uniovi.es/investigadores/218865/detalle,JAVIER FERNANDEZ FERNANDEZ,,Biotecnología de Nutracéuticos y Compuestos Bioactivos,JAVIER FERNANDEZ FERNANDEZ
88,La Universidad de León acoge la cumbre nacional de decanos y decanas de facultades de Derecho para abordar la IA y el futuro de la docencia jurídica,https://portalinvestigacion.uniovi.es/investigadores/218878/detalle,JAVIER FERNANDEZ MATEOS,Bioquímica y Biología Molecular,"Genomas, Cáncer y Envejecimiento",JAVIER FERNANDEZ MATEOS
88,La Universidad de León acoge la cumbre nacional de decanos y decanas de facultades de Derecho para abordar la IA y el futuro de la docencia jurídica,https://portalinvestigacion.uniovi.es/investigadores/217049/detalle,FRANCISCO JAVIER FERNANDEZ GARCIA,No especificado,,FRANCISCO JAVIER FERNANDEZ GARCIA
89,Estudiantes de ocho centros escolares participan en la primera Olimpiada de Promoción de la Salud de Asturias,https://portalinvestigacion.uniovi.es/investigadores/217811/detalle,SUSANA LUQUE RODRIGUEZ,Química Física y Analítica,"Nanopartículas, Membranas y Bioanálisis",SUSANA LUQUE RODRIGUEZ
89,Estudiantes de ocho centros escolares participan en la primera Olimpiada de Promoción de la Salud de Asturias,https://portalinvestigacion.uniovi.es/investigadores/217221/detalle,VERONICA CAÑAL FERNANDEZ,Economía Cuantitativa,Grupo de Decisión Multicriterio Universidad de Oviedo,VERONICA CAÑAL FERNANDEZ
89,Estudiantes de ocho centros escolares participan en la primera Olimpiada de Promoción de la Salud de Asturias,https://portalinvestigacion.uniovi.es/investigadores/217019/detalle,MARIA DEL MAR FERNANDEZ ALVAREZ,Medicina,"Entorno, Conductas y Salud",MARIA DEL MAR FERNANDEZ ALVAREZ
89,Estudiantes de ocho centros escolares participan en la primera Olimpiada de Promoción de la Salud de Asturias,https://portalinvestigacion.uniovi.es/investigadores/217720/detalle,ALBERTO LANA PEREZ,Medicina,"Entorno, Conductas y Salud",ALBERTO LANA PEREZ
89,Estudiantes de ocho centros escolares participan en la primera Olimpiada de Promoción de la Salud de Asturias,https://portalinvestigacion.uniovi.es/investigadores/220064/detalle,CELIA GOMEZ DE CASTRO,Medicina,Grupo de Investigación en Dermatología,CELIA GOMEZ DE CASTRO
89,Estudiantes de ocho centros escolares participan en la primera Olimpiada de Promoción de la Salud de Asturias,https://portalinvestigacion.uniovi.es/investigadores/217949/detalle,RUBEN MARTIN PAYO,Medicina,"Entorno, Conductas y Salud",RUBEN MARTIN PAYO
90,El grupo 9 de Universidades aborda el impacto de la inteligencia artificial en la investigación en un contexto de cambio acelerado,https://portalinvestigacion.uniovi.es/investigadores/1010273/detalle,IRENE DIAZ MARTINEZ,Historia,Grupo de Investigación en Historia Sociocultural,IRENE DIAZ MARTINEZ
90,El grupo 9 de Universidades aborda el impacto de la inteligencia artificial en la investigación en un contexto de cambio acelerado,https://portalinvestigacion.uniovi.es/investigadores/217124/detalle,SUSANA IRENE DIAZ RODRIGUEZ,Estadística e Investigación Operativa y Didáctica de la Matemática,Modelización de la Incertidumbre y la Imprecisión en Teoría de la Decisión,SUSANA IRENE DIAZ RODRIGUEZ
92,"El bono social eléctrico reduce la pobreza energética, pero no llega a los hogares más vulnerables",https://portalinvestigacion.uniovi.es/investigadores/218337/detalle,VANESA RODRIGUEZ ALVAREZ,Sociología,Promoviendo el Empleo y el Bienestar en Europa,VANESA RODRIGUEZ ALVAREZ
92,"El bono social eléctrico reduce la pobreza energética, pero no llega a los hogares más vulnerables",https://portalinvestigacion.uniovi.es/investigadores/219985/detalle,MANUEL LLORCA RIEGO,Economía,Oviedo Efficiency Group,MANUEL LLORCA RIEGO
92,"El bono social eléctrico reduce la pobreza energética, pero no llega a los hogares más vulnerables",https://portalinvestigacion.uniovi.es/investigadores/218334/detalle,ANA MARIA RODRIGUEZ ALVAREZ,Economía,Oviedo Efficiency Group,ANA MARIA RODRIGUEZ ALVAREZ
92,"El bono social eléctrico reduce la pobreza energética, pero no llega a los hogares más vulnerables",https://portalinvestigacion.uniovi.es/investigadores/220302/detalle,JOSE MANUEL RODRIGUEZ ALVAREZ,Historia del Arte y Musicología,Texto e Imagen,JOSE MANUEL RODRIGUEZ ALVAREZ
92,"El bono social eléctrico reduce la pobreza energética, pero no llega a los hogares más vulnerables",https://portalinvestigacion.uniovi.es/investigadores/218335/detalle,MARCOS RODRIGUEZ ALVAREZ,Ciencias de la Educación,Grupo de Análisis Sociológico y Cultural de los Procesos Escolares y Educativos,MARCOS RODRIGUEZ ALVAREZ
93,"Ignacio Villaverde, rector de la Universidad de Oviedo, entra en la Junta Rectora de CRUE como presidente de la sectorial de Secretarías Generales",https://portalinvestigacion.uniovi.es/investigadores/218536/detalle,IGNACIO VILLAVERDE MENENDEZ,Derecho Público,Derechos Fundamentales y Constitución,IGNACIO VILLAVERDE MENENDEZ
93,"Ignacio Villaverde, rector de la Universidad de Oviedo, entra en la Junta Rectora de CRUE como presidente de la sectorial de Secretarías Generales",https://portalinvestigacion.uniovi.es/investigadores/217553/detalle,JAVIER GARCIA AMEZ,Ciencias Jurídicas Básicas,Grupo de Investigación de Ciencias Penales y Criminologicas,JAVIER GARCIA AMEZ
93,"Ignacio Villaverde, rector de la Universidad de Oviedo, entra en la Junta Rectora de CRUE como presidente de la sectorial de Secretarías Generales",https://portalinvestigacion.uniovi.es/investigadores/1301906/detalle,ANA MARIA LOPEZ FERNANDEZ,No especificado,,ANA MARIA LOPEZ FERNANDEZ
93,"Ignacio Villaverde, rector de la Universidad de Oviedo, entra en la Junta Rectora de CRUE como presidente de la sectorial de Secretarías Generales",https://portalinvestigacion.uniovi.es/investigadores/217458/detalle,VICTOR MANUEL GARCIA SUAREZ,Matemáticas,"Grupo de Problemas Inversos, Optimizaciòn y Aprendizaje Automático",VICTOR MANUEL GARCIA SUAREZ
93,"Ignacio Villaverde, rector de la Universidad de Oviedo, entra en la Junta Rectora de CRUE como presidente de la sectorial de Secretarías Generales",https://portalinvestigacion.uniovi.es/investigadores/219152/detalle,MARTA SOLEDAD GARCIA RODRIGUEZ,Ciencias de la Educación,Teaching and Curriculum Group,MARTA SOLEDAD GARCIA RODRIGUEZ
93,"Ignacio Villaverde, rector de la Universidad de Oviedo, entra en la Junta Rectora de CRUE como presidente de la sectorial de Secretarías Generales",https://portalinvestigacion.uniovi.es/investigadores/217429/detalle,JAVIER GARCIA MARTINEZ,,Autogestión de Sistemas Informáticos | Ingeniería de Computadores,JAVIER GARCIA MARTINEZ
93,"Ignacio Villaverde, rector de la Universidad de Oviedo, entra en la Junta Rectora de CRUE como presidente de la sectorial de Secretarías Generales",https://portalinvestigacion.uniovi.es/investigadores/2354604/detalle,PABLO LOPEZ FERNANDEZ,No especificado,,PABLO LOPEZ FERNANDEZ
93,"Ignacio Villaverde, rector de la Universidad de Oviedo, entra en la Junta Rectora de CRUE como presidente de la sectorial de Secretarías Generales",https://portalinvestigacion.uniovi.es/investigadores/1931679/detalle,MARIA DEL MAR GARCIA SUAREZ,Física,Magnetism for Health and Environment,MARIA DEL MAR GARCIA SUAREZ
93,"Ignacio Villaverde, rector de la Universidad de Oviedo, entra en la Junta Rectora de CRUE como presidente de la sectorial de Secretarías Generales",https://portalinvestigacion.uniovi.es/investigadores/217762/detalle,JESUS ALBERTO LOPEZ FERNANDEZ,"Ingeniería Eléctrica, Electrónica, de Comunicaciones y de Sistemas (DIEECS)",Teoría de la Señal y Comunicaciones,JESUS ALBERTO LOPEZ FERNANDEZ
93,"Ignacio Villaverde, rector de la Universidad de Oviedo, entra en la Junta Rectora de CRUE como presidente de la sectorial de Secretarías Generales",https://portalinvestigacion.uniovi.es/investigadores/219166/detalle,JAVIER GARCIA FERNANDEZ,Física,Magnetismo de Materiales y Nanomateriales,JAVIER GARCIA FERNANDEZ
93,"Ignacio Villaverde, rector de la Universidad de Oviedo, entra en la Junta Rectora de CRUE como presidente de la sectorial de Secretarías Generales",https://portalinvestigacion.uniovi.es/investigadores/217758/detalle,MARIA CONCEPCION LOPEZ DIAZ,Matemáticas,"Grupo de Investigación en Algebra, Codificación y Criptografía",MARIA CONCEPCION LOPEZ DIAZ
93,"Ignacio Villaverde, rector de la Universidad de Oviedo, entra en la Junta Rectora de CRUE como presidente de la sectorial de Secretarías Generales",https://portalinvestigacion.uniovi.es/investigadores/1116405/detalle,MIGUEL GARCIA SUAREZ,Psicología,"Grupo de Aprendizaje Escolar, Dificultades y Rendimiento Académico",MIGUEL GARCIA SUAREZ
93,"Ignacio Villaverde, rector de la Universidad de Oviedo, entra en la Junta Rectora de CRUE como presidente de la sectorial de Secretarías Generales",https://portalinvestigacion.uniovi.es/investigadores/217644/detalle,FRANCISCO JAVIER IGLESIAS RODRIGUEZ,Explotación y Prospección de Minas,Grupo de Modelización Matemática Aplicada,FRANCISCO JAVIER IGLESIAS RODRIGUEZ
93,"Ignacio Villaverde, rector de la Universidad de Oviedo, entra en la Junta Rectora de CRUE como presidente de la sectorial de Secretarías Generales",https://portalinvestigacion.uniovi.es/investigadores/217425/detalle,JAVIER GARCIA LUENGO,Derecho Público,Derecho Administrativo,JAVIER GARCIA LUENGO
93,"Ignacio Villaverde, rector de la Universidad de Oviedo, entra en la Junta Rectora de CRUE como presidente de la sectorial de Secretarías Generales",https://portalinvestigacion.uniovi.es/investigadores/217451/detalle,MIGUEL GARCIA RODRIGUEZ,Informática,Computational Reflection Research Group,MIGUEL GARCIA RODRIGUEZ
93,"Ignacio Villaverde, rector de la Universidad de Oviedo, entra en la Junta Rectora de CRUE como presidente de la sectorial de Secretarías Generales",https://portalinvestigacion.uniovi.es/investigadores/217761/detalle,CARLOS LOPEZ FERNANDEZ,Geología,Procesos Geológicos Modeladores del Relieve de la Cordillera Cantábrica,CARLOS LOPEZ FERNANDEZ
93,"Ignacio Villaverde, rector de la Universidad de Oviedo, entra en la Junta Rectora de CRUE como presidente de la sectorial de Secretarías Generales",https://portalinvestigacion.uniovi.es/investigadores/217449/detalle,JORGE GARCIA RODRIGUEZ,No especificado,,JORGE GARCIA RODRIGUEZ
93,"Ignacio Villaverde, rector de la Universidad de Oviedo, entra en la Junta Rectora de CRUE como presidente de la sectorial de Secretarías Generales",https://portalinvestigacion.uniovi.es/investigadores/219153/detalle,JOSE LUIS GARCIA SUAREZ,,Centro de Cooperación y Desarrollo Territorial de la Universidad de Oviedo,JOSE LUIS GARCIA SUAREZ
93,"Ignacio Villaverde, rector de la Universidad de Oviedo, entra en la Junta Rectora de CRUE como presidente de la sectorial de Secretarías Generales",https://portalinvestigacion.uniovi.es/investigadores/220250/detalle,TOMAS EDUARDO GARCIA SUAREZ,,"Simulación Numérica, Modelizacion, Caracterización Mecánica y Optimización Microestructural de Componentes Industriales",TOMAS EDUARDO GARCIA SUAREZ
93,"Ignacio Villaverde, rector de la Universidad de Oviedo, entra en la Junta Rectora de CRUE como presidente de la sectorial de Secretarías Generales",https://portalinvestigacion.uniovi.es/investigadores/217452/detalle,NURIA GARCIA RODRIGUEZ,Administración de Empresas,Smart Marketing Advances in Research and Theory,NURIA GARCIA RODRIGUEZ
93,"Ignacio Villaverde, rector de la Universidad de Oviedo, entra en la Junta Rectora de CRUE como presidente de la sectorial de Secretarías Generales",https://portalinvestigacion.uniovi.es/investigadores/217457/detalle,OLIVIA GARCIA SUAREZ,Morfología y Biología Celular,Sistema Nervioso Periférico y Órganos de los Sentidos,OLIVIA GARCIA SUAREZ
94,"Una investigación de la Universidad de Oviedo revela que las semillas no germinan cuando pueden, sino cuando les conviene",https://portalinvestigacion.uniovi.es/investigadores/217064/detalle,PAULA FERNANDEZ GONZALEZ,Economía Aplicada,Modelización Econométrica y Predicción,PAULA FERNANDEZ GONZALEZ
94,"Una investigación de la Universidad de Oviedo revela que las semillas no germinan cuando pueden, sino cuando les conviene",https://portalinvestigacion.uniovi.es/investigadores/217051/detalle,MARIA PAULA FERNANDEZ GARCIA,Psicología,Evaluación Psicométrica y Diseño de Investigación,MARIA PAULA FERNANDEZ GARCIA
94,"Una investigación de la Universidad de Oviedo revela que las semillas no germinan cuando pueden, sino cuando les conviene",https://portalinvestigacion.uniovi.es/investigadores/2370717/detalle,EDUARDO FERNANDEZ ALONSO,Energía,Grupo de Ingeniería Fluidodinámica,EDUARDO FERNANDEZ ALONSO
95,La estrategia integral de descarbonización del proyecto ORIGEN gana el premio “Phoenix Contact Net Zero”,https://portalinvestigacion.uniovi.es/investigadores/219972/detalle,SARA PRIETO GARCIA CAÑEDO,"Filología Inglesa, Francesa y Alemana","Literatura, Identidad y Traducción Cultural",SARA PRIETO GARCIA CAÑEDO
95,La estrategia integral de descarbonización del proyecto ORIGEN gana el premio “Phoenix Contact Net Zero”,https://portalinvestigacion.uniovi.es/investigadores/1010383/detalle,CRISTINA OLIVAR FERNANDEZ,Bioquímica y Biología Molecular,"Genomas, Cáncer y Envejecimiento",CRISTINA OLIVAR FERNANDEZ
95,La estrategia integral de descarbonización del proyecto ORIGEN gana el premio “Phoenix Contact Net Zero”,https://portalinvestigacion.uniovi.es/investigadores/216917/detalle,JOSE VALERIANO ALVAREZ CABAL,Explotación y Prospección de Minas,Ingeniería de Proyectos e Ingeniería Sostenible,JOSE VALERIANO ALVAREZ CABAL
95,La estrategia integral de descarbonización del proyecto ORIGEN gana el premio “Phoenix Contact Net Zero”,https://portalinvestigacion.uniovi.es/investigadores/1216811/detalle,OMAR ARTO SUAREZ,No especificado,,OMAR ARTO SUAREZ
95,La estrategia integral de descarbonización del proyecto ORIGEN gana el premio “Phoenix Contact Net Zero”,https://portalinvestigacion.uniovi.es/investigadores/218058/detalle,FRANCISCO DE ASIS ORTEGA FERNANDEZ,Explotación y Prospección de Minas,Ingeniería de Proyectos e Ingeniería Sostenible,FRANCISCO DE ASIS ORTEGA FERNANDEZ
96,La Universidad de Oviedo logra 15 medallas en los Campeonatos de España Universitarios de 2026,https://portalinvestigacion.uniovi.es/investigadores/218536/detalle,IGNACIO VILLAVERDE MENENDEZ,Derecho Público,Derechos Fundamentales y Constitución,IGNACIO VILLAVERDE MENENDEZ
96,La Universidad de Oviedo logra 15 medallas en los Campeonatos de España Universitarios de 2026,https://portalinvestigacion.uniovi.es/investigadores/219959/detalle,JAVIER FERNANDEZ GONZALEZ,,Materials-pro,JAVIER FERNANDEZ GONZALEZ
96,La Universidad de Oviedo logra 15 medallas en los Campeonatos de España Universitarios de 2026,https://portalinvestigacion.uniovi.es/investigadores/218653/detalle,MARIA DEL CARMEN RODRIGUEZ SANCHEZ,Morfología y Biología Celular,Estrés Oxidativo,MARIA DEL CARMEN RODRIGUEZ SANCHEZ
96,La Universidad de Oviedo logra 15 medallas en los Campeonatos de España Universitarios de 2026,https://portalinvestigacion.uniovi.es/investigadores/217503/detalle,FRANCISCO JAVIER FERNANDEZ RIO,Ciencias de la Educación,"Educación, Actividad Física, Deporte y Salud",FRANCISCO JAVIER FERNANDEZ RIO
96,La Universidad de Oviedo logra 15 medallas en los Campeonatos de España Universitarios de 2026,https://portalinvestigacion.uniovi.es/investigadores/217636/detalle,JAVIER FERNANDEZ MENENDEZ,Física,Física de Altas Energías,JAVIER FERNANDEZ MENENDEZ
96,La Universidad de Oviedo logra 15 medallas en los Campeonatos de España Universitarios de 2026,https://portalinvestigacion.uniovi.es/investigadores/452939/detalle,IRENE FERNANDEZ ARANAZ,Filología Clásica y Románica,Falsa Et Vera Historia,IRENE FERNANDEZ ARANAZ
96,La Universidad de Oviedo logra 15 medallas en los Campeonatos de España Universitarios de 2026,https://portalinvestigacion.uniovi.es/investigadores/217866/detalle,DANIEL MORO VALLINA,Historia del Arte y Musicología,"Grupo de Investigación en Música Contemporánea de España y Latinoamérica ""Diapente XXI""",DANIEL MORO VALLINA
96,La Universidad de Oviedo logra 15 medallas en los Campeonatos de España Universitarios de 2026,https://portalinvestigacion.uniovi.es/investigadores/218359/detalle,CARLA MARIA RODRIGUEZ GONZALEZ,,"Intersecciones: Literaturas, Culturas y Teorías Contemporáneas",CARLA MARIA RODRIGUEZ GONZALEZ
96,La Universidad de Oviedo logra 15 medallas en los Campeonatos de España Universitarios de 2026,https://portalinvestigacion.uniovi.es/investigadores/218644/detalle,MARIA DE LAS NIEVES RODRIGUEZ PEREZ,Filología Española,Grupo de Investigación en Lingüística Aplicada al Aprendizaje de Lenguas y Culturas Extranjeras,MARIA DE LAS NIEVES RODRIGUEZ PEREZ
96,La Universidad de Oviedo logra 15 medallas en los Campeonatos de España Universitarios de 2026,https://portalinvestigacion.uniovi.es/investigadores/217049/detalle,FRANCISCO JAVIER FERNANDEZ GARCIA,No especificado,,FRANCISCO JAVIER FERNANDEZ GARCIA
96,La Universidad de Oviedo logra 15 medallas en los Campeonatos de España Universitarios de 2026,https://portalinvestigacion.uniovi.es/investigadores/219035/detalle,JAVIER FERNANDEZ REYNES,Química Orgánica e Inorgánica,Química de Moléculas y Macromoléculas Inorgánicas,JAVIER FERNANDEZ REYNES
96,La Universidad de Oviedo logra 15 medallas en los Campeonatos de España Universitarios de 2026,https://portalinvestigacion.uniovi.es/investigadores/218179/detalle,MARIA DEL CARMEN RODRIGUEZ MENENDEZ,Ciencias de la Educación,Grupo de Análisis Sociológico y Cultural de los Procesos Escolares y Educativos,MARIA DEL CARMEN RODRIGUEZ MENENDEZ
96,La Universidad de Oviedo logra 15 medallas en los Campeonatos de España Universitarios de 2026,https://portalinvestigacion.uniovi.es/investigadores/218878/detalle,JAVIER FERNANDEZ MATEOS,Bioquímica y Biología Molecular,"Genomas, Cáncer y Envejecimiento",JAVIER FERNANDEZ MATEOS
96,La Universidad de Oviedo logra 15 medallas en los Campeonatos de España Universitarios de 2026,https://portalinvestigacion.uniovi.es/investigadores/219633/detalle,MARIA CRISTINA RODRIGUEZ GONZALEZ,,"Simulación Numérica, Modelizacion, Caracterización Mecánica y Optimización Microestructural de Componentes Industriales",MARIA CRISTINA RODRIGUEZ GONZALEZ
96,La Universidad de Oviedo logra 15 medallas en los Campeonatos de España Universitarios de 2026,https://portalinvestigacion.uniovi.es/investigadores/218334/detalle,ANA MARIA RODRIGUEZ ALVAREZ,Economía,Oviedo Efficiency Group,ANA MARIA RODRIGUEZ ALVAREZ
96,La Universidad de Oviedo logra 15 medallas en los Campeonatos de España Universitarios de 2026,https://portalinvestigacion.uniovi.es/investigadores/218879/detalle,LUIS JAVIER FERNANDEZ MENENDEZ,Física,"Grupo de Espectroscopia, Láseres y Plasmas",LUIS JAVIER FERNANDEZ MENENDEZ
96,La Universidad de Oviedo logra 15 medallas en los Campeonatos de España Universitarios de 2026,https://portalinvestigacion.uniovi.es/investigadores/218658/detalle,MARTA MARIA RODRIGUEZ SUAREZ,Medicina,Grupo de Epidemiología Ambiental y Molecular,MARTA MARIA RODRIGUEZ SUAREZ
96,La Universidad de Oviedo logra 15 medallas en los Campeonatos de España Universitarios de 2026,https://portalinvestigacion.uniovi.es/investigadores/218659/detalle,MARIA DEL CAMINO RODRIGUEZ VELA,Informática,Grupo de Investigación en Optimización y Scheduling Inteligentes,MARIA DEL CAMINO RODRIGUEZ VELA
96,La Universidad de Oviedo logra 15 medallas en los Campeonatos de España Universitarios de 2026,https://portalinvestigacion.uniovi.es/investigadores/218865/detalle,JAVIER FERNANDEZ FERNANDEZ,,Biotecnología de Nutracéuticos y Compuestos Bioactivos,JAVIER FERNANDEZ FERNANDEZ
98,La Universidad de Oviedo lanza la primera formación oficial de la alianza INGENIUM,https://portalinvestigacion.uniovi.es/investigadores/217449/detalle,JORGE GARCIA RODRIGUEZ,No especificado,,JORGE GARCIA RODRIGUEZ
98,La Universidad de Oviedo lanza la primera formación oficial de la alianza INGENIUM,https://portalinvestigacion.uniovi.es/investigadores/1205486/detalle,JORGE GARCIA PIQUERAS,Morfología y Biología Celular,Sistema Nervioso Periférico y Órganos de los Sentidos,JORGE GARCIA PIQUERAS
98,La Universidad de Oviedo lanza la primera formación oficial de la alianza INGENIUM,https://portalinvestigacion.uniovi.es/investigadores/219148/detalle,JORGE GARCIA GARCIA,"Ingeniería Eléctrica, Electrónica, de Comunicaciones y de Sistemas (DIEECS)",Laboratory for Electrical Energy Management Unified Research,JORGE GARCIA GARCIA
99,"La Universidad de Oviedo y el Colegio Oficial de Trabajo Social de Asturias renuevan su alianza en formación, investigación y promoción profesional",https://portalinvestigacion.uniovi.es/investigadores/218536/detalle,IGNACIO VILLAVERDE MENENDEZ,Derecho Público,Derechos Fundamentales y Constitución,IGNACIO VILLAVERDE MENENDEZ
99,"La Universidad de Oviedo y el Colegio Oficial de Trabajo Social de Asturias renuevan su alianza en formación, investigación y promoción profesional",https://portalinvestigacion.uniovi.es/investigadores/2370664/detalle,SARA FERNANDEZ GARCIA,No especificado,,SARA FERNANDEZ GARCIA
99,"La Universidad de Oviedo y el Colegio Oficial de Trabajo Social de Asturias renuevan su alianza en formación, investigación y promoción profesional",https://portalinvestigacion.uniovi.es/investigadores/217416/detalle,JUAN JOSE GARCIA GONZALEZ,Filología Clásica y Románica,Grupo de Investigación en Estudios Clásicos,JUAN JOSE GARCIA GONZALEZ
99,"La Universidad de Oviedo y el Colegio Oficial de Trabajo Social de Asturias renuevan su alianza en formación, investigación y promoción profesional",https://portalinvestigacion.uniovi.es/investigadores/217414/detalle,ENOL GARCIA GONZALEZ,Informática,Metrología y Modelos,ENOL GARCIA GONZALEZ
99,"La Universidad de Oviedo y el Colegio Oficial de Trabajo Social de Asturias renuevan su alianza en formación, investigación y promoción profesional",https://portalinvestigacion.uniovi.es/investigadores/217711/detalle,BEATRIZ MARTINEZ DEL FRESNO,Historia del Arte y Musicología,"Música, Danza y Estudios Culturales",BEATRIZ MARTINEZ DEL FRESNO
99,"La Universidad de Oviedo y el Colegio Oficial de Trabajo Social de Asturias renuevan su alianza en formación, investigación y promoción profesional",https://portalinvestigacion.uniovi.es/investigadores/218512/detalle,MARTA MARIA VIDAL SUAREZ,Administración de Empresas,Innovación y Desarrollo Empresarial,MARTA MARIA VIDAL SUAREZ
99,"La Universidad de Oviedo y el Colegio Oficial de Trabajo Social de Asturias renuevan su alianza en formación, investigación y promoción profesional",https://portalinvestigacion.uniovi.es/investigadores/218867/detalle,SARA FERNANDEZ FERNANDEZ,No especificado,,SARA FERNANDEZ FERNANDEZ
99,"La Universidad de Oviedo y el Colegio Oficial de Trabajo Social de Asturias renuevan su alianza en formación, investigación y promoción profesional",https://portalinvestigacion.uniovi.es/investigadores/2354615/detalle,CRISTINA GARCIA GONZALEZ,No especificado,,CRISTINA GARCIA GONZALEZ
99,"La Universidad de Oviedo y el Colegio Oficial de Trabajo Social de Asturias renuevan su alianza en formación, investigación y promoción profesional",https://portalinvestigacion.uniovi.es/investigadores/219717/detalle,LUIS CARLOS MARTINEZ FERNANDEZ,Geografía,Análisis y Representación de los Paisajes Geográficos Españoles,LUIS CARLOS MARTINEZ FERNANDEZ
99,"La Universidad de Oviedo y el Colegio Oficial de Trabajo Social de Asturias renuevan su alianza en formación, investigación y promoción profesional",https://portalinvestigacion.uniovi.es/investigadores/2355544/detalle,CLAUDIA GARCIA GONZALEZ,No especificado,,CLAUDIA GARCIA GONZALEZ
100,La Universidad de Oviedo reúne diez miradas científicas sobre el eclipse solar en una exposición divulgativa abierta a toda Asturias,https://portalinvestigacion.uniovi.es/investigadores/217466/detalle,MANUEL GARCIA VAZQUEZ,,Autogestión de Sistemas Informáticos | Ingeniería de Computadores,MANUEL GARCIA VAZQUEZ
100,La Universidad de Oviedo reúne diez miradas científicas sobre el eclipse solar en una exposición divulgativa abierta a toda Asturias,https://portalinvestigacion.uniovi.es/investigadores/217574/detalle,VICENTE GARCIA DIAZ,Informática,Ingeniería Dirigida por Modelos,VICENTE GARCIA DIAZ
100,La Universidad de Oviedo reúne diez miradas científicas sobre el eclipse solar en una exposición divulgativa abierta a toda Asturias,https://portalinvestigacion.uniovi.es/investigadores/217458/detalle,VICTOR MANUEL GARCIA SUAREZ,Matemáticas,"Grupo de Problemas Inversos, Optimizaciòn y Aprendizaje Automático",VICTOR MANUEL GARCIA SUAREZ
100,La Universidad de Oviedo reúne diez miradas científicas sobre el eclipse solar en una exposición divulgativa abierta a toda Asturias,https://portalinvestigacion.uniovi.es/investigadores/1301842/detalle,SANDRA VILLAR CONDE,Morfología y Biología Celular,Grupo de Envejecimiento Cerebral y Enfermedades Neurodegenerativas,SANDRA VILLAR CONDE
100,La Universidad de Oviedo reúne diez miradas científicas sobre el eclipse solar en una exposición divulgativa abierta a toda Asturias,https://portalinvestigacion.uniovi.es/investigadores/217320/detalle,MIGUEL CALLEJA PUERTA,Historia,Laboratorio de Documentación Histórica,MIGUEL CALLEJA PUERTA
100,La Universidad de Oviedo reúne diez miradas científicas sobre el eclipse solar en una exposición divulgativa abierta a toda Asturias,https://portalinvestigacion.uniovi.es/investigadores/2355660/detalle,JOSE MANUEL GARCIA MONTES,Psicología,Ciencia y Divulgación en Prevención y Salud Mental,JOSE MANUEL GARCIA MONTES
100,La Universidad de Oviedo reúne diez miradas científicas sobre el eclipse solar en una exposición divulgativa abierta a toda Asturias,https://portalinvestigacion.uniovi.es/investigadores/217398/detalle,VICTOR MANUEL GARCIA FERNANDEZ,"Ingeniería Eléctrica, Electrónica, de Comunicaciones y de Sistemas (DIEECS)","Sistemas de Medidas, Almacenamiento Energético y Aplicaciones Industriales",VICTOR MANUEL GARCIA FERNANDEZ
100,La Universidad de Oviedo reúne diez miradas científicas sobre el eclipse solar en una exposición divulgativa abierta a toda Asturias,https://portalinvestigacion.uniovi.es/investigadores/216935/detalle,MONICA ALVAREZ FERNANDEZ,Derecho Público,Derecho Administrativo,MONICA ALVAREZ FERNANDEZ
100,La Universidad de Oviedo reúne diez miradas científicas sobre el eclipse solar en una exposición divulgativa abierta a toda Asturias,https://portalinvestigacion.uniovi.es/investigadores/217123/detalle,ELENA DIAZ RODRIGUEZ,Biología Funcional,Investigación en Fisiopatología del Envejecimiento y la Fertilidad Femeninas,ELENA DIAZ RODRIGUEZ
100,La Universidad de Oviedo reúne diez miradas científicas sobre el eclipse solar en una exposición divulgativa abierta a toda Asturias,https://portalinvestigacion.uniovi.es/investigadores/218506/detalle,JAVIER VERDEJO MANCHADO,Filología Clásica y Románica,Grupo de Investigación en Estudios Clásicos,JAVIER VERDEJO MANCHADO
100,La Universidad de Oviedo reúne diez miradas científicas sobre el eclipse solar en una exposición divulgativa abierta a toda Asturias,https://portalinvestigacion.uniovi.es/investigadores/218181/detalle,LUIS JOSE RODRIGUEZ MUÑIZ,Estadística e Investigación Operativa y Didáctica de la Matemática,Mathematics Education Research Group,LUIS JOSE RODRIGUEZ MUÑIZ
100,La Universidad de Oviedo reúne diez miradas científicas sobre el eclipse solar en una exposición divulgativa abierta a toda Asturias,https://portalinvestigacion.uniovi.es/investigadores/1010274/detalle,NOEMI DIAZ RODRIGUEZ,Historia del Arte y Musicología,Texto e Imagen,NOEMI DIAZ RODRIGUEZ
100,La Universidad de Oviedo reúne diez miradas científicas sobre el eclipse solar en una exposición divulgativa abierta a toda Asturias,https://portalinvestigacion.uniovi.es/investigadores/219098/detalle,DAVID ALVAREZ GARCIA,Psicología,"Grupo de Aprendizaje Escolar, Dificultades y Rendimiento Académico",DAVID ALVAREZ GARCIA
100,La Universidad de Oviedo reúne diez miradas científicas sobre el eclipse solar en una exposición divulgativa abierta a toda Asturias,https://portalinvestigacion.uniovi.es/investigadores/2237800/detalle,LAURA GARCIA DIAZ,Física,Física de Altas Energías,LAURA GARCIA DIAZ
100,La Universidad de Oviedo reúne diez miradas científicas sobre el eclipse solar en una exposición divulgativa abierta a toda Asturias,https://portalinvestigacion.uniovi.es/investigadores/218355/detalle,JOSE LUIS RODRIGUEZ GALLEGO,,Biogeoquímica Ambiental y Materias Primas Minerales,JOSE LUIS RODRIGUEZ GALLEGO
100,La Universidad de Oviedo reúne diez miradas científicas sobre el eclipse solar en una exposición divulgativa abierta a toda Asturias,https://portalinvestigacion.uniovi.es/investigadores/2353797/detalle,ENOL ALVAREZ FERNANDEZ,Derecho Privado y de la Empresa,Grupo de Investigación en Derecho Social de la Universidad de Oviedo,ENOL ALVAREZ FERNANDEZ
100,La Universidad de Oviedo reúne diez miradas científicas sobre el eclipse solar en una exposición divulgativa abierta a toda Asturias,https://portalinvestigacion.uniovi.es/investigadores/216932/detalle,MARIA ALVAREZ FERNANDEZ,,"Grupo Demeter. Maternidad, Genero y Familia",MARIA ALVAREZ FERNANDEZ
100,La Universidad de Oviedo reúne diez miradas científicas sobre el eclipse solar en una exposición divulgativa abierta a toda Asturias,https://portalinvestigacion.uniovi.es/investigadores/216934/detalle,MARTINA INMACULADA ALVAREZ FERNANDEZ,Explotación y Prospección de Minas,Comportamiento Dinámico del Terreno,MARTINA INMACULADA ALVAREZ FERNANDEZ
100,La Universidad de Oviedo reúne diez miradas científicas sobre el eclipse solar en una exposición divulgativa abierta a toda Asturias,https://portalinvestigacion.uniovi.es/investigadores/216929/detalle,DAVID ALVAREZ FERNANDEZ,Biología de Organismos y Sistemas,Diversidad y Conservación Animal,DAVID ALVAREZ FERNANDEZ
100,La Universidad de Oviedo reúne diez miradas científicas sobre el eclipse solar en una exposición divulgativa abierta a toda Asturias,https://portalinvestigacion.uniovi.es/investigadores/218782/detalle,ADRIAN GARCIA DIAZ,Ingeniería Química y Tecnología del Medio Ambiente,"Catálisis, Reactores y Control (CRC)",ADRIAN GARCIA DIAZ
100,La Universidad de Oviedo reúne diez miradas científicas sobre el eclipse solar en una exposición divulgativa abierta a toda Asturias,https://portalinvestigacion.uniovi.es/investigadores/217573/detalle,VERONICA GARCIA DIAZ,Ciencias de la Educación,"Grupo de Investigación sobre Intervención Educativa en el Ámbito Familiar, Escolar y Social",VERONICA GARCIA DIAZ
100,La Universidad de Oviedo reúne diez miradas científicas sobre el eclipse solar en una exposición divulgativa abierta a toda Asturias,https://portalinvestigacion.uniovi.es/investigadores/219164/detalle,RAFAEL PEDRO GARCIA DIAZ,No especificado,,RAFAEL PEDRO GARCIA DIAZ
100,La Universidad de Oviedo reúne diez miradas científicas sobre el eclipse solar en una exposición divulgativa abierta a toda Asturias,https://portalinvestigacion.uniovi.es/investigadores/220197/detalle,Manuel García Díaz,Energía,Fluids Engineeering for Renewable Energy and Sustainability,Manuel García Díaz
100,La Universidad de Oviedo reúne diez miradas científicas sobre el eclipse solar en una exposición divulgativa abierta a toda Asturias,https://portalinvestigacion.uniovi.es/investigadores/217124/detalle,SUSANA IRENE DIAZ RODRIGUEZ,Estadística e Investigación Operativa y Didáctica de la Matemática,Modelización de la Incertidumbre y la Imprecisión en Teoría de la Decisión,SUSANA IRENE DIAZ RODRIGUEZ
101,"Nace Quantum Asturias, la alianza que consolida el posicionamiento de Asturias como referente en el ecosistema de tecnologías cuánticas",https://portalinvestigacion.uniovi.es/investigadores/219634/detalle,JOSE RANILLA PASTOR,Informática,Quantum and High Performance Computing,JOSE RANILLA PASTOR
102,Elías García Fuentes presenta su visión del territorio en la Sala de Exposiciones de la Universidad de Oviedo para rememorar la huella de su padre,https://portalinvestigacion.uniovi.es/investigadores/217570/detalle,LAURA GARCIA DE LA FUENTE,No especificado,,LAURA GARCIA DE LA FUENTE
103,"Caja Rural de Asturias refuerza su compromiso con la Universidad de Oviedo con una alianza de 2,5 millones de euros",https://portalinvestigacion.uniovi.es/investigadores/219653/detalle,RUBEN USAMENTIAGA FERNANDEZ,,Autogestión de Sistemas Informáticos | Ingeniería de Computadores,RUBEN USAMENTIAGA FERNANDEZ
103,"Caja Rural de Asturias refuerza su compromiso con la Universidad de Oviedo con una alianza de 2,5 millones de euros",https://portalinvestigacion.uniovi.es/investigadores/217811/detalle,SUSANA LUQUE RODRIGUEZ,Química Física y Analítica,"Nanopartículas, Membranas y Bioanálisis",SUSANA LUQUE RODRIGUEZ
103,"Caja Rural de Asturias refuerza su compromiso con la Universidad de Oviedo con una alianza de 2,5 millones de euros",https://portalinvestigacion.uniovi.es/investigadores/218536/detalle,IGNACIO VILLAVERDE MENENDEZ,Derecho Público,Derechos Fundamentales y Constitución,IGNACIO VILLAVERDE MENENDEZ
103,"Caja Rural de Asturias refuerza su compromiso con la Universidad de Oviedo con una alianza de 2,5 millones de euros",https://portalinvestigacion.uniovi.es/investigadores/218327/detalle,JORGE ROCES GARCIA,Construcción e Ingeniería de Fabricación,"Civil, Environmental and Geomatics Engineering Research Group",JORGE ROCES GARCIA
103,"Caja Rural de Asturias refuerza su compromiso con la Universidad de Oviedo con una alianza de 2,5 millones de euros",https://portalinvestigacion.uniovi.es/investigadores/217947/detalle,JOSE FERNANDO MARTIN LOPEZ,Biología Funcional,Neurobiología de los Sistemas Sensoriales,JOSE FERNANDO MARTIN LOPEZ
104,Un egresado de la Universidad de Oviedo participa en un coloquio con los mejores talentos universitarios en la Junta General de Accionistas de Universia,https://portalinvestigacion.uniovi.es/investigadores/1010273/detalle,IRENE DIAZ MARTINEZ,Historia,Grupo de Investigación en Historia Sociocultural,IRENE DIAZ MARTINEZ
104,Un egresado de la Universidad de Oviedo participa en un coloquio con los mejores talentos universitarios en la Junta General de Accionistas de Universia,https://portalinvestigacion.uniovi.es/investigadores/217124/detalle,SUSANA IRENE DIAZ RODRIGUEZ,Estadística e Investigación Operativa y Didáctica de la Matemática,Modelización de la Incertidumbre y la Imprecisión en Teoría de la Decisión,SUSANA IRENE DIAZ RODRIGUEZ
106,Cerca de 1.200 estudiantes participan en las Jornadas de Puertas Abiertas de la Universidad de Oviedo,https://portalinvestigacion.uniovi.es/investigadores/217775/detalle,ALFONSO JOAQUIN LOPEZ MUÑIZ,Morfología y Biología Celular,Sistema Nervioso Periférico y Órganos de los Sentidos,ALFONSO JOAQUIN LOPEZ MUÑIZ
106,Cerca de 1.200 estudiantes participan en las Jornadas de Puertas Abiertas de la Universidad de Oviedo,https://portalinvestigacion.uniovi.es/investigadores/220173/detalle,SANTIAGO ALFONSO LOPEZ NAVIA,Filología Española,Grupo de Estudios Cervantinos,SANTIAGO ALFONSO LOPEZ NAVIA
107,La Universidad de Oviedo asiste a la entrega de los restos exhumados e identificados de la fosa común de La Caridad,https://portalinvestigacion.uniovi.es/investigadores/218020/detalle,FRANCISCO JAVIER PUENTE GARCIA,,Grupo de Ingeniería de Organización,FRANCISCO JAVIER PUENTE GARCIA
107,La Universidad de Oviedo asiste a la entrega de los restos exhumados e identificados de la fosa común de La Caridad,https://portalinvestigacion.uniovi.es/investigadores/217936/detalle,ANTONIO JAVIER MARQUES SALGADO,Filología Clásica y Románica,Voces Femeninas en la Literatura y la Cultura Europeas,ANTONIO JAVIER MARQUES SALGADO
107,La Universidad de Oviedo asiste a la entrega de los restos exhumados e identificados de la fosa común de La Caridad,https://portalinvestigacion.uniovi.es/investigadores/217883/detalle,JOSE AVELINO GUTIERREZ GONZALEZ,Historia,"Arqueología Antigua y Medieval: Territorio, Sociedad y Cultura Material",JOSE AVELINO GUTIERREZ GONZALEZ
107,La Universidad de Oviedo asiste a la entrega de los restos exhumados e identificados de la fosa común de La Caridad,https://portalinvestigacion.uniovi.es/investigadores/217772/detalle,BELEN LOPEZ MARTINEZ,Historia,"Arqueología Antigua y Medieval: Territorio, Sociedad y Cultura Material",BELEN LOPEZ MARTINEZ
108,La Universidad de Oviedo recibe la distinción de la Red Nacional de Unidades de Cultura Científica y de la Innovación por el proyecto divulgativo ‘Los ‘por qué’ de los niños’,https://portalinvestigacion.uniovi.es/investigadores/218262/detalle,JOSE MANUEL MONTEJO BERNARDO,Ciencias de la Educación,"Síntesis, Estructura y Aplicación Tecnológica de Materiales",JOSE MANUEL MONTEJO BERNARDO
108,La Universidad de Oviedo recibe la distinción de la Red Nacional de Unidades de Cultura Científica y de la Innovación por el proyecto divulgativo ‘Los ‘por qué’ de los niños’,https://portalinvestigacion.uniovi.es/investigadores/217058/detalle,ALFONSO FERNANDEZ GONZALEZ,Química Física y Analítica,Grupo de Reconocimiento Molecular,ALFONSO FERNANDEZ GONZALEZ
108,La Universidad de Oviedo recibe la distinción de la Red Nacional de Unidades de Cultura Científica y de la Innovación por el proyecto divulgativo ‘Los ‘por qué’ de los niños’,https://portalinvestigacion.uniovi.es/investigadores/220003/detalle,JUAN ALFONSO FERNANDEZ GARCIA,Historia del Arte y Musicología,"Música, Danza y Estudios Culturales",JUAN ALFONSO FERNANDEZ GARCIA
108,La Universidad de Oviedo recibe la distinción de la Red Nacional de Unidades de Cultura Científica y de la Innovación por el proyecto divulgativo ‘Los ‘por qué’ de los niños’,https://portalinvestigacion.uniovi.es/investigadores/217998/detalle,COVADONGA HUIDOBRO FERNANDEZ,Filosofía,Grupo de Investigación de Estudios Sociales de la Ciencia,COVADONGA HUIDOBRO FERNANDEZ
112,Un estudio sobre ejercicio físico y cáncer en adolescentes recibe los Premios Nacionales de Investigación en Medicina del Deporte Fundación Cajastur,https://portalinvestigacion.uniovi.es/investigadores/218536/detalle,IGNACIO VILLAVERDE MENENDEZ,Derecho Público,Derechos Fundamentales y Constitución,IGNACIO VILLAVERDE MENENDEZ
112,Un estudio sobre ejercicio físico y cáncer en adolescentes recibe los Premios Nacionales de Investigación en Medicina del Deporte Fundación Cajastur,https://portalinvestigacion.uniovi.es/investigadores/1095883/detalle,GERMÁN VICENTE RODRÍGUEZ,Biología Funcional,"Grupo de Investigación en Rendimiento, Readaptación Físico-deportiva, Entrenamiento y Salud",GERMÁN VICENTE RODRÍGUEZ
112,Un estudio sobre ejercicio físico y cáncer en adolescentes recibe los Premios Nacionales de Investigación en Medicina del Deporte Fundación Cajastur,https://portalinvestigacion.uniovi.es/investigadores/1010273/detalle,IRENE DIAZ MARTINEZ,Historia,Grupo de Investigación en Historia Sociocultural,IRENE DIAZ MARTINEZ
112,Un estudio sobre ejercicio físico y cáncer en adolescentes recibe los Premios Nacionales de Investigación en Medicina del Deporte Fundación Cajastur,https://portalinvestigacion.uniovi.es/investigadores/219232/detalle,VICENTE RODRIGUEZ MONTEQUIN,Explotación y Prospección de Minas,Ingeniería de Proyectos e Ingeniería Sostenible,VICENTE RODRIGUEZ MONTEQUIN
112,Un estudio sobre ejercicio físico y cáncer en adolescentes recibe los Premios Nacionales de Investigación en Medicina del Deporte Fundación Cajastur,https://portalinvestigacion.uniovi.es/investigadores/218481/detalle,JOSE ANTONIO VEGA ALVAREZ,Morfología y Biología Celular,Sistema Nervioso Periférico y Órganos de los Sentidos,JOSE ANTONIO VEGA ALVAREZ
112,Un estudio sobre ejercicio físico y cáncer en adolescentes recibe los Premios Nacionales de Investigación en Medicina del Deporte Fundación Cajastur,https://portalinvestigacion.uniovi.es/investigadores/218896/detalle,MIGUEL ENRIQUE DEL VALLE SOTO,Biología Funcional,"Grupo de Investigación en Rendimiento, Readaptación Físico-deportiva, Entrenamiento y Salud",MIGUEL ENRIQUE DEL VALLE SOTO
112,Un estudio sobre ejercicio físico y cáncer en adolescentes recibe los Premios Nacionales de Investigación en Medicina del Deporte Fundación Cajastur,https://portalinvestigacion.uniovi.es/investigadores/218854/detalle,MIGUEL HERNANDEZ CACERES,Matemáticas,"Grupo de Investigación en Algebra, Codificación y Criptografía",MIGUEL HERNANDEZ CACERES
112,Un estudio sobre ejercicio físico y cáncer en adolescentes recibe los Premios Nacionales de Investigación en Medicina del Deporte Fundación Cajastur,https://portalinvestigacion.uniovi.es/investigadores/217359/detalle,CRISTINA GONZALEZ GAGO,Física,"Grupo de Espectroscopia, Láseres y Plasmas",CRISTINA GONZALEZ GAGO
112,Un estudio sobre ejercicio físico y cáncer en adolescentes recibe los Premios Nacionales de Investigación en Medicina del Deporte Fundación Cajastur,https://portalinvestigacion.uniovi.es/investigadores/217896/detalle,JESUS MIGUEL HERNANDEZ GALILEA,Ciencias Jurídicas Básicas,Grupo de Investigación de Ciencias Penales y Criminologicas,JESUS MIGUEL HERNANDEZ GALILEA
112,Un estudio sobre ejercicio físico y cáncer en adolescentes recibe los Premios Nacionales de Investigación en Medicina del Deporte Fundación Cajastur,https://portalinvestigacion.uniovi.es/investigadores/217124/detalle,SUSANA IRENE DIAZ RODRIGUEZ,Estadística e Investigación Operativa y Didáctica de la Matemática,Modelización de la Incertidumbre y la Imprecisión en Teoría de la Decisión,SUSANA IRENE DIAZ RODRIGUEZ
112,Un estudio sobre ejercicio físico y cáncer en adolescentes recibe los Premios Nacionales de Investigación en Medicina del Deporte Fundación Cajastur,https://portalinvestigacion.uniovi.es/investigadores/219836/detalle,NICOLAS TERRADOS CEPEDA,Biología Funcional,Intervenciones Traslacionales para la Salud,NICOLAS TERRADOS CEPEDA
113,Una egresada de la Universidad de Oviedo accede a la lista de los 111 jóvenes talentos de España,https://portalinvestigacion.uniovi.es/investigadores/2500137/detalle,MARINA DADER SUAREZ,Estadística e Investigación Operativa y Didáctica de la Matemática,Modelización de la Incertidumbre y la Imprecisión en Teoría de la Decisión,MARINA DADER SUAREZ
114,La spin-off de la Universidad de Oviedo Plexigrid inaugura el Centro de Control del Futuro que emplea la inteligencia artificial para la gestión del sistema eléctrico,https://portalinvestigacion.uniovi.es/investigadores/217811/detalle,SUSANA LUQUE RODRIGUEZ,Química Física y Analítica,"Nanopartículas, Membranas y Bioanálisis",SUSANA LUQUE RODRIGUEZ
114,La spin-off de la Universidad de Oviedo Plexigrid inaugura el Centro de Control del Futuro que emplea la inteligencia artificial para la gestión del sistema eléctrico,https://portalinvestigacion.uniovi.es/investigadores/218344/detalle,MIGUEL ANGEL RODRIGUEZ DIAZ,,Biogeoquímica Ambiental y Materias Primas Minerales,MIGUEL ANGEL RODRIGUEZ DIAZ
114,La spin-off de la Universidad de Oviedo Plexigrid inaugura el Centro de Control del Futuro que emplea la inteligencia artificial para la gestión del sistema eléctrico,https://portalinvestigacion.uniovi.es/investigadores/217764/detalle,HILARIO LOPEZ GARCIA,"Ingeniería Eléctrica, Electrónica, de Comunicaciones y de Sistemas (DIEECS)","Modelado, Inspección, Diagnóstico y Automatización de Sistemas Industriales",HILARIO LOPEZ GARCIA
114,La spin-off de la Universidad de Oviedo Plexigrid inaugura el Centro de Control del Futuro que emplea la inteligencia artificial para la gestión del sistema eléctrico,https://portalinvestigacion.uniovi.es/investigadores/217113/detalle,JUAN DIAZ GONZALEZ,"Ingeniería Eléctrica, Electrónica, de Comunicaciones y de Sistemas (DIEECS)",Grupo de Electrónica para la Innovación Industrial,JUAN DIAZ GONZALEZ
114,La spin-off de la Universidad de Oviedo Plexigrid inaugura el Centro de Control del Futuro que emplea la inteligencia artificial para la gestión del sistema eléctrico,https://portalinvestigacion.uniovi.es/investigadores/218428/detalle,MARIA LUISA SERRANO ORTEGA,Matemáticas,Grupo de Álgebra Numérica y Algorítmica,MARIA LUISA SERRANO ORTEGA
114,La spin-off de la Universidad de Oviedo Plexigrid inaugura el Centro de Control del Futuro que emplea la inteligencia artificial para la gestión del sistema eléctrico,https://portalinvestigacion.uniovi.es/investigadores/219300/detalle,MIGUEL RODRIGUEZ MONTEAVARO,Filología Española,Seminariu de Filoloxía Asturiana,MIGUEL RODRIGUEZ MONTEAVARO
114,La spin-off de la Universidad de Oviedo Plexigrid inaugura el Centro de Control del Futuro que emplea la inteligencia artificial para la gestión del sistema eléctrico,https://portalinvestigacion.uniovi.es/investigadores/217096/detalle,JUAN DIAZ ALVAREZ,,Grupo de Investigación del Instituto Feijoo de Estudios del Siglo XVIII,JUAN DIAZ ALVAREZ
114,La spin-off de la Universidad de Oviedo Plexigrid inaugura el Centro de Control del Futuro que emplea la inteligencia artificial para la gestión del sistema eléctrico,https://portalinvestigacion.uniovi.es/investigadores/218056/detalle,LUIS OREA SANCHEZ,Economía,Oviedo Efficiency Group,LUIS OREA SANCHEZ
114,La spin-off de la Universidad de Oviedo Plexigrid inaugura el Centro de Control del Futuro que emplea la inteligencia artificial para la gestión del sistema eléctrico,https://portalinvestigacion.uniovi.es/investigadores/218110/detalle,INES PEÑUELAS SANCHEZ,,"Simulación Numérica, Modelizacion, Caracterización Mecánica y Optimización Microestructural de Componentes Industriales",INES PEÑUELAS SANCHEZ
114,La spin-off de la Universidad de Oviedo Plexigrid inaugura el Centro de Control del Futuro que emplea la inteligencia artificial para la gestión del sistema eléctrico,https://portalinvestigacion.uniovi.es/investigadores/216900/detalle,PABLO ARBOLEYA ARBOLEYA,"Ingeniería Eléctrica, Electrónica, de Comunicaciones y de Sistemas (DIEECS)",Laboratory for Electrical Energy Management Unified Research,PABLO ARBOLEYA ARBOLEYA
114,La spin-off de la Universidad de Oviedo Plexigrid inaugura el Centro de Control del Futuro que emplea la inteligencia artificial para la gestión del sistema eléctrico,https://portalinvestigacion.uniovi.es/investigadores/218593/detalle,INES MARIA SUAREZ RAMON,Construcción e Ingeniería de Fabricación,"Grupo de Investigación en Construcción Sostenible, Simulación y Ensayo",INES MARIA SUAREZ RAMON
116,La Universidad de Oviedo renueva la Marca Asturiana de Excelencia en Igualdad,https://portalinvestigacion.uniovi.es/investigadores/218181/detalle,LUIS JOSE RODRIGUEZ MUÑIZ,Estadística e Investigación Operativa y Didáctica de la Matemática,Mathematics Education Research Group,LUIS JOSE RODRIGUEZ MUÑIZ
116,La Universidad de Oviedo renueva la Marca Asturiana de Excelencia en Igualdad,https://portalinvestigacion.uniovi.es/investigadores/218355/detalle,JOSE LUIS RODRIGUEZ GALLEGO,,Biogeoquímica Ambiental y Materias Primas Minerales,JOSE LUIS RODRIGUEZ GALLEGO
116,La Universidad de Oviedo renueva la Marca Asturiana de Excelencia en Igualdad,https://portalinvestigacion.uniovi.es/investigadores/218231/detalle,EVA MARIA MENENDEZ SEBASTIAN,Derecho Público,"Servicios Públicos, Administraciones y Garantías",EVA MARIA MENENDEZ SEBASTIAN
116,La Universidad de Oviedo renueva la Marca Asturiana de Excelencia en Igualdad,https://portalinvestigacion.uniovi.es/investigadores/218232/detalle,MARIA DE LA PAZ MENENDEZ SEBASTIAN,Derecho Privado y de la Empresa,Grupo de Investigación en Derecho Social de la Universidad de Oviedo,MARIA DE LA PAZ MENENDEZ SEBASTIAN
117,La Universidad de Oviedo identifica 99 tipos de hábitats en la región ibero-atlántica,https://portalinvestigacion.uniovi.es/investigadores/219672/detalle,Borja Jiménez-Alfaro,,"Biodiversidad, Evolución y Conservación",Borja Jiménez-Alfaro
118,La Universidad de Oviedo y el Principado crean la Cátedra de Políticas Públicas para impulsar su análisis y evaluación en Asturias,https://portalinvestigacion.uniovi.es/investigadores/217811/detalle,SUSANA LUQUE RODRIGUEZ,Química Física y Analítica,"Nanopartículas, Membranas y Bioanálisis",SUSANA LUQUE RODRIGUEZ
118,La Universidad de Oviedo y el Principado crean la Cátedra de Políticas Públicas para impulsar su análisis y evaluación en Asturias,https://portalinvestigacion.uniovi.es/investigadores/218536/detalle,IGNACIO VILLAVERDE MENENDEZ,Derecho Público,Derechos Fundamentales y Constitución,IGNACIO VILLAVERDE MENENDEZ
118,La Universidad de Oviedo y el Principado crean la Cátedra de Políticas Públicas para impulsar su análisis y evaluación en Asturias,https://portalinvestigacion.uniovi.es/investigadores/217093/detalle,FRANCISCO JOSE DELGADO RIVERO,Economía,Gestión Pública,FRANCISCO JOSE DELGADO RIVERO
118,La Universidad de Oviedo y el Principado crean la Cátedra de Políticas Públicas para impulsar su análisis y evaluación en Asturias,https://portalinvestigacion.uniovi.es/investigadores/217221/detalle,VERONICA CAÑAL FERNANDEZ,Economía Cuantitativa,Grupo de Decisión Multicriterio Universidad de Oviedo,VERONICA CAÑAL FERNANDEZ
118,La Universidad de Oviedo y el Principado crean la Cátedra de Políticas Públicas para impulsar su análisis y evaluación en Asturias,https://portalinvestigacion.uniovi.es/investigadores/1931679/detalle,MARIA DEL MAR GARCIA SUAREZ,Física,Magnetism for Health and Environment,MARIA DEL MAR GARCIA SUAREZ
118,La Universidad de Oviedo y el Principado crean la Cátedra de Políticas Públicas para impulsar su análisis y evaluación en Asturias,https://portalinvestigacion.uniovi.es/investigadores/1010272/detalle,JOSE ALBERTO DELGADO ARCOS,Historia,Social Landscapes,JOSE ALBERTO DELGADO ARCOS
118,La Universidad de Oviedo y el Principado crean la Cátedra de Políticas Públicas para impulsar su análisis y evaluación en Asturias,https://portalinvestigacion.uniovi.es/investigadores/217454/detalle,MARIA JOSE GARCIA SALGADO,Ciencias Jurídicas Básicas,Grupo de Investigación de Filosofía y Argumentación Jurídica,MARIA JOSE GARCIA SALGADO
119,Europa exporta los coches usados más contaminantes hacia países con regulaciones ambientales más laxas,https://portalinvestigacion.uniovi.es/investigadores/217079/detalle,MARIA BEGOÑA CUETO IGLESIAS,Economía,Grupo de Investigación en Economía Laboral,MARIA BEGOÑA CUETO IGLESIAS
120,El Campus de Mieres acoge el II Encuentro de la Red DESP-OB para avanzar en el análisis del despoblamiento en España,https://portalinvestigacion.uniovi.es/investigadores/219106/detalle,FERNANDO COLLANTES GUTIERREZ,Economía,"Historia, Economía y Sociedad",FERNANDO COLLANTES GUTIERREZ
120,El Campus de Mieres acoge el II Encuentro de la Red DESP-OB para avanzar en el análisis del despoblamiento en España,https://portalinvestigacion.uniovi.es/investigadores/217723/detalle,ELENA LASARTE NAVAMUEL,Economía Aplicada,Laboratorio de Análisis Económico Regional,ELENA LASARTE NAVAMUEL
120,El Campus de Mieres acoge el II Encuentro de la Red DESP-OB para avanzar en el análisis del despoblamiento en España,https://portalinvestigacion.uniovi.es/investigadores/217640/detalle,MARIA TERESA IGLESIAS GARCIA,Ciencias de la Educación,"Grupo de Investigación sobre Intervención Educativa en el Ámbito Familiar, Escolar y Social",MARIA TERESA IGLESIAS GARCIA
121,La Universidad de Oviedo aprueba la convocatoria de 129 plazas de profesorado para cubrir las necesidades docentes del próximo curso,https://portalinvestigacion.uniovi.es/investigadores/217928/detalle,JUAN MANUEL MARCHANTE GAYON,Química Física y Analítica,Isótopos Estables Enriquecidos,JUAN MANUEL MARCHANTE GAYON
121,La Universidad de Oviedo aprueba la convocatoria de 129 plazas de profesorado para cubrir las necesidades docentes del próximo curso,https://portalinvestigacion.uniovi.es/investigadores/1010273/detalle,IRENE DIAZ MARTINEZ,Historia,Grupo de Investigación en Historia Sociocultural,IRENE DIAZ MARTINEZ
121,La Universidad de Oviedo aprueba la convocatoria de 129 plazas de profesorado para cubrir las necesidades docentes del próximo curso,https://portalinvestigacion.uniovi.es/investigadores/217775/detalle,ALFONSO JOAQUIN LOPEZ MUÑIZ,Morfología y Biología Celular,Sistema Nervioso Periférico y Órganos de los Sentidos,ALFONSO JOAQUIN LOPEZ MUÑIZ
121,La Universidad de Oviedo aprueba la convocatoria de 129 plazas de profesorado para cubrir las necesidades docentes del próximo curso,https://portalinvestigacion.uniovi.es/investigadores/220173/detalle,SANTIAGO ALFONSO LOPEZ NAVIA,Filología Española,Grupo de Estudios Cervantinos,SANTIAGO ALFONSO LOPEZ NAVIA
121,La Universidad de Oviedo aprueba la convocatoria de 129 plazas de profesorado para cubrir las necesidades docentes del próximo curso,https://portalinvestigacion.uniovi.es/investigadores/217124/detalle,SUSANA IRENE DIAZ RODRIGUEZ,Estadística e Investigación Operativa y Didáctica de la Matemática,Modelización de la Incertidumbre y la Imprecisión en Teoría de la Decisión,SUSANA IRENE DIAZ RODRIGUEZ
121,La Universidad de Oviedo aprueba la convocatoria de 129 plazas de profesorado para cubrir las necesidades docentes del próximo curso,https://portalinvestigacion.uniovi.es/investigadores/216770/detalle,PEDRO ALONSO VELAZQUEZ,Estadística e Investigación Operativa y Didáctica de la Matemática,Modelización de la Incertidumbre y la Imprecisión en Teoría de la Decisión,PEDRO ALONSO VELAZQUEZ
122,PlaBiTe gana los Premios EmprendeXXI en Asturias como la start-up con mayor potencial,https://portalinvestigacion.uniovi.es/investigadores/217811/detalle,SUSANA LUQUE RODRIGUEZ,Química Física y Analítica,"Nanopartículas, Membranas y Bioanálisis",SUSANA LUQUE RODRIGUEZ
123,Profesores y estudiantes de la Universidad de Oviedo participan en Lituania en el tercer curso piloto del proyecto europeo TEDI,https://portalinvestigacion.uniovi.es/investigadores/216776/detalle,BRAULIO JOSE ALVAREZ ALVAREZ,Construcción e Ingeniería de Fabricación,Engineering for Precision Manufacturing,BRAULIO JOSE ALVAREZ ALVAREZ
123,Profesores y estudiantes de la Universidad de Oviedo participan en Lituania en el tercer curso piloto del proyecto europeo TEDI,https://portalinvestigacion.uniovi.es/investigadores/218285/detalle,VICTOR MANUEL MEANA DIAZ,Construcción e Ingeniería de Fabricación,Engineering for Precision Manufacturing,VICTOR MANUEL MEANA DIAZ
124,Investigadores de la Universidad de Oviedo apuntan al valor de la prevención escolar para mejorar la salud mental adolescente,https://portalinvestigacion.uniovi.es/investigadores/217052/detalle,MARIA PAZ FERNANDEZ GARCIA,Física,Magnetism for Health and Environment,MARIA PAZ FERNANDEZ GARCIA
124,Investigadores de la Universidad de Oviedo apuntan al valor de la prevención escolar para mejorar la salud mental adolescente,https://portalinvestigacion.uniovi.es/investigadores/217458/detalle,VICTOR MANUEL GARCIA SUAREZ,Matemáticas,"Grupo de Problemas Inversos, Optimizaciòn y Aprendizaje Automático",VICTOR MANUEL GARCIA SUAREZ
124,Investigadores de la Universidad de Oviedo apuntan al valor de la prevención escolar para mejorar la salud mental adolescente,https://portalinvestigacion.uniovi.es/investigadores/217053/detalle,MIGUEL FERNANDEZ GARCIA,"Ingeniería Eléctrica, Electrónica, de Comunicaciones y de Sistemas (DIEECS)",Teoría de la Señal y Comunicaciones,MIGUEL FERNANDEZ GARCIA
124,Investigadores de la Universidad de Oviedo apuntan al valor de la prevención escolar para mejorar la salud mental adolescente,https://portalinvestigacion.uniovi.es/investigadores/1010378/detalle,ANDREA MORENO GONZALEZ,Sociología,Promoviendo el Empleo y el Bienestar en Europa,ANDREA MORENO GONZALEZ
124,Investigadores de la Universidad de Oviedo apuntan al valor de la prevención escolar para mejorar la salud mental adolescente,https://portalinvestigacion.uniovi.es/investigadores/452981/detalle,TANIA FERNANDEZ GARCIA,Economía Aplicada,Laboratorio de Análisis Económico Regional,TANIA FERNANDEZ GARCIA
124,Investigadores de la Universidad de Oviedo apuntan al valor de la prevención escolar para mejorar la salud mental adolescente,https://portalinvestigacion.uniovi.es/investigadores/217047/detalle,CARMEN MARIA FERNANDEZ GARCIA,Ciencias de la Educación,Grupo de Análisis Sociológico y Cultural de los Procesos Escolares y Educativos,CARMEN MARIA FERNANDEZ GARCIA
124,Investigadores de la Universidad de Oviedo apuntan al valor de la prevención escolar para mejorar la salud mental adolescente,https://portalinvestigacion.uniovi.es/investigadores/217046/detalle,CARLOS FERNANDEZ GARCIA,Matemáticas,Análisis Teórico y Numérico de Ecuaciones en Derivadas Parciales,CARLOS FERNANDEZ GARCIA
124,Investigadores de la Universidad de Oviedo apuntan al valor de la prevención escolar para mejorar la salud mental adolescente,https://portalinvestigacion.uniovi.es/investigadores/217045/detalle,BENJAMIN FERNANDEZ GARCIA,Biología Funcional,Intervenciones Traslacionales para la Salud,BENJAMIN FERNANDEZ GARCIA
124,Investigadores de la Universidad de Oviedo apuntan al valor de la prevención escolar para mejorar la salud mental adolescente,https://portalinvestigacion.uniovi.es/investigadores/219152/detalle,MARTA SOLEDAD GARCIA RODRIGUEZ,Ciencias de la Educación,Teaching and Curriculum Group,MARTA SOLEDAD GARCIA RODRIGUEZ
124,Investigadores de la Universidad de Oviedo apuntan al valor de la prevención escolar para mejorar la salud mental adolescente,https://portalinvestigacion.uniovi.es/investigadores/217044/detalle,BEATRIZ FERNANDEZ GARCIA,Química Física y Analítica,Espectrometría y Electroquímica Bionanoanalíticas,BEATRIZ FERNANDEZ GARCIA
124,Investigadores de la Universidad de Oviedo apuntan al valor de la prevención escolar para mejorar la salud mental adolescente,https://portalinvestigacion.uniovi.es/investigadores/217599/detalle,ALFREDO FERNANDEZ OJANGUREN GARCIA COMAS,Biología de Organismos y Sistemas,Diversidad y Conservación Animal,ALFREDO FERNANDEZ OJANGUREN GARCIA COMAS
124,Investigadores de la Universidad de Oviedo apuntan al valor de la prevención escolar para mejorar la salud mental adolescente,https://portalinvestigacion.uniovi.es/investigadores/217398/detalle,VICTOR MANUEL GARCIA FERNANDEZ,"Ingeniería Eléctrica, Electrónica, de Comunicaciones y de Sistemas (DIEECS)","Sistemas de Medidas, Almacenamiento Energético y Aplicaciones Industriales",VICTOR MANUEL GARCIA FERNANDEZ
124,Investigadores de la Universidad de Oviedo apuntan al valor de la prevención escolar para mejorar la salud mental adolescente,https://portalinvestigacion.uniovi.es/investigadores/219111/detalle,ANDREA FERNANDEZ GARCIA,,"Intersecciones: Literaturas, Culturas y Teorías Contemporáneas",ANDREA FERNANDEZ GARCIA
124,Investigadores de la Universidad de Oviedo apuntan al valor de la prevención escolar para mejorar la salud mental adolescente,https://portalinvestigacion.uniovi.es/investigadores/220003/detalle,JUAN ALFONSO FERNANDEZ GARCIA,Historia del Arte y Musicología,"Música, Danza y Estudios Culturales",JUAN ALFONSO FERNANDEZ GARCIA
124,Investigadores de la Universidad de Oviedo apuntan al valor de la prevención escolar para mejorar la salud mental adolescente,https://portalinvestigacion.uniovi.es/investigadores/217049/detalle,FRANCISCO JAVIER FERNANDEZ GARCIA,No especificado,,FRANCISCO JAVIER FERNANDEZ GARCIA
124,Investigadores de la Universidad de Oviedo apuntan al valor de la prevención escolar para mejorar la salud mental adolescente,https://portalinvestigacion.uniovi.es/investigadores/217048/detalle,FELIPE FERNANDEZ GARCIA,Geografía,Análisis y Representación de los Paisajes Geográficos Españoles,FELIPE FERNANDEZ GARCIA
124,Investigadores de la Universidad de Oviedo apuntan al valor de la prevención escolar para mejorar la salud mental adolescente,https://portalinvestigacion.uniovi.es/investigadores/1380611/detalle,ADRIANA DIEZ GOMEZ DEL CASAL,Psicología,Ciencia y Divulgación en Prevención y Salud Mental,ADRIANA DIEZ GOMEZ DEL CASAL
124,Investigadores de la Universidad de Oviedo apuntan al valor de la prevención escolar para mejorar la salud mental adolescente,https://portalinvestigacion.uniovi.es/investigadores/217050/detalle,JOSE FRANCISCO FERNANDEZ GARCIA,No especificado,,JOSE FRANCISCO FERNANDEZ GARCIA
124,Investigadores de la Universidad de Oviedo apuntan al valor de la prevención escolar para mejorar la salud mental adolescente,https://portalinvestigacion.uniovi.es/investigadores/218869/detalle,MARIA FERNANDEZ GARCIA,Biología de Organismos y Sistemas,"Biodiversidad, Conservación y Filogeografía de Plantas Vasculares",MARIA FERNANDEZ GARCIA
124,Investigadores de la Universidad de Oviedo apuntan al valor de la prevención escolar para mejorar la salud mental adolescente,https://portalinvestigacion.uniovi.es/investigadores/217451/detalle,MIGUEL GARCIA RODRIGUEZ,Informática,Computational Reflection Research Group,MIGUEL GARCIA RODRIGUEZ
124,Investigadores de la Universidad de Oviedo apuntan al valor de la prevención escolar para mejorar la salud mental adolescente,https://portalinvestigacion.uniovi.es/investigadores/1301773/detalle,ANDREA FERNANDEZ GARCÍA,,"Grupo Demeter. Maternidad, Genero y Familia",ANDREA FERNANDEZ GARCÍA
124,Investigadores de la Universidad de Oviedo apuntan al valor de la prevención escolar para mejorar la salud mental adolescente,https://portalinvestigacion.uniovi.es/investigadores/217449/detalle,JORGE GARCIA RODRIGUEZ,No especificado,,JORGE GARCIA RODRIGUEZ
124,Investigadores de la Universidad de Oviedo apuntan al valor de la prevención escolar para mejorar la salud mental adolescente,https://portalinvestigacion.uniovi.es/investigadores/217051/detalle,MARIA PAULA FERNANDEZ GARCIA,Psicología,Evaluación Psicométrica y Diseño de Investigación,MARIA PAULA FERNANDEZ GARCIA
124,Investigadores de la Universidad de Oviedo apuntan al valor de la prevención escolar para mejorar la salud mental adolescente,https://portalinvestigacion.uniovi.es/investigadores/217043/detalle,ANA MARIA FERNANDEZ GARCIA,Historia del Arte y Musicología,Escenarios para el Arte,ANA MARIA FERNANDEZ GARCIA
124,Investigadores de la Universidad de Oviedo apuntan al valor de la prevención escolar para mejorar la salud mental adolescente,https://portalinvestigacion.uniovi.es/investigadores/217162/detalle,JOSE MANUEL ERRASTI PEREZ,Psicología,Ciencia y Divulgación en Prevención y Salud Mental,JOSE MANUEL ERRASTI PEREZ
124,Investigadores de la Universidad de Oviedo apuntan al valor de la prevención escolar para mejorar la salud mental adolescente,https://portalinvestigacion.uniovi.es/investigadores/2370664/detalle,SARA FERNANDEZ GARCIA,No especificado,,SARA FERNANDEZ GARCIA
124,Investigadores de la Universidad de Oviedo apuntan al valor de la prevención escolar para mejorar la salud mental adolescente,https://portalinvestigacion.uniovi.es/investigadores/216748/detalle,SUSANA AL-HALABI DIAZ,Psicología,Ciencia y Divulgación en Prevención y Salud Mental,SUSANA AL-HALABI DIAZ
124,Investigadores de la Universidad de Oviedo apuntan al valor de la prevención escolar para mejorar la salud mental adolescente,https://portalinvestigacion.uniovi.es/investigadores/219515/detalle,EDUARDO FONSECA PEDRERO,Psicología,Ciencia y Divulgación en Prevención y Salud Mental,EDUARDO FONSECA PEDRERO
124,Investigadores de la Universidad de Oviedo apuntan al valor de la prevención escolar para mejorar la salud mental adolescente,https://portalinvestigacion.uniovi.es/investigadores/220163/detalle,VICTOR MARTINEZ LOREDO,Psicología,Intervención en Psicología Clínica y de la Salud,VICTOR MARTINEZ LOREDO
124,Investigadores de la Universidad de Oviedo apuntan al valor de la prevención escolar para mejorar la salud mental adolescente,https://portalinvestigacion.uniovi.es/investigadores/217452/detalle,NURIA GARCIA RODRIGUEZ,Administración de Empresas,Smart Marketing Advances in Research and Theory,NURIA GARCIA RODRIGUEZ
126,La Universidad de Oviedo luce la primera escultura de Pablo Serrano en la capital asturiana,https://portalinvestigacion.uniovi.es/investigadores/218536/detalle,IGNACIO VILLAVERDE MENENDEZ,Derecho Público,Derechos Fundamentales y Constitución,IGNACIO VILLAVERDE MENENDEZ
126,La Universidad de Oviedo luce la primera escultura de Pablo Serrano en la capital asturiana,https://portalinvestigacion.uniovi.es/investigadores/219101/detalle,MARIA OLGA ALVAREZ HUERTA,Filología Clásica y Románica,Grupo de Investigación en Estudios Clásicos,MARIA OLGA ALVAREZ HUERTA
127,Un estudio de la Universidad de Oviedo refleja que al menos un tercio de la población española no sigue pautas alimentarias saludables,https://portalinvestigacion.uniovi.es/investigadores/217118/detalle,CECILIA DIAZ MENDEZ,Sociología,Grupo de Investigación en Sociología de la Alimentación,CECILIA DIAZ MENDEZ
127,Un estudio de la Universidad de Oviedo refleja que al menos un tercio de la población española no sigue pautas alimentarias saludables,https://portalinvestigacion.uniovi.es/investigadores/219954/detalle,ANA ISABEL GARCIA DIEZ,,Materials-pro,ANA ISABEL GARCIA DIEZ
127,Un estudio de la Universidad de Oviedo refleja que al menos un tercio de la población española no sigue pautas alimentarias saludables,https://portalinvestigacion.uniovi.es/investigadores/1095900/detalle,MARIA ISABEL GARCIA PEREZ,Filología Clásica y Románica,Voces Femeninas en la Literatura y la Cultura Europeas,MARIA ISABEL GARCIA PEREZ
127,Un estudio de la Universidad de Oviedo refleja que al menos un tercio de la población española no sigue pautas alimentarias saludables,https://portalinvestigacion.uniovi.es/investigadores/220100/detalle,SONIA OTERO ESTEVEZ,Sociología,Grupo de Investigación en Sociología de la Alimentación,SONIA OTERO ESTEVEZ
127,Un estudio de la Universidad de Oviedo refleja que al menos un tercio de la población española no sigue pautas alimentarias saludables,https://portalinvestigacion.uniovi.es/investigadores/217576/detalle,MARIA ISABEL GARCIA ESPEJO,Sociología,Grupo de Investigación en Sociología de la Alimentación,MARIA ISABEL GARCIA ESPEJO
128,La Universidad de Oviedo ensaya el gran eclipse total de agosto con una observación abierta a la sociedad este 29 de abril,https://portalinvestigacion.uniovi.es/investigadores/218464/detalle,MARIA PAZ SUAREZ COALLA,Psicología,Investigación en Neurociencia Cognitiva,MARIA PAZ SUAREZ COALLA
128,La Universidad de Oviedo ensaya el gran eclipse total de agosto con una observación abierta a la sociedad este 29 de abril,https://portalinvestigacion.uniovi.es/investigadores/218536/detalle,IGNACIO VILLAVERDE MENENDEZ,Derecho Público,Derechos Fundamentales y Constitución,IGNACIO VILLAVERDE MENENDEZ
128,La Universidad de Oviedo ensaya el gran eclipse total de agosto con una observación abierta a la sociedad este 29 de abril,https://portalinvestigacion.uniovi.es/investigadores/1010273/detalle,IRENE DIAZ MARTINEZ,Historia,Grupo de Investigación en Historia Sociocultural,IRENE DIAZ MARTINEZ
128,La Universidad de Oviedo ensaya el gran eclipse total de agosto con una observación abierta a la sociedad este 29 de abril,https://portalinvestigacion.uniovi.es/investigadores/217124/detalle,SUSANA IRENE DIAZ RODRIGUEZ,Estadística e Investigación Operativa y Didáctica de la Matemática,Modelización de la Incertidumbre y la Imprecisión en Teoría de la Decisión,SUSANA IRENE DIAZ RODRIGUEZ
128,La Universidad de Oviedo ensaya el gran eclipse total de agosto con una observación abierta a la sociedad este 29 de abril,https://portalinvestigacion.uniovi.es/investigadores/217196/detalle,FRANCISCO JAVIER DE COS JUEZ,Explotación y Prospección de Minas,Grupo de Modelización Matemática Aplicada,FRANCISCO JAVIER DE COS JUEZ
129,Villaverde defiende un cambio de modelo en la movilidad académica hacia alianzas más estructuradas y equitativas,https://portalinvestigacion.uniovi.es/investigadores/218536/detalle,IGNACIO VILLAVERDE MENENDEZ,Derecho Público,Derechos Fundamentales y Constitución,IGNACIO VILLAVERDE MENENDEZ
129,Villaverde defiende un cambio de modelo en la movilidad académica hacia alianzas más estructuradas y equitativas,https://portalinvestigacion.uniovi.es/investigadores/2354604/detalle,PABLO LOPEZ FERNANDEZ,No especificado,,PABLO LOPEZ FERNANDEZ
129,Villaverde defiende un cambio de modelo en la movilidad académica hacia alianzas más estructuradas y equitativas,https://portalinvestigacion.uniovi.es/investigadores/1301906/detalle,ANA MARIA LOPEZ FERNANDEZ,No especificado,,ANA MARIA LOPEZ FERNANDEZ
129,Villaverde defiende un cambio de modelo en la movilidad académica hacia alianzas más estructuradas y equitativas,https://portalinvestigacion.uniovi.es/investigadores/217762/detalle,JESUS ALBERTO LOPEZ FERNANDEZ,"Ingeniería Eléctrica, Electrónica, de Comunicaciones y de Sistemas (DIEECS)",Teoría de la Señal y Comunicaciones,JESUS ALBERTO LOPEZ FERNANDEZ
129,Villaverde defiende un cambio de modelo en la movilidad académica hacia alianzas más estructuradas y equitativas,https://portalinvestigacion.uniovi.es/investigadores/217761/detalle,CARLOS LOPEZ FERNANDEZ,Geología,Procesos Geológicos Modeladores del Relieve de la Cordillera Cantábrica,CARLOS LOPEZ FERNANDEZ
129,Villaverde defiende un cambio de modelo en la movilidad académica hacia alianzas más estructuradas y equitativas,https://portalinvestigacion.uniovi.es/investigadores/217758/detalle,MARIA CONCEPCION LOPEZ DIAZ,Matemáticas,"Grupo de Investigación en Algebra, Codificación y Criptografía",MARIA CONCEPCION LOPEZ DIAZ
130,La Universidad de Oviedo lucirá en su edificio de la calle Independencia la primera escultura de Pablo Serrano en la capital asturiana,https://portalinvestigacion.uniovi.es/investigadores/218536/detalle,IGNACIO VILLAVERDE MENENDEZ,Derecho Público,Derechos Fundamentales y Constitución,IGNACIO VILLAVERDE MENENDEZ
130,La Universidad de Oviedo lucirá en su edificio de la calle Independencia la primera escultura de Pablo Serrano en la capital asturiana,https://portalinvestigacion.uniovi.es/investigadores/219101/detalle,MARIA OLGA ALVAREZ HUERTA,Filología Clásica y Románica,Grupo de Investigación en Estudios Clásicos,MARIA OLGA ALVAREZ HUERTA
131,"Las universidades del G-9 analizan en Palma cambios en la docencia, la evaluación y la ordenación académica",https://portalinvestigacion.uniovi.es/investigadores/217758/detalle,MARIA CONCEPCION LOPEZ DIAZ,Matemáticas,"Grupo de Investigación en Algebra, Codificación y Criptografía",MARIA CONCEPCION LOPEZ DIAZ
131,"Las universidades del G-9 analizan en Palma cambios en la docencia, la evaluación y la ordenación académica",https://portalinvestigacion.uniovi.es/investigadores/217928/detalle,JUAN MANUEL MARCHANTE GAYON,Química Física y Analítica,Isótopos Estables Enriquecidos,JUAN MANUEL MARCHANTE GAYON
132,"La Universidad de Oviedo lleva la cultura, la ciencia y el conocimiento a los concejos asturianos con su programa Cultura Cercana",https://portalinvestigacion.uniovi.es/investigadores/1010407/detalle,ENRIQUE JOSE RODRIGUEZ MARTIN,Informática,Web Semántica Oviedo,ENRIQUE JOSE RODRIGUEZ MARTIN
132,"La Universidad de Oviedo lleva la cultura, la ciencia y el conocimiento a los concejos asturianos con su programa Cultura Cercana",https://portalinvestigacion.uniovi.es/investigadores/218646/detalle,MARCOS RODRIGUEZ PINO,"Ingeniería Eléctrica, Electrónica, de Comunicaciones y de Sistemas (DIEECS)",Teoría de la Señal y Comunicaciones,MARCOS RODRIGUEZ PINO
132,"La Universidad de Oviedo lleva la cultura, la ciencia y el conocimiento a los concejos asturianos con su programa Cultura Cercana",https://portalinvestigacion.uniovi.es/investigadores/1095856/detalle,ENRIQUE RODRIGUEZ RUBIO,Medicina,Uniovi-pediatría,ENRIQUE RODRIGUEZ RUBIO
133,Las láminas didácticas de la Cátedra de Cambio Climático se alzan con un premio internacional de ilustración,https://portalinvestigacion.uniovi.es/investigadores/217570/detalle,LAURA GARCIA DE LA FUENTE,No especificado,,LAURA GARCIA DE LA FUENTE
133,Las láminas didácticas de la Cátedra de Cambio Climático se alzan con un premio internacional de ilustración,https://portalinvestigacion.uniovi.es/investigadores/1301843/detalle,ISABEL MARTINEZ PEREZ,Medicina,Salud y Medio Ambiente,ISABEL MARTINEZ PEREZ
133,Las láminas didácticas de la Cátedra de Cambio Climático se alzan con un premio internacional de ilustración,https://portalinvestigacion.uniovi.es/investigadores/219096/detalle,PEDRO ARCOS GONZÁLEZ,Medicina,Grupo de Epidemiología Ambiental y Molecular,PEDRO ARCOS GONZÁLEZ
133,Las láminas didácticas de la Cátedra de Cambio Climático se alzan con un premio internacional de ilustración,https://portalinvestigacion.uniovi.es/investigadores/218149/detalle,JOSE MANUEL RICO ORDAS,,Ecología y Biogeoquímica Marina,JOSE MANUEL RICO ORDAS
133,Las láminas didácticas de la Cátedra de Cambio Climático se alzan con un premio internacional de ilustración,https://portalinvestigacion.uniovi.es/investigadores/216996/detalle,ARTURO COLINA VUELTA,Geografía,Análisis y Representación de los Paisajes Geográficos Españoles,ARTURO COLINA VUELTA
133,Las láminas didácticas de la Cátedra de Cambio Climático se alzan con un premio internacional de ilustración,https://portalinvestigacion.uniovi.es/investigadores/2237800/detalle,LAURA GARCIA DIAZ,Física,Física de Altas Energías,LAURA GARCIA DIAZ
133,Las láminas didácticas de la Cátedra de Cambio Climático se alzan con un premio internacional de ilustración,https://portalinvestigacion.uniovi.es/investigadores/218040/detalle,ICARO OBESO MUÑIZ,Derecho Público,Grupo de Estudios Jurídico-sociales sobre Territorio y Desarrollo Urbano Sostenible,ICARO OBESO MUÑIZ
133,Las láminas didácticas de la Cátedra de Cambio Climático se alzan con un premio internacional de ilustración,https://portalinvestigacion.uniovi.es/investigadores/218150/detalle,MANUEL RICO SECADES,"Ingeniería Eléctrica, Electrónica, de Comunicaciones y de Sistemas (DIEECS)","Grupo de Conversión Eficiente de Energía, Electrónica Industrial e Iluminación",MANUEL RICO SECADES
133,Las láminas didácticas de la Cátedra de Cambio Climático se alzan con un premio internacional de ilustración,https://portalinvestigacion.uniovi.es/investigadores/217903/detalle,DANIEL HERRERA ARENAS,Geografía,Análisis y Representación de los Paisajes Geográficos Españoles,DANIEL HERRERA ARENAS
133,Las láminas didácticas de la Cátedra de Cambio Climático se alzan con un premio internacional de ilustración,https://portalinvestigacion.uniovi.es/investigadores/219660/detalle,ANTONIO TORRALBA BURRIAL,Estadística e Investigación Operativa y Didáctica de la Matemática,Grupo de Investigación en Riesgos Naturales,ANTONIO TORRALBA BURRIAL
134,La Defensoría Universitaria de la Universidad de Oviedo superó las 300 actuaciones durante el año pasado,https://portalinvestigacion.uniovi.es/investigadores/217169/detalle,ANGEL ESPINIELLA MENENDEZ,Derecho Privado y de la Empresa,Grupo de Derecho Internacional Privado de la Universidad de Oviedo,ANGEL ESPINIELLA MENENDEZ
134,La Defensoría Universitaria de la Universidad de Oviedo superó las 300 actuaciones durante el año pasado,https://portalinvestigacion.uniovi.es/investigadores/218539/detalle,MARIA ISABEL VIÑA OLAY,Construcción e Ingeniería de Fabricación,Integridad Estructural: Materiales y Estructuras,MARIA ISABEL VIÑA OLAY
135,La Universidad de Oviedo acerca el patrimonio cultural a la sociedad con visitas guiadas gratuitas en el Día Internacional de los Monumentos y los Sitios,https://portalinvestigacion.uniovi.es/investigadores/216950/detalle,PEDRO DOMINGO ALVAREZ LLORET,Geología,"Recursos, Yacimientos Minerales y Medio Ambiente",PEDRO DOMINGO ALVAREZ LLORET
136,"Alcón destaca el papel de las alianzas y la internacionalización en el futuro de la universidad en la presentación de ""Universidad 2026""",https://portalinvestigacion.uniovi.es/investigadores/218801/detalle,FRANCISCO GARCIA RIESGO,Explotación y Prospección de Minas,Grupo de Modelización Matemática Aplicada,FRANCISCO GARCIA RIESGO
137,La Universidad de Oviedo impulsa su proyección cultural con una edición extendida del Festival musicUO,https://portalinvestigacion.uniovi.es/investigadores/216887/detalle,JAVIER DE ANDRES SUAREZ,Contabilidad,Nuevas Tecnologías y Análisis Económico-financiero,JAVIER DE ANDRES SUAREZ
137,La Universidad de Oviedo impulsa su proyección cultural con una edición extendida del Festival musicUO,https://portalinvestigacion.uniovi.es/investigadores/216929/detalle,DAVID ALVAREZ FERNANDEZ,Biología de Organismos y Sistemas,Diversidad y Conservación Animal,DAVID ALVAREZ FERNANDEZ
137,La Universidad de Oviedo impulsa su proyección cultural con una edición extendida del Festival musicUO,https://portalinvestigacion.uniovi.es/investigadores/219637/detalle,MARIA SANHUESA FONSECA,Historia del Arte y Musicología,"Edición, Investigación y Análisis del Patrimonio Musical Español XIX - XX",MARIA SANHUESA FONSECA
137,La Universidad de Oviedo impulsa su proyección cultural con una edición extendida del Festival musicUO,https://portalinvestigacion.uniovi.es/investigadores/219098/detalle,DAVID ALVAREZ GARCIA,Psicología,"Grupo de Aprendizaje Escolar, Dificultades y Rendimiento Académico",DAVID ALVAREZ GARCIA
137,La Universidad de Oviedo impulsa su proyección cultural con una edición extendida del Festival musicUO,https://portalinvestigacion.uniovi.es/investigadores/2354774/detalle,RAMON SOBRINO CORTIZO,Historia del Arte y Musicología,"Edición, Investigación y Análisis del Patrimonio Musical Español XIX - XX",RAMON SOBRINO CORTIZO
137,La Universidad de Oviedo impulsa su proyección cultural con una edición extendida del Festival musicUO,https://portalinvestigacion.uniovi.es/investigadores/218413/detalle,MARIA LETICIA SANTOS VIJANDE,Administración de Empresas,Smart Marketing Advances in Research and Theory,MARIA LETICIA SANTOS VIJANDE
137,La Universidad de Oviedo impulsa su proyección cultural con una edición extendida del Festival musicUO,https://portalinvestigacion.uniovi.es/investigadores/218442/detalle,RAMON SOBRINO SANCHEZ,Historia del Arte y Musicología,"Edición, Investigación y Análisis del Patrimonio Musical Español XIX - XX",RAMON SOBRINO SANCHEZ
137,La Universidad de Oviedo impulsa su proyección cultural con una edición extendida del Festival musicUO,https://portalinvestigacion.uniovi.es/investigadores/218495/detalle,PABLO ZAPICO GARCIA,Construcción e Ingeniería de Fabricación,Engineering for Precision Manufacturing,PABLO ZAPICO GARCIA
137,La Universidad de Oviedo impulsa su proyección cultural con una edición extendida del Festival musicUO,https://portalinvestigacion.uniovi.es/investigadores/218311/detalle,PEDRO PLASENCIA LOZANO,No especificado,,PEDRO PLASENCIA LOZANO
138,La alianza INGENIUM supera su primera evaluación internacional que destaca su potencial transformador y solidez cultural,https://portalinvestigacion.uniovi.es/investigadores/218536/detalle,IGNACIO VILLAVERDE MENENDEZ,Derecho Público,Derechos Fundamentales y Constitución,IGNACIO VILLAVERDE MENENDEZ
139,La Sala de Exposiciones de la Universidad de Oviedo invita a la reflexión a través del arte contemporáneo brasileño,https://portalinvestigacion.uniovi.es/investigadores/1095823/detalle,RODRIGO CUETO GARCIA,Historia,Grupo de Investigación en Historia Sociocultural,RODRIGO CUETO GARCIA
139,La Sala de Exposiciones de la Universidad de Oviedo invita a la reflexión a través del arte contemporáneo brasileño,https://portalinvestigacion.uniovi.es/investigadores/219413/detalle,PEDRO GONZALEZ MENENDEZ,Morfología y Biología Celular,Biología Redox,PEDRO GONZALEZ MENENDEZ
139,La Sala de Exposiciones de la Universidad de Oviedo invita a la reflexión a través del arte contemporáneo brasileño,https://portalinvestigacion.uniovi.es/investigadores/219809/detalle,SILVIA MEDINA QUINTANA,,"Grupo Demeter. Maternidad, Genero y Familia",SILVIA MEDINA QUINTANA
140,Una investigación de la Universidad de Oviedo revela que las empresas europeas aún ocultan gran parte de su impacto ambiental,https://portalinvestigacion.uniovi.es/investigadores/216887/detalle,JAVIER DE ANDRES SUAREZ,Contabilidad,Nuevas Tecnologías y Análisis Económico-financiero,JAVIER DE ANDRES SUAREZ
140,Una investigación de la Universidad de Oviedo revela que las empresas europeas aún ocultan gran parte de su impacto ambiental,https://portalinvestigacion.uniovi.es/investigadores/217791/detalle,PEDRO LORCA FERNANDEZ,Contabilidad,Nuevas Tecnologías y Análisis Económico-financiero,PEDRO LORCA FERNANDEZ
141,La alianza INGENIUM se somete en Oviedo a su primera evaluación internacional,https://portalinvestigacion.uniovi.es/investigadores/2355321/detalle,LUIS ALFONSO DIAZ SECADES,No especificado,,LUIS ALFONSO DIAZ SECADES
141,La alianza INGENIUM se somete en Oviedo a su primera evaluación internacional,https://portalinvestigacion.uniovi.es/investigadores/218536/detalle,IGNACIO VILLAVERDE MENENDEZ,Derecho Público,Derechos Fundamentales y Constitución,IGNACIO VILLAVERDE MENENDEZ
141,La alianza INGENIUM se somete en Oviedo a su primera evaluación internacional,https://portalinvestigacion.uniovi.es/investigadores/217129/detalle,JOSE LUIS DIAZ DE ARRIBA,,Autogestión de Sistemas Informáticos | Ingeniería de Computadores,JOSE LUIS DIAZ DE ARRIBA
142,Ingenieros españoles y británicos prueban con éxito un sistema híbrido de energía solar y fuentes nucleares para alimentar misiones espaciales,https://portalinvestigacion.uniovi.es/investigadores/217321/detalle,PABLO FERNANDEZ MIAJA,"Ingeniería Eléctrica, Electrónica, de Comunicaciones y de Sistemas (DIEECS)",Sistemas Electrónicos de Alimentación,PABLO FERNANDEZ MIAJA
142,Ingenieros españoles y británicos prueban con éxito un sistema híbrido de energía solar y fuentes nucleares para alimentar misiones espaciales,https://portalinvestigacion.uniovi.es/investigadores/217019/detalle,MARIA DEL MAR FERNANDEZ ALVAREZ,Medicina,"Entorno, Conductas y Salud",MARIA DEL MAR FERNANDEZ ALVAREZ
142,Ingenieros españoles y británicos prueban con éxito un sistema híbrido de energía solar y fuentes nucleares para alimentar misiones espaciales,https://portalinvestigacion.uniovi.es/investigadores/217593/detalle,LUIS ANTONIO FERNANDEZ VILLAZON,Derecho Privado y de la Empresa,Grupo de Investigación en Derecho Social de la Universidad de Oviedo,LUIS ANTONIO FERNANDEZ VILLAZON
142,Ingenieros españoles y británicos prueban con éxito un sistema híbrido de energía solar y fuentes nucleares para alimentar misiones espaciales,https://portalinvestigacion.uniovi.es/investigadores/1931688/detalle,ANTONIO FERNANDEZ FERNANDEZ,Geografía,Grupo de Estudios en Ambientes Fríos y de Montaña,ANTONIO FERNANDEZ FERNANDEZ
142,Ingenieros españoles y británicos prueban con éxito un sistema híbrido de energía solar y fuentes nucleares para alimentar misiones espaciales,https://portalinvestigacion.uniovi.es/investigadores/1116426/detalle,JOSE ANTONIO FERNANDEZ ALVAREZ,"Ingeniería Eléctrica, Electrónica, de Comunicaciones y de Sistemas (DIEECS)",Sistemas Electrónicos de Alimentación,JOSE ANTONIO FERNANDEZ ALVAREZ
142,Ingenieros españoles y británicos prueban con éxito un sistema híbrido de energía solar y fuentes nucleares para alimentar misiones espaciales,https://portalinvestigacion.uniovi.es/investigadores/217020/detalle,PEDRO FERNANDEZ ALVAREZ,Construcción e Ingeniería de Fabricación,Engineering for Precision Manufacturing,PEDRO FERNANDEZ ALVAREZ
142,Ingenieros españoles y británicos prueban con éxito un sistema híbrido de energía solar y fuentes nucleares para alimentar misiones espaciales,https://portalinvestigacion.uniovi.es/investigadores/219706/detalle,MIGUEL ANTONIO FERNANDEZ MARQUEZ,Biología de Organismos y Sistemas,"Biodiversidad, Conservación y Filogeografía de Plantas Vasculares",MIGUEL ANTONIO FERNANDEZ MARQUEZ
142,Ingenieros españoles y británicos prueban con éxito un sistema híbrido de energía solar y fuentes nucleares para alimentar misiones espaciales,https://portalinvestigacion.uniovi.es/investigadores/1301703/detalle,AITOR NICOLAS FERNANDEZ ALVAREZ,No especificado,,AITOR NICOLAS FERNANDEZ ALVAREZ
142,Ingenieros españoles y británicos prueban con éxito un sistema híbrido de energía solar y fuentes nucleares para alimentar misiones espaciales,https://portalinvestigacion.uniovi.es/investigadores/219680/detalle,DANIEL FERNANDEZ ALVAREZ,Informática,Web Semántica Oviedo,DANIEL FERNANDEZ ALVAREZ
142,Ingenieros españoles y británicos prueban con éxito un sistema híbrido de energía solar y fuentes nucleares para alimentar misiones espaciales,https://portalinvestigacion.uniovi.es/investigadores/217017/detalle,JOSE PAULINO FERNANDEZ ALVAREZ,,Materials-pro,JOSE PAULINO FERNANDEZ ALVAREZ
142,Ingenieros españoles y británicos prueban con éxito un sistema híbrido de energía solar y fuentes nucleares para alimentar misiones espaciales,https://portalinvestigacion.uniovi.es/investigadores/217016/detalle,ALBERTO MANUEL FERNANDEZ ALVAREZ,Informática,Computational Reflection Research Group,ALBERTO MANUEL FERNANDEZ ALVAREZ
143,El Museo de la Ciencia de Valladolid instala en su exposición permanente la primera tabla periódica del mundo en lengua de signos,https://portalinvestigacion.uniovi.es/investigadores/218778/detalle,JAVIER MARTIN SANCHEZ,Física,Grupo de Nanociencia,JAVIER MARTIN SANCHEZ
144,La alianza europea INGENIUM pondrá en marcha el próximo curso académico su primer máster oficial,https://portalinvestigacion.uniovi.es/investigadores/218464/detalle,MARIA PAZ SUAREZ COALLA,Psicología,Investigación en Neurociencia Cognitiva,MARIA PAZ SUAREZ COALLA
144,La alianza europea INGENIUM pondrá en marcha el próximo curso académico su primer máster oficial,https://portalinvestigacion.uniovi.es/investigadores/218536/detalle,IGNACIO VILLAVERDE MENENDEZ,Derecho Público,Derechos Fundamentales y Constitución,IGNACIO VILLAVERDE MENENDEZ
144,La alianza europea INGENIUM pondrá en marcha el próximo curso académico su primer máster oficial,https://portalinvestigacion.uniovi.es/investigadores/217928/detalle,JUAN MANUEL MARCHANTE GAYON,Química Física y Analítica,Isótopos Estables Enriquecidos,JUAN MANUEL MARCHANTE GAYON
144,La alianza europea INGENIUM pondrá en marcha el próximo curso académico su primer máster oficial,https://portalinvestigacion.uniovi.es/investigadores/1010273/detalle,IRENE DIAZ MARTINEZ,Historia,Grupo de Investigación en Historia Sociocultural,IRENE DIAZ MARTINEZ
144,La alianza europea INGENIUM pondrá en marcha el próximo curso académico su primer máster oficial,https://portalinvestigacion.uniovi.es/investigadores/217775/detalle,ALFONSO JOAQUIN LOPEZ MUÑIZ,Morfología y Biología Celular,Sistema Nervioso Periférico y Órganos de los Sentidos,ALFONSO JOAQUIN LOPEZ MUÑIZ
144,La alianza europea INGENIUM pondrá en marcha el próximo curso académico su primer máster oficial,https://portalinvestigacion.uniovi.es/investigadores/220173/detalle,SANTIAGO ALFONSO LOPEZ NAVIA,Filología Española,Grupo de Estudios Cervantinos,SANTIAGO ALFONSO LOPEZ NAVIA
144,La alianza europea INGENIUM pondrá en marcha el próximo curso académico su primer máster oficial,https://portalinvestigacion.uniovi.es/investigadores/217124/detalle,SUSANA IRENE DIAZ RODRIGUEZ,Estadística e Investigación Operativa y Didáctica de la Matemática,Modelización de la Incertidumbre y la Imprecisión en Teoría de la Decisión,SUSANA IRENE DIAZ RODRIGUEZ
144,La alianza europea INGENIUM pondrá en marcha el próximo curso académico su primer máster oficial,https://portalinvestigacion.uniovi.es/investigadores/216770/detalle,PEDRO ALONSO VELAZQUEZ,Estadística e Investigación Operativa y Didáctica de la Matemática,Modelización de la Incertidumbre y la Imprecisión en Teoría de la Decisión,PEDRO ALONSO VELAZQUEZ
146,CRUE celebra su primera Asamblea General del año en Baleares con el reto de redefinir la financiación de las universidades públicas,https://portalinvestigacion.uniovi.es/investigadores/218536/detalle,IGNACIO VILLAVERDE MENENDEZ,Derecho Público,Derechos Fundamentales y Constitución,IGNACIO VILLAVERDE MENENDEZ
146,CRUE celebra su primera Asamblea General del año en Baleares con el reto de redefinir la financiación de las universidades públicas,https://portalinvestigacion.uniovi.es/investigadores/218481/detalle,JOSE ANTONIO VEGA ALVAREZ,Morfología y Biología Celular,Sistema Nervioso Periférico y Órganos de los Sentidos,JOSE ANTONIO VEGA ALVAREZ
147,Nueve de cada diez adolescentes asturianos consumen bebidas azucaradas de forma habitual u ocasional,https://portalinvestigacion.uniovi.es/investigadores/1010280/detalle,LUCIA FERNANDEZ ARCE,Medicina,Salud y Medio Ambiente,LUCIA FERNANDEZ ARCE
147,Nueve de cada diez adolescentes asturianos consumen bebidas azucaradas de forma habitual u ocasional,https://portalinvestigacion.uniovi.es/investigadores/217949/detalle,RUBEN MARTIN PAYO,Medicina,"Entorno, Conductas y Salud",RUBEN MARTIN PAYO
147,Nueve de cada diez adolescentes asturianos consumen bebidas azucaradas de forma habitual u ocasional,https://portalinvestigacion.uniovi.es/investigadores/217019/detalle,MARIA DEL MAR FERNANDEZ ALVAREZ,Medicina,"Entorno, Conductas y Salud",MARIA DEL MAR FERNANDEZ ALVAREZ
147,Nueve de cada diez adolescentes asturianos consumen bebidas azucaradas de forma habitual u ocasional,https://portalinvestigacion.uniovi.es/investigadores/217505/detalle,CAROLINA FERNANDEZ RODRIGUEZ,"Filología Inglesa, Francesa y Alemana","Literatura, Identidad y Traducción Cultural",CAROLINA FERNANDEZ RODRIGUEZ
149,Un estudio internacional revela que las aves de montaña son únicas y especialmente vulnerables al cambio climático,https://portalinvestigacion.uniovi.es/investigadores/219065/detalle,TERESA MORAN LOPEZ,Biología de Organismos y Sistemas,Laboratorio de Biodiversidad y Servicios de los Ecosistemas,TERESA MORAN LOPEZ
151,La Universidad de Oviedo avanza en su nuevo modelo de docencia para afrontar los desafíos formativos del siglo XXI,https://portalinvestigacion.uniovi.es/investigadores/218536/detalle,IGNACIO VILLAVERDE MENENDEZ,Derecho Público,Derechos Fundamentales y Constitución,IGNACIO VILLAVERDE MENENDEZ
151,La Universidad de Oviedo avanza en su nuevo modelo de docencia para afrontar los desafíos formativos del siglo XXI,https://portalinvestigacion.uniovi.es/investigadores/217928/detalle,JUAN MANUEL MARCHANTE GAYON,Química Física y Analítica,Isótopos Estables Enriquecidos,JUAN MANUEL MARCHANTE GAYON
153,La mayoría de los universitarios fallan al distinguir noticias científicas verdaderas y falsas publicadas en redes sociales,https://portalinvestigacion.uniovi.es/investigadores/218756/detalle,NEREA LOPEZ BOUZAS,Ciencias de la Educación,Gi Tecn@: Tecnología y Aprendizaje,NEREA LOPEZ BOUZAS
153,La mayoría de los universitarios fallan al distinguir noticias científicas verdaderas y falsas publicadas en redes sociales,https://portalinvestigacion.uniovi.es/investigadores/219556/detalle,MARIA CARMEN BELLVER MORENO,Ciencias de la Educación,Gi Tecn@: Tecnología y Aprendizaje,MARIA CARMEN BELLVER MORENO
153,La mayoría de los universitarios fallan al distinguir noticias científicas verdaderas y falsas publicadas en redes sociales,https://portalinvestigacion.uniovi.es/investigadores/217246/detalle,JONATHAN CASTAÑEDA FERNANDEZ,Ciencias de la Educación,Gi Tecn@: Tecnología y Aprendizaje,JONATHAN CASTAÑEDA FERNANDEZ
154,Las insignias de oro y plata de la Universidad de Oviedo reconocen el compromiso del personal que alcanza la jubilación tras varias décadas de trabajo,https://portalinvestigacion.uniovi.es/investigadores/217463/detalle,PABLO GARCIA VALDES,Filología Clásica y Románica,Voces Femeninas en la Literatura y la Cultura Europeas,PABLO GARCIA VALDES
154,Las insignias de oro y plata de la Universidad de Oviedo reconocen el compromiso del personal que alcanza la jubilación tras varias décadas de trabajo,https://portalinvestigacion.uniovi.es/investigadores/218536/detalle,IGNACIO VILLAVERDE MENENDEZ,Derecho Público,Derechos Fundamentales y Constitución,IGNACIO VILLAVERDE MENENDEZ
155,"El rector inaugura la exposición “Lángara, el señor de los goles”",https://portalinvestigacion.uniovi.es/investigadores/218536/detalle,IGNACIO VILLAVERDE MENENDEZ,Derecho Público,Derechos Fundamentales y Constitución,IGNACIO VILLAVERDE MENENDEZ
155,"El rector inaugura la exposición “Lángara, el señor de los goles”",https://portalinvestigacion.uniovi.es/investigadores/219959/detalle,JAVIER FERNANDEZ GONZALEZ,,Materials-pro,JAVIER FERNANDEZ GONZALEZ
155,"El rector inaugura la exposición “Lángara, el señor de los goles”",https://portalinvestigacion.uniovi.es/investigadores/1095840/detalle,INES MARTIN PEREZ,"Filología Inglesa, Francesa y Alemana",Dinámicas Argumentativas y Operadores Semántico-pragmáticos,INES MARTIN PEREZ
155,"El rector inaugura la exposición “Lángara, el señor de los goles”",https://portalinvestigacion.uniovi.es/investigadores/218879/detalle,LUIS JAVIER FERNANDEZ MENENDEZ,Física,"Grupo de Espectroscopia, Láseres y Plasmas",LUIS JAVIER FERNANDEZ MENENDEZ
155,"El rector inaugura la exposición “Lángara, el señor de los goles”",https://portalinvestigacion.uniovi.es/investigadores/219035/detalle,JAVIER FERNANDEZ REYNES,Química Orgánica e Inorgánica,Química de Moléculas y Macromoléculas Inorgánicas,JAVIER FERNANDEZ REYNES
155,"El rector inaugura la exposición “Lángara, el señor de los goles”",https://portalinvestigacion.uniovi.es/investigadores/217503/detalle,FRANCISCO JAVIER FERNANDEZ RIO,Ciencias de la Educación,"Educación, Actividad Física, Deporte y Salud",FRANCISCO JAVIER FERNANDEZ RIO
155,"El rector inaugura la exposición “Lángara, el señor de los goles”",https://portalinvestigacion.uniovi.es/investigadores/219567/detalle,COVADONGA SAN MIGUEL LLORENTE,"Filología Inglesa, Francesa y Alemana","Grupo ""Otras Lenguas"" de Investigación en Estudios Ingleses, Franceses, Alemanes, Portugueses, Italianos y Neogriegos: Intersecciones Histórico-literarias y Fenómenos de Proyección y Recepción Cultural",COVADONGA SAN MIGUEL LLORENTE
155,"El rector inaugura la exposición “Lángara, el señor de los goles”",https://portalinvestigacion.uniovi.es/investigadores/217636/detalle,JAVIER FERNANDEZ MENENDEZ,Física,Física de Altas Energías,JAVIER FERNANDEZ MENENDEZ
155,"El rector inaugura la exposición “Lángara, el señor de los goles”",https://portalinvestigacion.uniovi.es/investigadores/218865/detalle,JAVIER FERNANDEZ FERNANDEZ,,Biotecnología de Nutracéuticos y Compuestos Bioactivos,JAVIER FERNANDEZ FERNANDEZ
155,"El rector inaugura la exposición “Lángara, el señor de los goles”",https://portalinvestigacion.uniovi.es/investigadores/218878/detalle,JAVIER FERNANDEZ MATEOS,Bioquímica y Biología Molecular,"Genomas, Cáncer y Envejecimiento",JAVIER FERNANDEZ MATEOS
155,"El rector inaugura la exposición “Lángara, el señor de los goles”",https://portalinvestigacion.uniovi.es/investigadores/217049/detalle,FRANCISCO JAVIER FERNANDEZ GARCIA,No especificado,,FRANCISCO JAVIER FERNANDEZ GARCIA
156,Investigadores de la Universidad de Oviedo revelan la falta de programas para abordar el tabaquismo en personas con discapacidad intelectual,https://portalinvestigacion.uniovi.es/investigadores/218786/detalle,MARIA GARCIA FERNANDEZ,"Ingeniería Eléctrica, Electrónica, de Comunicaciones y de Sistemas (DIEECS)",Teoría de la Señal y Comunicaciones,MARIA GARCIA FERNANDEZ
156,Investigadores de la Universidad de Oviedo revelan la falta de programas para abordar el tabaquismo en personas con discapacidad intelectual,https://portalinvestigacion.uniovi.es/investigadores/217584/detalle,PABLO GARCIA FERNANDEZ,"Ingeniería Eléctrica, Electrónica, de Comunicaciones y de Sistemas (DIEECS)",Laboratory for Electrical Energy Management Unified Research,PABLO GARCIA FERNANDEZ
156,Investigadores de la Universidad de Oviedo revelan la falta de programas para abordar el tabaquismo en personas con discapacidad intelectual,https://portalinvestigacion.uniovi.es/investigadores/1301794/detalle,ELENA AMALIA UDEANU,Psicología,Grupo de Investigación sobre Discapacidad,ELENA AMALIA UDEANU
156,Investigadores de la Universidad de Oviedo revelan la falta de programas para abordar el tabaquismo en personas con discapacidad intelectual,https://portalinvestigacion.uniovi.es/investigadores/218785/detalle,JAIME GARCIA FERNANDEZ,Psicología,Evaluación Psicométrica y Diseño de Investigación,JAIME GARCIA FERNANDEZ
156,Investigadores de la Universidad de Oviedo revelan la falta de programas para abordar el tabaquismo en personas con discapacidad intelectual,https://portalinvestigacion.uniovi.es/investigadores/217397/detalle,TRINIDAD GARCIA FERNANDEZ,Psicología,"Grupo de Aprendizaje Escolar, Dificultades y Rendimiento Académico",TRINIDAD GARCIA FERNANDEZ
156,Investigadores de la Universidad de Oviedo revelan la falta de programas para abordar el tabaquismo en personas con discapacidad intelectual,https://portalinvestigacion.uniovi.es/investigadores/217585/detalle,ROBERTO GARCIA FERNANDEZ,Informática,Investigación de Sistemas Multimedia e Internet de las Cosas,ROBERTO GARCIA FERNANDEZ
156,Investigadores de la Universidad de Oviedo revelan la falta de programas para abordar el tabaquismo en personas con discapacidad intelectual,https://portalinvestigacion.uniovi.es/investigadores/218447/detalle,PATRICIA SOLIS GARCIA,Psicología,Grupo de Investigación sobre Discapacidad,PATRICIA SOLIS GARCIA
156,Investigadores de la Universidad de Oviedo revelan la falta de programas para abordar el tabaquismo en personas con discapacidad intelectual,https://portalinvestigacion.uniovi.es/investigadores/217580/detalle,JOSE GARCIA FERNANDEZ,Filología Clásica y Románica,Voces Femeninas en la Literatura y la Cultura Europeas,JOSE GARCIA FERNANDEZ
156,Investigadores de la Universidad de Oviedo revelan la falta de programas para abordar el tabaquismo en personas con discapacidad intelectual,https://portalinvestigacion.uniovi.es/investigadores/217398/detalle,VICTOR MANUEL GARCIA FERNANDEZ,"Ingeniería Eléctrica, Electrónica, de Comunicaciones y de Sistemas (DIEECS)","Sistemas de Medidas, Almacenamiento Energético y Aplicaciones Industriales",VICTOR MANUEL GARCIA FERNANDEZ
156,Investigadores de la Universidad de Oviedo revelan la falta de programas para abordar el tabaquismo en personas con discapacidad intelectual,https://portalinvestigacion.uniovi.es/investigadores/219166/detalle,JAVIER GARCIA FERNANDEZ,Física,Magnetismo de Materiales y Nanomateriales,JAVIER GARCIA FERNANDEZ
156,Investigadores de la Universidad de Oviedo revelan la falta de programas para abordar el tabaquismo en personas con discapacidad intelectual,https://portalinvestigacion.uniovi.es/investigadores/217579/detalle,GLORIA GARCIA FERNANDEZ,No especificado,,GLORIA GARCIA FERNANDEZ
156,Investigadores de la Universidad de Oviedo revelan la falta de programas para abordar el tabaquismo en personas con discapacidad intelectual,https://portalinvestigacion.uniovi.es/investigadores/1010303/detalle,IRENE GARCIA FERNANDEZ,No especificado,,IRENE GARCIA FERNANDEZ
156,Investigadores de la Universidad de Oviedo revelan la falta de programas para abordar el tabaquismo en personas con discapacidad intelectual,https://portalinvestigacion.uniovi.es/investigadores/218788/detalle,NATALIA GARCIA FERNANDEZ,Construcción e Ingeniería de Fabricación,"Dynamics, Materials and Structures",NATALIA GARCIA FERNANDEZ
157,"La estudiante asturiana Raquel Hidalgo Suárez, del IES Aramo (Oviedo), logra la medalla de bronce en la Olimpiada Española de Biología",https://portalinvestigacion.uniovi.es/investigadores/217704/detalle,EVA MARTINEZ PINILLA,Morfología y Biología Celular,Grupo de Envejecimiento Cerebral y Enfermedades Neurodegenerativas,EVA MARTINEZ PINILLA
157,"La estudiante asturiana Raquel Hidalgo Suárez, del IES Aramo (Oviedo), logra la medalla de bronce en la Olimpiada Española de Biología",https://portalinvestigacion.uniovi.es/investigadores/217078/detalle,CANDELA CUESTA MOLINER,,Biogeoquímica Ambiental y Materias Primas Minerales,CANDELA CUESTA MOLINER
157,"La estudiante asturiana Raquel Hidalgo Suárez, del IES Aramo (Oviedo), logra la medalla de bronce en la Olimpiada Española de Biología",https://portalinvestigacion.uniovi.es/investigadores/216992/detalle,EDUARDO CIRES RODRIGUEZ,Biología de Organismos y Sistemas,"Biodiversidad, Conservación y Filogeografía de Plantas Vasculares",EDUARDO CIRES RODRIGUEZ
158,Los profesores de la Universidad de Oviedo Celestino Rodríguez y Marisol Cueli logran el premio Samuel Kirk al mejor artículo internacional sobre dificultades de aprendizaje,https://portalinvestigacion.uniovi.es/investigadores/218643/detalle,CELESTINO RODRIGUEZ PEREZ,Psicología,"Grupo de Aprendizaje Escolar, Dificultades y Rendimiento Académico",CELESTINO RODRIGUEZ PEREZ
159,La Universidad de Oviedo registra un récord de ofertas laborales en el Foro de Empleo con 175 puestos para 44 empresas,https://portalinvestigacion.uniovi.es/investigadores/218536/detalle,IGNACIO VILLAVERDE MENENDEZ,Derecho Público,Derechos Fundamentales y Constitución,IGNACIO VILLAVERDE MENENDEZ
159,La Universidad de Oviedo registra un récord de ofertas laborales en el Foro de Empleo con 175 puestos para 44 empresas,https://portalinvestigacion.uniovi.es/investigadores/217775/detalle,ALFONSO JOAQUIN LOPEZ MUÑIZ,Morfología y Biología Celular,Sistema Nervioso Periférico y Órganos de los Sentidos,ALFONSO JOAQUIN LOPEZ MUÑIZ
159,La Universidad de Oviedo registra un récord de ofertas laborales en el Foro de Empleo con 175 puestos para 44 empresas,https://portalinvestigacion.uniovi.es/investigadores/220173/detalle,SANTIAGO ALFONSO LOPEZ NAVIA,Filología Española,Grupo de Estudios Cervantinos,SANTIAGO ALFONSO LOPEZ NAVIA
159,La Universidad de Oviedo registra un récord de ofertas laborales en el Foro de Empleo con 175 puestos para 44 empresas,https://portalinvestigacion.uniovi.es/investigadores/218056/detalle,LUIS OREA SANCHEZ,Economía,Oviedo Efficiency Group,LUIS OREA SANCHEZ
159,La Universidad de Oviedo registra un récord de ofertas laborales en el Foro de Empleo con 175 puestos para 44 empresas,https://portalinvestigacion.uniovi.es/investigadores/219789/detalle,CLARA ILHAM ALVAREZ DOPICO,Filología Española,Seminario de Estudios Árabo-románicos,CLARA ILHAM ALVAREZ DOPICO
161,"El investigador Jorge González-Rodríguez, del Departamento de Química Orgánica e Inorgánica de la Universidad de Oviedo, se alza con el Premio AsturChem2025",https://portalinvestigacion.uniovi.es/investigadores/218536/detalle,IGNACIO VILLAVERDE MENENDEZ,Derecho Público,Derechos Fundamentales y Constitución,IGNACIO VILLAVERDE MENENDEZ
161,"El investigador Jorge González-Rodríguez, del Departamento de Química Orgánica e Inorgánica de la Universidad de Oviedo, se alza con el Premio AsturChem2025",https://portalinvestigacion.uniovi.es/investigadores/217052/detalle,MARIA PAZ FERNANDEZ GARCIA,Física,Magnetism for Health and Environment,MARIA PAZ FERNANDEZ GARCIA
161,"El investigador Jorge González-Rodríguez, del Departamento de Química Orgánica e Inorgánica de la Universidad de Oviedo, se alza con el Premio AsturChem2025",https://portalinvestigacion.uniovi.es/investigadores/1095867/detalle,MARIA ELENA FERNANDEZ IGLESIAS,Estadística e Investigación Operativa y Didáctica de la Matemática,Grupo de Investigación en Riesgos Naturales,MARIA ELENA FERNANDEZ IGLESIAS
161,"El investigador Jorge González-Rodríguez, del Departamento de Química Orgánica e Inorgánica de la Universidad de Oviedo, se alza con el Premio AsturChem2025",https://portalinvestigacion.uniovi.es/investigadores/217053/detalle,MIGUEL FERNANDEZ GARCIA,"Ingeniería Eléctrica, Electrónica, de Comunicaciones y de Sistemas (DIEECS)",Teoría de la Señal y Comunicaciones,MIGUEL FERNANDEZ GARCIA
161,"El investigador Jorge González-Rodríguez, del Departamento de Química Orgánica e Inorgánica de la Universidad de Oviedo, se alza con el Premio AsturChem2025",https://portalinvestigacion.uniovi.es/investigadores/452981/detalle,TANIA FERNANDEZ GARCIA,Economía Aplicada,Laboratorio de Análisis Económico Regional,TANIA FERNANDEZ GARCIA
161,"El investigador Jorge González-Rodríguez, del Departamento de Química Orgánica e Inorgánica de la Universidad de Oviedo, se alza con el Premio AsturChem2025",https://portalinvestigacion.uniovi.es/investigadores/217511/detalle,MARIA ARANZAZU FERNANDEZ RODRIGUEZ,Sociología,"Género, Economía, Salud y Sociedad",MARIA ARANZAZU FERNANDEZ RODRIGUEZ
161,"El investigador Jorge González-Rodríguez, del Departamento de Química Orgánica e Inorgánica de la Universidad de Oviedo, se alza con el Premio AsturChem2025",https://portalinvestigacion.uniovi.es/investigadores/217057/detalle,JESUS MARIA FERNANDEZ GOMEZ,No especificado,,JESUS MARIA FERNANDEZ GOMEZ
161,"El investigador Jorge González-Rodríguez, del Departamento de Química Orgánica e Inorgánica de la Universidad de Oviedo, se alza con el Premio AsturChem2025",https://portalinvestigacion.uniovi.es/investigadores/217047/detalle,CARMEN MARIA FERNANDEZ GARCIA,Ciencias de la Educación,Grupo de Análisis Sociológico y Cultural de los Procesos Escolares y Educativos,CARMEN MARIA FERNANDEZ GARCIA
161,"El investigador Jorge González-Rodríguez, del Departamento de Química Orgánica e Inorgánica de la Universidad de Oviedo, se alza con el Premio AsturChem2025",https://portalinvestigacion.uniovi.es/investigadores/217046/detalle,CARLOS FERNANDEZ GARCIA,Matemáticas,Análisis Teórico y Numérico de Ecuaciones en Derivadas Parciales,CARLOS FERNANDEZ GARCIA
161,"El investigador Jorge González-Rodríguez, del Departamento de Química Orgánica e Inorgánica de la Universidad de Oviedo, se alza con el Premio AsturChem2025",https://portalinvestigacion.uniovi.es/investigadores/217045/detalle,BENJAMIN FERNANDEZ GARCIA,Biología Funcional,Intervenciones Traslacionales para la Salud,BENJAMIN FERNANDEZ GARCIA
161,"El investigador Jorge González-Rodríguez, del Departamento de Química Orgánica e Inorgánica de la Universidad de Oviedo, se alza con el Premio AsturChem2025",https://portalinvestigacion.uniovi.es/investigadores/218786/detalle,MARIA GARCIA FERNANDEZ,"Ingeniería Eléctrica, Electrónica, de Comunicaciones y de Sistemas (DIEECS)",Teoría de la Señal y Comunicaciones,MARIA GARCIA FERNANDEZ
161,"El investigador Jorge González-Rodríguez, del Departamento de Química Orgánica e Inorgánica de la Universidad de Oviedo, se alza con el Premio AsturChem2025",https://portalinvestigacion.uniovi.es/investigadores/217044/detalle,BEATRIZ FERNANDEZ GARCIA,Química Física y Analítica,Espectrometría y Electroquímica Bionanoanalíticas,BEATRIZ FERNANDEZ GARCIA
161,"El investigador Jorge González-Rodríguez, del Departamento de Química Orgánica e Inorgánica de la Universidad de Oviedo, se alza con el Premio AsturChem2025",https://portalinvestigacion.uniovi.es/investigadores/220134/detalle,JUAN MANGAS SANCHEZ,No especificado,,JUAN MANGAS SANCHEZ
161,"El investigador Jorge González-Rodríguez, del Departamento de Química Orgánica e Inorgánica de la Universidad de Oviedo, se alza con el Premio AsturChem2025",https://portalinvestigacion.uniovi.es/investigadores/217599/detalle,ALFREDO FERNANDEZ OJANGUREN GARCIA COMAS,Biología de Organismos y Sistemas,Diversidad y Conservación Animal,ALFREDO FERNANDEZ OJANGUREN GARCIA COMAS
161,"El investigador Jorge González-Rodríguez, del Departamento de Química Orgánica e Inorgánica de la Universidad de Oviedo, se alza con el Premio AsturChem2025",https://portalinvestigacion.uniovi.es/investigadores/217325/detalle,MARIA ZULIMA FERNANDEZ MUÑIZ,Matemáticas,"Grupo de Problemas Inversos, Optimizaciòn y Aprendizaje Automático",MARIA ZULIMA FERNANDEZ MUÑIZ
161,"El investigador Jorge González-Rodríguez, del Departamento de Química Orgánica e Inorgánica de la Universidad de Oviedo, se alza con el Premio AsturChem2025",https://portalinvestigacion.uniovi.es/investigadores/217019/detalle,MARIA DEL MAR FERNANDEZ ALVAREZ,Medicina,"Entorno, Conductas y Salud",MARIA DEL MAR FERNANDEZ ALVAREZ
161,"El investigador Jorge González-Rodríguez, del Departamento de Química Orgánica e Inorgánica de la Universidad de Oviedo, se alza con el Premio AsturChem2025",https://portalinvestigacion.uniovi.es/investigadores/218860/detalle,MARIA FERNANDEZ DEL VALLE,Biología Funcional,Intervenciones Traslacionales para la Salud,MARIA FERNANDEZ DEL VALLE
161,"El investigador Jorge González-Rodríguez, del Departamento de Química Orgánica e Inorgánica de la Universidad de Oviedo, se alza con el Premio AsturChem2025",https://portalinvestigacion.uniovi.es/investigadores/219111/detalle,ANDREA FERNANDEZ GARCIA,,"Intersecciones: Literaturas, Culturas y Teorías Contemporáneas",ANDREA FERNANDEZ GARCIA
161,"El investigador Jorge González-Rodríguez, del Departamento de Química Orgánica e Inorgánica de la Universidad de Oviedo, se alza con el Premio AsturChem2025",https://portalinvestigacion.uniovi.es/investigadores/220003/detalle,JUAN ALFONSO FERNANDEZ GARCIA,Historia del Arte y Musicología,"Música, Danza y Estudios Culturales",JUAN ALFONSO FERNANDEZ GARCIA
161,"El investigador Jorge González-Rodríguez, del Departamento de Química Orgánica e Inorgánica de la Universidad de Oviedo, se alza con el Premio AsturChem2025",https://portalinvestigacion.uniovi.es/investigadores/217049/detalle,FRANCISCO JAVIER FERNANDEZ GARCIA,No especificado,,FRANCISCO JAVIER FERNANDEZ GARCIA
161,"El investigador Jorge González-Rodríguez, del Departamento de Química Orgánica e Inorgánica de la Universidad de Oviedo, se alza con el Premio AsturChem2025",https://portalinvestigacion.uniovi.es/investigadores/219850/detalle,MARIA FERNANDEZ DIAZ,Biología Funcional,Investigación en Fisiopatología del Envejecimiento y la Fertilidad Femeninas,MARIA FERNANDEZ DIAZ
161,"El investigador Jorge González-Rodríguez, del Departamento de Química Orgánica e Inorgánica de la Universidad de Oviedo, se alza con el Premio AsturChem2025",https://portalinvestigacion.uniovi.es/investigadores/217048/detalle,FELIPE FERNANDEZ GARCIA,Geografía,Análisis y Representación de los Paisajes Geográficos Españoles,FELIPE FERNANDEZ GARCIA
161,"El investigador Jorge González-Rodríguez, del Departamento de Química Orgánica e Inorgánica de la Universidad de Oviedo, se alza con el Premio AsturChem2025",https://portalinvestigacion.uniovi.es/investigadores/217038/detalle,MARIA FERNANDEZ FERREIRO,Filología Española,Grupo de Estudios Cervantinos,MARIA FERNANDEZ FERREIRO
161,"El investigador Jorge González-Rodríguez, del Departamento de Química Orgánica e Inorgánica de la Universidad de Oviedo, se alza con el Premio AsturChem2025",https://portalinvestigacion.uniovi.es/investigadores/217050/detalle,JOSE FRANCISCO FERNANDEZ GARCIA,No especificado,,JOSE FRANCISCO FERNANDEZ GARCIA
161,"El investigador Jorge González-Rodríguez, del Departamento de Química Orgánica e Inorgánica de la Universidad de Oviedo, se alza con el Premio AsturChem2025",https://portalinvestigacion.uniovi.es/investigadores/218869/detalle,MARIA FERNANDEZ GARCIA,Biología de Organismos y Sistemas,"Biodiversidad, Conservación y Filogeografía de Plantas Vasculares",MARIA FERNANDEZ GARCIA
161,"El investigador Jorge González-Rodríguez, del Departamento de Química Orgánica e Inorgánica de la Universidad de Oviedo, se alza con el Premio AsturChem2025",https://portalinvestigacion.uniovi.es/investigadores/217981/detalle,VICENTE GOTOR FERNANDEZ,Química Orgánica e Inorgánica,Grupo de Química Bioorgánica,VICENTE GOTOR FERNANDEZ
161,"El investigador Jorge González-Rodríguez, del Departamento de Química Orgánica e Inorgánica de la Universidad de Oviedo, se alza con el Premio AsturChem2025",https://portalinvestigacion.uniovi.es/investigadores/217179/detalle,MARIA TERESA FERNANDEZ ABEDUL,Química Física y Analítica,Espectrometría y Electroquímica Bionanoanalíticas,MARIA TERESA FERNANDEZ ABEDUL
161,"El investigador Jorge González-Rodríguez, del Departamento de Química Orgánica e Inorgánica de la Universidad de Oviedo, se alza con el Premio AsturChem2025",https://portalinvestigacion.uniovi.es/investigadores/219110/detalle,MARIA TERESA FERNANDEZ FERNANDEZ-ARGUELLES,Química Física y Analítica,Grupo de Espectrometría Analítica y Bioanalítica,MARIA TERESA FERNANDEZ FERNANDEZ-ARGUELLES
161,"El investigador Jorge González-Rodríguez, del Departamento de Química Orgánica e Inorgánica de la Universidad de Oviedo, se alza con el Premio AsturChem2025",https://portalinvestigacion.uniovi.es/investigadores/1095919/detalle,MARIA ATENEA FERNANDEZ HIGUERO,Historia del Arte y Musicología,"Música, Danza y Estudios Culturales",MARIA ATENEA FERNANDEZ HIGUERO
161,"El investigador Jorge González-Rodríguez, del Departamento de Química Orgánica e Inorgánica de la Universidad de Oviedo, se alza con el Premio AsturChem2025",https://portalinvestigacion.uniovi.es/investigadores/1301773/detalle,ANDREA FERNANDEZ GARCÍA,,"Grupo Demeter. Maternidad, Genero y Familia",ANDREA FERNANDEZ GARCÍA
161,"El investigador Jorge González-Rodríguez, del Departamento de Química Orgánica e Inorgánica de la Universidad de Oviedo, se alza con el Premio AsturChem2025",https://portalinvestigacion.uniovi.es/investigadores/217518/detalle,MARIA LUISA FERNANDEZ SANCHEZ,Química Física y Analítica,Grupo de Espectrometría Analítica y Bioanalítica,MARIA LUISA FERNANDEZ SANCHEZ
161,"El investigador Jorge González-Rodríguez, del Departamento de Química Orgánica e Inorgánica de la Universidad de Oviedo, se alza con el Premio AsturChem2025",https://portalinvestigacion.uniovi.es/investigadores/218170/detalle,FELIX RODRIGUEZ IGLESIAS,Química Orgánica e Inorgánica,Química Orgánica Sintética y Catálisis,FELIX RODRIGUEZ IGLESIAS
161,"El investigador Jorge González-Rodríguez, del Departamento de Química Orgánica e Inorgánica de la Universidad de Oviedo, se alza con el Premio AsturChem2025",https://portalinvestigacion.uniovi.es/investigadores/217043/detalle,ANA MARIA FERNANDEZ GARCIA,Historia del Arte y Musicología,Escenarios para el Arte,ANA MARIA FERNANDEZ GARCIA
161,"El investigador Jorge González-Rodríguez, del Departamento de Química Orgánica e Inorgánica de la Universidad de Oviedo, se alza con el Premio AsturChem2025",https://portalinvestigacion.uniovi.es/investigadores/217051/detalle,MARIA PAULA FERNANDEZ GARCIA,Psicología,Evaluación Psicométrica y Diseño de Investigación,MARIA PAULA FERNANDEZ GARCIA
161,"El investigador Jorge González-Rodríguez, del Departamento de Química Orgánica e Inorgánica de la Universidad de Oviedo, se alza con el Premio AsturChem2025",https://portalinvestigacion.uniovi.es/investigadores/217062/detalle,MARIA DE LOS ANGELES FERNANDEZ GONZALEZ,Ciencias de la Educación,"Síntesis, Estructura y Aplicación Tecnológica de Materiales",MARIA DE LOS ANGELES FERNANDEZ GONZALEZ
161,"El investigador Jorge González-Rodríguez, del Departamento de Química Orgánica e Inorgánica de la Universidad de Oviedo, se alza con el Premio AsturChem2025",https://portalinvestigacion.uniovi.es/investigadores/219230/detalle,JESUS AVELINO RODRIGUEZ IGLESIAS,Ingeniería Química y Tecnología del Medio Ambiente,Grupo de Investigación de Ingeniería Ambiental,JESUS AVELINO RODRIGUEZ IGLESIAS
161,"El investigador Jorge González-Rodríguez, del Departamento de Química Orgánica e Inorgánica de la Universidad de Oviedo, se alza con el Premio AsturChem2025",https://portalinvestigacion.uniovi.es/investigadores/2370664/detalle,SARA FERNANDEZ GARCIA,No especificado,,SARA FERNANDEZ GARCIA
161,"El investigador Jorge González-Rodríguez, del Departamento de Química Orgánica e Inorgánica de la Universidad de Oviedo, se alza con el Premio AsturChem2025",https://portalinvestigacion.uniovi.es/investigadores/217512/detalle,MARIA DEL ROCIO FERNANDEZ RODRIGUEZ,No especificado,,MARIA DEL ROCIO FERNANDEZ RODRIGUEZ
161,"El investigador Jorge González-Rodríguez, del Departamento de Química Orgánica e Inorgánica de la Universidad de Oviedo, se alza con el Premio AsturChem2025",https://portalinvestigacion.uniovi.es/investigadores/217059/detalle,ELENA MARIA FERNANDEZ GONZALEZ,No especificado,,ELENA MARIA FERNANDEZ GONZALEZ
161,"El investigador Jorge González-Rodríguez, del Departamento de Química Orgánica e Inorgánica de la Universidad de Oviedo, se alza con el Premio AsturChem2025",https://portalinvestigacion.uniovi.es/investigadores/217519/detalle,MARIA TERESA FERNANDEZ SANCHEZ,Química Física y Analítica,"Nanopartículas, Membranas y Bioanálisis",MARIA TERESA FERNANDEZ SANCHEZ
161,"El investigador Jorge González-Rodríguez, del Departamento de Química Orgánica e Inorgánica de la Universidad de Oviedo, se alza con el Premio AsturChem2025",https://portalinvestigacion.uniovi.es/investigadores/217181/detalle,MARIA ISABEL FERNANDEZ QUESADA,,Grupo de Ingeniería de Organización,MARIA ISABEL FERNANDEZ QUESADA
161,"El investigador Jorge González-Rodríguez, del Departamento de Química Orgánica e Inorgánica de la Universidad de Oviedo, se alza con el Premio AsturChem2025",https://portalinvestigacion.uniovi.es/investigadores/220227/detalle,MARIA FERNANDEZ FERNANDEZ,Morfología y Biología Celular,Respuesta Celular al Estrés Oxidativo,MARIA FERNANDEZ FERNANDEZ
161,"El investigador Jorge González-Rodríguez, del Departamento de Química Orgánica e Inorgánica de la Universidad de Oviedo, se alza con el Premio AsturChem2025",https://portalinvestigacion.uniovi.es/investigadores/2356382/detalle,JULIA MARIA FERNANDEZ DIAZ,Explotación y Prospección de Minas,Grupo de Modelización Matemática Aplicada,JULIA MARIA FERNANDEZ DIAZ
161,"El investigador Jorge González-Rodríguez, del Departamento de Química Orgánica e Inorgánica de la Universidad de Oviedo, se alza con el Premio AsturChem2025",https://portalinvestigacion.uniovi.es/investigadores/217011/detalle,MARIA ESTRELLA FERNANDEZ ALBA,Psicología,"Grupo de Aprendizaje Escolar, Dificultades y Rendimiento Académico",MARIA ESTRELLA FERNANDEZ ALBA
161,"El investigador Jorge González-Rodríguez, del Departamento de Química Orgánica e Inorgánica de la Universidad de Oviedo, se alza con el Premio AsturChem2025",https://portalinvestigacion.uniovi.es/investigadores/217322/detalle,MARIA MARGARITA FERNANDEZ MIER,Historia,Social Landscapes,MARIA MARGARITA FERNANDEZ MIER
163,La Universidad de Oviedo pone en valor el legado de Aurora de Albornoz en el centenario de su nacimiento,https://portalinvestigacion.uniovi.es/investigadores/218536/detalle,IGNACIO VILLAVERDE MENENDEZ,Derecho Público,Derechos Fundamentales y Constitución,IGNACIO VILLAVERDE MENENDEZ
163,La Universidad de Oviedo pone en valor el legado de Aurora de Albornoz en el centenario de su nacimiento,https://portalinvestigacion.uniovi.es/investigadores/217052/detalle,MARIA PAZ FERNANDEZ GARCIA,Física,Magnetism for Health and Environment,MARIA PAZ FERNANDEZ GARCIA
163,La Universidad de Oviedo pone en valor el legado de Aurora de Albornoz en el centenario de su nacimiento,https://portalinvestigacion.uniovi.es/investigadores/217053/detalle,MIGUEL FERNANDEZ GARCIA,"Ingeniería Eléctrica, Electrónica, de Comunicaciones y de Sistemas (DIEECS)",Teoría de la Señal y Comunicaciones,MIGUEL FERNANDEZ GARCIA
163,La Universidad de Oviedo pone en valor el legado de Aurora de Albornoz en el centenario de su nacimiento,https://portalinvestigacion.uniovi.es/investigadores/452981/detalle,TANIA FERNANDEZ GARCIA,Economía Aplicada,Laboratorio de Análisis Económico Regional,TANIA FERNANDEZ GARCIA
163,La Universidad de Oviedo pone en valor el legado de Aurora de Albornoz en el centenario de su nacimiento,https://portalinvestigacion.uniovi.es/investigadores/217047/detalle,CARMEN MARIA FERNANDEZ GARCIA,Ciencias de la Educación,Grupo de Análisis Sociológico y Cultural de los Procesos Escolares y Educativos,CARMEN MARIA FERNANDEZ GARCIA
163,La Universidad de Oviedo pone en valor el legado de Aurora de Albornoz en el centenario de su nacimiento,https://portalinvestigacion.uniovi.es/investigadores/217576/detalle,MARIA ISABEL GARCIA ESPEJO,Sociología,Grupo de Investigación en Sociología de la Alimentación,MARIA ISABEL GARCIA ESPEJO
163,La Universidad de Oviedo pone en valor el legado de Aurora de Albornoz en el centenario de su nacimiento,https://portalinvestigacion.uniovi.es/investigadores/217046/detalle,CARLOS FERNANDEZ GARCIA,Matemáticas,Análisis Teórico y Numérico de Ecuaciones en Derivadas Parciales,CARLOS FERNANDEZ GARCIA
163,La Universidad de Oviedo pone en valor el legado de Aurora de Albornoz en el centenario de su nacimiento,https://portalinvestigacion.uniovi.es/investigadores/217966/detalle,ALBA GONZALEZ DE LA ROZ,Psicología,Grupo de Conductas Adictivas,ALBA GONZALEZ DE LA ROZ
163,La Universidad de Oviedo pone en valor el legado de Aurora de Albornoz en el centenario de su nacimiento,https://portalinvestigacion.uniovi.es/investigadores/217045/detalle,BENJAMIN FERNANDEZ GARCIA,Biología Funcional,Intervenciones Traslacionales para la Salud,BENJAMIN FERNANDEZ GARCIA
163,La Universidad de Oviedo pone en valor el legado de Aurora de Albornoz en el centenario de su nacimiento,https://portalinvestigacion.uniovi.es/investigadores/219607/detalle,ANGEL GARCIA PEREZ,Psicología,Grupo de Conductas Adictivas,ANGEL GARCIA PEREZ
163,La Universidad de Oviedo pone en valor el legado de Aurora de Albornoz en el centenario de su nacimiento,https://portalinvestigacion.uniovi.es/investigadores/218786/detalle,MARIA GARCIA FERNANDEZ,"Ingeniería Eléctrica, Electrónica, de Comunicaciones y de Sistemas (DIEECS)",Teoría de la Señal y Comunicaciones,MARIA GARCIA FERNANDEZ
163,La Universidad de Oviedo pone en valor el legado de Aurora de Albornoz en el centenario de su nacimiento,https://portalinvestigacion.uniovi.es/investigadores/217044/detalle,BEATRIZ FERNANDEZ GARCIA,Química Física y Analítica,Espectrometría y Electroquímica Bionanoanalíticas,BEATRIZ FERNANDEZ GARCIA
163,La Universidad de Oviedo pone en valor el legado de Aurora de Albornoz en el centenario de su nacimiento,https://portalinvestigacion.uniovi.es/investigadores/217442/detalle,OMAR GARCIA PEREZ,Ciencias de la Educación,Grupo de Análisis Sociológico y Cultural de los Procesos Escolares y Educativos,OMAR GARCIA PEREZ
163,La Universidad de Oviedo pone en valor el legado de Aurora de Albornoz en el centenario de su nacimiento,https://portalinvestigacion.uniovi.es/investigadores/217599/detalle,ALFREDO FERNANDEZ OJANGUREN GARCIA COMAS,Biología de Organismos y Sistemas,Diversidad y Conservación Animal,ALFREDO FERNANDEZ OJANGUREN GARCIA COMAS
163,La Universidad de Oviedo pone en valor el legado de Aurora de Albornoz en el centenario de su nacimiento,https://portalinvestigacion.uniovi.es/investigadores/217444/detalle,MARIA ANTONIA GARCIA PRIETO,Construcción e Ingeniería de Fabricación,Integridad Estructural: Materiales y Estructuras,MARIA ANTONIA GARCIA PRIETO
163,La Universidad de Oviedo pone en valor el legado de Aurora de Albornoz en el centenario de su nacimiento,https://portalinvestigacion.uniovi.es/investigadores/217464/detalle,MARIA DE LOS ANGELES GARCIA VALIÑAS,Economía,Gestión Pública,MARIA DE LOS ANGELES GARCIA VALIÑAS
163,La Universidad de Oviedo pone en valor el legado de Aurora de Albornoz en el centenario de su nacimiento,https://portalinvestigacion.uniovi.es/investigadores/219833/detalle,ALBA GONZALEZ SANZ,,"Intersecciones: Literaturas, Culturas y Teorías Contemporáneas",ALBA GONZALEZ SANZ
163,La Universidad de Oviedo pone en valor el legado de Aurora de Albornoz en el centenario de su nacimiento,https://portalinvestigacion.uniovi.es/investigadores/1931679/detalle,MARIA DEL MAR GARCIA SUAREZ,Física,Magnetism for Health and Environment,MARIA DEL MAR GARCIA SUAREZ
163,La Universidad de Oviedo pone en valor el legado de Aurora de Albornoz en el centenario de su nacimiento,https://portalinvestigacion.uniovi.es/investigadores/217440/detalle,DIEGO GARCIA PEREZ,"Ingeniería Eléctrica, Electrónica, de Comunicaciones y de Sistemas (DIEECS)","Grupo de Supervisión, Diagnóstico y Descubrimiento de Conocimiento en Procesos de Ingeniería",DIEGO GARCIA PEREZ
163,La Universidad de Oviedo pone en valor el legado de Aurora de Albornoz en el centenario de su nacimiento,https://portalinvestigacion.uniovi.es/investigadores/219111/detalle,ANDREA FERNANDEZ GARCIA,,"Intersecciones: Literaturas, Culturas y Teorías Contemporáneas",ANDREA FERNANDEZ GARCIA
163,La Universidad de Oviedo pone en valor el legado de Aurora de Albornoz en el centenario de su nacimiento,https://portalinvestigacion.uniovi.es/investigadores/217407/detalle,MARIA ANGELES GARCIA GARCIA,No especificado,,MARIA ANGELES GARCIA GARCIA
163,La Universidad de Oviedo pone en valor el legado de Aurora de Albornoz en el centenario de su nacimiento,https://portalinvestigacion.uniovi.es/investigadores/220003/detalle,JUAN ALFONSO FERNANDEZ GARCIA,Historia del Arte y Musicología,"Música, Danza y Estudios Culturales",JUAN ALFONSO FERNANDEZ GARCIA
163,La Universidad de Oviedo pone en valor el legado de Aurora de Albornoz en el centenario de su nacimiento,https://portalinvestigacion.uniovi.es/investigadores/217049/detalle,FRANCISCO JAVIER FERNANDEZ GARCIA,No especificado,,FRANCISCO JAVIER FERNANDEZ GARCIA
163,La Universidad de Oviedo pone en valor el legado de Aurora de Albornoz en el centenario de su nacimiento,https://portalinvestigacion.uniovi.es/investigadores/217409/detalle,MARIA SERAFINA GARCIA GARCIA,Filología Española,Lingüística Funcional del Español,MARIA SERAFINA GARCIA GARCIA
163,La Universidad de Oviedo pone en valor el legado de Aurora de Albornoz en el centenario de su nacimiento,https://portalinvestigacion.uniovi.es/investigadores/1095900/detalle,MARIA ISABEL GARCIA PEREZ,Filología Clásica y Románica,Voces Femeninas en la Literatura y la Cultura Europeas,MARIA ISABEL GARCIA PEREZ
163,La Universidad de Oviedo pone en valor el legado de Aurora de Albornoz en el centenario de su nacimiento,https://portalinvestigacion.uniovi.es/investigadores/217547/detalle,MARIA LORENA GARCIA ALONSO,Economía Aplicada,Laboratorio de Análisis Económico Regional,MARIA LORENA GARCIA ALONSO
163,La Universidad de Oviedo pone en valor el legado de Aurora de Albornoz en el centenario de su nacimiento,https://portalinvestigacion.uniovi.es/investigadores/217048/detalle,FELIPE FERNANDEZ GARCIA,Geografía,Análisis y Representación de los Paisajes Geográficos Españoles,FELIPE FERNANDEZ GARCIA
163,La Universidad de Oviedo pone en valor el legado de Aurora de Albornoz en el centenario de su nacimiento,https://portalinvestigacion.uniovi.es/investigadores/217459/detalle,MARCO ANTONIO GARCIA TAMARGO,Economía Cuantitativa,Grupo de Decisión Multicriterio Universidad de Oviedo,MARCO ANTONIO GARCIA TAMARGO
163,La Universidad de Oviedo pone en valor el legado de Aurora de Albornoz en el centenario de su nacimiento,https://portalinvestigacion.uniovi.es/investigadores/217050/detalle,JOSE FRANCISCO FERNANDEZ GARCIA,No especificado,,JOSE FRANCISCO FERNANDEZ GARCIA
163,La Universidad de Oviedo pone en valor el legado de Aurora de Albornoz en el centenario de su nacimiento,https://portalinvestigacion.uniovi.es/investigadores/218869/detalle,MARIA FERNANDEZ GARCIA,Biología de Organismos y Sistemas,"Biodiversidad, Conservación y Filogeografía de Plantas Vasculares",MARIA FERNANDEZ GARCIA
163,La Universidad de Oviedo pone en valor el legado de Aurora de Albornoz en el centenario de su nacimiento,https://portalinvestigacion.uniovi.es/investigadores/217454/detalle,MARIA JOSE GARCIA SALGADO,Ciencias Jurídicas Básicas,Grupo de Investigación de Filosofía y Argumentación Jurídica,MARIA JOSE GARCIA SALGADO
163,La Universidad de Oviedo pone en valor el legado de Aurora de Albornoz en el centenario de su nacimiento,https://portalinvestigacion.uniovi.es/investigadores/1301773/detalle,ANDREA FERNANDEZ GARCÍA,,"Grupo Demeter. Maternidad, Genero y Familia",ANDREA FERNANDEZ GARCÍA
163,La Universidad de Oviedo pone en valor el legado de Aurora de Albornoz en el centenario de su nacimiento,https://portalinvestigacion.uniovi.es/investigadores/217051/detalle,MARIA PAULA FERNANDEZ GARCIA,Psicología,Evaluación Psicométrica y Diseño de Investigación,MARIA PAULA FERNANDEZ GARCIA
163,La Universidad de Oviedo pone en valor el legado de Aurora de Albornoz en el centenario de su nacimiento,https://portalinvestigacion.uniovi.es/investigadores/217043/detalle,ANA MARIA FERNANDEZ GARCIA,Historia del Arte y Musicología,Escenarios para el Arte,ANA MARIA FERNANDEZ GARCIA
163,La Universidad de Oviedo pone en valor el legado de Aurora de Albornoz en el centenario de su nacimiento,https://portalinvestigacion.uniovi.es/investigadores/2370664/detalle,SARA FERNANDEZ GARCIA,No especificado,,SARA FERNANDEZ GARCIA
164,Un estudio sobre ejercicio físico y cáncer en adolescentes gana los Premios Nacionales de Investigación en Medicina del Deporte Fundación Cajastur,https://portalinvestigacion.uniovi.es/investigadores/1010273/detalle,IRENE DIAZ MARTINEZ,Historia,Grupo de Investigación en Historia Sociocultural,IRENE DIAZ MARTINEZ
164,Un estudio sobre ejercicio físico y cáncer en adolescentes gana los Premios Nacionales de Investigación en Medicina del Deporte Fundación Cajastur,https://portalinvestigacion.uniovi.es/investigadores/218481/detalle,JOSE ANTONIO VEGA ALVAREZ,Morfología y Biología Celular,Sistema Nervioso Periférico y Órganos de los Sentidos,JOSE ANTONIO VEGA ALVAREZ
164,Un estudio sobre ejercicio físico y cáncer en adolescentes gana los Premios Nacionales de Investigación en Medicina del Deporte Fundación Cajastur,https://portalinvestigacion.uniovi.es/investigadores/218896/detalle,MIGUEL ENRIQUE DEL VALLE SOTO,Biología Funcional,"Grupo de Investigación en Rendimiento, Readaptación Físico-deportiva, Entrenamiento y Salud",MIGUEL ENRIQUE DEL VALLE SOTO
164,Un estudio sobre ejercicio físico y cáncer en adolescentes gana los Premios Nacionales de Investigación en Medicina del Deporte Fundación Cajastur,https://portalinvestigacion.uniovi.es/investigadores/218854/detalle,MIGUEL HERNANDEZ CACERES,Matemáticas,"Grupo de Investigación en Algebra, Codificación y Criptografía",MIGUEL HERNANDEZ CACERES
164,Un estudio sobre ejercicio físico y cáncer en adolescentes gana los Premios Nacionales de Investigación en Medicina del Deporte Fundación Cajastur,https://portalinvestigacion.uniovi.es/investigadores/217896/detalle,JESUS MIGUEL HERNANDEZ GALILEA,Ciencias Jurídicas Básicas,Grupo de Investigación de Ciencias Penales y Criminologicas,JESUS MIGUEL HERNANDEZ GALILEA
164,Un estudio sobre ejercicio físico y cáncer en adolescentes gana los Premios Nacionales de Investigación en Medicina del Deporte Fundación Cajastur,https://portalinvestigacion.uniovi.es/investigadores/217124/detalle,SUSANA IRENE DIAZ RODRIGUEZ,Estadística e Investigación Operativa y Didáctica de la Matemática,Modelización de la Incertidumbre y la Imprecisión en Teoría de la Decisión,SUSANA IRENE DIAZ RODRIGUEZ
164,Un estudio sobre ejercicio físico y cáncer en adolescentes gana los Premios Nacionales de Investigación en Medicina del Deporte Fundación Cajastur,https://portalinvestigacion.uniovi.es/investigadores/219836/detalle,NICOLAS TERRADOS CEPEDA,Biología Funcional,Intervenciones Traslacionales para la Salud,NICOLAS TERRADOS CEPEDA
167,El laboratorio MediaLab de la Universidad de Oviedo obtiene el premio Ingeniería para las Personas por el diseño y fabricación de prótesis impresas en 3D,https://portalinvestigacion.uniovi.es/investigadores/219202/detalle,ANA MARIA PILAR GONZALEZ RODRIGUEZ,No especificado,,ANA MARIA PILAR GONZALEZ RODRIGUEZ
167,El laboratorio MediaLab de la Universidad de Oviedo obtiene el premio Ingeniería para las Personas por el diseño y fabricación de prótesis impresas en 3D,https://portalinvestigacion.uniovi.es/investigadores/217927/detalle,MARIA MARTA GONZALEZ TASCON,Ciencias Jurídicas Básicas,Grupo de Investigación de Ciencias Penales y Criminologicas,MARIA MARTA GONZALEZ TASCON
167,El laboratorio MediaLab de la Universidad de Oviedo obtiene el premio Ingeniería para las Personas por el diseño y fabricación de prótesis impresas en 3D,https://portalinvestigacion.uniovi.es/investigadores/217387/detalle,MARIA DEL ROSARIO GONZALEZ MORADAS,Explotación y Prospección de Minas,Remote Sensing Applications,MARIA DEL ROSARIO GONZALEZ MORADAS
167,El laboratorio MediaLab de la Universidad de Oviedo obtiene el premio Ingeniería para las Personas por el diseño y fabricación de prótesis impresas en 3D,https://portalinvestigacion.uniovi.es/investigadores/217349/detalle,MARIA AIDA GONZALEZ DIAZ,,Biogeoquímica Ambiental y Materias Primas Minerales,MARIA AIDA GONZALEZ DIAZ
167,El laboratorio MediaLab de la Universidad de Oviedo obtiene el premio Ingeniería para las Personas por el diseño y fabricación de prótesis impresas en 3D,https://portalinvestigacion.uniovi.es/investigadores/218820/detalle,MARIA GONZALEZ BUSTO,"Ingeniería Eléctrica, Electrónica, de Comunicaciones y de Sistemas (DIEECS)",Grupo de Electrónica para la Innovación Industrial,MARIA GONZALEZ BUSTO
167,El laboratorio MediaLab de la Universidad de Oviedo obtiene el premio Ingeniería para las Personas por el diseño y fabricación de prótesis impresas en 3D,https://portalinvestigacion.uniovi.es/investigadores/219145/detalle,MARIA GONZALEZ NOSTI,Psicología,Investigación en Neurociencia Cognitiva,MARIA GONZALEZ NOSTI
167,El laboratorio MediaLab de la Universidad de Oviedo obtiene el premio Ingeniería para las Personas por el diseño y fabricación de prótesis impresas en 3D,https://portalinvestigacion.uniovi.es/investigadores/217921/detalle,RAQUEL MARIA GONZALEZ SOENGAS,Química Orgánica e Inorgánica,Grupo de Química Bioorgánica,RAQUEL MARIA GONZALEZ SOENGAS
167,El laboratorio MediaLab de la Universidad de Oviedo obtiene el premio Ingeniería para las Personas por el diseño y fabricación de prótesis impresas en 3D,https://portalinvestigacion.uniovi.es/investigadores/2355544/detalle,CLAUDIA GARCIA GONZALEZ,No especificado,,CLAUDIA GARCIA GONZALEZ
167,El laboratorio MediaLab de la Universidad de Oviedo obtiene el premio Ingeniería para las Personas por el diseño y fabricación de prótesis impresas en 3D,https://portalinvestigacion.uniovi.es/investigadores/1010315/detalle,SILVIA MARIA GONZALEZ FERNANDEZ,Sociología,Promoviendo el Empleo y el Bienestar en Europa,SILVIA MARIA GONZALEZ FERNANDEZ
167,El laboratorio MediaLab de la Universidad de Oviedo obtiene el premio Ingeniería para las Personas por el diseño y fabricación de prótesis impresas en 3D,https://portalinvestigacion.uniovi.es/investigadores/217958/detalle,MARIA DEL ROSARIO GONZALEZ ARIAS,Sociología,"Género, Economía, Salud y Sociedad",MARIA DEL ROSARIO GONZALEZ ARIAS
167,El laboratorio MediaLab de la Universidad de Oviedo obtiene el premio Ingeniería para las Personas por el diseño y fabricación de prótesis impresas en 3D,https://portalinvestigacion.uniovi.es/investigadores/217916/detalle,MARIA AMPARO GONZALEZ RUA,No especificado,,MARIA AMPARO GONZALEZ RUA
167,El laboratorio MediaLab de la Universidad de Oviedo obtiene el premio Ingeniería para las Personas por el diseño y fabricación de prótesis impresas en 3D,https://portalinvestigacion.uniovi.es/investigadores/1116406/detalle,MARIA GONZALEZ AMOR,Medicina,Farmacología del Dolor Experimental,MARIA GONZALEZ AMOR
167,El laboratorio MediaLab de la Universidad de Oviedo obtiene el premio Ingeniería para las Personas por el diseño y fabricación de prótesis impresas en 3D,https://portalinvestigacion.uniovi.es/investigadores/1010319/detalle,ANDREA MARIA GONZALEZ LOPEZ,Ciencias de la Educación,Teaching and Curriculum Group,ANDREA MARIA GONZALEZ LOPEZ
167,El laboratorio MediaLab de la Universidad de Oviedo obtiene el premio Ingeniería para las Personas por el diseño y fabricación de prótesis impresas en 3D,https://portalinvestigacion.uniovi.es/investigadores/217385/detalle,MARIA DEL CARMEN GONZALEZ MENENDEZ,Sociología,Promoviendo el Empleo y el Bienestar en Europa,MARIA DEL CARMEN GONZALEZ MENENDEZ
167,El laboratorio MediaLab de la Universidad de Oviedo obtiene el premio Ingeniería para las Personas por el diseño y fabricación de prótesis impresas en 3D,https://portalinvestigacion.uniovi.es/investigadores/2355864/detalle,CLAUDIA GARCIA PAJIN,"Filología Inglesa, Francesa y Alemana",Humanidades Médicas y Medioambientales,CLAUDIA GARCIA PAJIN
167,El laboratorio MediaLab de la Universidad de Oviedo obtiene el premio Ingeniería para las Personas por el diseño y fabricación de prótesis impresas en 3D,https://portalinvestigacion.uniovi.es/investigadores/217965/detalle,MARIA MERCEDES GONZALEZ DE SANDE,Filología Clásica y Románica,Voces Femeninas en la Literatura y la Cultura Europeas,MARIA MERCEDES GONZALEZ DE SANDE
167,El laboratorio MediaLab de la Universidad de Oviedo obtiene el premio Ingeniería para las Personas por el diseño y fabricación de prótesis impresas en 3D,https://portalinvestigacion.uniovi.es/investigadores/217967/detalle,MARIA GONZALEZ DE LA VEGA,Física,Magnetism for Health and Environment,MARIA GONZALEZ DE LA VEGA
167,El laboratorio MediaLab de la Universidad de Oviedo obtiene el premio Ingeniería para las Personas por el diseño y fabricación de prótesis impresas en 3D,https://portalinvestigacion.uniovi.es/investigadores/217501/detalle,MARIA TERESA GONZALEZ APARICIO,Informática,Grupo de Investigación en Ingeniería del Software,MARIA TERESA GONZALEZ APARICIO
167,El laboratorio MediaLab de la Universidad de Oviedo obtiene el premio Ingeniería para las Personas por el diseño y fabricación de prótesis impresas en 3D,https://portalinvestigacion.uniovi.es/investigadores/217342/detalle,MARIA DEL MAR GONZALEZ CHACON,"Filología Inglesa, Francesa y Alemana","Literatura, Identidad y Traducción Cultural",MARIA DEL MAR GONZALEZ CHACON
167,El laboratorio MediaLab de la Universidad de Oviedo obtiene el premio Ingeniería para las Personas por el diseño y fabricación de prótesis impresas en 3D,https://portalinvestigacion.uniovi.es/investigadores/220187/detalle,MARIA EUGENIA GONZALEZ CUIDET,Derecho Público,Grupo de Estudios Jurídico-sociales sobre Territorio y Desarrollo Urbano Sostenible,MARIA EUGENIA GONZALEZ CUIDET
167,El laboratorio MediaLab de la Universidad de Oviedo obtiene el premio Ingeniería para las Personas por el diseño y fabricación de prótesis impresas en 3D,https://portalinvestigacion.uniovi.es/investigadores/217379/detalle,MARIA PLACERES GONZALEZ MARTINEZ,Construcción e Ingeniería de Fabricación,"Grupo de Investigación en Construcción Sostenible, Simulación y Ensayo",MARIA PLACERES GONZALEZ MARTINEZ
167,El laboratorio MediaLab de la Universidad de Oviedo obtiene el premio Ingeniería para las Personas por el diseño y fabricación de prótesis impresas en 3D,https://portalinvestigacion.uniovi.es/investigadores/217384/detalle,ANA MARIA GONZALEZ MENENDEZ,Psicología,Programa de Prevención de Psicosis,ANA MARIA GONZALEZ MENENDEZ
167,El laboratorio MediaLab de la Universidad de Oviedo obtiene el premio Ingeniería para las Personas por el diseño y fabricación de prótesis impresas en 3D,https://portalinvestigacion.uniovi.es/investigadores/217341/detalle,MARIA PALOMA GONZALEZ CASTRO,Psicología,"Grupo de Aprendizaje Escolar, Dificultades y Rendimiento Académico",MARIA PALOMA GONZALEZ CASTRO
167,El laboratorio MediaLab de la Universidad de Oviedo obtiene el premio Ingeniería para las Personas por el diseño y fabricación de prótesis impresas en 3D,https://portalinvestigacion.uniovi.es/investigadores/217380/detalle,MARIA VICTORIA GONZALEZ MEANA,,Investigación en Oncología de Cabeza y Cuello,MARIA VICTORIA GONZALEZ MEANA
168,El equipo de la Universidad de Extremadura gana la XVI Liga de Debate Interuniversitario del Grupo 9 de Universidades,https://portalinvestigacion.uniovi.es/investigadores/1095872/detalle,CRISTINA CANTERO FERNÁNDEZ,Historia,Social Landscapes,CRISTINA CANTERO FERNÁNDEZ
168,El equipo de la Universidad de Extremadura gana la XVI Liga de Debate Interuniversitario del Grupo 9 de Universidades,https://portalinvestigacion.uniovi.es/investigadores/1095869/detalle,ANA FERNÁNDEZ VICIANA,Ciencias de la Educación,"Didáctica de las Lenguas, Interculturalidad y Multilingüismo en Educación",ANA FERNÁNDEZ VICIANA
168,El equipo de la Universidad de Extremadura gana la XVI Liga de Debate Interuniversitario del Grupo 9 de Universidades,https://portalinvestigacion.uniovi.es/investigadores/217522/detalle,ANA FERNANDEZ SOMOANO,Medicina,Salud y Medio Ambiente,ANA FERNANDEZ SOMOANO
168,El equipo de la Universidad de Extremadura gana la XVI Liga de Debate Interuniversitario del Grupo 9 de Universidades,https://portalinvestigacion.uniovi.es/investigadores/220122/detalle,ANA GABRIELA FERNANDEZ SAAVEDRA,Sociología,"Género, Economía, Salud y Sociedad",ANA GABRIELA FERNANDEZ SAAVEDRA
168,El equipo de la Universidad de Extremadura gana la XVI Liga de Debate Interuniversitario del Grupo 9 de Universidades,https://portalinvestigacion.uniovi.es/investigadores/217043/detalle,ANA MARIA FERNANDEZ GARCIA,Historia del Arte y Musicología,Escenarios para el Arte,ANA MARIA FERNANDEZ GARCIA
169,El seguimiento por GPS de la fauna silvestre revela carencias clave en la evaluación ambiental de los parques eólicos,https://portalinvestigacion.uniovi.es/investigadores/218998/detalle,CARLOS CABO GOMEZ,Explotación y Prospección de Minas,Grupo de Investigación en Geomatica y Computacion Grafica,CARLOS CABO GOMEZ
170,La Universidad de Oviedo potencia el Foro de Empleo con más empresas y nuevos espacios para quienes buscan trabajo,https://portalinvestigacion.uniovi.es/investigadores/219653/detalle,RUBEN USAMENTIAGA FERNANDEZ,,Autogestión de Sistemas Informáticos | Ingeniería de Computadores,RUBEN USAMENTIAGA FERNANDEZ
170,La Universidad de Oviedo potencia el Foro de Empleo con más empresas y nuevos espacios para quienes buscan trabajo,https://portalinvestigacion.uniovi.es/investigadores/217775/detalle,ALFONSO JOAQUIN LOPEZ MUÑIZ,Morfología y Biología Celular,Sistema Nervioso Periférico y Órganos de los Sentidos,ALFONSO JOAQUIN LOPEZ MUÑIZ
170,La Universidad de Oviedo potencia el Foro de Empleo con más empresas y nuevos espacios para quienes buscan trabajo,https://portalinvestigacion.uniovi.es/investigadores/218536/detalle,IGNACIO VILLAVERDE MENENDEZ,Derecho Público,Derechos Fundamentales y Constitución,IGNACIO VILLAVERDE MENENDEZ
170,La Universidad de Oviedo potencia el Foro de Empleo con más empresas y nuevos espacios para quienes buscan trabajo,https://portalinvestigacion.uniovi.es/investigadores/220173/detalle,SANTIAGO ALFONSO LOPEZ NAVIA,Filología Española,Grupo de Estudios Cervantinos,SANTIAGO ALFONSO LOPEZ NAVIA
171,España y Perú refuerzan la cooperación universitaria en un encuentro bilateral de rectores y rectoras en Lima,https://portalinvestigacion.uniovi.es/investigadores/219498/detalle,DAVID MENDEZ ALONSO,Ciencias de la Educación,"Educación, Actividad Física, Deporte y Salud",DAVID MENDEZ ALONSO
171,España y Perú refuerzan la cooperación universitaria en un encuentro bilateral de rectores y rectoras en Lima,https://portalinvestigacion.uniovi.es/investigadores/217052/detalle,MARIA PAZ FERNANDEZ GARCIA,Física,Magnetism for Health and Environment,MARIA PAZ FERNANDEZ GARCIA
171,España y Perú refuerzan la cooperación universitaria en un encuentro bilateral de rectores y rectoras en Lima,https://portalinvestigacion.uniovi.es/investigadores/1095867/detalle,MARIA ELENA FERNANDEZ IGLESIAS,Estadística e Investigación Operativa y Didáctica de la Matemática,Grupo de Investigación en Riesgos Naturales,MARIA ELENA FERNANDEZ IGLESIAS
171,España y Perú refuerzan la cooperación universitaria en un encuentro bilateral de rectores y rectoras en Lima,https://portalinvestigacion.uniovi.es/investigadores/219659/detalle,ANA SUAREZ SANCHEZ,Explotación y Prospección de Minas,Grupo de Modelización Matemática Aplicada,ANA SUAREZ SANCHEZ
171,España y Perú refuerzan la cooperación universitaria en un encuentro bilateral de rectores y rectoras en Lima,https://portalinvestigacion.uniovi.es/investigadores/218602/detalle,ANA SUAREZ VAZQUEZ,Administración de Empresas,Smart Marketing Advances in Research and Theory,ANA SUAREZ VAZQUEZ
171,España y Perú refuerzan la cooperación universitaria en un encuentro bilateral de rectores y rectoras en Lima,https://portalinvestigacion.uniovi.es/investigadores/217511/detalle,MARIA ARANZAZU FERNANDEZ RODRIGUEZ,Sociología,"Género, Economía, Salud y Sociedad",MARIA ARANZAZU FERNANDEZ RODRIGUEZ
171,España y Perú refuerzan la cooperación universitaria en un encuentro bilateral de rectores y rectoras en Lima,https://portalinvestigacion.uniovi.es/investigadores/217057/detalle,JESUS MARIA FERNANDEZ GOMEZ,No especificado,,JESUS MARIA FERNANDEZ GOMEZ
171,España y Perú refuerzan la cooperación universitaria en un encuentro bilateral de rectores y rectoras en Lima,https://portalinvestigacion.uniovi.es/investigadores/217047/detalle,CARMEN MARIA FERNANDEZ GARCIA,Ciencias de la Educación,Grupo de Análisis Sociológico y Cultural de los Procesos Escolares y Educativos,CARMEN MARIA FERNANDEZ GARCIA
171,España y Perú refuerzan la cooperación universitaria en un encuentro bilateral de rectores y rectoras en Lima,https://portalinvestigacion.uniovi.es/investigadores/217442/detalle,OMAR GARCIA PEREZ,Ciencias de la Educación,Grupo de Análisis Sociológico y Cultural de los Procesos Escolares y Educativos,OMAR GARCIA PEREZ
171,España y Perú refuerzan la cooperación universitaria en un encuentro bilateral de rectores y rectoras en Lima,https://portalinvestigacion.uniovi.es/investigadores/217325/detalle,MARIA ZULIMA FERNANDEZ MUÑIZ,Matemáticas,"Grupo de Problemas Inversos, Optimizaciòn y Aprendizaje Automático",MARIA ZULIMA FERNANDEZ MUÑIZ
171,España y Perú refuerzan la cooperación universitaria en un encuentro bilateral de rectores y rectoras en Lima,https://portalinvestigacion.uniovi.es/investigadores/217019/detalle,MARIA DEL MAR FERNANDEZ ALVAREZ,Medicina,"Entorno, Conductas y Salud",MARIA DEL MAR FERNANDEZ ALVAREZ
171,España y Perú refuerzan la cooperación universitaria en un encuentro bilateral de rectores y rectoras en Lima,https://portalinvestigacion.uniovi.es/investigadores/218860/detalle,MARIA FERNANDEZ DEL VALLE,Biología Funcional,Intervenciones Traslacionales para la Salud,MARIA FERNANDEZ DEL VALLE
171,España y Perú refuerzan la cooperación universitaria en un encuentro bilateral de rectores y rectoras en Lima,https://portalinvestigacion.uniovi.es/investigadores/218457/detalle,ANA SUAREZ ALVAREZ,Economía Aplicada,Modelización Econométrica y Predicción,ANA SUAREZ ALVAREZ
171,España y Perú refuerzan la cooperación universitaria en un encuentro bilateral de rectores y rectoras en Lima,https://portalinvestigacion.uniovi.es/investigadores/218465/detalle,ANA MARIA SUAREZ DIAZ,Biología Funcional,Investigación Básica y Traslacional en Enfermedades Inflamatorias,ANA MARIA SUAREZ DIAZ
171,España y Perú refuerzan la cooperación universitaria en un encuentro bilateral de rectores y rectoras en Lima,https://portalinvestigacion.uniovi.es/investigadores/219850/detalle,MARIA FERNANDEZ DIAZ,Biología Funcional,Investigación en Fisiopatología del Envejecimiento y la Fertilidad Femeninas,MARIA FERNANDEZ DIAZ
171,España y Perú refuerzan la cooperación universitaria en un encuentro bilateral de rectores y rectoras en Lima,https://portalinvestigacion.uniovi.es/investigadores/217038/detalle,MARIA FERNANDEZ FERREIRO,Filología Española,Grupo de Estudios Cervantinos,MARIA FERNANDEZ FERREIRO
171,España y Perú refuerzan la cooperación universitaria en un encuentro bilateral de rectores y rectoras en Lima,https://portalinvestigacion.uniovi.es/investigadores/218869/detalle,MARIA FERNANDEZ GARCIA,Biología de Organismos y Sistemas,"Biodiversidad, Conservación y Filogeografía de Plantas Vasculares",MARIA FERNANDEZ GARCIA
171,España y Perú refuerzan la cooperación universitaria en un encuentro bilateral de rectores y rectoras en Lima,https://portalinvestigacion.uniovi.es/investigadores/219110/detalle,MARIA TERESA FERNANDEZ FERNANDEZ-ARGUELLES,Química Física y Analítica,Grupo de Espectrometría Analítica y Bioanalítica,MARIA TERESA FERNANDEZ FERNANDEZ-ARGUELLES
171,España y Perú refuerzan la cooperación universitaria en un encuentro bilateral de rectores y rectoras en Lima,https://portalinvestigacion.uniovi.es/investigadores/218854/detalle,MIGUEL HERNANDEZ CACERES,Matemáticas,"Grupo de Investigación en Algebra, Codificación y Criptografía",MIGUEL HERNANDEZ CACERES
171,España y Perú refuerzan la cooperación universitaria en un encuentro bilateral de rectores y rectoras en Lima,https://portalinvestigacion.uniovi.es/investigadores/217179/detalle,MARIA TERESA FERNANDEZ ABEDUL,Química Física y Analítica,Espectrometría y Electroquímica Bionanoanalíticas,MARIA TERESA FERNANDEZ ABEDUL
171,España y Perú refuerzan la cooperación universitaria en un encuentro bilateral de rectores y rectoras en Lima,https://portalinvestigacion.uniovi.es/investigadores/1095919/detalle,MARIA ATENEA FERNANDEZ HIGUERO,Historia del Arte y Musicología,"Música, Danza y Estudios Culturales",MARIA ATENEA FERNANDEZ HIGUERO
171,España y Perú refuerzan la cooperación universitaria en un encuentro bilateral de rectores y rectoras en Lima,https://portalinvestigacion.uniovi.es/investigadores/217518/detalle,MARIA LUISA FERNANDEZ SANCHEZ,Química Física y Analítica,Grupo de Espectrometría Analítica y Bioanalítica,MARIA LUISA FERNANDEZ SANCHEZ
171,España y Perú refuerzan la cooperación universitaria en un encuentro bilateral de rectores y rectoras en Lima,https://portalinvestigacion.uniovi.es/investigadores/217043/detalle,ANA MARIA FERNANDEZ GARCIA,Historia del Arte y Musicología,Escenarios para el Arte,ANA MARIA FERNANDEZ GARCIA
171,España y Perú refuerzan la cooperación universitaria en un encuentro bilateral de rectores y rectoras en Lima,https://portalinvestigacion.uniovi.es/investigadores/217051/detalle,MARIA PAULA FERNANDEZ GARCIA,Psicología,Evaluación Psicométrica y Diseño de Investigación,MARIA PAULA FERNANDEZ GARCIA
171,España y Perú refuerzan la cooperación universitaria en un encuentro bilateral de rectores y rectoras en Lima,https://portalinvestigacion.uniovi.es/investigadores/217062/detalle,MARIA DE LOS ANGELES FERNANDEZ GONZALEZ,Ciencias de la Educación,"Síntesis, Estructura y Aplicación Tecnológica de Materiales",MARIA DE LOS ANGELES FERNANDEZ GONZALEZ
171,España y Perú refuerzan la cooperación universitaria en un encuentro bilateral de rectores y rectoras en Lima,https://portalinvestigacion.uniovi.es/investigadores/219224/detalle,MARIA JOSE PEREZ FERNANDEZ,Física,Magnetismo de Materiales y Nanomateriales,MARIA JOSE PEREZ FERNANDEZ
171,España y Perú refuerzan la cooperación universitaria en un encuentro bilateral de rectores y rectoras en Lima,https://portalinvestigacion.uniovi.es/investigadores/217512/detalle,MARIA DEL ROCIO FERNANDEZ RODRIGUEZ,No especificado,,MARIA DEL ROCIO FERNANDEZ RODRIGUEZ
171,España y Perú refuerzan la cooperación universitaria en un encuentro bilateral de rectores y rectoras en Lima,https://portalinvestigacion.uniovi.es/investigadores/217059/detalle,ELENA MARIA FERNANDEZ GONZALEZ,No especificado,,ELENA MARIA FERNANDEZ GONZALEZ
171,España y Perú refuerzan la cooperación universitaria en un encuentro bilateral de rectores y rectoras en Lima,https://portalinvestigacion.uniovi.es/investigadores/217519/detalle,MARIA TERESA FERNANDEZ SANCHEZ,Química Física y Analítica,"Nanopartículas, Membranas y Bioanálisis",MARIA TERESA FERNANDEZ SANCHEZ
171,España y Perú refuerzan la cooperación universitaria en un encuentro bilateral de rectores y rectoras en Lima,https://portalinvestigacion.uniovi.es/investigadores/219575/detalle,JOSE RUIZ MAS,"Filología Inglesa, Francesa y Alemana","Grupo ""Otras Lenguas"" de Investigación en Estudios Ingleses, Franceses, Alemanes, Portugueses, Italianos y Neogriegos: Intersecciones Histórico-literarias y Fenómenos de Proyección y Recepción Cultural",JOSE RUIZ MAS
171,España y Perú refuerzan la cooperación universitaria en un encuentro bilateral de rectores y rectoras en Lima,https://portalinvestigacion.uniovi.es/investigadores/217181/detalle,MARIA ISABEL FERNANDEZ QUESADA,,Grupo de Ingeniería de Organización,MARIA ISABEL FERNANDEZ QUESADA
171,España y Perú refuerzan la cooperación universitaria en un encuentro bilateral de rectores y rectoras en Lima,https://portalinvestigacion.uniovi.es/investigadores/220227/detalle,MARIA FERNANDEZ FERNANDEZ,Morfología y Biología Celular,Respuesta Celular al Estrés Oxidativo,MARIA FERNANDEZ FERNANDEZ
171,España y Perú refuerzan la cooperación universitaria en un encuentro bilateral de rectores y rectoras en Lima,https://portalinvestigacion.uniovi.es/investigadores/2356382/detalle,JULIA MARIA FERNANDEZ DIAZ,Explotación y Prospección de Minas,Grupo de Modelización Matemática Aplicada,JULIA MARIA FERNANDEZ DIAZ
171,España y Perú refuerzan la cooperación universitaria en un encuentro bilateral de rectores y rectoras en Lima,https://portalinvestigacion.uniovi.es/investigadores/217896/detalle,JESUS MIGUEL HERNANDEZ GALILEA,Ciencias Jurídicas Básicas,Grupo de Investigación de Ciencias Penales y Criminologicas,JESUS MIGUEL HERNANDEZ GALILEA
171,España y Perú refuerzan la cooperación universitaria en un encuentro bilateral de rectores y rectoras en Lima,https://portalinvestigacion.uniovi.es/investigadores/217011/detalle,MARIA ESTRELLA FERNANDEZ ALBA,Psicología,"Grupo de Aprendizaje Escolar, Dificultades y Rendimiento Académico",MARIA ESTRELLA FERNANDEZ ALBA
171,España y Perú refuerzan la cooperación universitaria en un encuentro bilateral de rectores y rectoras en Lima,https://portalinvestigacion.uniovi.es/investigadores/217322/detalle,MARIA MARGARITA FERNANDEZ MIER,Historia,Social Landscapes,MARIA MARGARITA FERNANDEZ MIER
172,La Universidad de Oviedo celebra 25 años impulsando la transferencia de conocimiento y la divulgación científica,https://portalinvestigacion.uniovi.es/investigadores/1010273/detalle,IRENE DIAZ MARTINEZ,Historia,Grupo de Investigación en Historia Sociocultural,IRENE DIAZ MARTINEZ
172,La Universidad de Oviedo celebra 25 años impulsando la transferencia de conocimiento y la divulgación científica,https://portalinvestigacion.uniovi.es/investigadores/217124/detalle,SUSANA IRENE DIAZ RODRIGUEZ,Estadística e Investigación Operativa y Didáctica de la Matemática,Modelización de la Incertidumbre y la Imprecisión en Teoría de la Decisión,SUSANA IRENE DIAZ RODRIGUEZ
173,La Universidad de Oviedo visibiliza 20 investigaciones con perspectiva de género en su acto institucional por el 8M,https://portalinvestigacion.uniovi.es/investigadores/218536/detalle,IGNACIO VILLAVERDE MENENDEZ,Derecho Público,Derechos Fundamentales y Constitución,IGNACIO VILLAVERDE MENENDEZ
173,La Universidad de Oviedo visibiliza 20 investigaciones con perspectiva de género en su acto institucional por el 8M,https://portalinvestigacion.uniovi.es/investigadores/217052/detalle,MARIA PAZ FERNANDEZ GARCIA,Física,Magnetism for Health and Environment,MARIA PAZ FERNANDEZ GARCIA
173,La Universidad de Oviedo visibiliza 20 investigaciones con perspectiva de género en su acto institucional por el 8M,https://portalinvestigacion.uniovi.es/investigadores/217053/detalle,MIGUEL FERNANDEZ GARCIA,"Ingeniería Eléctrica, Electrónica, de Comunicaciones y de Sistemas (DIEECS)",Teoría de la Señal y Comunicaciones,MIGUEL FERNANDEZ GARCIA
173,La Universidad de Oviedo visibiliza 20 investigaciones con perspectiva de género en su acto institucional por el 8M,https://portalinvestigacion.uniovi.es/investigadores/452981/detalle,TANIA FERNANDEZ GARCIA,Economía Aplicada,Laboratorio de Análisis Económico Regional,TANIA FERNANDEZ GARCIA
173,La Universidad de Oviedo visibiliza 20 investigaciones con perspectiva de género en su acto institucional por el 8M,https://portalinvestigacion.uniovi.es/investigadores/217047/detalle,CARMEN MARIA FERNANDEZ GARCIA,Ciencias de la Educación,Grupo de Análisis Sociológico y Cultural de los Procesos Escolares y Educativos,CARMEN MARIA FERNANDEZ GARCIA
173,La Universidad de Oviedo visibiliza 20 investigaciones con perspectiva de género en su acto institucional por el 8M,https://portalinvestigacion.uniovi.es/investigadores/217046/detalle,CARLOS FERNANDEZ GARCIA,Matemáticas,Análisis Teórico y Numérico de Ecuaciones en Derivadas Parciales,CARLOS FERNANDEZ GARCIA
173,La Universidad de Oviedo visibiliza 20 investigaciones con perspectiva de género en su acto institucional por el 8M,https://portalinvestigacion.uniovi.es/investigadores/217045/detalle,BENJAMIN FERNANDEZ GARCIA,Biología Funcional,Intervenciones Traslacionales para la Salud,BENJAMIN FERNANDEZ GARCIA
173,La Universidad de Oviedo visibiliza 20 investigaciones con perspectiva de género en su acto institucional por el 8M,https://portalinvestigacion.uniovi.es/investigadores/217044/detalle,BEATRIZ FERNANDEZ GARCIA,Química Física y Analítica,Espectrometría y Electroquímica Bionanoanalíticas,BEATRIZ FERNANDEZ GARCIA
173,La Universidad de Oviedo visibiliza 20 investigaciones con perspectiva de género en su acto institucional por el 8M,https://portalinvestigacion.uniovi.es/investigadores/218231/detalle,EVA MARIA MENENDEZ SEBASTIAN,Derecho Público,"Servicios Públicos, Administraciones y Garantías",EVA MARIA MENENDEZ SEBASTIAN
173,La Universidad de Oviedo visibiliza 20 investigaciones con perspectiva de género en su acto institucional por el 8M,https://portalinvestigacion.uniovi.es/investigadores/217599/detalle,ALFREDO FERNANDEZ OJANGUREN GARCIA COMAS,Biología de Organismos y Sistemas,Diversidad y Conservación Animal,ALFREDO FERNANDEZ OJANGUREN GARCIA COMAS
173,La Universidad de Oviedo visibiliza 20 investigaciones con perspectiva de género en su acto institucional por el 8M,https://portalinvestigacion.uniovi.es/investigadores/219111/detalle,ANDREA FERNANDEZ GARCIA,,"Intersecciones: Literaturas, Culturas y Teorías Contemporáneas",ANDREA FERNANDEZ GARCIA
173,La Universidad de Oviedo visibiliza 20 investigaciones con perspectiva de género en su acto institucional por el 8M,https://portalinvestigacion.uniovi.es/investigadores/220003/detalle,JUAN ALFONSO FERNANDEZ GARCIA,Historia del Arte y Musicología,"Música, Danza y Estudios Culturales",JUAN ALFONSO FERNANDEZ GARCIA
173,La Universidad de Oviedo visibiliza 20 investigaciones con perspectiva de género en su acto institucional por el 8M,https://portalinvestigacion.uniovi.es/investigadores/217049/detalle,FRANCISCO JAVIER FERNANDEZ GARCIA,No especificado,,FRANCISCO JAVIER FERNANDEZ GARCIA
173,La Universidad de Oviedo visibiliza 20 investigaciones con perspectiva de género en su acto institucional por el 8M,https://portalinvestigacion.uniovi.es/investigadores/217048/detalle,FELIPE FERNANDEZ GARCIA,Geografía,Análisis y Representación de los Paisajes Geográficos Españoles,FELIPE FERNANDEZ GARCIA
173,La Universidad de Oviedo visibiliza 20 investigaciones con perspectiva de género en su acto institucional por el 8M,https://portalinvestigacion.uniovi.es/investigadores/217050/detalle,JOSE FRANCISCO FERNANDEZ GARCIA,No especificado,,JOSE FRANCISCO FERNANDEZ GARCIA
173,La Universidad de Oviedo visibiliza 20 investigaciones con perspectiva de género en su acto institucional por el 8M,https://portalinvestigacion.uniovi.es/investigadores/218869/detalle,MARIA FERNANDEZ GARCIA,Biología de Organismos y Sistemas,"Biodiversidad, Conservación y Filogeografía de Plantas Vasculares",MARIA FERNANDEZ GARCIA
173,La Universidad de Oviedo visibiliza 20 investigaciones con perspectiva de género en su acto institucional por el 8M,https://portalinvestigacion.uniovi.es/investigadores/1301773/detalle,ANDREA FERNANDEZ GARCÍA,,"Grupo Demeter. Maternidad, Genero y Familia",ANDREA FERNANDEZ GARCÍA
173,La Universidad de Oviedo visibiliza 20 investigaciones con perspectiva de género en su acto institucional por el 8M,https://portalinvestigacion.uniovi.es/investigadores/217051/detalle,MARIA PAULA FERNANDEZ GARCIA,Psicología,Evaluación Psicométrica y Diseño de Investigación,MARIA PAULA FERNANDEZ GARCIA
173,La Universidad de Oviedo visibiliza 20 investigaciones con perspectiva de género en su acto institucional por el 8M,https://portalinvestigacion.uniovi.es/investigadores/217043/detalle,ANA MARIA FERNANDEZ GARCIA,Historia del Arte y Musicología,Escenarios para el Arte,ANA MARIA FERNANDEZ GARCIA
173,La Universidad de Oviedo visibiliza 20 investigaciones con perspectiva de género en su acto institucional por el 8M,https://portalinvestigacion.uniovi.es/investigadores/2370664/detalle,SARA FERNANDEZ GARCIA,No especificado,,SARA FERNANDEZ GARCIA
173,La Universidad de Oviedo visibiliza 20 investigaciones con perspectiva de género en su acto institucional por el 8M,https://portalinvestigacion.uniovi.es/investigadores/218232/detalle,MARIA DE LA PAZ MENENDEZ SEBASTIAN,Derecho Privado y de la Empresa,Grupo de Investigación en Derecho Social de la Universidad de Oviedo,MARIA DE LA PAZ MENENDEZ SEBASTIAN
174,La Universidad de Oviedo visibiliza 20 investigaciones con perspectiva de género en su acto institucional por el 8M,https://portalinvestigacion.uniovi.es/investigadores/217023/detalle,MANES FERNANDEZ CABANAS,No especificado,,MANES FERNANDEZ CABANAS
174,La Universidad de Oviedo visibiliza 20 investigaciones con perspectiva de género en su acto institucional por el 8M,https://portalinvestigacion.uniovi.es/investigadores/218536/detalle,IGNACIO VILLAVERDE MENENDEZ,Derecho Público,Derechos Fundamentales y Constitución,IGNACIO VILLAVERDE MENENDEZ
174,La Universidad de Oviedo visibiliza 20 investigaciones con perspectiva de género en su acto institucional por el 8M,https://portalinvestigacion.uniovi.es/investigadores/218231/detalle,EVA MARIA MENENDEZ SEBASTIAN,Derecho Público,"Servicios Públicos, Administraciones y Garantías",EVA MARIA MENENDEZ SEBASTIAN
174,La Universidad de Oviedo visibiliza 20 investigaciones con perspectiva de género en su acto institucional por el 8M,https://portalinvestigacion.uniovi.es/investigadores/218232/detalle,MARIA DE LA PAZ MENENDEZ SEBASTIAN,Derecho Privado y de la Empresa,Grupo de Investigación en Derecho Social de la Universidad de Oviedo,MARIA DE LA PAZ MENENDEZ SEBASTIAN
175,Noelia López Souto gana el Premio de Investigación Instituto Feijoo de Estudios del Siglo XVIII 2026,https://portalinvestigacion.uniovi.es/investigadores/217525/detalle,MARTA FRIERA ALVAREZ,,"Grupo Demeter. Maternidad, Genero y Familia",MARTA FRIERA ALVAREZ
175,Noelia López Souto gana el Premio de Investigación Instituto Feijoo de Estudios del Siglo XVIII 2026,https://portalinvestigacion.uniovi.es/investigadores/217113/detalle,JUAN DIAZ GONZALEZ,"Ingeniería Eléctrica, Electrónica, de Comunicaciones y de Sistemas (DIEECS)",Grupo de Electrónica para la Innovación Industrial,JUAN DIAZ GONZALEZ
175,Noelia López Souto gana el Premio de Investigación Instituto Feijoo de Estudios del Siglo XVIII 2026,https://portalinvestigacion.uniovi.es/investigadores/218046/detalle,RODRIGO OLAY VALDES,,Grupo de Investigación del Instituto Feijoo de Estudios del Siglo XVIII,RODRIGO OLAY VALDES
175,Noelia López Souto gana el Premio de Investigación Instituto Feijoo de Estudios del Siglo XVIII 2026,https://portalinvestigacion.uniovi.es/investigadores/217096/detalle,JUAN DIAZ ALVAREZ,,Grupo de Investigación del Instituto Feijoo de Estudios del Siglo XVIII,JUAN DIAZ ALVAREZ
175,Noelia López Souto gana el Premio de Investigación Instituto Feijoo de Estudios del Siglo XVIII 2026,https://portalinvestigacion.uniovi.es/investigadores/218237/detalle,ARMANDO MENENDEZ VISO,Filosofía,Grupo de Investigación de Estudios Sociales de la Ciencia,ARMANDO MENENDEZ VISO
175,Noelia López Souto gana el Premio de Investigación Instituto Feijoo de Estudios del Siglo XVIII 2026,https://portalinvestigacion.uniovi.es/investigadores/217783/detalle,ALEJANDRO LOPEZ SOTO,Bioquímica y Biología Molecular,"Genomas, Cáncer y Envejecimiento",ALEJANDRO LOPEZ SOTO
176,Un estudio de la Universidad de Oviedo identifica un biomarcador clave para entender el entrenamiento en medallistas olímpicos,https://portalinvestigacion.uniovi.es/investigadores/218785/detalle,JAIME GARCIA FERNANDEZ,Psicología,Evaluación Psicométrica y Diseño de Investigación,JAIME GARCIA FERNANDEZ
176,Un estudio de la Universidad de Oviedo identifica un biomarcador clave para entender el entrenamiento en medallistas olímpicos,https://portalinvestigacion.uniovi.es/investigadores/217585/detalle,ROBERTO GARCIA FERNANDEZ,Informática,Investigación de Sistemas Multimedia e Internet de las Cosas,ROBERTO GARCIA FERNANDEZ
176,Un estudio de la Universidad de Oviedo identifica un biomarcador clave para entender el entrenamiento en medallistas olímpicos,https://portalinvestigacion.uniovi.es/investigadores/217031/detalle,JULIO MANUEL FERNANDEZ DIAZ,Física,Ciencia de Materiales Computacional,JULIO MANUEL FERNANDEZ DIAZ
176,Un estudio de la Universidad de Oviedo identifica un biomarcador clave para entender el entrenamiento en medallistas olímpicos,https://portalinvestigacion.uniovi.es/investigadores/1095853/detalle,MANUEL FERNANDEZ SANJURJO,Biología Funcional,Intervenciones Traslacionales para la Salud,MANUEL FERNANDEZ SANJURJO
176,Un estudio de la Universidad de Oviedo identifica un biomarcador clave para entender el entrenamiento en medallistas olímpicos,https://portalinvestigacion.uniovi.es/investigadores/217641/detalle,EDUARDO IGLESIAS GUTIERREZ,Biología Funcional,Intervenciones Traslacionales para la Salud,EDUARDO IGLESIAS GUTIERREZ
176,Un estudio de la Universidad de Oviedo identifica un biomarcador clave para entender el entrenamiento en medallistas olímpicos,https://portalinvestigacion.uniovi.es/investigadores/218012/detalle,JOSE MANUEL PRIETO FERNANDEZ DEL VISO,Economía,"Historia, Economía y Sociedad",JOSE MANUEL PRIETO FERNANDEZ DEL VISO
176,Un estudio de la Universidad de Oviedo identifica un biomarcador clave para entender el entrenamiento en medallistas olímpicos,https://portalinvestigacion.uniovi.es/investigadores/218786/detalle,MARIA GARCIA FERNANDEZ,"Ingeniería Eléctrica, Electrónica, de Comunicaciones y de Sistemas (DIEECS)",Teoría de la Señal y Comunicaciones,MARIA GARCIA FERNANDEZ
176,Un estudio de la Universidad de Oviedo identifica un biomarcador clave para entender el entrenamiento en medallistas olímpicos,https://portalinvestigacion.uniovi.es/investigadores/217328/detalle,JESUS MANUEL FERNANDEZ ORO,Energía,Fluids Engineeering for Renewable Energy and Sustainability,JESUS MANUEL FERNANDEZ ORO
176,Un estudio de la Universidad de Oviedo identifica un biomarcador clave para entender el entrenamiento en medallistas olímpicos,https://portalinvestigacion.uniovi.es/investigadores/217071/detalle,FRANCISCO MANUEL FERNANDEZ LINERA,"Ingeniería Eléctrica, Electrónica, de Comunicaciones y de Sistemas (DIEECS)","Sistemas de Medidas, Almacenamiento Energético y Aplicaciones Industriales",FRANCISCO MANUEL FERNANDEZ LINERA
176,Un estudio de la Universidad de Oviedo identifica un biomarcador clave para entender el entrenamiento en medallistas olímpicos,https://portalinvestigacion.uniovi.es/investigadores/217398/detalle,VICTOR MANUEL GARCIA FERNANDEZ,"Ingeniería Eléctrica, Electrónica, de Comunicaciones y de Sistemas (DIEECS)","Sistemas de Medidas, Almacenamiento Energético y Aplicaciones Industriales",VICTOR MANUEL GARCIA FERNANDEZ
176,Un estudio de la Universidad de Oviedo identifica un biomarcador clave para entender el entrenamiento en medallistas olímpicos,https://portalinvestigacion.uniovi.es/investigadores/452944/detalle,MIGUEL GARCIA VILLARINO,Medicina,Salud y Medio Ambiente,MIGUEL GARCIA VILLARINO
176,Un estudio de la Universidad de Oviedo identifica un biomarcador clave para entender el entrenamiento en medallistas olímpicos,https://portalinvestigacion.uniovi.es/investigadores/219166/detalle,JAVIER GARCIA FERNANDEZ,Física,Magnetismo de Materiales y Nanomateriales,JAVIER GARCIA FERNANDEZ
176,Un estudio de la Universidad de Oviedo identifica un biomarcador clave para entender el entrenamiento en medallistas olímpicos,https://portalinvestigacion.uniovi.es/investigadores/217579/detalle,GLORIA GARCIA FERNANDEZ,No especificado,,GLORIA GARCIA FERNANDEZ
176,Un estudio de la Universidad de Oviedo identifica un biomarcador clave para entender el entrenamiento en medallistas olímpicos,https://portalinvestigacion.uniovi.es/investigadores/1116405/detalle,MIGUEL GARCIA SUAREZ,Psicología,"Grupo de Aprendizaje Escolar, Dificultades y Rendimiento Académico",MIGUEL GARCIA SUAREZ
176,Un estudio de la Universidad de Oviedo identifica un biomarcador clave para entender el entrenamiento en medallistas olímpicos,https://portalinvestigacion.uniovi.es/investigadores/2237794/detalle,DAVID FERNANDEZ VIVERO,Biología Funcional,Intervenciones Traslacionales para la Salud,DAVID FERNANDEZ VIVERO
176,Un estudio de la Universidad de Oviedo identifica un biomarcador clave para entender el entrenamiento en medallistas olímpicos,https://portalinvestigacion.uniovi.es/investigadores/217584/detalle,PABLO GARCIA FERNANDEZ,"Ingeniería Eléctrica, Electrónica, de Comunicaciones y de Sistemas (DIEECS)",Laboratory for Electrical Energy Management Unified Research,PABLO GARCIA FERNANDEZ
176,Un estudio de la Universidad de Oviedo identifica un biomarcador clave para entender el entrenamiento en medallistas olímpicos,https://portalinvestigacion.uniovi.es/investigadores/1095822/detalle,JOSE MANUEL FERNANDEZ PRIETO,Historia,Grupo de Investigación en Historia Sociocultural,JOSE MANUEL FERNANDEZ PRIETO
176,Un estudio de la Universidad de Oviedo identifica un biomarcador clave para entender el entrenamiento en medallistas olímpicos,https://portalinvestigacion.uniovi.es/investigadores/217451/detalle,MIGUEL GARCIA RODRIGUEZ,Informática,Computational Reflection Research Group,MIGUEL GARCIA RODRIGUEZ
176,Un estudio de la Universidad de Oviedo identifica un biomarcador clave para entender el entrenamiento en medallistas olímpicos,https://portalinvestigacion.uniovi.es/investigadores/1010303/detalle,IRENE GARCIA FERNANDEZ,No especificado,,IRENE GARCIA FERNANDEZ
176,Un estudio de la Universidad de Oviedo identifica un biomarcador clave para entender el entrenamiento en medallistas olímpicos,https://portalinvestigacion.uniovi.es/investigadores/219836/detalle,NICOLAS TERRADOS CEPEDA,Biología Funcional,Intervenciones Traslacionales para la Salud,NICOLAS TERRADOS CEPEDA
176,Un estudio de la Universidad de Oviedo identifica un biomarcador clave para entender el entrenamiento en medallistas olímpicos,https://portalinvestigacion.uniovi.es/investigadores/217397/detalle,TRINIDAD GARCIA FERNANDEZ,Psicología,"Grupo de Aprendizaje Escolar, Dificultades y Rendimiento Académico",TRINIDAD GARCIA FERNANDEZ
176,Un estudio de la Universidad de Oviedo identifica un biomarcador clave para entender el entrenamiento en medallistas olímpicos,https://portalinvestigacion.uniovi.es/investigadores/217580/detalle,JOSE GARCIA FERNANDEZ,Filología Clásica y Románica,Voces Femeninas en la Literatura y la Cultura Europeas,JOSE GARCIA FERNANDEZ
176,Un estudio de la Universidad de Oviedo identifica un biomarcador clave para entender el entrenamiento en medallistas olímpicos,https://portalinvestigacion.uniovi.es/investigadores/218788/detalle,NATALIA GARCIA FERNANDEZ,Construcción e Ingeniería de Fabricación,"Dynamics, Materials and Structures",NATALIA GARCIA FERNANDEZ
176,Un estudio de la Universidad de Oviedo identifica un biomarcador clave para entender el entrenamiento en medallistas olímpicos,https://portalinvestigacion.uniovi.es/investigadores/217016/detalle,ALBERTO MANUEL FERNANDEZ ALVAREZ,Informática,Computational Reflection Research Group,ALBERTO MANUEL FERNANDEZ ALVAREZ
178,Alcón aboga por la cooperación institucional y la inversión sostenida para fortalecer la docencia universitaria en las V Jornadas de Crue-Docencia en la UJI,https://portalinvestigacion.uniovi.es/investigadores/219832/detalle,MARIA GOMEZ MARTIN,Historia,Grupo de Investigación en Historia Sociocultural,MARIA GOMEZ MARTIN
178,Alcón aboga por la cooperación institucional y la inversión sostenida para fortalecer la docencia universitaria en las V Jornadas de Crue-Docencia en la UJI,https://portalinvestigacion.uniovi.es/investigadores/218801/detalle,FRANCISCO GARCIA RIESGO,Explotación y Prospección de Minas,Grupo de Modelización Matemática Aplicada,FRANCISCO GARCIA RIESGO
179,La Cátedra de Evaluación de las Políticas de Empleo presenta un modelo estadístico para mejorar la empleabilidad en Asturias,https://portalinvestigacion.uniovi.es/investigadores/218284/detalle,MATIAS MAYOR FERNANDEZ,Economía,Grupo de Investigación en Economía Laboral,MATIAS MAYOR FERNANDEZ
179,La Cátedra de Evaluación de las Políticas de Empleo presenta un modelo estadístico para mejorar la empleabilidad en Asturias,https://portalinvestigacion.uniovi.es/investigadores/217811/detalle,SUSANA LUQUE RODRIGUEZ,Química Física y Analítica,"Nanopartículas, Membranas y Bioanálisis",SUSANA LUQUE RODRIGUEZ
179,La Cátedra de Evaluación de las Políticas de Empleo presenta un modelo estadístico para mejorar la empleabilidad en Asturias,https://portalinvestigacion.uniovi.es/investigadores/216972/detalle,JUAN FRANCISCO CANAL DOMINGUEZ,Economía,Grupo de Investigación en Economía Laboral,JUAN FRANCISCO CANAL DOMINGUEZ
179,La Cátedra de Evaluación de las Políticas de Empleo presenta un modelo estadístico para mejorar la empleabilidad en Asturias,https://portalinvestigacion.uniovi.es/investigadores/217810/detalle,PABLO LUQUE RODRIGUEZ,No especificado,,PABLO LUQUE RODRIGUEZ
179,La Cátedra de Evaluación de las Políticas de Empleo presenta un modelo estadístico para mejorar la empleabilidad en Asturias,https://portalinvestigacion.uniovi.es/investigadores/218362/detalle,CESAR RODRIGUEZ GUTIERREZ,Economía,Grupo de Investigación en Economía Laboral,CESAR RODRIGUEZ GUTIERREZ
179,La Cátedra de Evaluación de las Políticas de Empleo presenta un modelo estadístico para mejorar la empleabilidad en Asturias,https://portalinvestigacion.uniovi.es/investigadores/218056/detalle,LUIS OREA SANCHEZ,Economía,Oviedo Efficiency Group,LUIS OREA SANCHEZ
179,La Cátedra de Evaluación de las Políticas de Empleo presenta un modelo estadístico para mejorar la empleabilidad en Asturias,https://portalinvestigacion.uniovi.es/investigadores/217079/detalle,MARIA BEGOÑA CUETO IGLESIAS,Economía,Grupo de Investigación en Economía Laboral,MARIA BEGOÑA CUETO IGLESIAS
180,El equipo Divergencia representará a la Universidad de Oviedo en la XVI Liga de Debate Interuniversitario del G-9,https://portalinvestigacion.uniovi.es/investigadores/218481/detalle,JOSE ANTONIO VEGA ALVAREZ,Morfología y Biología Celular,Sistema Nervioso Periférico y Órganos de los Sentidos,JOSE ANTONIO VEGA ALVAREZ
180,El equipo Divergencia representará a la Universidad de Oviedo en la XVI Liga de Debate Interuniversitario del G-9,https://portalinvestigacion.uniovi.es/investigadores/1301778/detalle,CRISTIAN PEREZ GARCIA,No especificado,,CRISTIAN PEREZ GARCIA
180,El equipo Divergencia representará a la Universidad de Oviedo en la XVI Liga de Debate Interuniversitario del G-9,https://portalinvestigacion.uniovi.es/investigadores/219226/detalle,SET PEREZ GONZALEZ,Matemáticas,Grupo de Sistemas Dinámicos de la Universidad de Oviedo,SET PEREZ GONZALEZ
180,El equipo Divergencia representará a la Universidad de Oviedo en la XVI Liga de Debate Interuniversitario del G-9,https://portalinvestigacion.uniovi.es/investigadores/216767/detalle,GONZALO ARTURO ALONSO ORCAJO,"Ingeniería Eléctrica, Electrónica, de Comunicaciones y de Sistemas (DIEECS)",Grupo de Investigación en Instalaciones y Sistemas Eléctricos,GONZALO ARTURO ALONSO ORCAJO
180,El equipo Divergencia representará a la Universidad de Oviedo en la XVI Liga de Debate Interuniversitario del G-9,https://portalinvestigacion.uniovi.es/investigadores/216870/detalle,MARIA ISABEL ALVAREZ VEGA,Derecho Privado y de la Empresa,Nuevo Derecho del Consumidor,MARIA ISABEL ALVAREZ VEGA
180,El equipo Divergencia representará a la Universidad de Oviedo en la XVI Liga de Debate Interuniversitario del G-9,https://portalinvestigacion.uniovi.es/investigadores/216966/detalle,TONI ROGER CAMPIONE,Ciencias Jurídicas Básicas,Grupo de Investigación de Filosofía y Argumentación Jurídica,TONI ROGER CAMPIONE
181,"Coral Garrido, del IES Padre Feijóo, gana la Olimpiada Asturiana de Geología",https://portalinvestigacion.uniovi.es/investigadores/217014/detalle,RUBEN FERNANDEZ ALONSO,Psicología,Evaluación Psicométrica y Diseño de Investigación,RUBEN FERNANDEZ ALONSO
181,"Coral Garrido, del IES Padre Feijóo, gana la Olimpiada Asturiana de Geología",https://portalinvestigacion.uniovi.es/investigadores/2370717/detalle,EDUARDO FERNANDEZ ALONSO,Energía,Grupo de Ingeniería Fluidodinámica,EDUARDO FERNANDEZ ALONSO
181,"Coral Garrido, del IES Padre Feijóo, gana la Olimpiada Asturiana de Geología",https://portalinvestigacion.uniovi.es/investigadores/217012/detalle,DANIEL FERNANDEZ ALONSO,"Ingeniería Eléctrica, Electrónica, de Comunicaciones y de Sistemas (DIEECS)",Accionamientos Eléctricos y Convertidores de Potencia,DANIEL FERNANDEZ ALONSO
181,"Coral Garrido, del IES Padre Feijóo, gana la Olimpiada Asturiana de Geología",https://portalinvestigacion.uniovi.es/investigadores/2370664/detalle,SARA FERNANDEZ GARCIA,No especificado,,SARA FERNANDEZ GARCIA
181,"Coral Garrido, del IES Padre Feijóo, gana la Olimpiada Asturiana de Geología",https://portalinvestigacion.uniovi.es/investigadores/217416/detalle,JUAN JOSE GARCIA GONZALEZ,Filología Clásica y Románica,Grupo de Investigación en Estudios Clásicos,JUAN JOSE GARCIA GONZALEZ
181,"Coral Garrido, del IES Padre Feijóo, gana la Olimpiada Asturiana de Geología",https://portalinvestigacion.uniovi.es/investigadores/217414/detalle,ENOL GARCIA GONZALEZ,Informática,Metrología y Modelos,ENOL GARCIA GONZALEZ
181,"Coral Garrido, del IES Padre Feijóo, gana la Olimpiada Asturiana de Geología",https://portalinvestigacion.uniovi.es/investigadores/217015/detalle,SERGIO FERNANDEZ ALONSO,Estadística e Investigación Operativa y Didáctica de la Matemática,Modelización de la Incertidumbre y la Imprecisión en Teoría de la Decisión,SERGIO FERNANDEZ ALONSO
181,"Coral Garrido, del IES Padre Feijóo, gana la Olimpiada Asturiana de Geología",https://portalinvestigacion.uniovi.es/investigadores/1283427/detalle,SARA SUAREZ FERNANDEZ,Estadística e Investigación Operativa y Didáctica de la Matemática,Modelización de la Incertidumbre y la Imprecisión en Teoría de la Decisión,SARA SUAREZ FERNANDEZ
181,"Coral Garrido, del IES Padre Feijóo, gana la Olimpiada Asturiana de Geología",https://portalinvestigacion.uniovi.es/investigadores/218362/detalle,CESAR RODRIGUEZ GUTIERREZ,Economía,Grupo de Investigación en Economía Laboral,CESAR RODRIGUEZ GUTIERREZ
181,"Coral Garrido, del IES Padre Feijóo, gana la Olimpiada Asturiana de Geología",https://portalinvestigacion.uniovi.es/investigadores/218867/detalle,SARA FERNANDEZ FERNANDEZ,No especificado,,SARA FERNANDEZ FERNANDEZ
181,"Coral Garrido, del IES Padre Feijóo, gana la Olimpiada Asturiana de Geología",https://portalinvestigacion.uniovi.es/investigadores/2354615/detalle,CRISTINA GARCIA GONZALEZ,No especificado,,CRISTINA GARCIA GONZALEZ
181,"Coral Garrido, del IES Padre Feijóo, gana la Olimpiada Asturiana de Geología",https://portalinvestigacion.uniovi.es/investigadores/220003/detalle,JUAN ALFONSO FERNANDEZ GARCIA,Historia del Arte y Musicología,"Música, Danza y Estudios Culturales",JUAN ALFONSO FERNANDEZ GARCIA
181,"Coral Garrido, del IES Padre Feijóo, gana la Olimpiada Asturiana de Geología",https://portalinvestigacion.uniovi.es/investigadores/2355544/detalle,CLAUDIA GARCIA GONZALEZ,No especificado,,CLAUDIA GARCIA GONZALEZ
182,"El G-9 registra 9.673 inscripciones en el XIII Plan PTGAS 2026, que comienza este lunes 2 de marzo",https://portalinvestigacion.uniovi.es/investigadores/218536/detalle,IGNACIO VILLAVERDE MENENDEZ,Derecho Público,Derechos Fundamentales y Constitución,IGNACIO VILLAVERDE MENENDEZ
183,La Universidad de Oviedo aprueba su Plan de Transformación Institucional para consolidar el Campus Europeo INGENIUM,https://portalinvestigacion.uniovi.es/investigadores/218536/detalle,IGNACIO VILLAVERDE MENENDEZ,Derecho Público,Derechos Fundamentales y Constitución,IGNACIO VILLAVERDE MENENDEZ
183,La Universidad de Oviedo aprueba su Plan de Transformación Institucional para consolidar el Campus Europeo INGENIUM,https://portalinvestigacion.uniovi.es/investigadores/218412/detalle,JESUS DANIEL SANTOS RODRIGUEZ,Explotación y Prospección de Minas,Grupo de Modelización Matemática Aplicada,JESUS DANIEL SANTOS RODRIGUEZ
184,Comunicado de la Universidad de Oviedo sobre las informaciones aparecidas en relación al traslado de la Facultad de Ciencias al futuro Campus de El Cristo,https://portalinvestigacion.uniovi.es/investigadores/2370717/detalle,EDUARDO FERNANDEZ ALONSO,Energía,Grupo de Ingeniería Fluidodinámica,EDUARDO FERNANDEZ ALONSO
186,La Universidad de Oviedo incorpora a su herbario más de 1.600 pliegos micológicos donados por el naturalista Alberto Román,https://portalinvestigacion.uniovi.es/investigadores/216992/detalle,EDUARDO CIRES RODRIGUEZ,Biología de Organismos y Sistemas,"Biodiversidad, Conservación y Filogeografía de Plantas Vasculares",EDUARDO CIRES RODRIGUEZ
186,La Universidad de Oviedo incorpora a su herbario más de 1.600 pliegos micológicos donados por el naturalista Alberto Román,https://portalinvestigacion.uniovi.es/investigadores/1116426/detalle,JOSE ANTONIO FERNANDEZ ALVAREZ,"Ingeniería Eléctrica, Electrónica, de Comunicaciones y de Sistemas (DIEECS)",Sistemas Electrónicos de Alimentación,JOSE ANTONIO FERNANDEZ ALVAREZ
186,La Universidad de Oviedo incorpora a su herbario más de 1.600 pliegos micológicos donados por el naturalista Alberto Román,https://portalinvestigacion.uniovi.es/investigadores/1931688/detalle,ANTONIO FERNANDEZ FERNANDEZ,Geografía,Grupo de Estudios en Ambientes Fríos y de Montaña,ANTONIO FERNANDEZ FERNANDEZ
186,La Universidad de Oviedo incorpora a su herbario más de 1.600 pliegos micológicos donados por el naturalista Alberto Román,https://portalinvestigacion.uniovi.es/investigadores/217593/detalle,LUIS ANTONIO FERNANDEZ VILLAZON,Derecho Privado y de la Empresa,Grupo de Investigación en Derecho Social de la Universidad de Oviedo,LUIS ANTONIO FERNANDEZ VILLAZON
186,La Universidad de Oviedo incorpora a su herbario más de 1.600 pliegos micológicos donados por el naturalista Alberto Román,https://portalinvestigacion.uniovi.es/investigadores/219706/detalle,MIGUEL ANTONIO FERNANDEZ MARQUEZ,Biología de Organismos y Sistemas,"Biodiversidad, Conservación y Filogeografía de Plantas Vasculares",MIGUEL ANTONIO FERNANDEZ MARQUEZ
186,La Universidad de Oviedo incorpora a su herbario más de 1.600 pliegos micológicos donados por el naturalista Alberto Román,https://portalinvestigacion.uniovi.es/investigadores/217632/detalle,OSCAR LUIS FERNANDEZ MARQUEZ,Derecho Privado y de la Empresa,Grupo de Investigación en Derecho Social de la Universidad de Oviedo,OSCAR LUIS FERNANDEZ MARQUEZ
187,"El rector de la Universidad de Oviedo, Ignacio Villaverde, recibirá el doctorado Honoris Causa por la Universidad de Rouen Normandía",https://portalinvestigacion.uniovi.es/investigadores/218536/detalle,IGNACIO VILLAVERDE MENENDEZ,Derecho Público,Derechos Fundamentales y Constitución,IGNACIO VILLAVERDE MENENDEZ
188,La Universidad de Oviedo analiza cómo la protección marina afecta a la pesca artesanal en el Cantábrico,https://portalinvestigacion.uniovi.es/investigadores/219310/detalle,EMMA ZAPICO FERNANDEZ,No especificado,,EMMA ZAPICO FERNANDEZ
188,La Universidad de Oviedo analiza cómo la protección marina afecta a la pesca artesanal en el Cantábrico,https://portalinvestigacion.uniovi.es/investigadores/217570/detalle,LAURA GARCIA DE LA FUENTE,No especificado,,LAURA GARCIA DE LA FUENTE
188,La Universidad de Oviedo analiza cómo la protección marina afecta a la pesca artesanal en el Cantábrico,https://portalinvestigacion.uniovi.es/investigadores/216996/detalle,ARTURO COLINA VUELTA,Geografía,Análisis y Representación de los Paisajes Geográficos Españoles,ARTURO COLINA VUELTA
188,La Universidad de Oviedo analiza cómo la protección marina afecta a la pesca artesanal en el Cantábrico,https://portalinvestigacion.uniovi.es/investigadores/2237800/detalle,LAURA GARCIA DIAZ,Física,Física de Altas Energías,LAURA GARCIA DIAZ
188,La Universidad de Oviedo analiza cómo la protección marina afecta a la pesca artesanal en el Cantábrico,https://portalinvestigacion.uniovi.es/investigadores/218040/detalle,ICARO OBESO MUÑIZ,Derecho Público,Grupo de Estudios Jurídico-sociales sobre Territorio y Desarrollo Urbano Sostenible,ICARO OBESO MUÑIZ
188,La Universidad de Oviedo analiza cómo la protección marina afecta a la pesca artesanal en el Cantábrico,https://portalinvestigacion.uniovi.es/investigadores/218038/detalle,ANA BELEN RAMOS GUAJARDO,Estadística e Investigación Operativa y Didáctica de la Matemática,Grupo de Investigación en Riesgos Naturales,ANA BELEN RAMOS GUAJARDO
189,España e India refuerzan la cooperación universitaria con una cumbre bilateral en Nueva Delhi,https://portalinvestigacion.uniovi.es/investigadores/1010407/detalle,ENRIQUE JOSE RODRIGUEZ MARTIN,Informática,Web Semántica Oviedo,ENRIQUE JOSE RODRIGUEZ MARTIN
189,España e India refuerzan la cooperación universitaria con una cumbre bilateral en Nueva Delhi,https://portalinvestigacion.uniovi.es/investigadores/220055/detalle,EDGARDO JOSE RODRIGUEZ,Historia del Arte y Musicología,"Grupo de Investigación en Música Contemporánea de España y Latinoamérica ""Diapente XXI""",EDGARDO JOSE RODRIGUEZ
189,España e India refuerzan la cooperación universitaria con una cumbre bilateral en Nueva Delhi,https://portalinvestigacion.uniovi.es/investigadores/217782/detalle,CARLOS ANTONIO LOPEZ SANCHEZ,Biología de Organismos y Sistemas,Gestión Inteligente de Bosques,CARLOS ANTONIO LOPEZ SANCHEZ
189,España e India refuerzan la cooperación universitaria con una cumbre bilateral en Nueva Delhi,https://portalinvestigacion.uniovi.es/investigadores/217756/detalle,JOSE ANTONIO LOPEZ CEREZO,Filosofía,Grupo de Investigación de Estudios Sociales de la Ciencia,JOSE ANTONIO LOPEZ CEREZO
189,España e India refuerzan la cooperación universitaria con una cumbre bilateral en Nueva Delhi,https://portalinvestigacion.uniovi.es/investigadores/218181/detalle,LUIS JOSE RODRIGUEZ MUÑIZ,Estadística e Investigación Operativa y Didáctica de la Matemática,Mathematics Education Research Group,LUIS JOSE RODRIGUEZ MUÑIZ
189,España e India refuerzan la cooperación universitaria con una cumbre bilateral en Nueva Delhi,https://portalinvestigacion.uniovi.es/investigadores/1931694/detalle,JOSE EDUARDO RODRIGUEZ OTERO,Psicología,Ciencia y Divulgación en Prevención y Salud Mental,JOSE EDUARDO RODRIGUEZ OTERO
189,España e India refuerzan la cooperación universitaria con una cumbre bilateral en Nueva Delhi,https://portalinvestigacion.uniovi.es/investigadores/220302/detalle,JOSE MANUEL RODRIGUEZ ALVAREZ,Historia del Arte y Musicología,Texto e Imagen,JOSE MANUEL RODRIGUEZ ALVAREZ
189,España e India refuerzan la cooperación universitaria con una cumbre bilateral en Nueva Delhi,https://portalinvestigacion.uniovi.es/investigadores/218110/detalle,INES PEÑUELAS SANCHEZ,,"Simulación Numérica, Modelizacion, Caracterización Mecánica y Optimización Microestructural de Componentes Industriales",INES PEÑUELAS SANCHEZ
189,España e India refuerzan la cooperación universitaria con una cumbre bilateral en Nueva Delhi,https://portalinvestigacion.uniovi.es/investigadores/218356/detalle,JOSE IGNACIO RODRIGUEZ GARCIA,No especificado,,JOSE IGNACIO RODRIGUEZ GARCIA
189,España e India refuerzan la cooperación universitaria con una cumbre bilateral en Nueva Delhi,https://portalinvestigacion.uniovi.es/investigadores/217758/detalle,MARIA CONCEPCION LOPEZ DIAZ,Matemáticas,"Grupo de Investigación en Algebra, Codificación y Criptografía",MARIA CONCEPCION LOPEZ DIAZ
189,España e India refuerzan la cooperación universitaria con una cumbre bilateral en Nueva Delhi,https://portalinvestigacion.uniovi.es/investigadores/218355/detalle,JOSE LUIS RODRIGUEZ GALLEGO,,Biogeoquímica Ambiental y Materias Primas Minerales,JOSE LUIS RODRIGUEZ GALLEGO
189,España e India refuerzan la cooperación universitaria con una cumbre bilateral en Nueva Delhi,https://portalinvestigacion.uniovi.es/investigadores/217780/detalle,ANTONIO MIGUEL LOPEZ RODRIGUEZ,"Ingeniería Eléctrica, Electrónica, de Comunicaciones y de Sistemas (DIEECS)",Sistemas Multisensor y Robótica,ANTONIO MIGUEL LOPEZ RODRIGUEZ
190,Biología entrega los premios de la XIX edición de su olimpiada asturiana,https://portalinvestigacion.uniovi.es/investigadores/1095884/detalle,CECILIA LOPEZ MARTINEZ,Biología Funcional,Investigación Traslacional en el Paciente Crítico,CECILIA LOPEZ MARTINEZ
190,Biología entrega los premios de la XIX edición de su olimpiada asturiana,https://portalinvestigacion.uniovi.es/investigadores/217773/detalle,SERGIO LOPEZ MARTINEZ,"Filología Inglesa, Francesa y Alemana",Grupo de Investigación en Lingüística Inglesa de la Universidad de Oviedo,SERGIO LOPEZ MARTINEZ
190,Biología entrega los premios de la XIX edición de su olimpiada asturiana,https://portalinvestigacion.uniovi.es/investigadores/217772/detalle,BELEN LOPEZ MARTINEZ,Historia,"Arqueología Antigua y Medieval: Territorio, Sociedad y Cultura Material",BELEN LOPEZ MARTINEZ
191,La Cátedra de Innovación de la Universidad de Oviedo y el Principado identificará sectores estratégicos para el futuro económico y tecnológico de Asturias,https://portalinvestigacion.uniovi.es/investigadores/219668/detalle,FERNANDO RUBIERA MOROLLON,Economía Aplicada,Laboratorio de Análisis Económico Regional,FERNANDO RUBIERA MOROLLON
191,La Cátedra de Innovación de la Universidad de Oviedo y el Principado identificará sectores estratégicos para el futuro económico y tecnológico de Asturias,https://portalinvestigacion.uniovi.es/investigadores/218056/detalle,LUIS OREA SANCHEZ,Economía,Oviedo Efficiency Group,LUIS OREA SANCHEZ
191,La Cátedra de Innovación de la Universidad de Oviedo y el Principado identificará sectores estratégicos para el futuro económico y tecnológico de Asturias,https://portalinvestigacion.uniovi.es/investigadores/218536/detalle,IGNACIO VILLAVERDE MENENDEZ,Derecho Público,Derechos Fundamentales y Constitución,IGNACIO VILLAVERDE MENENDEZ
192,El ceisIA abandona Lugones ante el bloqueo del Ayuntamiento de Siero,https://portalinvestigacion.uniovi.es/investigadores/1010273/detalle,IRENE DIAZ MARTINEZ,Historia,Grupo de Investigación en Historia Sociocultural,IRENE DIAZ MARTINEZ
192,El ceisIA abandona Lugones ante el bloqueo del Ayuntamiento de Siero,https://portalinvestigacion.uniovi.es/investigadores/217124/detalle,SUSANA IRENE DIAZ RODRIGUEZ,Estadística e Investigación Operativa y Didáctica de la Matemática,Modelización de la Incertidumbre y la Imprecisión en Teoría de la Decisión,SUSANA IRENE DIAZ RODRIGUEZ
192,El ceisIA abandona Lugones ante el bloqueo del Ayuntamiento de Siero,https://portalinvestigacion.uniovi.es/investigadores/218536/detalle,IGNACIO VILLAVERDE MENENDEZ,Derecho Público,Derechos Fundamentales y Constitución,IGNACIO VILLAVERDE MENENDEZ
192,El ceisIA abandona Lugones ante el bloqueo del Ayuntamiento de Siero,https://portalinvestigacion.uniovi.es/investigadores/219278/detalle,NOELIA RICO PACHON,Estadística e Investigación Operativa y Didáctica de la Matemática,Modelización de la Incertidumbre y la Imprecisión en Teoría de la Decisión,NOELIA RICO PACHON
194,La Universidad de Oviedo caracteriza las lesiones inguinales deportivas con el mayor estudio realizado hasta la fecha,https://portalinvestigacion.uniovi.es/investigadores/218048/detalle,HUGO OLMEDILLAS FERNANDEZ,Biología Funcional,"Grupo de Investigación en Rendimiento, Readaptación Físico-deportiva, Entrenamiento y Salud",HUGO OLMEDILLAS FERNANDEZ
194,La Universidad de Oviedo caracteriza las lesiones inguinales deportivas con el mayor estudio realizado hasta la fecha,https://portalinvestigacion.uniovi.es/investigadores/218896/detalle,MIGUEL ENRIQUE DEL VALLE SOTO,Biología Funcional,"Grupo de Investigación en Rendimiento, Readaptación Físico-deportiva, Entrenamiento y Salud",MIGUEL ENRIQUE DEL VALLE SOTO
195,"La Universidad de Oviedo recibe a Pete Worden, una de las figuras más influyentes del ámbito espacial internacional",https://portalinvestigacion.uniovi.es/investigadores/218464/detalle,MARIA PAZ SUAREZ COALLA,Psicología,Investigación en Neurociencia Cognitiva,MARIA PAZ SUAREZ COALLA
195,"La Universidad de Oviedo recibe a Pete Worden, una de las figuras más influyentes del ámbito espacial internacional",https://portalinvestigacion.uniovi.es/investigadores/218536/detalle,IGNACIO VILLAVERDE MENENDEZ,Derecho Público,Derechos Fundamentales y Constitución,IGNACIO VILLAVERDE MENENDEZ
197,La Universidad de Oviedo arranca unas jornadas de orientación en las que participan 126 centros educativos asturianos,https://portalinvestigacion.uniovi.es/investigadores/217775/detalle,ALFONSO JOAQUIN LOPEZ MUÑIZ,Morfología y Biología Celular,Sistema Nervioso Periférico y Órganos de los Sentidos,ALFONSO JOAQUIN LOPEZ MUÑIZ
197,La Universidad de Oviedo arranca unas jornadas de orientación en las que participan 126 centros educativos asturianos,https://portalinvestigacion.uniovi.es/investigadores/219186/detalle,LUIS ANGEL LOPEZ GARCIA,Química Orgánica e Inorgánica,Síntesis Orgánica Selectiva,LUIS ANGEL LOPEZ GARCIA
197,La Universidad de Oviedo arranca unas jornadas de orientación en las que participan 126 centros educativos asturianos,https://portalinvestigacion.uniovi.es/investigadores/218536/detalle,IGNACIO VILLAVERDE MENENDEZ,Derecho Público,Derechos Fundamentales y Constitución,IGNACIO VILLAVERDE MENENDEZ
197,La Universidad de Oviedo arranca unas jornadas de orientación en las que participan 126 centros educativos asturianos,https://portalinvestigacion.uniovi.es/investigadores/220173/detalle,SANTIAGO ALFONSO LOPEZ NAVIA,Filología Española,Grupo de Estudios Cervantinos,SANTIAGO ALFONSO LOPEZ NAVIA
198,Materiales ultraestables del CINN listos para analizar la atmósfera de Marte,https://portalinvestigacion.uniovi.es/investigadores/218464/detalle,MARIA PAZ SUAREZ COALLA,Psicología,Investigación en Neurociencia Cognitiva,MARIA PAZ SUAREZ COALLA
198,Materiales ultraestables del CINN listos para analizar la atmósfera de Marte,https://portalinvestigacion.uniovi.es/investigadores/218574/detalle,MARIA DEL ROSARIO SUAREZ FERNANDEZ,Informática,Metrología y Modelos,MARIA DEL ROSARIO SUAREZ FERNANDEZ
198,Materiales ultraestables del CINN listos para analizar la atmósfera de Marte,https://portalinvestigacion.uniovi.es/investigadores/218575/detalle,MARIA JOSE SUAREZ FERNANDEZ,,"Economics of Leisure, Culture and Sports",MARIA JOSE SUAREZ FERNANDEZ
198,Materiales ultraestables del CINN listos para analizar la atmósfera de Marte,https://portalinvestigacion.uniovi.es/investigadores/218596/detalle,MARIA EUGENIA SUAREZ SERRANO,Ciencias de la Educación,"Síntesis, Estructura y Aplicación Tecnológica de Materiales",MARIA EUGENIA SUAREZ SERRANO
198,Materiales ultraestables del CINN listos para analizar la atmósfera de Marte,https://portalinvestigacion.uniovi.es/investigadores/218593/detalle,INES MARIA SUAREZ RAMON,Construcción e Ingeniería de Fabricación,"Grupo de Investigación en Construcción Sostenible, Simulación y Ensayo",INES MARIA SUAREZ RAMON
198,Materiales ultraestables del CINN listos para analizar la atmósfera de Marte,https://portalinvestigacion.uniovi.es/investigadores/219657/detalle,MARIA JOSE SUAREZ LOPEZ,Energía,Grupo de Ingeniería Fluidodinámica,MARIA JOSE SUAREZ LOPEZ
198,Materiales ultraestables del CINN listos para analizar la atmósfera de Marte,https://portalinvestigacion.uniovi.es/investigadores/218585/detalle,MARIA LEONOR SUAREZ LLANOS,Ciencias Jurídicas Básicas,Grupo de Investigación de Filosofía y Argumentación Jurídica,MARIA LEONOR SUAREZ LLANOS
198,Materiales ultraestables del CINN listos para analizar la atmósfera de Marte,https://portalinvestigacion.uniovi.es/investigadores/218465/detalle,ANA MARIA SUAREZ DIAZ,Biología Funcional,Investigación Básica y Traslacional en Enfermedades Inflamatorias,ANA MARIA SUAREZ DIAZ
199,Más de 60 investigadoras de la Universidad de Oviedo participarán en la conmemoración del Día Internacional de la Mujer y la Niña en la Ciencia,https://portalinvestigacion.uniovi.es/investigadores/1010273/detalle,IRENE DIAZ MARTINEZ,Historia,Grupo de Investigación en Historia Sociocultural,IRENE DIAZ MARTINEZ
199,Más de 60 investigadoras de la Universidad de Oviedo participarán en la conmemoración del Día Internacional de la Mujer y la Niña en la Ciencia,https://portalinvestigacion.uniovi.es/investigadores/217124/detalle,SUSANA IRENE DIAZ RODRIGUEZ,Estadística e Investigación Operativa y Didáctica de la Matemática,Modelización de la Incertidumbre y la Imprecisión en Teoría de la Decisión,SUSANA IRENE DIAZ RODRIGUEZ
201,El G-9 valora la confirmación del Ministerio sobre la estabilidad económica de las plazas del programa María Goyri,https://portalinvestigacion.uniovi.es/investigadores/219135/detalle,JESUS ANGEL DEL BRIO GONZALEZ,No especificado,,JESUS ANGEL DEL BRIO GONZALEZ
201,El G-9 valora la confirmación del Ministerio sobre la estabilidad económica de las plazas del programa María Goyri,https://portalinvestigacion.uniovi.es/investigadores/217370/detalle,CARLOS GONZALEZ GUTIERREZ,Explotación y Prospección de Minas,Grupo de Modelización Matemática Aplicada,CARLOS GONZALEZ GUTIERREZ
201,El G-9 valora la confirmación del Ministerio sobre la estabilidad económica de las plazas del programa María Goyri,https://portalinvestigacion.uniovi.es/investigadores/216770/detalle,PEDRO ALONSO VELAZQUEZ,Estadística e Investigación Operativa y Didáctica de la Matemática,Modelización de la Incertidumbre y la Imprecisión en Teoría de la Decisión,PEDRO ALONSO VELAZQUEZ
203,Más de 10.000 estudiantes preuniversitarios conocerán la oferta académica de la Universidad de Oviedo en unas jornadas de orientación de récord,https://portalinvestigacion.uniovi.es/investigadores/217775/detalle,ALFONSO JOAQUIN LOPEZ MUÑIZ,Morfología y Biología Celular,Sistema Nervioso Periférico y Órganos de los Sentidos,ALFONSO JOAQUIN LOPEZ MUÑIZ
203,Más de 10.000 estudiantes preuniversitarios conocerán la oferta académica de la Universidad de Oviedo en unas jornadas de orientación de récord,https://portalinvestigacion.uniovi.es/investigadores/220173/detalle,SANTIAGO ALFONSO LOPEZ NAVIA,Filología Española,Grupo de Estudios Cervantinos,SANTIAGO ALFONSO LOPEZ NAVIA
204,Dos monografías del Servicio de Publicaciones de la Universidad de Oviedo obtienen el sello de calidad en edición académica CEA-APQ 2025,https://portalinvestigacion.uniovi.es/investigadores/217509/detalle,FRANCISCO JOSE FERNANDEZ RODRIGUEZ,Geología,Grupo de Análisis de Pliegues de Oviedo | Geofísica y Tectónica,FRANCISCO JOSE FERNANDEZ RODRIGUEZ
204,Dos monografías del Servicio de Publicaciones de la Universidad de Oviedo obtienen el sello de calidad en edición académica CEA-APQ 2025,https://portalinvestigacion.uniovi.es/investigadores/1095851/detalle,FRANCISCO FERNANDEZ LOPEZ,,Grupo de Investigación del Instituto Feijoo de Estudios del Siglo XVIII,FRANCISCO FERNANDEZ LOPEZ
204,Dos monografías del Servicio de Publicaciones de la Universidad de Oviedo obtienen el sello de calidad en edición académica CEA-APQ 2025,https://portalinvestigacion.uniovi.es/investigadores/217363/detalle,ANA ISABEL GONZALEZ GONZALEZ,Derecho Público,Fiscalidad Interterritorial y Lucha Contra la Evasión Fiscal,ANA ISABEL GONZALEZ GONZALEZ
204,Dos monografías del Servicio de Publicaciones de la Universidad de Oviedo obtienen el sello de calidad en edición académica CEA-APQ 2025,https://portalinvestigacion.uniovi.es/investigadores/217071/detalle,FRANCISCO MANUEL FERNANDEZ LINERA,"Ingeniería Eléctrica, Electrónica, de Comunicaciones y de Sistemas (DIEECS)","Sistemas de Medidas, Almacenamiento Energético y Aplicaciones Industriales",FRANCISCO MANUEL FERNANDEZ LINERA
204,Dos monografías del Servicio de Publicaciones de la Universidad de Oviedo obtienen el sello de calidad en edición académica CEA-APQ 2025,https://portalinvestigacion.uniovi.es/investigadores/217050/detalle,JOSE FRANCISCO FERNANDEZ GARCIA,No especificado,,JOSE FRANCISCO FERNANDEZ GARCIA
204,Dos monografías del Servicio de Publicaciones de la Universidad de Oviedo obtienen el sello de calidad en edición académica CEA-APQ 2025,https://portalinvestigacion.uniovi.es/investigadores/217362/detalle,MARTA ISABEL GONZALEZ GARCIA,Filosofía,Grupo de Investigación de Estudios Sociales de la Ciencia,MARTA ISABEL GONZALEZ GARCIA
204,Dos monografías del Servicio de Publicaciones de la Universidad de Oviedo obtienen el sello de calidad en edición académica CEA-APQ 2025,https://portalinvestigacion.uniovi.es/investigadores/217112/detalle,GUSTAVO MANUEL DIAZ GONZALEZ,Derecho Público,Derecho Administrativo,GUSTAVO MANUEL DIAZ GONZALEZ
204,Dos monografías del Servicio de Publicaciones de la Universidad de Oviedo obtienen el sello de calidad en edición académica CEA-APQ 2025,https://portalinvestigacion.uniovi.es/investigadores/217235/detalle,MARIA ISABEL CARRERA SUAREZ,,"Intersecciones: Literaturas, Culturas y Teorías Contemporáneas",MARIA ISABEL CARRERA SUAREZ
204,Dos monografías del Servicio de Publicaciones de la Universidad de Oviedo obtienen el sello de calidad en edición académica CEA-APQ 2025,https://portalinvestigacion.uniovi.es/investigadores/217503/detalle,FRANCISCO JAVIER FERNANDEZ RIO,Ciencias de la Educación,"Educación, Actividad Física, Deporte y Salud",FRANCISCO JAVIER FERNANDEZ RIO
204,Dos monografías del Servicio de Publicaciones de la Universidad de Oviedo obtienen el sello de calidad en edición académica CEA-APQ 2025,https://portalinvestigacion.uniovi.es/investigadores/218801/detalle,FRANCISCO GARCIA RIESGO,Explotación y Prospección de Minas,Grupo de Modelización Matemática Aplicada,FRANCISCO GARCIA RIESGO
204,Dos monografías del Servicio de Publicaciones de la Universidad de Oviedo obtienen el sello de calidad en edición académica CEA-APQ 2025,https://portalinvestigacion.uniovi.es/investigadores/217359/detalle,CRISTINA GONZALEZ GAGO,Física,"Grupo de Espectroscopia, Láseres y Plasmas",CRISTINA GONZALEZ GAGO
204,Dos monografías del Servicio de Publicaciones de la Universidad de Oviedo obtienen el sello de calidad en edición académica CEA-APQ 2025,https://portalinvestigacion.uniovi.es/investigadores/219487/detalle,CESAR GONZALEZ PASCUAL,Física,Ciencia de Materiales Computacional,CESAR GONZALEZ PASCUAL
204,Dos monografías del Servicio de Publicaciones de la Universidad de Oviedo obtienen el sello de calidad en edición académica CEA-APQ 2025,https://portalinvestigacion.uniovi.es/investigadores/218090/detalle,MARCOS MANUEL PASCUAL GONZALEZ,Derecho Público,Derecho Financiero y Tributario,MARCOS MANUEL PASCUAL GONZALEZ
204,Dos monografías del Servicio de Publicaciones de la Universidad de Oviedo obtienen el sello de calidad en edición académica CEA-APQ 2025,https://portalinvestigacion.uniovi.es/investigadores/217049/detalle,FRANCISCO JAVIER FERNANDEZ GARCIA,No especificado,,FRANCISCO JAVIER FERNANDEZ GARCIA
207,Un estudio de la Universidad de Oviedo identifica una amplia diversidad de hongos asociados a las raíces del roble albar cantábrico,https://portalinvestigacion.uniovi.es/investigadores/216856/detalle,PEDRO IGNACIO ALVAREZ PEÑIN,No especificado,,PEDRO IGNACIO ALVAREZ PEÑIN
207,Un estudio de la Universidad de Oviedo identifica una amplia diversidad de hongos asociados a las raíces del roble albar cantábrico,https://portalinvestigacion.uniovi.es/investigadores/216782/detalle,PEDRO ALVAREZ ALVAREZ,Biología de Organismos y Sistemas,Grupo de Investigación de Sistemas Forestales Atlánticos,PEDRO ALVAREZ ALVAREZ
207,Un estudio de la Universidad de Oviedo identifica una amplia diversidad de hongos asociados a las raíces del roble albar cantábrico,https://portalinvestigacion.uniovi.es/investigadores/216922/detalle,PEDRO ALVAREZ CIFUENTES,Filología Clásica y Románica,"Digicodex: Digitalización y Estudio de Códices, Manuscritos y Libros Antiguos de la Catedral y la Universidad de Oviedo",PEDRO ALVAREZ CIFUENTES
207,Un estudio de la Universidad de Oviedo identifica una amplia diversidad de hongos asociados a las raíces del roble albar cantábrico,https://portalinvestigacion.uniovi.es/investigadores/216950/detalle,PEDRO DOMINGO ALVAREZ LLORET,Geología,"Recursos, Yacimientos Minerales y Medio Ambiente",PEDRO DOMINGO ALVAREZ LLORET
207,Un estudio de la Universidad de Oviedo identifica una amplia diversidad de hongos asociados a las raíces del roble albar cantábrico,https://portalinvestigacion.uniovi.es/investigadores/216863/detalle,FELIPE PEDRO ALVAREZ RABANAL,Construcción e Ingeniería de Fabricación,"Grupo de Investigación en Construcción Sostenible, Simulación y Ensayo",FELIPE PEDRO ALVAREZ RABANAL
207,Un estudio de la Universidad de Oviedo identifica una amplia diversidad de hongos asociados a las raíces del roble albar cantábrico,https://portalinvestigacion.uniovi.es/investigadores/219930/detalle,COVADONGA DEL CAMINO FERNANDEZ-MIRANDA,Informática,Investigación de Sistemas Multimedia e Internet de las Cosas,COVADONGA DEL CAMINO FERNANDEZ-MIRANDA
209,Los IX Premios EDUCA ABANCA a los mejores docentes de 2025 distinguen al profesor de la Universidad de Oviedo Andrés Meana Fernández,https://portalinvestigacion.uniovi.es/investigadores/218286/detalle,ANDRES MEANA FERNANDEZ,Energía,Grupo de Ingeniería Fluidodinámica,ANDRES MEANA FERNANDEZ
210,"La Universidad de Oviedo aprueba una oferta de 1.774 plazas de Máster Universitario para el curso 2026-2027, con dos nuevas titulaciones",https://portalinvestigacion.uniovi.es/investigadores/1010273/detalle,IRENE DIAZ MARTINEZ,Historia,Grupo de Investigación en Historia Sociocultural,IRENE DIAZ MARTINEZ
210,"La Universidad de Oviedo aprueba una oferta de 1.774 plazas de Máster Universitario para el curso 2026-2027, con dos nuevas titulaciones",https://portalinvestigacion.uniovi.es/investigadores/217124/detalle,SUSANA IRENE DIAZ RODRIGUEZ,Estadística e Investigación Operativa y Didáctica de la Matemática,Modelización de la Incertidumbre y la Imprecisión en Teoría de la Decisión,SUSANA IRENE DIAZ RODRIGUEZ
210,"La Universidad de Oviedo aprueba una oferta de 1.774 plazas de Máster Universitario para el curso 2026-2027, con dos nuevas titulaciones",https://portalinvestigacion.uniovi.es/investigadores/217928/detalle,JUAN MANUEL MARCHANTE GAYON,Química Física y Analítica,Isótopos Estables Enriquecidos,JUAN MANUEL MARCHANTE GAYON
211,Investigadores de la Universidad de Oviedo copan las convocatorias científicas del Principado,https://portalinvestigacion.uniovi.es/investigadores/219112/detalle,DANIEL FERNANDEZ LANVIN,Informática,Computational Reflection Research Group,DANIEL FERNANDEZ LANVIN
211,Investigadores de la Universidad de Oviedo copan las convocatorias científicas del Principado,https://portalinvestigacion.uniovi.es/investigadores/217012/detalle,DANIEL FERNANDEZ ALONSO,"Ingeniería Eléctrica, Electrónica, de Comunicaciones y de Sistemas (DIEECS)",Accionamientos Eléctricos y Convertidores de Potencia,DANIEL FERNANDEZ ALONSO
211,Investigadores de la Universidad de Oviedo copan las convocatorias científicas del Principado,https://portalinvestigacion.uniovi.es/investigadores/216777/detalle,EDUARDO ALVAREZ ALVAREZ,Energía,Grupo de Ingeniería Fluidodinámica,EDUARDO ALVAREZ ALVAREZ
211,Investigadores de la Universidad de Oviedo copan las convocatorias científicas del Principado,https://portalinvestigacion.uniovi.es/investigadores/219685/detalle,ALVARO FERNANDEZ VAQUERO,"Ingeniería Eléctrica, Electrónica, de Comunicaciones y de Sistemas (DIEECS)",Teoría de la Señal y Comunicaciones,ALVARO FERNANDEZ VAQUERO
211,Investigadores de la Universidad de Oviedo copan las convocatorias científicas del Principado,https://portalinvestigacion.uniovi.es/investigadores/218863/detalle,ALVARO FERNANDEZ FERNANDEZ,Bioquímica y Biología Molecular,"Genomas, Cáncer y Envejecimiento",ALVARO FERNANDEZ FERNANDEZ
211,Investigadores de la Universidad de Oviedo copan las convocatorias científicas del Principado,https://portalinvestigacion.uniovi.es/investigadores/218356/detalle,JOSE IGNACIO RODRIGUEZ GARCIA,No especificado,,JOSE IGNACIO RODRIGUEZ GARCIA
211,Investigadores de la Universidad de Oviedo copan las convocatorias científicas del Principado,https://portalinvestigacion.uniovi.es/investigadores/1095860/detalle,CHRISTIAN RODRIGUEZ GONZALEZ,Ciencias de la Educación,Gi Tecn@: Tecnología y Aprendizaje,CHRISTIAN RODRIGUEZ GONZALEZ
211,Investigadores de la Universidad de Oviedo copan las convocatorias científicas del Principado,https://portalinvestigacion.uniovi.es/investigadores/216780/detalle,LEONARDO ALVAREZ ALVAREZ,Derecho Público,Derechos Fundamentales y Constitución,LEONARDO ALVAREZ ALVAREZ
211,Investigadores de la Universidad de Oviedo copan las convocatorias científicas del Principado,https://portalinvestigacion.uniovi.es/investigadores/219298/detalle,IGNACIO RODRIGUEZ,"Ingeniería Eléctrica, Electrónica, de Comunicaciones y de Sistemas (DIEECS)",Teoría de la Señal y Comunicaciones,IGNACIO RODRIGUEZ
211,Investigadores de la Universidad de Oviedo copan las convocatorias científicas del Principado,https://portalinvestigacion.uniovi.es/investigadores/217749/detalle,FELIPE ALFONSO LOMBO BRUGOS,,Biotecnología de Nutracéuticos y Compuestos Bioactivos,FELIPE ALFONSO LOMBO BRUGOS
211,Investigadores de la Universidad de Oviedo copan las convocatorias científicas del Principado,https://portalinvestigacion.uniovi.es/investigadores/218359/detalle,CARLA MARIA RODRIGUEZ GONZALEZ,,"Intersecciones: Literaturas, Culturas y Teorías Contemporáneas",CARLA MARIA RODRIGUEZ GONZALEZ
211,Investigadores de la Universidad de Oviedo copan las convocatorias científicas del Principado,https://portalinvestigacion.uniovi.es/investigadores/219808/detalle,ROSA MARIA MARINA SAEZ,,"Grupo Demeter. Maternidad, Genero y Familia",ROSA MARIA MARINA SAEZ
211,Investigadores de la Universidad de Oviedo copan las convocatorias científicas del Principado,https://portalinvestigacion.uniovi.es/investigadores/1010273/detalle,IRENE DIAZ MARTINEZ,Historia,Grupo de Investigación en Historia Sociocultural,IRENE DIAZ MARTINEZ
211,Investigadores de la Universidad de Oviedo copan las convocatorias científicas del Principado,https://portalinvestigacion.uniovi.es/investigadores/216779/detalle,JUAN CARLOS ALVAREZ ALVAREZ,"Ingeniería Eléctrica, Electrónica, de Comunicaciones y de Sistemas (DIEECS)",Sistemas Multisensor y Robótica,JUAN CARLOS ALVAREZ ALVAREZ
211,Investigadores de la Universidad de Oviedo copan las convocatorias científicas del Principado,https://portalinvestigacion.uniovi.es/investigadores/218208/detalle,ANGEL NAVARRO RODRIGUEZ,"Ingeniería Eléctrica, Electrónica, de Comunicaciones y de Sistemas (DIEECS)",Laboratory for Electrical Energy Management Unified Research,ANGEL NAVARRO RODRIGUEZ
211,Investigadores de la Universidad de Oviedo copan las convocatorias científicas del Principado,https://portalinvestigacion.uniovi.es/investigadores/216776/detalle,BRAULIO JOSE ALVAREZ ALVAREZ,Construcción e Ingeniería de Fabricación,Engineering for Precision Manufacturing,BRAULIO JOSE ALVAREZ ALVAREZ
211,Investigadores de la Universidad de Oviedo copan las convocatorias científicas del Principado,https://portalinvestigacion.uniovi.es/investigadores/216935/detalle,MONICA ALVAREZ FERNANDEZ,Derecho Público,Derecho Administrativo,MONICA ALVAREZ FERNANDEZ
211,Investigadores de la Universidad de Oviedo copan las convocatorias científicas del Principado,https://portalinvestigacion.uniovi.es/investigadores/217989/detalle,DAVID HEVIA SANCHEZ,Morfología y Biología Celular,Biología Redox,DAVID HEVIA SANCHEZ
211,Investigadores de la Universidad de Oviedo copan las convocatorias científicas del Principado,https://portalinvestigacion.uniovi.es/investigadores/219981/detalle,INMACULADA CONCEPCION ALVAREZ AYUSO,Economía,Oviedo Efficiency Group,INMACULADA CONCEPCION ALVAREZ AYUSO
211,Investigadores de la Universidad de Oviedo copan las convocatorias científicas del Principado,https://portalinvestigacion.uniovi.es/investigadores/219689/detalle,MARINA MARIA RAMOS MARTIN,No especificado,,MARINA MARIA RAMOS MARTIN
211,Investigadores de la Universidad de Oviedo copan las convocatorias científicas del Principado,https://portalinvestigacion.uniovi.es/investigadores/218360/detalle,PABLO RODRIGUEZ GONZALEZ,Química Física y Analítica,Isótopos Estables Enriquecidos,PABLO RODRIGUEZ GONZALEZ
211,Investigadores de la Universidad de Oviedo copan las convocatorias científicas del Principado,https://portalinvestigacion.uniovi.es/investigadores/218165/detalle,MONTSERRAT RIVAS ARDISANA,Física,Magnetism for Health and Environment,MONTSERRAT RIVAS ARDISANA
211,Investigadores de la Universidad de Oviedo copan las convocatorias científicas del Principado,https://portalinvestigacion.uniovi.es/investigadores/219680/detalle,DANIEL FERNANDEZ ALVAREZ,Informática,Web Semántica Oviedo,DANIEL FERNANDEZ ALVAREZ
211,Investigadores de la Universidad de Oviedo copan las convocatorias científicas del Principado,https://portalinvestigacion.uniovi.es/investigadores/216932/detalle,MARIA ALVAREZ FERNANDEZ,,"Grupo Demeter. Maternidad, Genero y Familia",MARIA ALVAREZ FERNANDEZ
211,Investigadores de la Universidad de Oviedo copan las convocatorias científicas del Principado,https://portalinvestigacion.uniovi.es/investigadores/216934/detalle,MARTINA INMACULADA ALVAREZ FERNANDEZ,Explotación y Prospección de Minas,Comportamiento Dinámico del Terreno,MARTINA INMACULADA ALVAREZ FERNANDEZ
211,Investigadores de la Universidad de Oviedo copan las convocatorias científicas del Principado,https://portalinvestigacion.uniovi.es/investigadores/2353797/detalle,ENOL ALVAREZ FERNANDEZ,Derecho Privado y de la Empresa,Grupo de Investigación en Derecho Social de la Universidad de Oviedo,ENOL ALVAREZ FERNANDEZ
211,Investigadores de la Universidad de Oviedo copan las convocatorias científicas del Principado,https://portalinvestigacion.uniovi.es/investigadores/219633/detalle,MARIA CRISTINA RODRIGUEZ GONZALEZ,,"Simulación Numérica, Modelizacion, Caracterización Mecánica y Optimización Microestructural de Componentes Industriales",MARIA CRISTINA RODRIGUEZ GONZALEZ
211,Investigadores de la Universidad de Oviedo copan las convocatorias científicas del Principado,https://portalinvestigacion.uniovi.es/investigadores/2014315/detalle,ADRIAN ALVAREZ ALVAREZ,No especificado,,ADRIAN ALVAREZ ALVAREZ
211,Investigadores de la Universidad de Oviedo copan las convocatorias científicas del Principado,https://portalinvestigacion.uniovi.es/investigadores/216929/detalle,DAVID ALVAREZ FERNANDEZ,Biología de Organismos y Sistemas,Diversidad y Conservación Animal,DAVID ALVAREZ FERNANDEZ
211,Investigadores de la Universidad de Oviedo copan las convocatorias científicas del Principado,https://portalinvestigacion.uniovi.es/investigadores/2355302/detalle,NOEMI PINILLA ALONSO,Explotación y Prospección de Minas,Grupo de Modelización Matemática Aplicada,NOEMI PINILLA ALONSO
211,Investigadores de la Universidad de Oviedo copan las convocatorias científicas del Principado,https://portalinvestigacion.uniovi.es/investigadores/2354231/detalle,DANIEL FERNANDEZ MARTINEZ,No especificado,,DANIEL FERNANDEZ MARTINEZ
211,Investigadores de la Universidad de Oviedo copan las convocatorias científicas del Principado,https://portalinvestigacion.uniovi.es/investigadores/218062/detalle,PAULA OULEGO BLANCO,Ingeniería Química y Tecnología del Medio Ambiente,Tecnología de Bioprocesos y Reactores,PAULA OULEGO BLANCO
211,Investigadores de la Universidad de Oviedo copan las convocatorias científicas del Principado,https://portalinvestigacion.uniovi.es/investigadores/216782/detalle,PEDRO ALVAREZ ALVAREZ,Biología de Organismos y Sistemas,Grupo de Investigación de Sistemas Forestales Atlánticos,PEDRO ALVAREZ ALVAREZ
211,Investigadores de la Universidad de Oviedo copan las convocatorias científicas del Principado,https://portalinvestigacion.uniovi.es/investigadores/217124/detalle,SUSANA IRENE DIAZ RODRIGUEZ,Estadística e Investigación Operativa y Didáctica de la Matemática,Modelización de la Incertidumbre y la Imprecisión en Teoría de la Decisión,SUSANA IRENE DIAZ RODRIGUEZ
212,Las Secretarías Generales del G-9 analizan sus estructuras y comparten experiencias organizativas y de desarrollo normativo,https://portalinvestigacion.uniovi.es/investigadores/217169/detalle,ANGEL ESPINIELLA MENENDEZ,Derecho Privado y de la Empresa,Grupo de Derecho Internacional Privado de la Universidad de Oviedo,ANGEL ESPINIELLA MENENDEZ
213,La Facultad de Psicología de la Universidad de Oviedo ofrece tratamientos novedosos para dejar de fumar tabaco y cannabis,https://portalinvestigacion.uniovi.es/investigadores/217442/detalle,OMAR GARCIA PEREZ,Ciencias de la Educación,Grupo de Análisis Sociológico y Cultural de los Procesos Escolares y Educativos,OMAR GARCIA PEREZ
213,La Facultad de Psicología de la Universidad de Oviedo ofrece tratamientos novedosos para dejar de fumar tabaco y cannabis,https://portalinvestigacion.uniovi.es/investigadores/1095900/detalle,MARIA ISABEL GARCIA PEREZ,Filología Clásica y Románica,Voces Femeninas en la Literatura y la Cultura Europeas,MARIA ISABEL GARCIA PEREZ
213,La Facultad de Psicología de la Universidad de Oviedo ofrece tratamientos novedosos para dejar de fumar tabaco y cannabis,https://portalinvestigacion.uniovi.es/investigadores/219833/detalle,ALBA GONZALEZ SANZ,,"Intersecciones: Literaturas, Culturas y Teorías Contemporáneas",ALBA GONZALEZ SANZ
213,La Facultad de Psicología de la Universidad de Oviedo ofrece tratamientos novedosos para dejar de fumar tabaco y cannabis,https://portalinvestigacion.uniovi.es/investigadores/218421/detalle,ROBERTO SECADES VILLA,Psicología,Grupo de Conductas Adictivas,ROBERTO SECADES VILLA
213,La Facultad de Psicología de la Universidad de Oviedo ofrece tratamientos novedosos para dejar de fumar tabaco y cannabis,https://portalinvestigacion.uniovi.es/investigadores/217440/detalle,DIEGO GARCIA PEREZ,"Ingeniería Eléctrica, Electrónica, de Comunicaciones y de Sistemas (DIEECS)","Grupo de Supervisión, Diagnóstico y Descubrimiento de Conocimiento en Procesos de Ingeniería",DIEGO GARCIA PEREZ
213,La Facultad de Psicología de la Universidad de Oviedo ofrece tratamientos novedosos para dejar de fumar tabaco y cannabis,https://portalinvestigacion.uniovi.es/investigadores/217966/detalle,ALBA GONZALEZ DE LA ROZ,Psicología,Grupo de Conductas Adictivas,ALBA GONZALEZ DE LA ROZ
213,La Facultad de Psicología de la Universidad de Oviedo ofrece tratamientos novedosos para dejar de fumar tabaco y cannabis,https://portalinvestigacion.uniovi.es/investigadores/219646/detalle,SARA EVA WEIDBERG LOPEZ,Psicología,Grupo de Conductas Adictivas,SARA EVA WEIDBERG LOPEZ
213,La Facultad de Psicología de la Universidad de Oviedo ofrece tratamientos novedosos para dejar de fumar tabaco y cannabis,https://portalinvestigacion.uniovi.es/investigadores/452930/detalle,NICOLAS FELIPE WEIDBERG LOPEZ,,Ecología y Biogeoquímica Marina,NICOLAS FELIPE WEIDBERG LOPEZ
213,La Facultad de Psicología de la Universidad de Oviedo ofrece tratamientos novedosos para dejar de fumar tabaco y cannabis,https://portalinvestigacion.uniovi.es/investigadores/1116432/detalle,LAYLA ALEMAN MOUSSA,Psicología,Grupo de Conductas Adictivas,LAYLA ALEMAN MOUSSA
213,La Facultad de Psicología de la Universidad de Oviedo ofrece tratamientos novedosos para dejar de fumar tabaco y cannabis,https://portalinvestigacion.uniovi.es/investigadores/1010307/detalle,ANGEL GARCIA MENENDEZ,Informática,Web Semántica Oviedo,ANGEL GARCIA MENENDEZ
213,La Facultad de Psicología de la Universidad de Oviedo ofrece tratamientos novedosos para dejar de fumar tabaco y cannabis,https://portalinvestigacion.uniovi.es/investigadores/219607/detalle,ANGEL GARCIA PEREZ,Psicología,Grupo de Conductas Adictivas,ANGEL GARCIA PEREZ
214,La Alianza INGENIUM acuerda en Rumanía los pasos clave para su consolidación como universidad europea,https://portalinvestigacion.uniovi.es/investigadores/218536/detalle,IGNACIO VILLAVERDE MENENDEZ,Derecho Público,Derechos Fundamentales y Constitución,IGNACIO VILLAVERDE MENENDEZ
214,La Alianza INGENIUM acuerda en Rumanía los pasos clave para su consolidación como universidad europea,https://portalinvestigacion.uniovi.es/investigadores/218412/detalle,JESUS DANIEL SANTOS RODRIGUEZ,Explotación y Prospección de Minas,Grupo de Modelización Matemática Aplicada,JESUS DANIEL SANTOS RODRIGUEZ
215,La doctora por la Universidad de Oviedo Nerea López Bouzas recibe el premio Fundación ONCE a la Investigación por una tesis sobre comunicación en personas con autismo,https://portalinvestigacion.uniovi.es/investigadores/218756/detalle,NEREA LOPEZ BOUZAS,Ciencias de la Educación,Gi Tecn@: Tecnología y Aprendizaje,NEREA LOPEZ BOUZAS
216,La Sala de Exposiciones de la Universidad de Oviedo se abre a la atmósfera pictórica de Paz Banciella,https://portalinvestigacion.uniovi.es/investigadores/217705/detalle,ANA BELEN MARTINEZ PRIETO,Contabilidad,Nuevas Tecnologías y Análisis Económico-financiero,ANA BELEN MARTINEZ PRIETO
216,La Sala de Exposiciones de la Universidad de Oviedo se abre a la atmósfera pictórica de Paz Banciella,https://portalinvestigacion.uniovi.es/investigadores/219562/detalle,MARIA PILAR GARCES GARCIA,"Filología Inglesa, Francesa y Alemana","Grupo ""Otras Lenguas"" de Investigación en Estudios Ingleses, Franceses, Alemanes, Portugueses, Italianos y Neogriegos: Intersecciones Histórico-literarias y Fenómenos de Proyección y Recepción Cultural",MARIA PILAR GARCES GARCIA
216,La Sala de Exposiciones de la Universidad de Oviedo se abre a la atmósfera pictórica de Paz Banciella,https://portalinvestigacion.uniovi.es/investigadores/1095823/detalle,RODRIGO CUETO GARCIA,Historia,Grupo de Investigación en Historia Sociocultural,RODRIGO CUETO GARCIA
217,Una investigación de la Universidad de Oviedo reconstruye la evolución del estuario del Nalón desde el Pleistoceno hasta la actualidad,https://portalinvestigacion.uniovi.es/investigadores/217438/detalle,EFREN GARCIA ORDIALES,Explotación y Prospección de Minas,Investigación del Subsuelo y Medioambiente,EFREN GARCIA ORDIALES
217,Una investigación de la Universidad de Oviedo reconstruye la evolución del estuario del Nalón desde el Pleistoceno hasta la actualidad,https://portalinvestigacion.uniovi.es/investigadores/217614/detalle,GERMAN FLOR BLANCO,Geología,Procesos Geológicos Modeladores del Relieve de la Cordillera Cantábrica,GERMAN FLOR BLANCO
218,El rector defiende la universidad pública como un servicio al bien común durante su intervención en la festividad de Santo Tomás de Aquino,https://portalinvestigacion.uniovi.es/investigadores/218536/detalle,IGNACIO VILLAVERDE MENENDEZ,Derecho Público,Derechos Fundamentales y Constitución,IGNACIO VILLAVERDE MENENDEZ
218,El rector defiende la universidad pública como un servicio al bien común durante su intervención en la festividad de Santo Tomás de Aquino,https://portalinvestigacion.uniovi.es/investigadores/218801/detalle,FRANCISCO GARCIA RIESGO,Explotación y Prospección de Minas,Grupo de Modelización Matemática Aplicada,FRANCISCO GARCIA RIESGO
218,El rector defiende la universidad pública como un servicio al bien común durante su intervención en la festividad de Santo Tomás de Aquino,https://portalinvestigacion.uniovi.es/investigadores/219221/detalle,MARIA ANGELES PASCUAL SEVILLANO,Ciencias de la Educación,Teaching and Curriculum Group,MARIA ANGELES PASCUAL SEVILLANO
220,El rector reivindica la Extensión Universitaria como seña de identidad de la Universidad de Oviedo en la toma de posesión de Marta Mateo como vicerrectora,https://portalinvestigacion.uniovi.es/investigadores/219562/detalle,MARIA PILAR GARCES GARCIA,"Filología Inglesa, Francesa y Alemana","Grupo ""Otras Lenguas"" de Investigación en Estudios Ingleses, Franceses, Alemanes, Portugueses, Italianos y Neogriegos: Intersecciones Histórico-literarias y Fenómenos de Proyección y Recepción Cultural",MARIA PILAR GARCES GARCIA
220,El rector reivindica la Extensión Universitaria como seña de identidad de la Universidad de Oviedo en la toma de posesión de Marta Mateo como vicerrectora,https://portalinvestigacion.uniovi.es/investigadores/218536/detalle,IGNACIO VILLAVERDE MENENDEZ,Derecho Público,Derechos Fundamentales y Constitución,IGNACIO VILLAVERDE MENENDEZ
221,La Universidad de Oviedo refuerza su presencia en el medio rural asturiano con la creación de una red de embajadores y embajadoras,https://portalinvestigacion.uniovi.es/investigadores/219562/detalle,MARIA PILAR GARCES GARCIA,"Filología Inglesa, Francesa y Alemana","Grupo ""Otras Lenguas"" de Investigación en Estudios Ingleses, Franceses, Alemanes, Portugueses, Italianos y Neogriegos: Intersecciones Histórico-literarias y Fenómenos de Proyección y Recepción Cultural",MARIA PILAR GARCES GARCIA
221,La Universidad de Oviedo refuerza su presencia en el medio rural asturiano con la creación de una red de embajadores y embajadoras,https://portalinvestigacion.uniovi.es/investigadores/218536/detalle,IGNACIO VILLAVERDE MENENDEZ,Derecho Público,Derechos Fundamentales y Constitución,IGNACIO VILLAVERDE MENENDEZ
221,La Universidad de Oviedo refuerza su presencia en el medio rural asturiano con la creación de una red de embajadores y embajadoras,https://portalinvestigacion.uniovi.es/investigadores/1095823/detalle,RODRIGO CUETO GARCIA,Historia,Grupo de Investigación en Historia Sociocultural,RODRIGO CUETO GARCIA
222,La Cátedra de Cultura Científica pulsará la opinión de la sociedad asturiana sobre el valor de la ciencia,https://portalinvestigacion.uniovi.es/investigadores/217465/detalle,EVA GARCIA VAZQUEZ,Biología de Organismos y Sistemas,Aula de Investigación sobre Recursos Naturales,EVA GARCIA VAZQUEZ
222,La Cátedra de Cultura Científica pulsará la opinión de la sociedad asturiana sobre el valor de la ciencia,https://portalinvestigacion.uniovi.es/investigadores/217782/detalle,CARLOS ANTONIO LOPEZ SANCHEZ,Biología de Organismos y Sistemas,Gestión Inteligente de Bosques,CARLOS ANTONIO LOPEZ SANCHEZ
222,La Cátedra de Cultura Científica pulsará la opinión de la sociedad asturiana sobre el valor de la ciencia,https://portalinvestigacion.uniovi.es/investigadores/218536/detalle,IGNACIO VILLAVERDE MENENDEZ,Derecho Público,Derechos Fundamentales y Constitución,IGNACIO VILLAVERDE MENENDEZ
222,La Cátedra de Cultura Científica pulsará la opinión de la sociedad asturiana sobre el valor de la ciencia,https://portalinvestigacion.uniovi.es/investigadores/217756/detalle,JOSE ANTONIO LOPEZ CEREZO,Filosofía,Grupo de Investigación de Estudios Sociales de la Ciencia,JOSE ANTONIO LOPEZ CEREZO
222,La Cátedra de Cultura Científica pulsará la opinión de la sociedad asturiana sobre el valor de la ciencia,https://portalinvestigacion.uniovi.es/investigadores/217466/detalle,MANUEL GARCIA VAZQUEZ,,Autogestión de Sistemas Informáticos | Ingeniería de Computadores,MANUEL GARCIA VAZQUEZ
222,La Cátedra de Cultura Científica pulsará la opinión de la sociedad asturiana sobre el valor de la ciencia,https://portalinvestigacion.uniovi.es/investigadores/218181/detalle,LUIS JOSE RODRIGUEZ MUÑIZ,Estadística e Investigación Operativa y Didáctica de la Matemática,Mathematics Education Research Group,LUIS JOSE RODRIGUEZ MUÑIZ
222,La Cátedra de Cultura Científica pulsará la opinión de la sociedad asturiana sobre el valor de la ciencia,https://portalinvestigacion.uniovi.es/investigadores/218613/detalle,LUIGI TOFFOLATTI BALLARIN,Explotación y Prospección de Minas,Grupo de Modelización Matemática Aplicada,LUIGI TOFFOLATTI BALLARIN
222,La Cátedra de Cultura Científica pulsará la opinión de la sociedad asturiana sobre el valor de la ciencia,https://portalinvestigacion.uniovi.es/investigadores/218056/detalle,LUIS OREA SANCHEZ,Economía,Oviedo Efficiency Group,LUIS OREA SANCHEZ
222,La Cátedra de Cultura Científica pulsará la opinión de la sociedad asturiana sobre el valor de la ciencia,https://portalinvestigacion.uniovi.es/investigadores/218355/detalle,JOSE LUIS RODRIGUEZ GALLEGO,,Biogeoquímica Ambiental y Materias Primas Minerales,JOSE LUIS RODRIGUEZ GALLEGO
222,La Cátedra de Cultura Científica pulsará la opinión de la sociedad asturiana sobre el valor de la ciencia,https://portalinvestigacion.uniovi.es/investigadores/217780/detalle,ANTONIO MIGUEL LOPEZ RODRIGUEZ,"Ingeniería Eléctrica, Electrónica, de Comunicaciones y de Sistemas (DIEECS)",Sistemas Multisensor y Robótica,ANTONIO MIGUEL LOPEZ RODRIGUEZ
223,Seis revistas del Servicio de Publicaciones de la Universidad de Oviedo renuevan su sello de calidad nacional,https://portalinvestigacion.uniovi.es/investigadores/219514/detalle,MARIA TERESA MARTINEZ RODRIGUEZ,Psicología,Evaluación Psicométrica y Diseño de Investigación,MARIA TERESA MARTINEZ RODRIGUEZ
223,Seis revistas del Servicio de Publicaciones de la Universidad de Oviedo renuevan su sello de calidad nacional,https://portalinvestigacion.uniovi.es/investigadores/217698/detalle,MARIA VERONICA MARTINEZ LOPEZ,Psicología,Grupo de Investigación en Logopedia y Lenguaje Infantil,MARIA VERONICA MARTINEZ LOPEZ
223,Seis revistas del Servicio de Publicaciones de la Universidad de Oviedo renuevan su sello de calidad nacional,https://portalinvestigacion.uniovi.es/investigadores/219902/detalle,MARIA CARMEN MARTINEZ RODRIGUEZ,Psicología,Investigación en Neurociencia Cognitiva,MARIA CARMEN MARTINEZ RODRIGUEZ
223,Seis revistas del Servicio de Publicaciones de la Universidad de Oviedo renuevan su sello de calidad nacional,https://portalinvestigacion.uniovi.es/investigadores/217691/detalle,MARIA LINDSAY MARTINEZ GARCIA,Ciencias de la Educación,Grupo de Análisis Sociológico y Cultural de los Procesos Escolares y Educativos,MARIA LINDSAY MARTINEZ GARCIA
223,Seis revistas del Servicio de Publicaciones de la Universidad de Oviedo renuevan su sello de calidad nacional,https://portalinvestigacion.uniovi.es/investigadores/1095910/detalle,MARIA VICTORIA MARTINEZ LOPEZ,Filosofía,Bioética y Éticas Aplicadas,MARIA VICTORIA MARTINEZ LOPEZ
223,Seis revistas del Servicio de Publicaciones de la Universidad de Oviedo renuevan su sello de calidad nacional,https://portalinvestigacion.uniovi.es/investigadores/217692/detalle,MARIA MARTINEZ GOMEZ,"Ingeniería Eléctrica, Electrónica, de Comunicaciones y de Sistemas (DIEECS)",Accionamientos Eléctricos y Convertidores de Potencia,MARIA MARTINEZ GOMEZ
224,"La Universidad de Oviedo impulsa la conexión entre ciencia, empresa y sociedad con la Segunda Semana de la Transferencia",https://portalinvestigacion.uniovi.es/investigadores/217811/detalle,SUSANA LUQUE RODRIGUEZ,Química Física y Analítica,"Nanopartículas, Membranas y Bioanálisis",SUSANA LUQUE RODRIGUEZ
224,"La Universidad de Oviedo impulsa la conexión entre ciencia, empresa y sociedad con la Segunda Semana de la Transferencia",https://portalinvestigacion.uniovi.es/investigadores/218536/detalle,IGNACIO VILLAVERDE MENENDEZ,Derecho Público,Derechos Fundamentales y Constitución,IGNACIO VILLAVERDE MENENDEZ
225,El rector renueva su equipo de gobierno con la incorporación de Marta Mateo como nueva vicerrectora de Extensión Universitaria y Proyección Cultural,https://portalinvestigacion.uniovi.es/investigadores/219562/detalle,MARIA PILAR GARCES GARCIA,"Filología Inglesa, Francesa y Alemana","Grupo ""Otras Lenguas"" de Investigación en Estudios Ingleses, Franceses, Alemanes, Portugueses, Italianos y Neogriegos: Intersecciones Histórico-literarias y Fenómenos de Proyección y Recepción Cultural",MARIA PILAR GARCES GARCIA
225,El rector renueva su equipo de gobierno con la incorporación de Marta Mateo como nueva vicerrectora de Extensión Universitaria y Proyección Cultural,https://portalinvestigacion.uniovi.es/investigadores/218536/detalle,IGNACIO VILLAVERDE MENENDEZ,Derecho Público,Derechos Fundamentales y Constitución,IGNACIO VILLAVERDE MENENDEZ
225,El rector renueva su equipo de gobierno con la incorporación de Marta Mateo como nueva vicerrectora de Extensión Universitaria y Proyección Cultural,https://portalinvestigacion.uniovi.es/investigadores/1095823/detalle,RODRIGO CUETO GARCIA,Historia,Grupo de Investigación en Historia Sociocultural,RODRIGO CUETO GARCIA
226,Un proyecto europeo con participación de la Universidad de Oviedo impulsará la igualdad de género y la diversidad en las carreras científicas,https://portalinvestigacion.uniovi.es/investigadores/217800/detalle,YOLANDA LOZANO GOMEZ,Física,Física de Altas Energías,YOLANDA LOZANO GOMEZ
226,Un proyecto europeo con participación de la Universidad de Oviedo impulsará la igualdad de género y la diversidad en las carreras científicas,https://portalinvestigacion.uniovi.es/investigadores/218955/detalle,BARBARA ALVAREZ GONZALEZ,Física,Física de Altas Energías,BARBARA ALVAREZ GONZALEZ
227,La rectora de la Universidad de Zaragoza asume la presidencia del Grupo G9 de Universidades durante el primer semestre de 2026,https://portalinvestigacion.uniovi.es/investigadores/218536/detalle,IGNACIO VILLAVERDE MENENDEZ,Derecho Público,Derechos Fundamentales y Constitución,IGNACIO VILLAVERDE MENENDEZ
227,La rectora de la Universidad de Zaragoza asume la presidencia del Grupo G9 de Universidades durante el primer semestre de 2026,https://portalinvestigacion.uniovi.es/investigadores/1301906/detalle,ANA MARIA LOPEZ FERNANDEZ,No especificado,,ANA MARIA LOPEZ FERNANDEZ
227,La rectora de la Universidad de Zaragoza asume la presidencia del Grupo G9 de Universidades durante el primer semestre de 2026,https://portalinvestigacion.uniovi.es/investigadores/217770/detalle,JOSE MARIA LOPEZ LOPEZ,,Autogestión de Sistemas Informáticos | Ingeniería de Computadores,JOSE MARIA LOPEZ LOPEZ
227,La rectora de la Universidad de Zaragoza asume la presidencia del Grupo G9 de Universidades durante el primer semestre de 2026,https://portalinvestigacion.uniovi.es/investigadores/1116408/detalle,EVA MARIA LÓPEZ ÁLVAREZ,Morfología y Biología Celular,Respuesta Celular al Estrés Oxidativo,EVA MARIA LÓPEZ ÁLVAREZ
227,La rectora de la Universidad de Zaragoza asume la presidencia del Grupo G9 de Universidades durante el primer semestre de 2026,https://portalinvestigacion.uniovi.es/investigadores/1010350/detalle,PAULA MARIA LOPEZ PEREZ,Matemáticas,Análisis Teórico y Numérico de Ecuaciones en Derivadas Parciales,PAULA MARIA LOPEZ PEREZ
227,La rectora de la Universidad de Zaragoza asume la presidencia del Grupo G9 de Universidades durante el primer semestre de 2026,https://portalinvestigacion.uniovi.es/investigadores/217758/detalle,MARIA CONCEPCION LOPEZ DIAZ,Matemáticas,"Grupo de Investigación en Algebra, Codificación y Criptografía",MARIA CONCEPCION LOPEZ DIAZ
228,La Universidad de Oviedo supera por primera vez el millar de matrículas en el Programa Universitario de Mayores,https://portalinvestigacion.uniovi.es/investigadores/219562/detalle,MARIA PILAR GARCES GARCIA,"Filología Inglesa, Francesa y Alemana","Grupo ""Otras Lenguas"" de Investigación en Estudios Ingleses, Franceses, Alemanes, Portugueses, Italianos y Neogriegos: Intersecciones Histórico-literarias y Fenómenos de Proyección y Recepción Cultural",MARIA PILAR GARCES GARCIA
228,La Universidad de Oviedo supera por primera vez el millar de matrículas en el Programa Universitario de Mayores,https://portalinvestigacion.uniovi.es/investigadores/218582/detalle,JESUS MANUEL SUAREZ GONZALEZ,Construcción e Ingeniería de Fabricación,Tecnología y Sostenibilidad en la Construcción con Acero y Hormigón (TESCAH),JESUS MANUEL SUAREZ GONZALEZ
228,La Universidad de Oviedo supera por primera vez el millar de matrículas en el Programa Universitario de Mayores,https://portalinvestigacion.uniovi.es/investigadores/218121/detalle,RAQUEL PEREZ DIAZ,Derecho Privado y de la Empresa,Modernización del Derecho de Familia,RAQUEL PEREZ DIAZ
228,La Universidad de Oviedo supera por primera vez el millar de matrículas en el Programa Universitario de Mayores,https://portalinvestigacion.uniovi.es/investigadores/217764/detalle,HILARIO LOPEZ GARCIA,"Ingeniería Eléctrica, Electrónica, de Comunicaciones y de Sistemas (DIEECS)","Modelado, Inspección, Diagnóstico y Automatización de Sistemas Industriales",HILARIO LOPEZ GARCIA
228,La Universidad de Oviedo supera por primera vez el millar de matrículas en el Programa Universitario de Mayores,https://portalinvestigacion.uniovi.es/investigadores/218586/detalle,PEDRO MANUEL SUAREZ MARTINEZ,Filología Clásica y Románica,"Digicodex: Digitalización y Estudio de Códices, Manuscritos y Libros Antiguos de la Catedral y la Universidad de Oviedo",PEDRO MANUEL SUAREZ MARTINEZ
228,La Universidad de Oviedo supera por primera vez el millar de matrículas en el Programa Universitario de Mayores,https://portalinvestigacion.uniovi.es/investigadores/217766/detalle,JAVIER LOPEZ GARCIA,Ciencias de la Educación,"Síntesis, Estructura y Aplicación Tecnológica de Materiales",JAVIER LOPEZ GARCIA
228,La Universidad de Oviedo supera por primera vez el millar de matrículas en el Programa Universitario de Mayores,https://portalinvestigacion.uniovi.es/investigadores/217767/detalle,JOSE MANUEL LOPEZ GARCIA,Medicina,Uniovi-pediatría,JOSE MANUEL LOPEZ GARCIA
228,La Universidad de Oviedo supera por primera vez el millar de matrículas en el Programa Universitario de Mayores,https://portalinvestigacion.uniovi.es/investigadores/218757/detalle,LUCIA LOPEZ GARCIA,No especificado,,LUCIA LOPEZ GARCIA
228,La Universidad de Oviedo supera por primera vez el millar de matrículas en el Programa Universitario de Mayores,https://portalinvestigacion.uniovi.es/investigadores/219226/detalle,SET PEREZ GONZALEZ,Matemáticas,Grupo de Sistemas Dinámicos de la Universidad de Oviedo,SET PEREZ GONZALEZ
228,La Universidad de Oviedo supera por primera vez el millar de matrículas en el Programa Universitario de Mayores,https://portalinvestigacion.uniovi.es/investigadores/219186/detalle,LUIS ANGEL LOPEZ GARCIA,Química Orgánica e Inorgánica,Síntesis Orgánica Selectiva,LUIS ANGEL LOPEZ GARCIA
228,La Universidad de Oviedo supera por primera vez el millar de matrículas en el Programa Universitario de Mayores,https://portalinvestigacion.uniovi.es/investigadores/218458/detalle,CARLOS MANUEL SUAREZ ALVAREZ,No especificado,,CARLOS MANUEL SUAREZ ALVAREZ
230,El Campus de Gijón de la Universidad de Oviedo incorpora una red privada 5G pionera en Asturias,https://portalinvestigacion.uniovi.es/investigadores/218536/detalle,IGNACIO VILLAVERDE MENENDEZ,Derecho Público,Derechos Fundamentales y Constitución,IGNACIO VILLAVERDE MENENDEZ
230,El Campus de Gijón de la Universidad de Oviedo incorpora una red privada 5G pionera en Asturias,https://portalinvestigacion.uniovi.es/investigadores/217735/detalle,GERMAN LEON FERNANDEZ,"Ingeniería Eléctrica, Electrónica, de Comunicaciones y de Sistemas (DIEECS)",Teoría de la Señal y Comunicaciones,GERMAN LEON FERNANDEZ
230,El Campus de Gijón de la Universidad de Oviedo incorpora una red privada 5G pionera en Asturias,https://portalinvestigacion.uniovi.es/investigadores/2354604/detalle,PABLO LOPEZ FERNANDEZ,No especificado,,PABLO LOPEZ FERNANDEZ
230,El Campus de Gijón de la Universidad de Oviedo incorpora una red privada 5G pionera en Asturias,https://portalinvestigacion.uniovi.es/investigadores/1301906/detalle,ANA MARIA LOPEZ FERNANDEZ,No especificado,,ANA MARIA LOPEZ FERNANDEZ
230,El Campus de Gijón de la Universidad de Oviedo incorpora una red privada 5G pionera en Asturias,https://portalinvestigacion.uniovi.es/investigadores/217762/detalle,JESUS ALBERTO LOPEZ FERNANDEZ,"Ingeniería Eléctrica, Electrónica, de Comunicaciones y de Sistemas (DIEECS)",Teoría de la Señal y Comunicaciones,JESUS ALBERTO LOPEZ FERNANDEZ
230,El Campus de Gijón de la Universidad de Oviedo incorpora una red privada 5G pionera en Asturias,https://portalinvestigacion.uniovi.es/investigadores/217902/detalle,LUIS FERNANDO HERRAN ONTAÑON,"Ingeniería Eléctrica, Electrónica, de Comunicaciones y de Sistemas (DIEECS)",Teoría de la Señal y Comunicaciones,LUIS FERNANDO HERRAN ONTAÑON
230,El Campus de Gijón de la Universidad de Oviedo incorpora una red privada 5G pionera en Asturias,https://portalinvestigacion.uniovi.es/investigadores/218056/detalle,LUIS OREA SANCHEZ,Economía,Oviedo Efficiency Group,LUIS OREA SANCHEZ
230,El Campus de Gijón de la Universidad de Oviedo incorpora una red privada 5G pionera en Asturias,https://portalinvestigacion.uniovi.es/investigadores/217761/detalle,CARLOS LOPEZ FERNANDEZ,Geología,Procesos Geológicos Modeladores del Relieve de la Cordillera Cantábrica,CARLOS LOPEZ FERNANDEZ
230,El Campus de Gijón de la Universidad de Oviedo incorpora una red privada 5G pionera en Asturias,https://portalinvestigacion.uniovi.es/investigadores/218356/detalle,JOSE IGNACIO RODRIGUEZ GARCIA,No especificado,,JOSE IGNACIO RODRIGUEZ GARCIA
230,El Campus de Gijón de la Universidad de Oviedo incorpora una red privada 5G pionera en Asturias,https://portalinvestigacion.uniovi.es/investigadores/217335/detalle,RAFAEL GONZALEZ AYESTARAN,"Ingeniería Eléctrica, Electrónica, de Comunicaciones y de Sistemas (DIEECS)",Teoría de la Señal y Comunicaciones,RAFAEL GONZALEZ AYESTARAN
230,El Campus de Gijón de la Universidad de Oviedo incorpora una red privada 5G pionera en Asturias,https://portalinvestigacion.uniovi.es/investigadores/219298/detalle,IGNACIO RODRIGUEZ,"Ingeniería Eléctrica, Electrónica, de Comunicaciones y de Sistemas (DIEECS)",Teoría de la Señal y Comunicaciones,IGNACIO RODRIGUEZ
233,La Universidad de Oviedo y el Ayuntamiento de Avilés firman una alianza estratégica,https://portalinvestigacion.uniovi.es/investigadores/217811/detalle,SUSANA LUQUE RODRIGUEZ,Química Física y Analítica,"Nanopartículas, Membranas y Bioanálisis",SUSANA LUQUE RODRIGUEZ
233,La Universidad de Oviedo y el Ayuntamiento de Avilés firman una alianza estratégica,https://portalinvestigacion.uniovi.es/investigadores/218536/detalle,IGNACIO VILLAVERDE MENENDEZ,Derecho Público,Derechos Fundamentales y Constitución,IGNACIO VILLAVERDE MENENDEZ
233,La Universidad de Oviedo y el Ayuntamiento de Avilés firman una alianza estratégica,https://portalinvestigacion.uniovi.es/investigadores/219825/detalle,ROBERTO GARCIA GARCIA,Construcción e Ingeniería de Fabricación,Integridad Estructural: Materiales y Estructuras,ROBERTO GARCIA GARCIA
233,La Universidad de Oviedo y el Ayuntamiento de Avilés firman una alianza estratégica,https://portalinvestigacion.uniovi.es/investigadores/217409/detalle,MARIA SERAFINA GARCIA GARCIA,Filología Española,Lingüística Funcional del Español,MARIA SERAFINA GARCIA GARCIA
233,La Universidad de Oviedo y el Ayuntamiento de Avilés firman una alianza estratégica,https://portalinvestigacion.uniovi.es/investigadores/218790/detalle,JOSE GARCIA GARCIA,Estadística e Investigación Operativa y Didáctica de la Matemática,Estadística con Elementos Imprecisos Aleatorios & comparación de Distribuciones entre Elementos Aleatorios,JOSE GARCIA GARCIA
233,La Universidad de Oviedo y el Ayuntamiento de Avilés firman una alianza estratégica,https://portalinvestigacion.uniovi.es/investigadores/217404/detalle,BEATRIZ GARCIA GARCIA,Matemáticas,"Grupo de Investigación en Algebra, Codificación y Criptografía",BEATRIZ GARCIA GARCIA
233,La Universidad de Oviedo y el Ayuntamiento de Avilés firman una alianza estratégica,https://portalinvestigacion.uniovi.es/investigadores/1205486/detalle,JORGE GARCIA PIQUERAS,Morfología y Biología Celular,Sistema Nervioso Periférico y Órganos de los Sentidos,JORGE GARCIA PIQUERAS
233,La Universidad de Oviedo y el Ayuntamiento de Avilés firman una alianza estratégica,https://portalinvestigacion.uniovi.es/investigadores/219675/detalle,ISMAEL GARCIA GARCIA,Construcción e Ingeniería de Fabricación,Tecnología y Sostenibilidad en la Construcción con Acero y Hormigón (TESCAH),ISMAEL GARCIA GARCIA
233,La Universidad de Oviedo y el Ayuntamiento de Avilés firman una alianza estratégica,https://portalinvestigacion.uniovi.es/investigadores/217410/detalle,RAQUEL GARCIA GARCIA,Administración de Empresas,Grupo de Estrategias de Crecimiento e Internacionalización,RAQUEL GARCIA GARCIA
233,La Universidad de Oviedo y el Ayuntamiento de Avilés firman una alianza estratégica,https://portalinvestigacion.uniovi.es/investigadores/217405/detalle,DANIEL GARCIA GARCIA,Biología de Organismos y Sistemas,Laboratorio de Biodiversidad y Servicios de los Ecosistemas,DANIEL GARCIA GARCIA
233,La Universidad de Oviedo y el Ayuntamiento de Avilés firman una alianza estratégica,https://portalinvestigacion.uniovi.es/investigadores/217449/detalle,JORGE GARCIA RODRIGUEZ,No especificado,,JORGE GARCIA RODRIGUEZ
233,La Universidad de Oviedo y el Ayuntamiento de Avilés firman una alianza estratégica,https://portalinvestigacion.uniovi.es/investigadores/217407/detalle,MARIA ANGELES GARCIA GARCIA,No especificado,,MARIA ANGELES GARCIA GARCIA
233,La Universidad de Oviedo y el Ayuntamiento de Avilés firman una alianza estratégica,https://portalinvestigacion.uniovi.es/investigadores/219148/detalle,JORGE GARCIA GARCIA,"Ingeniería Eléctrica, Electrónica, de Comunicaciones y de Sistemas (DIEECS)",Laboratory for Electrical Energy Management Unified Research,JORGE GARCIA GARCIA
234,Un estudio de la Universidad de Oviedo gana el premio Lola Martínez a la mejor investigación en Igualdad y Género,https://portalinvestigacion.uniovi.es/investigadores/217461/detalle,ALBA GARCIA TORRES,No especificado,,ALBA GARCIA TORRES
234,Un estudio de la Universidad de Oviedo gana el premio Lola Martínez a la mejor investigación en Igualdad y Género,https://portalinvestigacion.uniovi.es/investigadores/219548/detalle,ANDREA GARCIA TORRES,Historia del Arte y Musicología,"Edición, Investigación y Análisis del Patrimonio Musical Español XIX - XX",ANDREA GARCIA TORRES
235,Un equipo de la Universidad de Oviedo lidera un estudio que define las reglas para el control de la nanoluz en la escala atómica,https://portalinvestigacion.uniovi.es/investigadores/220311/detalle,PABLO ALONSO GONZALEZ,Historia,Social Landscapes,PABLO ALONSO GONZALEZ
235,Un equipo de la Universidad de Oviedo lidera un estudio que define las reglas para el control de la nanoluz en la escala atómica,https://portalinvestigacion.uniovi.es/investigadores/216762/detalle,MIGUEL ANGEL ALONSO GONZALEZ,Informática,Ingeniería Dirigida por Modelos,MIGUEL ANGEL ALONSO GONZALEZ
235,Un equipo de la Universidad de Oviedo lidera un estudio que define las reglas para el control de la nanoluz en la escala atómica,https://portalinvestigacion.uniovi.es/investigadores/1095859/detalle,AITANA TARAZAGA MARTIN-LUENGO,Física,Grupo de Nanociencia,AITANA TARAZAGA MARTIN-LUENGO
235,Un equipo de la Universidad de Oviedo lidera un estudio que define las reglas para el control de la nanoluz en la escala atómica,https://portalinvestigacion.uniovi.es/investigadores/216763/detalle,PABLO ALONSO GONZALEZ,Física,Grupo de Nanociencia,PABLO ALONSO GONZALEZ
235,Un equipo de la Universidad de Oviedo lidera un estudio que define las reglas para el control de la nanoluz en la escala atómica,https://portalinvestigacion.uniovi.es/investigadores/216759/detalle,CELSA ALONSO GONZALEZ,Historia del Arte y Musicología,"Grupo de Investigación en Música Contemporánea de España y Latinoamérica ""Diapente XXI""",CELSA ALONSO GONZALEZ
235,Un equipo de la Universidad de Oviedo lidera un estudio que define las reglas para el control de la nanoluz en la escala atómica,https://portalinvestigacion.uniovi.es/investigadores/216761/detalle,JAIME ALONSO GONZALEZ,Informática,Machine Learning Group,JAIME ALONSO GONZALEZ
236,Los pesticidas son tan importantes como la pérdida de hábitats en el declive global de las abejas silvestres en los cultivos,https://portalinvestigacion.uniovi.es/investigadores/217471/detalle,DANIEL GARCIA VIVO,Química Orgánica e Inorgánica,Compuestos Organometálicos de Alta Reactividad,DANIEL GARCIA VIVO
236,Los pesticidas son tan importantes como la pérdida de hábitats en el declive global de las abejas silvestres en los cultivos,https://portalinvestigacion.uniovi.es/investigadores/217405/detalle,DANIEL GARCIA GARCIA,Biología de Organismos y Sistemas,Laboratorio de Biodiversidad y Servicios de los Ecosistemas,DANIEL GARCIA GARCIA
236,Los pesticidas son tan importantes como la pérdida de hábitats en el declive global de las abejas silvestres en los cultivos,https://portalinvestigacion.uniovi.es/investigadores/217428/detalle,DANIEL FERNANDO GARCIA MARTINEZ,,Autogestión de Sistemas Informáticos | Ingeniería de Computadores,DANIEL FERNANDO GARCIA MARTINEZ
236,Los pesticidas son tan importantes como la pérdida de hábitats en el declive global de las abejas silvestres en los cultivos,https://portalinvestigacion.uniovi.es/investigadores/1116395/detalle,MARCOS MIÑARRO PRADO,Biología de Organismos y Sistemas,Laboratorio de Biodiversidad y Servicios de los Ecosistemas,MARCOS MIÑARRO PRADO
236,Los pesticidas son tan importantes como la pérdida de hábitats en el declive global de las abejas silvestres en los cultivos,https://portalinvestigacion.uniovi.es/investigadores/217469/detalle,Daniel García Velasco,"Filología Inglesa, Francesa y Alemana",Grupo de Investigación en Lingüística Inglesa de la Universidad de Oviedo,Daniel García Velasco
238,La Cátedra de Salud Comunitaria y Promoción de la Salud entrega sus premios a los mejores trabajos fin de titulación,https://portalinvestigacion.uniovi.es/investigadores/219202/detalle,ANA MARIA PILAR GONZALEZ RODRIGUEZ,No especificado,,ANA MARIA PILAR GONZALEZ RODRIGUEZ
238,La Cátedra de Salud Comunitaria y Promoción de la Salud entrega sus premios a los mejores trabajos fin de titulación,https://portalinvestigacion.uniovi.es/investigadores/217927/detalle,MARIA MARTA GONZALEZ TASCON,Ciencias Jurídicas Básicas,Grupo de Investigación de Ciencias Penales y Criminologicas,MARIA MARTA GONZALEZ TASCON
238,La Cátedra de Salud Comunitaria y Promoción de la Salud entrega sus premios a los mejores trabajos fin de titulación,https://portalinvestigacion.uniovi.es/investigadores/217387/detalle,MARIA DEL ROSARIO GONZALEZ MORADAS,Explotación y Prospección de Minas,Remote Sensing Applications,MARIA DEL ROSARIO GONZALEZ MORADAS
238,La Cátedra de Salud Comunitaria y Promoción de la Salud entrega sus premios a los mejores trabajos fin de titulación,https://portalinvestigacion.uniovi.es/investigadores/217349/detalle,MARIA AIDA GONZALEZ DIAZ,,Biogeoquímica Ambiental y Materias Primas Minerales,MARIA AIDA GONZALEZ DIAZ
238,La Cátedra de Salud Comunitaria y Promoción de la Salud entrega sus premios a los mejores trabajos fin de titulación,https://portalinvestigacion.uniovi.es/investigadores/217221/detalle,VERONICA CAÑAL FERNANDEZ,Economía Cuantitativa,Grupo de Decisión Multicriterio Universidad de Oviedo,VERONICA CAÑAL FERNANDEZ
238,La Cátedra de Salud Comunitaria y Promoción de la Salud entrega sus premios a los mejores trabajos fin de titulación,https://portalinvestigacion.uniovi.es/investigadores/218820/detalle,MARIA GONZALEZ BUSTO,"Ingeniería Eléctrica, Electrónica, de Comunicaciones y de Sistemas (DIEECS)",Grupo de Electrónica para la Innovación Industrial,MARIA GONZALEZ BUSTO
238,La Cátedra de Salud Comunitaria y Promoción de la Salud entrega sus premios a los mejores trabajos fin de titulación,https://portalinvestigacion.uniovi.es/investigadores/217720/detalle,ALBERTO LANA PEREZ,Medicina,"Entorno, Conductas y Salud",ALBERTO LANA PEREZ
238,La Cátedra de Salud Comunitaria y Promoción de la Salud entrega sus premios a los mejores trabajos fin de titulación,https://portalinvestigacion.uniovi.es/investigadores/219145/detalle,MARIA GONZALEZ NOSTI,Psicología,Investigación en Neurociencia Cognitiva,MARIA GONZALEZ NOSTI
238,La Cátedra de Salud Comunitaria y Promoción de la Salud entrega sus premios a los mejores trabajos fin de titulación,https://portalinvestigacion.uniovi.es/investigadores/217921/detalle,RAQUEL MARIA GONZALEZ SOENGAS,Química Orgánica e Inorgánica,Grupo de Química Bioorgánica,RAQUEL MARIA GONZALEZ SOENGAS
238,La Cátedra de Salud Comunitaria y Promoción de la Salud entrega sus premios a los mejores trabajos fin de titulación,https://portalinvestigacion.uniovi.es/investigadores/1010315/detalle,SILVIA MARIA GONZALEZ FERNANDEZ,Sociología,Promoviendo el Empleo y el Bienestar en Europa,SILVIA MARIA GONZALEZ FERNANDEZ
238,La Cátedra de Salud Comunitaria y Promoción de la Salud entrega sus premios a los mejores trabajos fin de titulación,https://portalinvestigacion.uniovi.es/investigadores/217958/detalle,MARIA DEL ROSARIO GONZALEZ ARIAS,Sociología,"Género, Economía, Salud y Sociedad",MARIA DEL ROSARIO GONZALEZ ARIAS
238,La Cátedra de Salud Comunitaria y Promoción de la Salud entrega sus premios a los mejores trabajos fin de titulación,https://portalinvestigacion.uniovi.es/investigadores/217916/detalle,MARIA AMPARO GONZALEZ RUA,No especificado,,MARIA AMPARO GONZALEZ RUA
238,La Cátedra de Salud Comunitaria y Promoción de la Salud entrega sus premios a los mejores trabajos fin de titulación,https://portalinvestigacion.uniovi.es/investigadores/217019/detalle,MARIA DEL MAR FERNANDEZ ALVAREZ,Medicina,"Entorno, Conductas y Salud",MARIA DEL MAR FERNANDEZ ALVAREZ
238,La Cátedra de Salud Comunitaria y Promoción de la Salud entrega sus premios a los mejores trabajos fin de titulación,https://portalinvestigacion.uniovi.es/investigadores/1116406/detalle,MARIA GONZALEZ AMOR,Medicina,Farmacología del Dolor Experimental,MARIA GONZALEZ AMOR
238,La Cátedra de Salud Comunitaria y Promoción de la Salud entrega sus premios a los mejores trabajos fin de titulación,https://portalinvestigacion.uniovi.es/investigadores/1010319/detalle,ANDREA MARIA GONZALEZ LOPEZ,Ciencias de la Educación,Teaching and Curriculum Group,ANDREA MARIA GONZALEZ LOPEZ
238,La Cátedra de Salud Comunitaria y Promoción de la Salud entrega sus premios a los mejores trabajos fin de titulación,https://portalinvestigacion.uniovi.es/investigadores/217385/detalle,MARIA DEL CARMEN GONZALEZ MENENDEZ,Sociología,Promoviendo el Empleo y el Bienestar en Europa,MARIA DEL CARMEN GONZALEZ MENENDEZ
238,La Cátedra de Salud Comunitaria y Promoción de la Salud entrega sus premios a los mejores trabajos fin de titulación,https://portalinvestigacion.uniovi.es/investigadores/217965/detalle,MARIA MERCEDES GONZALEZ DE SANDE,Filología Clásica y Románica,Voces Femeninas en la Literatura y la Cultura Europeas,MARIA MERCEDES GONZALEZ DE SANDE
238,La Cátedra de Salud Comunitaria y Promoción de la Salud entrega sus premios a los mejores trabajos fin de titulación,https://portalinvestigacion.uniovi.es/investigadores/217967/detalle,MARIA GONZALEZ DE LA VEGA,Física,Magnetism for Health and Environment,MARIA GONZALEZ DE LA VEGA
238,La Cátedra de Salud Comunitaria y Promoción de la Salud entrega sus premios a los mejores trabajos fin de titulación,https://portalinvestigacion.uniovi.es/investigadores/217501/detalle,MARIA TERESA GONZALEZ APARICIO,Informática,Grupo de Investigación en Ingeniería del Software,MARIA TERESA GONZALEZ APARICIO
238,La Cátedra de Salud Comunitaria y Promoción de la Salud entrega sus premios a los mejores trabajos fin de titulación,https://portalinvestigacion.uniovi.es/investigadores/217342/detalle,MARIA DEL MAR GONZALEZ CHACON,"Filología Inglesa, Francesa y Alemana","Literatura, Identidad y Traducción Cultural",MARIA DEL MAR GONZALEZ CHACON
238,La Cátedra de Salud Comunitaria y Promoción de la Salud entrega sus premios a los mejores trabajos fin de titulación,https://portalinvestigacion.uniovi.es/investigadores/217362/detalle,MARTA ISABEL GONZALEZ GARCIA,Filosofía,Grupo de Investigación de Estudios Sociales de la Ciencia,MARTA ISABEL GONZALEZ GARCIA
238,La Cátedra de Salud Comunitaria y Promoción de la Salud entrega sus premios a los mejores trabajos fin de titulación,https://portalinvestigacion.uniovi.es/investigadores/220187/detalle,MARIA EUGENIA GONZALEZ CUIDET,Derecho Público,Grupo de Estudios Jurídico-sociales sobre Territorio y Desarrollo Urbano Sostenible,MARIA EUGENIA GONZALEZ CUIDET
238,La Cátedra de Salud Comunitaria y Promoción de la Salud entrega sus premios a los mejores trabajos fin de titulación,https://portalinvestigacion.uniovi.es/investigadores/217379/detalle,MARIA PLACERES GONZALEZ MARTINEZ,Construcción e Ingeniería de Fabricación,"Grupo de Investigación en Construcción Sostenible, Simulación y Ensayo",MARIA PLACERES GONZALEZ MARTINEZ
238,La Cátedra de Salud Comunitaria y Promoción de la Salud entrega sus premios a los mejores trabajos fin de titulación,https://portalinvestigacion.uniovi.es/investigadores/217384/detalle,ANA MARIA GONZALEZ MENENDEZ,Psicología,Programa de Prevención de Psicosis,ANA MARIA GONZALEZ MENENDEZ
238,La Cátedra de Salud Comunitaria y Promoción de la Salud entrega sus premios a los mejores trabajos fin de titulación,https://portalinvestigacion.uniovi.es/investigadores/217341/detalle,MARIA PALOMA GONZALEZ CASTRO,Psicología,"Grupo de Aprendizaje Escolar, Dificultades y Rendimiento Académico",MARIA PALOMA GONZALEZ CASTRO
238,La Cátedra de Salud Comunitaria y Promoción de la Salud entrega sus premios a los mejores trabajos fin de titulación,https://portalinvestigacion.uniovi.es/investigadores/217949/detalle,RUBEN MARTIN PAYO,Medicina,"Entorno, Conductas y Salud",RUBEN MARTIN PAYO
238,La Cátedra de Salud Comunitaria y Promoción de la Salud entrega sus premios a los mejores trabajos fin de titulación,https://portalinvestigacion.uniovi.es/investigadores/217380/detalle,MARIA VICTORIA GONZALEZ MEANA,,Investigación en Oncología de Cabeza y Cuello,MARIA VICTORIA GONZALEZ MEANA
239,25 tesis doctorales leídas en el curso 2023-2024 recibirán el Premio Extraordinario de Doctorado,https://portalinvestigacion.uniovi.es/investigadores/1010273/detalle,IRENE DIAZ MARTINEZ,Historia,Grupo de Investigación en Historia Sociocultural,IRENE DIAZ MARTINEZ
239,25 tesis doctorales leídas en el curso 2023-2024 recibirán el Premio Extraordinario de Doctorado,https://portalinvestigacion.uniovi.es/investigadores/218464/detalle,MARIA PAZ SUAREZ COALLA,Psicología,Investigación en Neurociencia Cognitiva,MARIA PAZ SUAREZ COALLA
239,25 tesis doctorales leídas en el curso 2023-2024 recibirán el Premio Extraordinario de Doctorado,https://portalinvestigacion.uniovi.es/investigadores/218536/detalle,IGNACIO VILLAVERDE MENENDEZ,Derecho Público,Derechos Fundamentales y Constitución,IGNACIO VILLAVERDE MENENDEZ
239,25 tesis doctorales leídas en el curso 2023-2024 recibirán el Premio Extraordinario de Doctorado,https://portalinvestigacion.uniovi.es/investigadores/217124/detalle,SUSANA IRENE DIAZ RODRIGUEZ,Estadística e Investigación Operativa y Didáctica de la Matemática,Modelización de la Incertidumbre y la Imprecisión en Teoría de la Decisión,SUSANA IRENE DIAZ RODRIGUEZ
240,El lienzo ‘Cristo presentado al pueblo’ recupera su valor artístico original tras ser sometido a una restauración integral,https://portalinvestigacion.uniovi.es/investigadores/219685/detalle,ALVARO FERNANDEZ VAQUERO,"Ingeniería Eléctrica, Electrónica, de Comunicaciones y de Sistemas (DIEECS)",Teoría de la Señal y Comunicaciones,ALVARO FERNANDEZ VAQUERO
240,El lienzo ‘Cristo presentado al pueblo’ recupera su valor artístico original tras ser sometido a una restauración integral,https://portalinvestigacion.uniovi.es/investigadores/218863/detalle,ALVARO FERNANDEZ FERNANDEZ,Bioquímica y Biología Molecular,"Genomas, Cáncer y Envejecimiento",ALVARO FERNANDEZ FERNANDEZ
243,El Principado y la Universidad de Oviedo ponen en marcha el primer Erasmus Rural,https://portalinvestigacion.uniovi.es/investigadores/217837/detalle,DAVID MENENDEZ ALVAREZ-HEVIA,Ciencias de la Educación,Grupo de Investigación sobre Innovación Educativa con TIC en los Entornos Virtuales de Enseñanzas de Aprendizaje,DAVID MENENDEZ ALVAREZ-HEVIA
243,El Principado y la Universidad de Oviedo ponen en marcha el primer Erasmus Rural,https://portalinvestigacion.uniovi.es/investigadores/218536/detalle,IGNACIO VILLAVERDE MENENDEZ,Derecho Público,Derechos Fundamentales y Constitución,IGNACIO VILLAVERDE MENENDEZ
243,El Principado y la Universidad de Oviedo ponen en marcha el primer Erasmus Rural,https://portalinvestigacion.uniovi.es/investigadores/1010304/detalle,PABLO GARCIA MARCOS,"Ingeniería Eléctrica, Electrónica, de Comunicaciones y de Sistemas (DIEECS)","Modelado, Inspección, Diagnóstico y Automatización de Sistemas Industriales",PABLO GARCIA MARCOS
243,El Principado y la Universidad de Oviedo ponen en marcha el primer Erasmus Rural,https://portalinvestigacion.uniovi.es/investigadores/218643/detalle,CELESTINO RODRIGUEZ PEREZ,Psicología,"Grupo de Aprendizaje Escolar, Dificultades y Rendimiento Académico",CELESTINO RODRIGUEZ PEREZ
244,La Universidad de Oviedo entrega los Premios a los Mejores Trabajos Fin de Grado de las Cátedras AACSB de la Facultad de Economía y Empresa,https://portalinvestigacion.uniovi.es/investigadores/219959/detalle,JAVIER FERNANDEZ GONZALEZ,,Materials-pro,JAVIER FERNANDEZ GONZALEZ
244,La Universidad de Oviedo entrega los Premios a los Mejores Trabajos Fin de Grado de las Cátedras AACSB de la Facultad de Economía y Empresa,https://portalinvestigacion.uniovi.es/investigadores/217686/detalle,FRANCISCO JAVIER MARTINEZ GARCIA,Filología Clásica y Románica,Falsa Et Vera Historia,FRANCISCO JAVIER MARTINEZ GARCIA
244,La Universidad de Oviedo entrega los Premios a los Mejores Trabajos Fin de Grado de las Cátedras AACSB de la Facultad de Economía y Empresa,https://portalinvestigacion.uniovi.es/investigadores/217503/detalle,FRANCISCO JAVIER FERNANDEZ RIO,Ciencias de la Educación,"Educación, Actividad Física, Deporte y Salud",FRANCISCO JAVIER FERNANDEZ RIO
244,La Universidad de Oviedo entrega los Premios a los Mejores Trabajos Fin de Grado de las Cátedras AACSB de la Facultad de Economía y Empresa,https://portalinvestigacion.uniovi.es/investigadores/217511/detalle,MARIA ARANZAZU FERNANDEZ RODRIGUEZ,Sociología,"Género, Economía, Salud y Sociedad",MARIA ARANZAZU FERNANDEZ RODRIGUEZ
244,La Universidad de Oviedo entrega los Premios a los Mejores Trabajos Fin de Grado de las Cátedras AACSB de la Facultad de Economía y Empresa,https://portalinvestigacion.uniovi.es/investigadores/219966/detalle,CARMEN RODRIGUEZ SUAREZ,Medicina,"Metabolismo Óseo, Vascular, Enfermedades Inflamatorias Crónicas y Biomarcadores",CARMEN RODRIGUEZ SUAREZ
244,La Universidad de Oviedo entrega los Premios a los Mejores Trabajos Fin de Grado de las Cátedras AACSB de la Facultad de Economía y Empresa,https://portalinvestigacion.uniovi.es/investigadores/217636/detalle,JAVIER FERNANDEZ MENENDEZ,Física,Física de Altas Energías,JAVIER FERNANDEZ MENENDEZ
244,La Universidad de Oviedo entrega los Premios a los Mejores Trabajos Fin de Grado de las Cátedras AACSB de la Facultad de Economía y Empresa,https://portalinvestigacion.uniovi.es/investigadores/220157/detalle,MARIA ESTEBAN GARCIA,Psicología,"Grupo de Aprendizaje Escolar, Dificultades y Rendimiento Académico",MARIA ESTEBAN GARCIA
244,La Universidad de Oviedo entrega los Premios a los Mejores Trabajos Fin de Grado de las Cátedras AACSB de la Facultad de Economía y Empresa,https://portalinvestigacion.uniovi.es/investigadores/219231/detalle,DAVID RODRIGUEZ MARTINEZ,Bioquímica y Biología Molecular,"Genomas, Cáncer y Envejecimiento",DAVID RODRIGUEZ MARTINEZ
244,La Universidad de Oviedo entrega los Premios a los Mejores Trabajos Fin de Grado de las Cátedras AACSB de la Facultad de Economía y Empresa,https://portalinvestigacion.uniovi.es/investigadores/217505/detalle,CAROLINA FERNANDEZ RODRIGUEZ,"Filología Inglesa, Francesa y Alemana","Literatura, Identidad y Traducción Cultural",CAROLINA FERNANDEZ RODRIGUEZ
244,La Universidad de Oviedo entrega los Premios a los Mejores Trabajos Fin de Grado de las Cátedras AACSB de la Facultad de Economía y Empresa,https://portalinvestigacion.uniovi.es/investigadores/217560/detalle,ESTEBAN GARCIA CANAL,Administración de Empresas,Grupo de Estrategias de Crecimiento e Internacionalización,ESTEBAN GARCIA CANAL
244,La Universidad de Oviedo entrega los Premios a los Mejores Trabajos Fin de Grado de las Cátedras AACSB de la Facultad de Economía y Empresa,https://portalinvestigacion.uniovi.es/investigadores/218655/detalle,JULIAN RODRIGUEZ SUAREZ,Medicina,Uniovi-pediatría,JULIAN RODRIGUEZ SUAREZ
244,La Universidad de Oviedo entrega los Premios a los Mejores Trabajos Fin de Grado de las Cátedras AACSB de la Facultad de Economía y Empresa,https://portalinvestigacion.uniovi.es/investigadores/217688/detalle,JOSE CARLOS MARTINEZ GARCIA,Física,Magnetism for Health and Environment,JOSE CARLOS MARTINEZ GARCIA
244,La Universidad de Oviedo entrega los Premios a los Mejores Trabajos Fin de Grado de las Cátedras AACSB de la Facultad de Economía y Empresa,https://portalinvestigacion.uniovi.es/investigadores/217049/detalle,FRANCISCO JAVIER FERNANDEZ GARCIA,No especificado,,FRANCISCO JAVIER FERNANDEZ GARCIA
244,La Universidad de Oviedo entrega los Premios a los Mejores Trabajos Fin de Grado de las Cátedras AACSB de la Facultad de Economía y Empresa,https://portalinvestigacion.uniovi.es/investigadores/217506/detalle,CONCEPCION FERNANDEZ RODRIGUEZ,Psicología,Intervención en Psicología Clínica y de la Salud,CONCEPCION FERNANDEZ RODRIGUEZ
244,La Universidad de Oviedo entrega los Premios a los Mejores Trabajos Fin de Grado de las Cátedras AACSB de la Facultad de Economía y Empresa,https://portalinvestigacion.uniovi.es/investigadores/217811/detalle,SUSANA LUQUE RODRIGUEZ,Química Física y Analítica,"Nanopartículas, Membranas y Bioanálisis",SUSANA LUQUE RODRIGUEZ
244,La Universidad de Oviedo entrega los Premios a los Mejores Trabajos Fin de Grado de las Cátedras AACSB de la Facultad de Economía y Empresa,https://portalinvestigacion.uniovi.es/investigadores/219035/detalle,JAVIER FERNANDEZ REYNES,Química Orgánica e Inorgánica,Química de Moléculas y Macromoléculas Inorgánicas,JAVIER FERNANDEZ REYNES
244,La Universidad de Oviedo entrega los Premios a los Mejores Trabajos Fin de Grado de las Cátedras AACSB de la Facultad de Economía y Empresa,https://portalinvestigacion.uniovi.es/investigadores/218594/detalle,DIMAS SUAREZ RODRIGUEZ,Química Física y Analítica,Química Teórica y Computacional,DIMAS SUAREZ RODRIGUEZ
244,La Universidad de Oviedo entrega los Premios a los Mejores Trabajos Fin de Grado de las Cátedras AACSB de la Facultad de Economía y Empresa,https://portalinvestigacion.uniovi.es/investigadores/1010290/detalle,VICTORIA VEGA FERNANDEZ RODRIGUEZ,Física,Grupo de Nanociencia,VICTORIA VEGA FERNANDEZ RODRIGUEZ
244,La Universidad de Oviedo entrega los Premios a los Mejores Trabajos Fin de Grado de las Cátedras AACSB de la Facultad de Economía y Empresa,https://portalinvestigacion.uniovi.es/investigadores/218878/detalle,JAVIER FERNANDEZ MATEOS,Bioquímica y Biología Molecular,"Genomas, Cáncer y Envejecimiento",JAVIER FERNANDEZ MATEOS
244,La Universidad de Oviedo entrega los Premios a los Mejores Trabajos Fin de Grado de las Cátedras AACSB de la Facultad de Economía y Empresa,https://portalinvestigacion.uniovi.es/investigadores/217687/detalle,IRMA MARTINEZ GARCIA,Administración de Empresas,Finanzas y Gobierno Corporativo,IRMA MARTINEZ GARCIA
244,La Universidad de Oviedo entrega los Premios a los Mejores Trabajos Fin de Grado de las Cátedras AACSB de la Facultad de Economía y Empresa,https://portalinvestigacion.uniovi.es/investigadores/218656/detalle,JULIO RODRIGUEZ SUAREZ,Psicología,Grupo de Investigación en Familia e Infancia,JULIO RODRIGUEZ SUAREZ
244,La Universidad de Oviedo entrega los Premios a los Mejores Trabajos Fin de Grado de las Cátedras AACSB de la Facultad de Economía y Empresa,https://portalinvestigacion.uniovi.es/investigadores/217509/detalle,FRANCISCO JOSE FERNANDEZ RODRIGUEZ,Geología,Grupo de Análisis de Pliegues de Oviedo | Geofísica y Tectónica,FRANCISCO JOSE FERNANDEZ RODRIGUEZ
244,La Universidad de Oviedo entrega los Premios a los Mejores Trabajos Fin de Grado de las Cátedras AACSB de la Facultad de Economía y Empresa,https://portalinvestigacion.uniovi.es/investigadores/217512/detalle,MARIA DEL ROCIO FERNANDEZ RODRIGUEZ,No especificado,,MARIA DEL ROCIO FERNANDEZ RODRIGUEZ
244,La Universidad de Oviedo entrega los Premios a los Mejores Trabajos Fin de Grado de las Cátedras AACSB de la Facultad de Economía y Empresa,https://portalinvestigacion.uniovi.es/investigadores/218879/detalle,LUIS JAVIER FERNANDEZ MENENDEZ,Física,"Grupo de Espectroscopia, Láseres y Plasmas",LUIS JAVIER FERNANDEZ MENENDEZ
244,La Universidad de Oviedo entrega los Premios a los Mejores Trabajos Fin de Grado de las Cátedras AACSB de la Facultad de Economía y Empresa,https://portalinvestigacion.uniovi.es/investigadores/219906/detalle,CRISTINA MARTINEZ GARCIA,Psicología,Investigación en Neurociencia Cognitiva,CRISTINA MARTINEZ GARCIA
244,La Universidad de Oviedo entrega los Premios a los Mejores Trabajos Fin de Grado de las Cátedras AACSB de la Facultad de Economía y Empresa,https://portalinvestigacion.uniovi.es/investigadores/217691/detalle,MARIA LINDSAY MARTINEZ GARCIA,Ciencias de la Educación,Grupo de Análisis Sociológico y Cultural de los Procesos Escolares y Educativos,MARIA LINDSAY MARTINEZ GARCIA
244,La Universidad de Oviedo entrega los Premios a los Mejores Trabajos Fin de Grado de las Cátedras AACSB de la Facultad de Economía y Empresa,https://portalinvestigacion.uniovi.es/investigadores/1010357/detalle,JAIME MARTINEZ GARCIA,Química Física y Analítica,Espectrometría y Electroquímica Bionanoanalíticas,JAIME MARTINEZ GARCIA
244,La Universidad de Oviedo entrega los Premios a los Mejores Trabajos Fin de Grado de las Cátedras AACSB de la Facultad de Economía y Empresa,https://portalinvestigacion.uniovi.es/investigadores/218658/detalle,MARTA MARIA RODRIGUEZ SUAREZ,Medicina,Grupo de Epidemiología Ambiental y Molecular,MARTA MARIA RODRIGUEZ SUAREZ
244,La Universidad de Oviedo entrega los Premios a los Mejores Trabajos Fin de Grado de las Cátedras AACSB de la Facultad de Economía y Empresa,https://portalinvestigacion.uniovi.es/investigadores/218865/detalle,JAVIER FERNANDEZ FERNANDEZ,,Biotecnología de Nutracéuticos y Compuestos Bioactivos,JAVIER FERNANDEZ FERNANDEZ
245,La Universidad de Oviedo rinde homenaje a ‘La Regenta’ con una exposición de más de 80 publicaciones que invitan a redescubrir la obra cumbre de Clarín,https://portalinvestigacion.uniovi.es/investigadores/219562/detalle,MARIA PILAR GARCES GARCIA,"Filología Inglesa, Francesa y Alemana","Grupo ""Otras Lenguas"" de Investigación en Estudios Ingleses, Franceses, Alemanes, Portugueses, Italianos y Neogriegos: Intersecciones Histórico-literarias y Fenómenos de Proyección y Recepción Cultural",MARIA PILAR GARCES GARCIA
245,La Universidad de Oviedo rinde homenaje a ‘La Regenta’ con una exposición de más de 80 publicaciones que invitan a redescubrir la obra cumbre de Clarín,https://portalinvestigacion.uniovi.es/investigadores/218536/detalle,IGNACIO VILLAVERDE MENENDEZ,Derecho Público,Derechos Fundamentales y Constitución,IGNACIO VILLAVERDE MENENDEZ
245,La Universidad de Oviedo rinde homenaje a ‘La Regenta’ con una exposición de más de 80 publicaciones que invitan a redescubrir la obra cumbre de Clarín,https://portalinvestigacion.uniovi.es/investigadores/218139/detalle,JUAN RAMON PEREZ PEREZ,Informática,Computational Reflection Research Group,JUAN RAMON PEREZ PEREZ
245,La Universidad de Oviedo rinde homenaje a ‘La Regenta’ con una exposición de más de 80 publicaciones que invitan a redescubrir la obra cumbre de Clarín,https://portalinvestigacion.uniovi.es/investigadores/217459/detalle,MARCO ANTONIO GARCIA TAMARGO,Economía Cuantitativa,Grupo de Decisión Multicriterio Universidad de Oviedo,MARCO ANTONIO GARCIA TAMARGO
245,La Universidad de Oviedo rinde homenaje a ‘La Regenta’ con una exposición de más de 80 publicaciones que invitan a redescubrir la obra cumbre de Clarín,https://portalinvestigacion.uniovi.es/investigadores/219833/detalle,ALBA GONZALEZ SANZ,,"Intersecciones: Literaturas, Culturas y Teorías Contemporáneas",ALBA GONZALEZ SANZ
245,La Universidad de Oviedo rinde homenaje a ‘La Regenta’ con una exposición de más de 80 publicaciones que invitan a redescubrir la obra cumbre de Clarín,https://portalinvestigacion.uniovi.es/investigadores/218461/detalle,MARIA JOSE SUAREZ-CABAL,Informática,Grupo de Investigación en Ingeniería del Software,MARIA JOSE SUAREZ-CABAL
245,La Universidad de Oviedo rinde homenaje a ‘La Regenta’ con una exposición de más de 80 publicaciones que invitan a redescubrir la obra cumbre de Clarín,https://portalinvestigacion.uniovi.es/investigadores/217966/detalle,ALBA GONZALEZ DE LA ROZ,Psicología,Grupo de Conductas Adictivas,ALBA GONZALEZ DE LA ROZ
246,La Universidad de Oviedo ‘exporta’ su experiencia con el túnel del viento a la Universidad de Princeton,https://portalinvestigacion.uniovi.es/investigadores/218353/detalle,ALFONSO CARLOS RODRIGUEZ FERNANDEZ-PEÑA,"Filología Inglesa, Francesa y Alemana",Traducción y Análisis del Discurso,ALFONSO CARLOS RODRIGUEZ FERNANDEZ-PEÑA
246,La Universidad de Oviedo ‘exporta’ su experiencia con el túnel del viento a la Universidad de Princeton,https://portalinvestigacion.uniovi.es/investigadores/218207/detalle,ANTONIO NAVARRO MANSO,Energía,Grupo de Ingeniería Fluidodinámica,ANTONIO NAVARRO MANSO
246,La Universidad de Oviedo ‘exporta’ su experiencia con el túnel del viento a la Universidad de Princeton,https://portalinvestigacion.uniovi.es/investigadores/220101/detalle,CARLOS RODRIGUEZ HOYOS,Ciencias de la Educación,Grupo de Investigación sobre Innovación Educativa con TIC en los Entornos Virtuales de Enseñanzas de Aprendizaje,CARLOS RODRIGUEZ HOYOS
246,La Universidad de Oviedo ‘exporta’ su experiencia con el túnel del viento a la Universidad de Princeton,https://portalinvestigacion.uniovi.es/investigadores/1116407/detalle,CARLOS RODRIGUEZ LUCAS,Morfología y Biología Celular,Respuesta Celular al Estrés Oxidativo,CARLOS RODRIGUEZ LUCAS
248,La Universidad de Oviedo inaugura la Escuela Internacional de Doctorado Paz Suárez Rendueles,https://portalinvestigacion.uniovi.es/investigadores/218464/detalle,MARIA PAZ SUAREZ COALLA,Psicología,Investigación en Neurociencia Cognitiva,MARIA PAZ SUAREZ COALLA
248,La Universidad de Oviedo inaugura la Escuela Internacional de Doctorado Paz Suárez Rendueles,https://portalinvestigacion.uniovi.es/investigadores/218536/detalle,IGNACIO VILLAVERDE MENENDEZ,Derecho Público,Derechos Fundamentales y Constitución,IGNACIO VILLAVERDE MENENDEZ
248,La Universidad de Oviedo inaugura la Escuela Internacional de Doctorado Paz Suárez Rendueles,https://portalinvestigacion.uniovi.es/investigadores/1010273/detalle,IRENE DIAZ MARTINEZ,Historia,Grupo de Investigación en Historia Sociocultural,IRENE DIAZ MARTINEZ
248,La Universidad de Oviedo inaugura la Escuela Internacional de Doctorado Paz Suárez Rendueles,https://portalinvestigacion.uniovi.es/investigadores/218267/detalle,SUSANA MONTES RODRIGUEZ,Estadística e Investigación Operativa y Didáctica de la Matemática,Modelización de la Incertidumbre y la Imprecisión en Teoría de la Decisión,SUSANA MONTES RODRIGUEZ
248,La Universidad de Oviedo inaugura la Escuela Internacional de Doctorado Paz Suárez Rendueles,https://portalinvestigacion.uniovi.es/investigadores/216813/detalle,MARIA COVADONGA BETEGON BIEMPICA,,"Simulación Numérica, Modelizacion, Caracterización Mecánica y Optimización Microestructural de Componentes Industriales",MARIA COVADONGA BETEGON BIEMPICA
248,La Universidad de Oviedo inaugura la Escuela Internacional de Doctorado Paz Suárez Rendueles,https://portalinvestigacion.uniovi.es/investigadores/217981/detalle,VICENTE GOTOR FERNANDEZ,Química Orgánica e Inorgánica,Grupo de Química Bioorgánica,VICENTE GOTOR FERNANDEZ
248,La Universidad de Oviedo inaugura la Escuela Internacional de Doctorado Paz Suárez Rendueles,https://portalinvestigacion.uniovi.es/investigadores/217359/detalle,CRISTINA GONZALEZ GAGO,Física,"Grupo de Espectroscopia, Láseres y Plasmas",CRISTINA GONZALEZ GAGO
248,La Universidad de Oviedo inaugura la Escuela Internacional de Doctorado Paz Suárez Rendueles,https://portalinvestigacion.uniovi.es/investigadores/217124/detalle,SUSANA IRENE DIAZ RODRIGUEZ,Estadística e Investigación Operativa y Didáctica de la Matemática,Modelización de la Incertidumbre y la Imprecisión en Teoría de la Decisión,SUSANA IRENE DIAZ RODRIGUEZ
249,El IUOPA destaca en su gala del 25º aniversario que los avances contra el cáncer solo son posibles gracias a la investigación,https://portalinvestigacion.uniovi.es/investigadores/217882/detalle,ANA YOLANDA GUTIERREZ FERNANDEZ,Bioquímica y Biología Molecular,"Genomas, Cáncer y Envejecimiento",ANA YOLANDA GUTIERREZ FERNANDEZ
249,El IUOPA destaca en su gala del 25º aniversario que los avances contra el cáncer solo son posibles gracias a la investigación,https://portalinvestigacion.uniovi.es/investigadores/217782/detalle,CARLOS ANTONIO LOPEZ SANCHEZ,Biología de Organismos y Sistemas,Gestión Inteligente de Bosques,CARLOS ANTONIO LOPEZ SANCHEZ
249,El IUOPA destaca en su gala del 25º aniversario que los avances contra el cáncer solo son posibles gracias a la investigación,https://portalinvestigacion.uniovi.es/investigadores/218536/detalle,IGNACIO VILLAVERDE MENENDEZ,Derecho Público,Derechos Fundamentales y Constitución,IGNACIO VILLAVERDE MENENDEZ
249,El IUOPA destaca en su gala del 25º aniversario que los avances contra el cáncer solo son posibles gracias a la investigación,https://portalinvestigacion.uniovi.es/investigadores/2355397/detalle,ANA GEMMA GUTIERREZ GE,Filología Española,Lingüística Funcional del Español,ANA GEMMA GUTIERREZ GE
249,El IUOPA destaca en su gala del 25º aniversario que los avances contra el cáncer solo son posibles gracias a la investigación,https://portalinvestigacion.uniovi.es/investigadores/217597/detalle,FELIX CARLOS FERNANDEZ DE CASTRO LOPEZ PATIÑO,Filología Española,Lingüística Funcional del Español,FELIX CARLOS FERNANDEZ DE CASTRO LOPEZ PATIÑO
249,El IUOPA destaca en su gala del 25º aniversario que los avances contra el cáncer solo son posibles gracias a la investigación,https://portalinvestigacion.uniovi.es/investigadores/217761/detalle,CARLOS LOPEZ FERNANDEZ,Geología,Procesos Geológicos Modeladores del Relieve de la Cordillera Cantábrica,CARLOS LOPEZ FERNANDEZ
249,El IUOPA destaca en su gala del 25º aniversario que los avances contra el cáncer solo son posibles gracias a la investigación,https://portalinvestigacion.uniovi.es/investigadores/218458/detalle,CARLOS MANUEL SUAREZ ALVAREZ,No especificado,,CARLOS MANUEL SUAREZ ALVAREZ
250,La Universidad de Oviedo y la Fundación Alimerka renuevan su colaboración para impulsar proyectos de interés social,https://portalinvestigacion.uniovi.es/investigadores/218536/detalle,IGNACIO VILLAVERDE MENENDEZ,Derecho Público,Derechos Fundamentales y Constitución,IGNACIO VILLAVERDE MENENDEZ
250,La Universidad de Oviedo y la Fundación Alimerka renuevan su colaboración para impulsar proyectos de interés social,https://portalinvestigacion.uniovi.es/investigadores/218543/detalle,ANTONIO URBANO CONTRERAS,Ciencias de la Educación,"Grupo de Investigación sobre Intervención Educativa en el Ámbito Familiar, Escolar y Social",ANTONIO URBANO CONTRERAS
251,Tres egresados de la Universidad de Oviedo logran los Premios Nacionales Fin de Carrera,https://portalinvestigacion.uniovi.es/investigadores/219224/detalle,MARIA JOSE PEREZ FERNANDEZ,Física,Magnetismo de Materiales y Nanomateriales,MARIA JOSE PEREZ FERNANDEZ
251,Tres egresados de la Universidad de Oviedo logran los Premios Nacionales Fin de Carrera,https://portalinvestigacion.uniovi.es/investigadores/218886/detalle,DAVID ROIZ DEL VALLE,Bioquímica y Biología Molecular,"Genomas, Cáncer y Envejecimiento",DAVID ROIZ DEL VALLE
251,Tres egresados de la Universidad de Oviedo logran los Premios Nacionales Fin de Carrera,https://portalinvestigacion.uniovi.es/investigadores/218297/detalle,MARIA JOSE PEREZ VILLADONIGA,,"Economics of Leisure, Culture and Sports | Escenarios para el Arte",MARIA JOSE PEREZ VILLADONIGA
251,Tres egresados de la Universidad de Oviedo logran los Premios Nacionales Fin de Carrera,https://portalinvestigacion.uniovi.es/investigadores/220087/detalle,JOSE LUIS CALVO ROLLE,Explotación y Prospección de Minas,Grupo de Modelización Matemática Aplicada,JOSE LUIS CALVO ROLLE
251,Tres egresados de la Universidad de Oviedo logran los Premios Nacionales Fin de Carrera,https://portalinvestigacion.uniovi.es/investigadores/217789/detalle,CARLOS LOPEZ-COLINA PEREZ,Construcción e Ingeniería de Fabricación,Tecnología y Sostenibilidad en la Construcción con Acero y Hormigón (TESCAH),CARLOS LOPEZ-COLINA PEREZ
251,Tres egresados de la Universidad de Oviedo logran los Premios Nacionales Fin de Carrera,https://portalinvestigacion.uniovi.es/investigadores/219253/detalle,ALEJANDRO PIÑEIRO UGALDE,Bioquímica y Biología Molecular,"Genomas, Cáncer y Envejecimiento",ALEJANDRO PIÑEIRO UGALDE
251,Tres egresados de la Universidad de Oviedo logran los Premios Nacionales Fin de Carrera,https://portalinvestigacion.uniovi.es/investigadores/218142/detalle,MARIA DEL CARMEN PEREZ RIU,"Filología Inglesa, Francesa y Alemana","Literatura, Identidad y Traducción Cultural",MARIA DEL CARMEN PEREZ RIU
251,Tres egresados de la Universidad de Oviedo logran los Premios Nacionales Fin de Carrera,https://portalinvestigacion.uniovi.es/investigadores/218138/detalle,MARIA TRINIDAD PEREZ MENDEZ,Biología de Organismos y Sistemas,Aula de Investigación sobre Recursos Naturales,MARIA TRINIDAD PEREZ MENDEZ
251,Tres egresados de la Universidad de Oviedo logran los Premios Nacionales Fin de Carrera,https://portalinvestigacion.uniovi.es/investigadores/1095803/detalle,JOSE MARIA PEREZ BELLA,Construcción e Ingeniería de Fabricación,"Grupo de Investigación en Construcción Sostenible, Simulación y Ensayo",JOSE MARIA PEREZ BELLA
251,Tres egresados de la Universidad de Oviedo logran los Premios Nacionales Fin de Carrera,https://portalinvestigacion.uniovi.es/investigadores/219225/detalle,MARIA DEL ROCIO PEREZ GAÑAN,Sociología,Grupo de Investigación en Sociología de la Alimentación,MARIA DEL ROCIO PEREZ GAÑAN
251,Tres egresados de la Universidad de Oviedo logran los Premios Nacionales Fin de Carrera,https://portalinvestigacion.uniovi.es/investigadores/219245/detalle,MARIA ISABEL PEREZ RAMOS,,"Intersecciones: Literaturas, Culturas y Teorías Contemporáneas",MARIA ISABEL PEREZ RAMOS
251,Tres egresados de la Universidad de Oviedo logran los Premios Nacionales Fin de Carrera,https://portalinvestigacion.uniovi.es/investigadores/218128/detalle,JOSE MARIA PEREZ FREIJE,Bioquímica y Biología Molecular,"Genomas, Cáncer y Envejecimiento",JOSE MARIA PEREZ FREIJE
251,Tres egresados de la Universidad de Oviedo logran los Premios Nacionales Fin de Carrera,https://portalinvestigacion.uniovi.es/investigadores/218133/detalle,MARIA DEL HENAR PEREZ HERRERO,Ciencias de la Educación,Evaluación en Educación Secundaria y Superior,MARIA DEL HENAR PEREZ HERRERO
252,Un estudio del Serida y la Universidad de Oviedo revela el impacto de la fauna silvestre en el control de las plagas y en la sostenibilidad de los frutales asturianos,https://portalinvestigacion.uniovi.es/investigadores/217409/detalle,MARIA SERAFINA GARCIA GARCIA,Filología Española,Lingüística Funcional del Español,MARIA SERAFINA GARCIA GARCIA
252,Un estudio del Serida y la Universidad de Oviedo revela el impacto de la fauna silvestre en el control de las plagas y en la sostenibilidad de los frutales asturianos,https://portalinvestigacion.uniovi.es/investigadores/219825/detalle,ROBERTO GARCIA GARCIA,Construcción e Ingeniería de Fabricación,Integridad Estructural: Materiales y Estructuras,ROBERTO GARCIA GARCIA
252,Un estudio del Serida y la Universidad de Oviedo revela el impacto de la fauna silvestre en el control de las plagas y en la sostenibilidad de los frutales asturianos,https://portalinvestigacion.uniovi.es/investigadores/218790/detalle,JOSE GARCIA GARCIA,Estadística e Investigación Operativa y Didáctica de la Matemática,Estadística con Elementos Imprecisos Aleatorios & comparación de Distribuciones entre Elementos Aleatorios,JOSE GARCIA GARCIA
252,Un estudio del Serida y la Universidad de Oviedo revela el impacto de la fauna silvestre en el control de las plagas y en la sostenibilidad de los frutales asturianos,https://portalinvestigacion.uniovi.es/investigadores/217471/detalle,DANIEL GARCIA VIVO,Química Orgánica e Inorgánica,Compuestos Organometálicos de Alta Reactividad,DANIEL GARCIA VIVO
252,Un estudio del Serida y la Universidad de Oviedo revela el impacto de la fauna silvestre en el control de las plagas y en la sostenibilidad de los frutales asturianos,https://portalinvestigacion.uniovi.es/investigadores/217404/detalle,BEATRIZ GARCIA GARCIA,Matemáticas,"Grupo de Investigación en Algebra, Codificación y Criptografía",BEATRIZ GARCIA GARCIA
252,Un estudio del Serida y la Universidad de Oviedo revela el impacto de la fauna silvestre en el control de las plagas y en la sostenibilidad de los frutales asturianos,https://portalinvestigacion.uniovi.es/investigadores/217647/detalle,JUAN CARLOS ILLERA COBO,Biología de Organismos y Sistemas,Laboratorio de Biodiversidad y Servicios de los Ecosistemas,JUAN CARLOS ILLERA COBO
252,Un estudio del Serida y la Universidad de Oviedo revela el impacto de la fauna silvestre en el control de las plagas y en la sostenibilidad de los frutales asturianos,https://portalinvestigacion.uniovi.es/investigadores/219065/detalle,TERESA MORAN LOPEZ,Biología de Organismos y Sistemas,Laboratorio de Biodiversidad y Servicios de los Ecosistemas,TERESA MORAN LOPEZ
252,Un estudio del Serida y la Universidad de Oviedo revela el impacto de la fauna silvestre en el control de las plagas y en la sostenibilidad de los frutales asturianos,https://portalinvestigacion.uniovi.es/investigadores/219675/detalle,ISMAEL GARCIA GARCIA,Construcción e Ingeniería de Fabricación,Tecnología y Sostenibilidad en la Construcción con Acero y Hormigón (TESCAH),ISMAEL GARCIA GARCIA
252,Un estudio del Serida y la Universidad de Oviedo revela el impacto de la fauna silvestre en el control de las plagas y en la sostenibilidad de los frutales asturianos,https://portalinvestigacion.uniovi.es/investigadores/217410/detalle,RAQUEL GARCIA GARCIA,Administración de Empresas,Grupo de Estrategias de Crecimiento e Internacionalización,RAQUEL GARCIA GARCIA
252,Un estudio del Serida y la Universidad de Oviedo revela el impacto de la fauna silvestre en el control de las plagas y en la sostenibilidad de los frutales asturianos,https://portalinvestigacion.uniovi.es/investigadores/217405/detalle,DANIEL GARCIA GARCIA,Biología de Organismos y Sistemas,Laboratorio de Biodiversidad y Servicios de los Ecosistemas,DANIEL GARCIA GARCIA
252,Un estudio del Serida y la Universidad de Oviedo revela el impacto de la fauna silvestre en el control de las plagas y en la sostenibilidad de los frutales asturianos,https://portalinvestigacion.uniovi.es/investigadores/1116394/detalle,JOSE JAVIER JIMENEZ ALBARRAL,Biología de Organismos y Sistemas,Laboratorio de Biodiversidad y Servicios de los Ecosistemas,JOSE JAVIER JIMENEZ ALBARRAL
252,Un estudio del Serida y la Universidad de Oviedo revela el impacto de la fauna silvestre en el control de las plagas y en la sostenibilidad de los frutales asturianos,https://portalinvestigacion.uniovi.es/investigadores/217428/detalle,DANIEL FERNANDO GARCIA MARTINEZ,,Autogestión de Sistemas Informáticos | Ingeniería de Computadores,DANIEL FERNANDO GARCIA MARTINEZ
252,Un estudio del Serida y la Universidad de Oviedo revela el impacto de la fauna silvestre en el control de las plagas y en la sostenibilidad de los frutales asturianos,https://portalinvestigacion.uniovi.es/investigadores/1116395/detalle,MARCOS MIÑARRO PRADO,Biología de Organismos y Sistemas,Laboratorio de Biodiversidad y Servicios de los Ecosistemas,MARCOS MIÑARRO PRADO
252,Un estudio del Serida y la Universidad de Oviedo revela el impacto de la fauna silvestre en el control de las plagas y en la sostenibilidad de los frutales asturianos,https://portalinvestigacion.uniovi.es/investigadores/220050/detalle,JULIO CARLOS ARCE BUENO,Historia del Arte y Musicología,"Grupo de Investigación en Música Contemporánea de España y Latinoamérica ""Diapente XXI""",JULIO CARLOS ARCE BUENO
252,Un estudio del Serida y la Universidad de Oviedo revela el impacto de la fauna silvestre en el control de las plagas y en la sostenibilidad de los frutales asturianos,https://portalinvestigacion.uniovi.es/investigadores/217469/detalle,Daniel García Velasco,"Filología Inglesa, Francesa y Alemana",Grupo de Investigación en Lingüística Inglesa de la Universidad de Oviedo,Daniel García Velasco
252,Un estudio del Serida y la Universidad de Oviedo revela el impacto de la fauna silvestre en el control de las plagas y en la sostenibilidad de los frutales asturianos,https://portalinvestigacion.uniovi.es/investigadores/217407/detalle,MARIA ANGELES GARCIA GARCIA,No especificado,,MARIA ANGELES GARCIA GARCIA
252,Un estudio del Serida y la Universidad de Oviedo revela el impacto de la fauna silvestre en el control de las plagas y en la sostenibilidad de los frutales asturianos,https://portalinvestigacion.uniovi.es/investigadores/219148/detalle,JORGE GARCIA GARCIA,"Ingeniería Eléctrica, Electrónica, de Comunicaciones y de Sistemas (DIEECS)",Laboratory for Electrical Energy Management Unified Research,JORGE GARCIA GARCIA
253,Un equipo de investigación revela detalles inéditos de las colonias de cría de paíños europeos y cormoranes moñudos,https://portalinvestigacion.uniovi.es/investigadores/216929/detalle,DAVID ALVAREZ FERNANDEZ,Biología de Organismos y Sistemas,Diversidad y Conservación Animal,DAVID ALVAREZ FERNANDEZ
253,Un equipo de investigación revela detalles inéditos de las colonias de cría de paíños europeos y cormoranes moñudos,https://portalinvestigacion.uniovi.es/investigadores/219098/detalle,DAVID ALVAREZ GARCIA,Psicología,"Grupo de Aprendizaje Escolar, Dificultades y Rendimiento Académico",DAVID ALVAREZ GARCIA
254,La Universidad de Oviedo acoge la exposición ‘39 miradas y una esperanza’ en el Día de los Derechos Humanos’,https://portalinvestigacion.uniovi.es/investigadores/216790/detalle,FRANCISCO JAVIER BARON THAIDIGSMANN,Historia del Arte y Musicología,Grupo de Investigación Ceán Bermúdez,FRANCISCO JAVIER BARON THAIDIGSMANN
254,La Universidad de Oviedo acoge la exposición ‘39 miradas y una esperanza’ en el Día de los Derechos Humanos’,https://portalinvestigacion.uniovi.es/investigadores/216733/detalle,ESTEBAN AGULLO TOMAS,Psicología,Grupo de Investigación en Análisis e Intervención Psicosocial Gi@ps,ESTEBAN AGULLO TOMAS
255,El seguimiento con dispositivos GPS de especies silvestres identifica limitaciones en la planificación para instalar energías renovables como la eólica,https://portalinvestigacion.uniovi.es/investigadores/218144/detalle,MARISELA DEL CARMEN PEREZ RODRIGUEZ,Filología Española,Lingüística Funcional del Español,MARISELA DEL CARMEN PEREZ RODRIGUEZ
256,"El Consejo de Gobierno aprueba un presupuesto de 271,3 millones para 2026, con un refuerzo para la investigación y para los centros y departamentos",https://portalinvestigacion.uniovi.es/investigadores/218536/detalle,IGNACIO VILLAVERDE MENENDEZ,Derecho Público,Derechos Fundamentales y Constitución,IGNACIO VILLAVERDE MENENDEZ
257,El rector propondrá a Emma Ramos para la gerencia de la Universidad de Oviedo tras la jubilación de José Antonio Díaz Lago,https://portalinvestigacion.uniovi.es/investigadores/218037/detalle,MARIA DEL CARMEN RAMOS CARVAJAL,Economía Aplicada,Laboratorio de Análisis Económico Regional,MARIA DEL CARMEN RAMOS CARVAJAL
257,El rector propondrá a Emma Ramos para la gerencia de la Universidad de Oviedo tras la jubilación de José Antonio Díaz Lago,https://portalinvestigacion.uniovi.es/investigadores/218536/detalle,IGNACIO VILLAVERDE MENENDEZ,Derecho Público,Derechos Fundamentales y Constitución,IGNACIO VILLAVERDE MENENDEZ
258,Investigadores de la Universidad de Oviedo estudian cómo las grandes presas impactan en la conservación del desmán ibérico,https://portalinvestigacion.uniovi.es/investigadores/217037/detalle,PELAYO FERNANDEZ FERNANDEZ,Construcción e Ingeniería de Fabricación,"Dynamics, Materials and Structures",PELAYO FERNANDEZ FERNANDEZ
258,Investigadores de la Universidad de Oviedo estudian cómo las grandes presas impactan en la conservación del desmán ibérico,https://portalinvestigacion.uniovi.es/investigadores/2370664/detalle,SARA FERNANDEZ GARCIA,No especificado,,SARA FERNANDEZ GARCIA
258,Investigadores de la Universidad de Oviedo estudian cómo las grandes presas impactan en la conservación del desmán ibérico,https://portalinvestigacion.uniovi.es/investigadores/1116415/detalle,MARTA FERNÁNDEZ FERNÁNDEZ,Morfología y Biología Celular,Respuesta Celular al Estrés Oxidativo,MARTA FERNÁNDEZ FERNÁNDEZ
258,Investigadores de la Universidad de Oviedo estudian cómo las grandes presas impactan en la conservación del desmán ibérico,https://portalinvestigacion.uniovi.es/investigadores/218264/detalle,MARIA MONTES BAYON,Química Física y Analítica,Espectrometría de Masas y Análisis Biomédico,MARIA MONTES BAYON
258,Investigadores de la Universidad de Oviedo estudian cómo las grandes presas impactan en la conservación del desmán ibérico,https://portalinvestigacion.uniovi.es/investigadores/2295381/detalle,PATRICIA FERNANDEZ FERNANDEZ,,"Grupo Demeter. Maternidad, Genero y Familia",PATRICIA FERNANDEZ FERNANDEZ
258,Investigadores de la Universidad de Oviedo estudian cómo las grandes presas impactan en la conservación del desmán ibérico,https://portalinvestigacion.uniovi.es/investigadores/1931688/detalle,ANTONIO FERNANDEZ FERNANDEZ,Geografía,Grupo de Estudios en Ambientes Fríos y de Montaña,ANTONIO FERNANDEZ FERNANDEZ
258,Investigadores de la Universidad de Oviedo estudian cómo las grandes presas impactan en la conservación del desmán ibérico,https://portalinvestigacion.uniovi.es/investigadores/216902/detalle,ALBA ARDURA GUTIERREZ,Biología de Organismos y Sistemas,Aula de Investigación sobre Recursos Naturales,ALBA ARDURA GUTIERREZ
258,Investigadores de la Universidad de Oviedo estudian cómo las grandes presas impactan en la conservación del desmán ibérico,https://portalinvestigacion.uniovi.es/investigadores/218867/detalle,SARA FERNANDEZ FERNANDEZ,No especificado,,SARA FERNANDEZ FERNANDEZ
258,Investigadores de la Universidad de Oviedo estudian cómo las grandes presas impactan en la conservación del desmán ibérico,https://portalinvestigacion.uniovi.es/investigadores/219677/detalle,VICTORIA FERNANDEZ FERNANDEZ,Ciencias de la Educación,"Análisis, Intervención y Evaluación Socioeducativa",VICTORIA FERNANDEZ FERNANDEZ
258,Investigadores de la Universidad de Oviedo estudian cómo las grandes presas impactan en la conservación del desmán ibérico,https://portalinvestigacion.uniovi.es/investigadores/220227/detalle,MARIA FERNANDEZ FERNANDEZ,Morfología y Biología Celular,Respuesta Celular al Estrés Oxidativo,MARIA FERNANDEZ FERNANDEZ
258,Investigadores de la Universidad de Oviedo estudian cómo las grandes presas impactan en la conservación del desmán ibérico,https://portalinvestigacion.uniovi.es/investigadores/218863/detalle,ALVARO FERNANDEZ FERNANDEZ,Bioquímica y Biología Molecular,"Genomas, Cáncer y Envejecimiento",ALVARO FERNANDEZ FERNANDEZ
258,Investigadores de la Universidad de Oviedo estudian cómo las grandes presas impactan en la conservación del desmán ibérico,https://portalinvestigacion.uniovi.es/investigadores/218866/detalle,JESUS FERNANDEZ FERNANDEZ,Historia,Social Landscapes,JESUS FERNANDEZ FERNANDEZ
258,Investigadores de la Universidad de Oviedo estudian cómo las grandes presas impactan en la conservación del desmán ibérico,https://portalinvestigacion.uniovi.es/investigadores/218865/detalle,JAVIER FERNANDEZ FERNANDEZ,,Biotecnología de Nutracéuticos y Compuestos Bioactivos,JAVIER FERNANDEZ FERNANDEZ
259,Interculturalidad y educación financiera: concluyen en Oviedo los primeros proyectos de INGENIUM liderados por estudiantes,https://portalinvestigacion.uniovi.es/investigadores/217410/detalle,RAQUEL GARCIA GARCIA,Administración de Empresas,Grupo de Estrategias de Crecimiento e Internacionalización,RAQUEL GARCIA GARCIA
259,Interculturalidad y educación financiera: concluyen en Oviedo los primeros proyectos de INGENIUM liderados por estudiantes,https://portalinvestigacion.uniovi.es/investigadores/217490/detalle,SILVIA GOMEZ ANSON,Administración de Empresas,Finanzas y Gobierno Corporativo,SILVIA GOMEZ ANSON
259,Interculturalidad y educación financiera: concluyen en Oviedo los primeros proyectos de INGENIUM liderados por estudiantes,https://portalinvestigacion.uniovi.es/investigadores/1010295/detalle,MARTA FERNANDEZ VILAR,Historia del Arte y Musicología,"Grupo de Investigación en Música Contemporánea de España y Latinoamérica ""Diapente XXI""",MARTA FERNANDEZ VILAR
260,Inserta Empleo y La Universidad de Oviedo acercan la discapacidad al ámbito universitario en la jornada ‘Accesibilidad e inclusión: compromiso de tod@s’,https://portalinvestigacion.uniovi.es/investigadores/218897/detalle,EVA MARIA DEL VALLE SUAREZ,Morfología y Biología Celular,Grupo de Envejecimiento Cerebral y Enfermedades Neurodegenerativas,EVA MARIA DEL VALLE SUAREZ
260,Inserta Empleo y La Universidad de Oviedo acercan la discapacidad al ámbito universitario en la jornada ‘Accesibilidad e inclusión: compromiso de tod@s’,https://portalinvestigacion.uniovi.es/investigadores/218536/detalle,IGNACIO VILLAVERDE MENENDEZ,Derecho Público,Derechos Fundamentales y Constitución,IGNACIO VILLAVERDE MENENDEZ
263,"La empleabilidad, la calidad científica y la financiación centran las conclusiones de la nueva edición de La Universidad Española en Cifras",https://portalinvestigacion.uniovi.es/investigadores/219239/detalle,FERNANDO PEREZ GARCIA,,"Intersecciones: Literaturas, Culturas y Teorías Contemporáneas",FERNANDO PEREZ GARCIA
263,"La empleabilidad, la calidad científica y la financiación centran las conclusiones de la nueva edición de La Universidad Española en Cifras",https://portalinvestigacion.uniovi.es/investigadores/1301778/detalle,CRISTIAN PEREZ GARCIA,No especificado,,CRISTIAN PEREZ GARCIA
263,"La empleabilidad, la calidad científica y la financiación centran las conclusiones de la nueva edición de La Universidad Española en Cifras",https://portalinvestigacion.uniovi.es/investigadores/218801/detalle,FRANCISCO GARCIA RIESGO,Explotación y Prospección de Minas,Grupo de Modelización Matemática Aplicada,FRANCISCO GARCIA RIESGO
263,"La empleabilidad, la calidad científica y la financiación centran las conclusiones de la nueva edición de La Universidad Española en Cifras",https://portalinvestigacion.uniovi.es/investigadores/218137/detalle,JOSE ANTONIO PEREZ MENDEZ,Economía,Oviedo Efficiency Group,JOSE ANTONIO PEREZ MENDEZ
264,El profesor Roger Campione presenta en la Universidad de Florencia el documental ‘La guerra de las máquinas’,https://portalinvestigacion.uniovi.es/investigadores/217412/detalle,SERGIO EMILIO GARCIA GARRIDO,Química Orgánica e Inorgánica,Química Sintética Sostenible,SERGIO EMILIO GARCIA GARRIDO
264,El profesor Roger Campione presenta en la Universidad de Florencia el documental ‘La guerra de las máquinas’,https://portalinvestigacion.uniovi.es/investigadores/217437/detalle,PAULINO JOSE GARCIA NIETO,Construcción e Ingeniería de Fabricación,"Grupo de Investigación en Construcción Sostenible, Simulación y Ensayo",PAULINO JOSE GARCIA NIETO
264,El profesor Roger Campione presenta en la Universidad de Florencia el documental ‘La guerra de las máquinas’,https://portalinvestigacion.uniovi.es/investigadores/217416/detalle,JUAN JOSE GARCIA GONZALEZ,Filología Clásica y Románica,Grupo de Investigación en Estudios Clásicos,JUAN JOSE GARCIA GONZALEZ
264,El profesor Roger Campione presenta en la Universidad de Florencia el documental ‘La guerra de las máquinas’,https://portalinvestigacion.uniovi.es/investigadores/217577/detalle,JOSE GARCIA FANJUL,Informática,Grupo de Investigación en Ingeniería del Software,JOSE GARCIA FANJUL
264,El profesor Roger Campione presenta en la Universidad de Florencia el documental ‘La guerra de las máquinas’,https://portalinvestigacion.uniovi.es/investigadores/218790/detalle,JOSE GARCIA GARCIA,Estadística e Investigación Operativa y Didáctica de la Matemática,Estadística con Elementos Imprecisos Aleatorios & comparación de Distribuciones entre Elementos Aleatorios,JOSE GARCIA GARCIA
264,El profesor Roger Campione presenta en la Universidad de Florencia el documental ‘La guerra de las máquinas’,https://portalinvestigacion.uniovi.es/investigadores/217580/detalle,JOSE GARCIA FERNANDEZ,Filología Clásica y Románica,Voces Femeninas en la Literatura y la Cultura Europeas,JOSE GARCIA FERNANDEZ
264,El profesor Roger Campione presenta en la Universidad de Florencia el documental ‘La guerra de las máquinas’,https://portalinvestigacion.uniovi.es/investigadores/218095/detalle,LUCIA PAYERO LOPEZ,Ciencias Jurídicas Básicas,Grupo de Investigación de Filosofía y Argumentación Jurídica,LUCIA PAYERO LOPEZ
264,El profesor Roger Campione presenta en la Universidad de Florencia el documental ‘La guerra de las máquinas’,https://portalinvestigacion.uniovi.es/investigadores/217454/detalle,MARIA JOSE GARCIA SALGADO,Ciencias Jurídicas Básicas,Grupo de Investigación de Filosofía y Argumentación Jurídica,MARIA JOSE GARCIA SALGADO
264,El profesor Roger Campione presenta en la Universidad de Florencia el documental ‘La guerra de las máquinas’,https://portalinvestigacion.uniovi.es/investigadores/1301706/detalle,SERGIO GARCIA VEGA,No especificado,,SERGIO GARCIA VEGA
264,El profesor Roger Campione presenta en la Universidad de Florencia el documental ‘La guerra de las máquinas’,https://portalinvestigacion.uniovi.es/investigadores/218658/detalle,MARTA MARIA RODRIGUEZ SUAREZ,Medicina,Grupo de Epidemiología Ambiental y Molecular,MARTA MARIA RODRIGUEZ SUAREZ
264,El profesor Roger Campione presenta en la Universidad de Florencia el documental ‘La guerra de las máquinas’,https://portalinvestigacion.uniovi.es/investigadores/218461/detalle,MARIA JOSE SUAREZ-CABAL,Informática,Grupo de Investigación en Ingeniería del Software,MARIA JOSE SUAREZ-CABAL
264,El profesor Roger Campione presenta en la Universidad de Florencia el documental ‘La guerra de las máquinas’,https://portalinvestigacion.uniovi.es/investigadores/2355260/detalle,SERGIO GARCIA JIMENEZ,"Filología Inglesa, Francesa y Alemana","Literatura, Identidad y Traducción Cultural",SERGIO GARCIA JIMENEZ
264,El profesor Roger Campione presenta en la Universidad de Florencia el documental ‘La guerra de las máquinas’,https://portalinvestigacion.uniovi.es/investigadores/219153/detalle,JOSE LUIS GARCIA SUAREZ,,Centro de Cooperación y Desarrollo Territorial de la Universidad de Oviedo,JOSE LUIS GARCIA SUAREZ
264,El profesor Roger Campione presenta en la Universidad de Florencia el documental ‘La guerra de las máquinas’,https://portalinvestigacion.uniovi.es/investigadores/2355660/detalle,JOSE MANUEL GARCIA MONTES,Psicología,Ciencia y Divulgación en Prevención y Salud Mental,JOSE MANUEL GARCIA MONTES
264,El profesor Roger Campione presenta en la Universidad de Florencia el documental ‘La guerra de las máquinas’,https://portalinvestigacion.uniovi.es/investigadores/217546/detalle,JOSE IGNACIO GARCIA ALONSO,Química Física y Analítica,Isótopos Estables Enriquecidos,JOSE IGNACIO GARCIA ALONSO
264,El profesor Roger Campione presenta en la Universidad de Florencia el documental ‘La guerra de las máquinas’,https://portalinvestigacion.uniovi.es/investigadores/216966/detalle,TONI ROGER CAMPIONE,Ciencias Jurídicas Básicas,Grupo de Investigación de Filosofía y Argumentación Jurídica,TONI ROGER CAMPIONE
265,La Universidad de Oviedo aprueba la modificación sustancial de los planes de estudios de cinco másteres universitarios,https://portalinvestigacion.uniovi.es/investigadores/218536/detalle,IGNACIO VILLAVERDE MENENDEZ,Derecho Público,Derechos Fundamentales y Constitución,IGNACIO VILLAVERDE MENENDEZ
265,La Universidad de Oviedo aprueba la modificación sustancial de los planes de estudios de cinco másteres universitarios,https://portalinvestigacion.uniovi.es/investigadores/217928/detalle,JUAN MANUEL MARCHANTE GAYON,Química Física y Analítica,Isótopos Estables Enriquecidos,JUAN MANUEL MARCHANTE GAYON
266,Micaela Moya Cedrola obtiene el XI Premio Internacional de Investigación Literaria “Ángel González” con una obra sobre el amor y el erotismo en cinco poetas españolas,https://portalinvestigacion.uniovi.es/investigadores/219143/detalle,MIGUEL ANGEL GONZALEZ FERNANDEZ,Informática,Grupo de Investigación en Optimización y Scheduling Inteligentes,MIGUEL ANGEL GONZALEZ FERNANDEZ
266,Micaela Moya Cedrola obtiene el XI Premio Internacional de Investigación Literaria “Ángel González” con una obra sobre el amor y el erotismo en cinco poetas españolas,https://portalinvestigacion.uniovi.es/investigadores/219562/detalle,MARIA PILAR GARCES GARCIA,"Filología Inglesa, Francesa y Alemana","Grupo ""Otras Lenguas"" de Investigación en Estudios Ingleses, Franceses, Alemanes, Portugueses, Italianos y Neogriegos: Intersecciones Histórico-literarias y Fenómenos de Proyección y Recepción Cultural",MARIA PILAR GARCES GARCIA
267,El G-9 distingue con su Premio de Investigación en Estudios de Género un TFM de la Universidad de Oviedo sobre la violencia obstétrica en Nigeria,https://portalinvestigacion.uniovi.es/investigadores/1301906/detalle,ANA MARIA LOPEZ FERNANDEZ,No especificado,,ANA MARIA LOPEZ FERNANDEZ
267,El G-9 distingue con su Premio de Investigación en Estudios de Género un TFM de la Universidad de Oviedo sobre la violencia obstétrica en Nigeria,https://portalinvestigacion.uniovi.es/investigadores/217770/detalle,JOSE MARIA LOPEZ LOPEZ,,Autogestión de Sistemas Informáticos | Ingeniería de Computadores,JOSE MARIA LOPEZ LOPEZ
267,El G-9 distingue con su Premio de Investigación en Estudios de Género un TFM de la Universidad de Oviedo sobre la violencia obstétrica en Nigeria,https://portalinvestigacion.uniovi.es/investigadores/1116408/detalle,EVA MARIA LÓPEZ ÁLVAREZ,Morfología y Biología Celular,Respuesta Celular al Estrés Oxidativo,EVA MARIA LÓPEZ ÁLVAREZ
267,El G-9 distingue con su Premio de Investigación en Estudios de Género un TFM de la Universidad de Oviedo sobre la violencia obstétrica en Nigeria,https://portalinvestigacion.uniovi.es/investigadores/1010350/detalle,PAULA MARIA LOPEZ PEREZ,Matemáticas,Análisis Teórico y Numérico de Ecuaciones en Derivadas Parciales,PAULA MARIA LOPEZ PEREZ
267,El G-9 distingue con su Premio de Investigación en Estudios de Género un TFM de la Universidad de Oviedo sobre la violencia obstétrica en Nigeria,https://portalinvestigacion.uniovi.es/investigadores/217758/detalle,MARIA CONCEPCION LOPEZ DIAZ,Matemáticas,"Grupo de Investigación en Algebra, Codificación y Criptografía",MARIA CONCEPCION LOPEZ DIAZ
268,Tres investigadores de la Universidad de Oviedo reciben distinciones en el XXI Certamen Universitario Arquímedes,https://portalinvestigacion.uniovi.es/investigadores/219224/detalle,MARIA JOSE PEREZ FERNANDEZ,Física,Magnetismo de Materiales y Nanomateriales,MARIA JOSE PEREZ FERNANDEZ
268,Tres investigadores de la Universidad de Oviedo reciben distinciones en el XXI Certamen Universitario Arquímedes,https://portalinvestigacion.uniovi.es/investigadores/218886/detalle,DAVID ROIZ DEL VALLE,Bioquímica y Biología Molecular,"Genomas, Cáncer y Envejecimiento",DAVID ROIZ DEL VALLE
268,Tres investigadores de la Universidad de Oviedo reciben distinciones en el XXI Certamen Universitario Arquímedes,https://portalinvestigacion.uniovi.es/investigadores/2353845/detalle,SAMUEL PIS VIGIL,Bioquímica y Biología Molecular,"Genomas, Cáncer y Envejecimiento",SAMUEL PIS VIGIL
268,Tres investigadores de la Universidad de Oviedo reciben distinciones en el XXI Certamen Universitario Arquímedes,https://portalinvestigacion.uniovi.es/investigadores/218297/detalle,MARIA JOSE PEREZ VILLADONIGA,,"Economics of Leisure, Culture and Sports | Escenarios para el Arte",MARIA JOSE PEREZ VILLADONIGA
268,Tres investigadores de la Universidad de Oviedo reciben distinciones en el XXI Certamen Universitario Arquímedes,https://portalinvestigacion.uniovi.es/investigadores/219253/detalle,ALEJANDRO PIÑEIRO UGALDE,Bioquímica y Biología Molecular,"Genomas, Cáncer y Envejecimiento",ALEJANDRO PIÑEIRO UGALDE
268,Tres investigadores de la Universidad de Oviedo reciben distinciones en el XXI Certamen Universitario Arquímedes,https://portalinvestigacion.uniovi.es/investigadores/218142/detalle,MARIA DEL CARMEN PEREZ RIU,"Filología Inglesa, Francesa y Alemana","Literatura, Identidad y Traducción Cultural",MARIA DEL CARMEN PEREZ RIU
268,Tres investigadores de la Universidad de Oviedo reciben distinciones en el XXI Certamen Universitario Arquímedes,https://portalinvestigacion.uniovi.es/investigadores/218133/detalle,MARIA DEL HENAR PEREZ HERRERO,Ciencias de la Educación,Evaluación en Educación Secundaria y Superior,MARIA DEL HENAR PEREZ HERRERO
268,Tres investigadores de la Universidad de Oviedo reciben distinciones en el XXI Certamen Universitario Arquímedes,https://portalinvestigacion.uniovi.es/investigadores/218138/detalle,MARIA TRINIDAD PEREZ MENDEZ,Biología de Organismos y Sistemas,Aula de Investigación sobre Recursos Naturales,MARIA TRINIDAD PEREZ MENDEZ
268,Tres investigadores de la Universidad de Oviedo reciben distinciones en el XXI Certamen Universitario Arquímedes,https://portalinvestigacion.uniovi.es/investigadores/218027/detalle,VICTOR QUESADA FERNANDEZ,Bioquímica y Biología Molecular,"Genomas, Cáncer y Envejecimiento",VICTOR QUESADA FERNANDEZ
268,Tres investigadores de la Universidad de Oviedo reciben distinciones en el XXI Certamen Universitario Arquímedes,https://portalinvestigacion.uniovi.es/investigadores/219324/detalle,YURI ALVAREZ LOPEZ,"Ingeniería Eléctrica, Electrónica, de Comunicaciones y de Sistemas (DIEECS)",Teoría de la Señal y Comunicaciones,YURI ALVAREZ LOPEZ
268,Tres investigadores de la Universidad de Oviedo reciben distinciones en el XXI Certamen Universitario Arquímedes,https://portalinvestigacion.uniovi.es/investigadores/217730/detalle,Jaime Laviada,"Ingeniería Eléctrica, Electrónica, de Comunicaciones y de Sistemas (DIEECS)",Teoría de la Señal y Comunicaciones,Jaime Laviada
268,Tres investigadores de la Universidad de Oviedo reciben distinciones en el XXI Certamen Universitario Arquímedes,https://portalinvestigacion.uniovi.es/investigadores/216951/detalle,MARIA ESTHER ALVAREZ LOPEZ,,"Intersecciones: Literaturas, Culturas y Teorías Contemporáneas",MARIA ESTHER ALVAREZ LOPEZ
268,Tres investigadores de la Universidad de Oviedo reciben distinciones en el XXI Certamen Universitario Arquímedes,https://portalinvestigacion.uniovi.es/investigadores/1095803/detalle,JOSE MARIA PEREZ BELLA,Construcción e Ingeniería de Fabricación,"Grupo de Investigación en Construcción Sostenible, Simulación y Ensayo",JOSE MARIA PEREZ BELLA
268,Tres investigadores de la Universidad de Oviedo reciben distinciones en el XXI Certamen Universitario Arquímedes,https://portalinvestigacion.uniovi.es/investigadores/219225/detalle,MARIA DEL ROCIO PEREZ GAÑAN,Sociología,Grupo de Investigación en Sociología de la Alimentación,MARIA DEL ROCIO PEREZ GAÑAN
268,Tres investigadores de la Universidad de Oviedo reciben distinciones en el XXI Certamen Universitario Arquímedes,https://portalinvestigacion.uniovi.es/investigadores/219245/detalle,MARIA ISABEL PEREZ RAMOS,,"Intersecciones: Literaturas, Culturas y Teorías Contemporáneas",MARIA ISABEL PEREZ RAMOS
268,Tres investigadores de la Universidad de Oviedo reciben distinciones en el XXI Certamen Universitario Arquímedes,https://portalinvestigacion.uniovi.es/investigadores/218128/detalle,JOSE MARIA PEREZ FREIJE,Bioquímica y Biología Molecular,"Genomas, Cáncer y Envejecimiento",JOSE MARIA PEREZ FREIJE
268,Tres investigadores de la Universidad de Oviedo reciben distinciones en el XXI Certamen Universitario Arquímedes,https://portalinvestigacion.uniovi.es/investigadores/1116437/detalle,YOLANDA ALVAREZ LOPEZ,Física,Magnetismo de Materiales y Nanomateriales,YOLANDA ALVAREZ LOPEZ
268,Tres investigadores de la Universidad de Oviedo reciben distinciones en el XXI Certamen Universitario Arquímedes,https://portalinvestigacion.uniovi.es/investigadores/2014345/detalle,ANTONIO GARCIA-BERNARDO TARTIERE,Bioquímica y Biología Molecular,"Genomas, Cáncer y Envejecimiento",ANTONIO GARCIA-BERNARDO TARTIERE
269,La Sala de Exposiciones de la Universidad de Oviedo se abre a las emociones de Marcos Tamargo para cerrar el año,https://portalinvestigacion.uniovi.es/investigadores/219562/detalle,MARIA PILAR GARCES GARCIA,"Filología Inglesa, Francesa y Alemana","Grupo ""Otras Lenguas"" de Investigación en Estudios Ingleses, Franceses, Alemanes, Portugueses, Italianos y Neogriegos: Intersecciones Histórico-literarias y Fenómenos de Proyección y Recepción Cultural",MARIA PILAR GARCES GARCIA
269,La Sala de Exposiciones de la Universidad de Oviedo se abre a las emociones de Marcos Tamargo para cerrar el año,https://portalinvestigacion.uniovi.es/investigadores/217061/detalle,LUIS PEDRO FERNANDEZ GONZALEZ,Geología,Geofísica y Tectónica,LUIS PEDRO FERNANDEZ GONZALEZ
269,La Sala de Exposiciones de la Universidad de Oviedo se abre a las emociones de Marcos Tamargo para cerrar el año,https://portalinvestigacion.uniovi.es/investigadores/218536/detalle,IGNACIO VILLAVERDE MENENDEZ,Derecho Público,Derechos Fundamentales y Constitución,IGNACIO VILLAVERDE MENENDEZ
269,La Sala de Exposiciones de la Universidad de Oviedo se abre a las emociones de Marcos Tamargo para cerrar el año,https://portalinvestigacion.uniovi.es/investigadores/219971/detalle,JOSE LUIS FERNANDEZ MARTIN,Medicina,"Metabolismo Óseo, Vascular, Enfermedades Inflamatorias Crónicas y Biomarcadores",JOSE LUIS FERNANDEZ MARTIN
269,La Sala de Exposiciones de la Universidad de Oviedo se abre a las emociones de Marcos Tamargo para cerrar el año,https://portalinvestigacion.uniovi.es/investigadores/218879/detalle,LUIS JAVIER FERNANDEZ MENENDEZ,Física,"Grupo de Espectroscopia, Láseres y Plasmas",LUIS JAVIER FERNANDEZ MENENDEZ
269,La Sala de Exposiciones de la Universidad de Oviedo se abre a las emociones de Marcos Tamargo para cerrar el año,https://portalinvestigacion.uniovi.es/investigadores/217593/detalle,LUIS ANTONIO FERNANDEZ VILLAZON,Derecho Privado y de la Empresa,Grupo de Investigación en Derecho Social de la Universidad de Oviedo,LUIS ANTONIO FERNANDEZ VILLAZON
269,La Sala de Exposiciones de la Universidad de Oviedo se abre a las emociones de Marcos Tamargo para cerrar el año,https://portalinvestigacion.uniovi.es/investigadores/1095823/detalle,RODRIGO CUETO GARCIA,Historia,Grupo de Investigación en Historia Sociocultural,RODRIGO CUETO GARCIA
269,La Sala de Exposiciones de la Universidad de Oviedo se abre a las emociones de Marcos Tamargo para cerrar el año,https://portalinvestigacion.uniovi.es/investigadores/217634/detalle,JUAN LUIS FERNANDEZ MARTINEZ,Matemáticas,"Grupo de Problemas Inversos, Optimizaciòn y Aprendizaje Automático",JUAN LUIS FERNANDEZ MARTINEZ
269,La Sala de Exposiciones de la Universidad de Oviedo se abre a las emociones de Marcos Tamargo para cerrar el año,https://portalinvestigacion.uniovi.es/investigadores/217632/detalle,OSCAR LUIS FERNANDEZ MARQUEZ,Derecho Privado y de la Empresa,Grupo de Investigación en Derecho Social de la Universidad de Oviedo,OSCAR LUIS FERNANDEZ MARQUEZ
270,La Asamblea General de CRUE aborda los principales retos del sistema universitario,https://portalinvestigacion.uniovi.es/investigadores/218536/detalle,IGNACIO VILLAVERDE MENENDEZ,Derecho Público,Derechos Fundamentales y Constitución,IGNACIO VILLAVERDE MENENDEZ
271,Día Internacional de la Eliminación de la Violencia contra la Mujer,https://portalinvestigacion.uniovi.es/investigadores/218536/detalle,IGNACIO VILLAVERDE MENENDEZ,Derecho Público,Derechos Fundamentales y Constitución,IGNACIO VILLAVERDE MENENDEZ
271,Día Internacional de la Eliminación de la Violencia contra la Mujer,https://portalinvestigacion.uniovi.es/investigadores/218231/detalle,EVA MARIA MENENDEZ SEBASTIAN,Derecho Público,"Servicios Públicos, Administraciones y Garantías",EVA MARIA MENENDEZ SEBASTIAN
271,Día Internacional de la Eliminación de la Violencia contra la Mujer,https://portalinvestigacion.uniovi.es/investigadores/218232/detalle,MARIA DE LA PAZ MENENDEZ SEBASTIAN,Derecho Privado y de la Empresa,Grupo de Investigación en Derecho Social de la Universidad de Oviedo,MARIA DE LA PAZ MENENDEZ SEBASTIAN
272,La Universidad de Oviedo y la empresa china Sino-Foundry Refractory crean una cátedra para impulsar la investigación en sostenibilidad de materiales refractarios,https://portalinvestigacion.uniovi.es/investigadores/217811/detalle,SUSANA LUQUE RODRIGUEZ,Química Física y Analítica,"Nanopartículas, Membranas y Bioanálisis",SUSANA LUQUE RODRIGUEZ
272,La Universidad de Oviedo y la empresa china Sino-Foundry Refractory crean una cátedra para impulsar la investigación en sostenibilidad de materiales refractarios,https://portalinvestigacion.uniovi.es/investigadores/218536/detalle,IGNACIO VILLAVERDE MENENDEZ,Derecho Público,Derechos Fundamentales y Constitución,IGNACIO VILLAVERDE MENENDEZ
272,La Universidad de Oviedo y la empresa china Sino-Foundry Refractory crean una cátedra para impulsar la investigación en sostenibilidad de materiales refractarios,https://portalinvestigacion.uniovi.es/investigadores/218679/detalle,ALVARO RUBIO ORDOÑEZ,Geología,Geofísica y Tectónica,ALVARO RUBIO ORDOÑEZ
272,La Universidad de Oviedo y la empresa china Sino-Foundry Refractory crean una cátedra para impulsar la investigación en sostenibilidad de materiales refractarios,https://portalinvestigacion.uniovi.es/investigadores/217221/detalle,VERONICA CAÑAL FERNANDEZ,Economía Cuantitativa,Grupo de Decisión Multicriterio Universidad de Oviedo,VERONICA CAÑAL FERNANDEZ
272,La Universidad de Oviedo y la empresa china Sino-Foundry Refractory crean una cátedra para impulsar la investigación en sostenibilidad de materiales refractarios,https://portalinvestigacion.uniovi.es/investigadores/217331/detalle,BEGOÑA FERNANDEZ PEREZ,,Biogeoquímica Ambiental y Materias Primas Minerales,BEGOÑA FERNANDEZ PEREZ
272,La Universidad de Oviedo y la empresa china Sino-Foundry Refractory crean una cátedra para impulsar la investigación en sostenibilidad de materiales refractarios,https://portalinvestigacion.uniovi.es/investigadores/1116381/detalle,ADRIANA REMEDIOS SUAREZ CORONA,Matemáticas,"Grupo de Investigación en Algebra, Codificación y Criptografía",ADRIANA REMEDIOS SUAREZ CORONA
273,El rector defiende la capacidad de la universidad para cambiar las vidas y mejorar el mundo con motivo de la festividad de Santa Catalina de Alejandría,https://portalinvestigacion.uniovi.es/investigadores/218536/detalle,IGNACIO VILLAVERDE MENENDEZ,Derecho Público,Derechos Fundamentales y Constitución,IGNACIO VILLAVERDE MENENDEZ
273,El rector defiende la capacidad de la universidad para cambiar las vidas y mejorar el mundo con motivo de la festividad de Santa Catalina de Alejandría,https://portalinvestigacion.uniovi.es/investigadores/217429/detalle,JAVIER GARCIA MARTINEZ,,Autogestión de Sistemas Informáticos | Ingeniería de Computadores,JAVIER GARCIA MARTINEZ
273,El rector defiende la capacidad de la universidad para cambiar las vidas y mejorar el mundo con motivo de la festividad de Santa Catalina de Alejandría,https://portalinvestigacion.uniovi.es/investigadores/217553/detalle,JAVIER GARCIA AMEZ,Ciencias Jurídicas Básicas,Grupo de Investigación de Ciencias Penales y Criminologicas,JAVIER GARCIA AMEZ
273,El rector defiende la capacidad de la universidad para cambiar las vidas y mejorar el mundo con motivo de la festividad de Santa Catalina de Alejandría,https://portalinvestigacion.uniovi.es/investigadores/219790/detalle,ALFONSO PALACIO ALVAREZ,Historia del Arte y Musicología,Grupo de Investigación Ceán Bermúdez,ALFONSO PALACIO ALVAREZ
273,El rector defiende la capacidad de la universidad para cambiar las vidas y mejorar el mundo con motivo de la festividad de Santa Catalina de Alejandría,https://portalinvestigacion.uniovi.es/investigadores/217425/detalle,JAVIER GARCIA LUENGO,Derecho Público,Derecho Administrativo,JAVIER GARCIA LUENGO
273,El rector defiende la capacidad de la universidad para cambiar las vidas y mejorar el mundo con motivo de la festividad de Santa Catalina de Alejandría,https://portalinvestigacion.uniovi.es/investigadores/217419/detalle,SANTIAGO GARCIA GRANDA,Ciencias de la Educación,"Síntesis, Estructura y Aplicación Tecnológica de Materiales",SANTIAGO GARCIA GRANDA
273,El rector defiende la capacidad de la universidad para cambiar las vidas y mejorar el mundo con motivo de la festividad de Santa Catalina de Alejandría,https://portalinvestigacion.uniovi.es/investigadores/217981/detalle,VICENTE GOTOR FERNANDEZ,Química Orgánica e Inorgánica,Grupo de Química Bioorgánica,VICENTE GOTOR FERNANDEZ
273,El rector defiende la capacidad de la universidad para cambiar las vidas y mejorar el mundo con motivo de la festividad de Santa Catalina de Alejandría,https://portalinvestigacion.uniovi.es/investigadores/219166/detalle,JAVIER GARCIA FERNANDEZ,Física,Magnetismo de Materiales y Nanomateriales,JAVIER GARCIA FERNANDEZ
274,"El flamenco, las poetas del 27, las comparsas de Cádiz y el repentismo se unen en los enCOHENtros 2025 de la Cátedra Leonard Cohen",https://portalinvestigacion.uniovi.es/investigadores/219152/detalle,MARTA SOLEDAD GARCIA RODRIGUEZ,Ciencias de la Educación,Teaching and Curriculum Group,MARTA SOLEDAD GARCIA RODRIGUEZ
274,"El flamenco, las poetas del 27, las comparsas de Cádiz y el repentismo se unen en los enCOHENtros 2025 de la Cátedra Leonard Cohen",https://portalinvestigacion.uniovi.es/investigadores/217553/detalle,JAVIER GARCIA AMEZ,Ciencias Jurídicas Básicas,Grupo de Investigación de Ciencias Penales y Criminologicas,JAVIER GARCIA AMEZ
274,"El flamenco, las poetas del 27, las comparsas de Cádiz y el repentismo se unen en los enCOHENtros 2025 de la Cátedra Leonard Cohen",https://portalinvestigacion.uniovi.es/investigadores/217429/detalle,JAVIER GARCIA MARTINEZ,,Autogestión de Sistemas Informáticos | Ingeniería de Computadores,JAVIER GARCIA MARTINEZ
274,"El flamenco, las poetas del 27, las comparsas de Cádiz y el repentismo se unen en los enCOHENtros 2025 de la Cátedra Leonard Cohen",https://portalinvestigacion.uniovi.es/investigadores/217162/detalle,JOSE MANUEL ERRASTI PEREZ,Psicología,Ciencia y Divulgación en Prevención y Salud Mental,JOSE MANUEL ERRASTI PEREZ
274,"El flamenco, las poetas del 27, las comparsas de Cádiz y el repentismo se unen en los enCOHENtros 2025 de la Cátedra Leonard Cohen",https://portalinvestigacion.uniovi.es/investigadores/217982/detalle,JAVIER GRACIA RODRIGUEZ,Explotación y Prospección de Minas,Grupo de Modelización Matemática Aplicada,JAVIER GRACIA RODRIGUEZ
274,"El flamenco, las poetas del 27, las comparsas de Cádiz y el repentismo se unen en los enCOHENtros 2025 de la Cátedra Leonard Cohen",https://portalinvestigacion.uniovi.es/investigadores/1010293/detalle,MIGUEL FERNANDEZ TURUELO,Historia,Grupo de Investigación en Historia Sociocultural,MIGUEL FERNANDEZ TURUELO
274,"El flamenco, las poetas del 27, las comparsas de Cádiz y el repentismo se unen en los enCOHENtros 2025 de la Cátedra Leonard Cohen",https://portalinvestigacion.uniovi.es/investigadores/217425/detalle,JAVIER GARCIA LUENGO,Derecho Público,Derecho Administrativo,JAVIER GARCIA LUENGO
274,"El flamenco, las poetas del 27, las comparsas de Cádiz y el repentismo se unen en los enCOHENtros 2025 de la Cátedra Leonard Cohen",https://portalinvestigacion.uniovi.es/investigadores/217053/detalle,MIGUEL FERNANDEZ GARCIA,"Ingeniería Eléctrica, Electrónica, de Comunicaciones y de Sistemas (DIEECS)",Teoría de la Señal y Comunicaciones,MIGUEL FERNANDEZ GARCIA
274,"El flamenco, las poetas del 27, las comparsas de Cádiz y el repentismo se unen en los enCOHENtros 2025 de la Cátedra Leonard Cohen",https://portalinvestigacion.uniovi.es/investigadores/218112/detalle,MIRIAM PERANDONES LOZANO,Historia del Arte y Musicología,"Edición, Investigación y Análisis del Patrimonio Musical Español XIX - XX",MIRIAM PERANDONES LOZANO
274,"El flamenco, las poetas del 27, las comparsas de Cádiz y el repentismo se unen en los enCOHENtros 2025 de la Cátedra Leonard Cohen",https://portalinvestigacion.uniovi.es/investigadores/219166/detalle,JAVIER GARCIA FERNANDEZ,Física,Magnetismo de Materiales y Nanomateriales,JAVIER GARCIA FERNANDEZ
274,"El flamenco, las poetas del 27, las comparsas de Cádiz y el repentismo se unen en los enCOHENtros 2025 de la Cátedra Leonard Cohen",https://portalinvestigacion.uniovi.es/investigadores/218220/detalle,FAUSTINO JOSE NUÑEZ BATALLA,No especificado,,FAUSTINO JOSE NUÑEZ BATALLA
274,"El flamenco, las poetas del 27, las comparsas de Cádiz y el repentismo se unen en los enCOHENtros 2025 de la Cátedra Leonard Cohen",https://portalinvestigacion.uniovi.es/investigadores/219706/detalle,MIGUEL ANTONIO FERNANDEZ MARQUEZ,Biología de Organismos y Sistemas,"Biodiversidad, Conservación y Filogeografía de Plantas Vasculares",MIGUEL ANTONIO FERNANDEZ MARQUEZ
274,"El flamenco, las poetas del 27, las comparsas de Cádiz y el repentismo se unen en los enCOHENtros 2025 de la Cátedra Leonard Cohen",https://portalinvestigacion.uniovi.es/investigadores/217451/detalle,MIGUEL GARCIA RODRIGUEZ,Informática,Computational Reflection Research Group,MIGUEL GARCIA RODRIGUEZ
274,"El flamenco, las poetas del 27, las comparsas de Cádiz y el repentismo se unen en los enCOHENtros 2025 de la Cátedra Leonard Cohen",https://portalinvestigacion.uniovi.es/investigadores/217452/detalle,NURIA GARCIA RODRIGUEZ,Administración de Empresas,Smart Marketing Advances in Research and Theory,NURIA GARCIA RODRIGUEZ
274,"El flamenco, las poetas del 27, las comparsas de Cádiz y el repentismo se unen en los enCOHENtros 2025 de la Cátedra Leonard Cohen",https://portalinvestigacion.uniovi.es/investigadores/216905/detalle,DEBORA ARECES MARTINEZ,Psicología,"Grupo de Aprendizaje Escolar, Dificultades y Rendimiento Académico",DEBORA ARECES MARTINEZ
274,"El flamenco, las poetas del 27, las comparsas de Cádiz y el repentismo se unen en los enCOHENtros 2025 de la Cátedra Leonard Cohen",https://portalinvestigacion.uniovi.es/investigadores/217449/detalle,JORGE GARCIA RODRIGUEZ,No especificado,,JORGE GARCIA RODRIGUEZ
274,"El flamenco, las poetas del 27, las comparsas de Cádiz y el repentismo se unen en los enCOHENtros 2025 de la Cátedra Leonard Cohen",https://portalinvestigacion.uniovi.es/investigadores/220157/detalle,MARIA ESTEBAN GARCIA,Psicología,"Grupo de Aprendizaje Escolar, Dificultades y Rendimiento Académico",MARIA ESTEBAN GARCIA
275,La Universidad de Oviedo renueva su Consejo Asesor de Políticas Universitarias con 11 perfiles vinculados a la investigación y a la empresa,https://portalinvestigacion.uniovi.es/investigadores/218536/detalle,IGNACIO VILLAVERDE MENENDEZ,Derecho Público,Derechos Fundamentales y Constitución,IGNACIO VILLAVERDE MENENDEZ
275,La Universidad de Oviedo renueva su Consejo Asesor de Políticas Universitarias con 11 perfiles vinculados a la investigación y a la empresa,https://portalinvestigacion.uniovi.es/investigadores/217811/detalle,SUSANA LUQUE RODRIGUEZ,Química Física y Analítica,"Nanopartículas, Membranas y Bioanálisis",SUSANA LUQUE RODRIGUEZ
275,La Universidad de Oviedo renueva su Consejo Asesor de Políticas Universitarias con 11 perfiles vinculados a la investigación y a la empresa,https://portalinvestigacion.uniovi.es/investigadores/2497783/detalle,JUAN ANTONIO DE ABOL BRASON VAZQUEZ DE PRADA,Explotación y Prospección de Minas,Grupo de Modelización Matemática Aplicada,JUAN ANTONIO DE ABOL BRASON VAZQUEZ DE PRADA
275,La Universidad de Oviedo renueva su Consejo Asesor de Políticas Universitarias con 11 perfiles vinculados a la investigación y a la empresa,https://portalinvestigacion.uniovi.es/investigadores/1010273/detalle,IRENE DIAZ MARTINEZ,Historia,Grupo de Investigación en Historia Sociocultural,IRENE DIAZ MARTINEZ
275,La Universidad de Oviedo renueva su Consejo Asesor de Políticas Universitarias con 11 perfiles vinculados a la investigación y a la empresa,https://portalinvestigacion.uniovi.es/investigadores/217419/detalle,SANTIAGO GARCIA GRANDA,Ciencias de la Educación,"Síntesis, Estructura y Aplicación Tecnológica de Materiales",SANTIAGO GARCIA GRANDA
275,La Universidad de Oviedo renueva su Consejo Asesor de Políticas Universitarias con 11 perfiles vinculados a la investigación y a la empresa,https://portalinvestigacion.uniovi.es/investigadores/217981/detalle,VICENTE GOTOR FERNANDEZ,Química Orgánica e Inorgánica,Grupo de Química Bioorgánica,VICENTE GOTOR FERNANDEZ
275,La Universidad de Oviedo renueva su Consejo Asesor de Políticas Universitarias con 11 perfiles vinculados a la investigación y a la empresa,https://portalinvestigacion.uniovi.es/investigadores/218210/detalle,MARIA DEL ROSARIO NEIRA PIÑEIRO,Ciencias de la Educación,Gi Tecn@: Tecnología y Aprendizaje,MARIA DEL ROSARIO NEIRA PIÑEIRO
275,La Universidad de Oviedo renueva su Consejo Asesor de Políticas Universitarias con 11 perfiles vinculados a la investigación y a la empresa,https://portalinvestigacion.uniovi.es/investigadores/217283/detalle,JOSE MIGUEL ARIAS BLANCO,Ciencias de la Educación,Evaluación en Educación Secundaria y Superior,JOSE MIGUEL ARIAS BLANCO
275,La Universidad de Oviedo renueva su Consejo Asesor de Políticas Universitarias con 11 perfiles vinculados a la investigación y a la empresa,https://portalinvestigacion.uniovi.es/investigadores/217169/detalle,ANGEL ESPINIELLA MENENDEZ,Derecho Privado y de la Empresa,Grupo de Derecho Internacional Privado de la Universidad de Oviedo,ANGEL ESPINIELLA MENENDEZ
275,La Universidad de Oviedo renueva su Consejo Asesor de Políticas Universitarias con 11 perfiles vinculados a la investigación y a la empresa,https://portalinvestigacion.uniovi.es/investigadores/217124/detalle,SUSANA IRENE DIAZ RODRIGUEZ,Estadística e Investigación Operativa y Didáctica de la Matemática,Modelización de la Incertidumbre y la Imprecisión en Teoría de la Decisión,SUSANA IRENE DIAZ RODRIGUEZ
275,La Universidad de Oviedo renueva su Consejo Asesor de Políticas Universitarias con 11 perfiles vinculados a la investigación y a la empresa,https://portalinvestigacion.uniovi.es/investigadores/216948/detalle,DIEGO JAIME ALVAREZ LAO,Geología,Procesos Geológicos Modeladores del Relieve de la Cordillera Cantábrica,DIEGO JAIME ALVAREZ LAO
276,El G9 analiza su estrategia conjunta de internacionalización en la reunión celebrada en Toledo,https://portalinvestigacion.uniovi.es/investigadores/217052/detalle,MARIA PAZ FERNANDEZ GARCIA,Física,Magnetism for Health and Environment,MARIA PAZ FERNANDEZ GARCIA
276,El G9 analiza su estrategia conjunta de internacionalización en la reunión celebrada en Toledo,https://portalinvestigacion.uniovi.es/investigadores/1095867/detalle,MARIA ELENA FERNANDEZ IGLESIAS,Estadística e Investigación Operativa y Didáctica de la Matemática,Grupo de Investigación en Riesgos Naturales,MARIA ELENA FERNANDEZ IGLESIAS
276,El G9 analiza su estrategia conjunta de internacionalización en la reunión celebrada en Toledo,https://portalinvestigacion.uniovi.es/investigadores/219659/detalle,ANA SUAREZ SANCHEZ,Explotación y Prospección de Minas,Grupo de Modelización Matemática Aplicada,ANA SUAREZ SANCHEZ
276,El G9 analiza su estrategia conjunta de internacionalización en la reunión celebrada en Toledo,https://portalinvestigacion.uniovi.es/investigadores/218602/detalle,ANA SUAREZ VAZQUEZ,Administración de Empresas,Smart Marketing Advances in Research and Theory,ANA SUAREZ VAZQUEZ
276,El G9 analiza su estrategia conjunta de internacionalización en la reunión celebrada en Toledo,https://portalinvestigacion.uniovi.es/investigadores/217511/detalle,MARIA ARANZAZU FERNANDEZ RODRIGUEZ,Sociología,"Género, Economía, Salud y Sociedad",MARIA ARANZAZU FERNANDEZ RODRIGUEZ
276,El G9 analiza su estrategia conjunta de internacionalización en la reunión celebrada en Toledo,https://portalinvestigacion.uniovi.es/investigadores/217057/detalle,JESUS MARIA FERNANDEZ GOMEZ,No especificado,,JESUS MARIA FERNANDEZ GOMEZ
276,El G9 analiza su estrategia conjunta de internacionalización en la reunión celebrada en Toledo,https://portalinvestigacion.uniovi.es/investigadores/217047/detalle,CARMEN MARIA FERNANDEZ GARCIA,Ciencias de la Educación,Grupo de Análisis Sociológico y Cultural de los Procesos Escolares y Educativos,CARMEN MARIA FERNANDEZ GARCIA
276,El G9 analiza su estrategia conjunta de internacionalización en la reunión celebrada en Toledo,https://portalinvestigacion.uniovi.es/investigadores/217325/detalle,MARIA ZULIMA FERNANDEZ MUÑIZ,Matemáticas,"Grupo de Problemas Inversos, Optimizaciòn y Aprendizaje Automático",MARIA ZULIMA FERNANDEZ MUÑIZ
276,El G9 analiza su estrategia conjunta de internacionalización en la reunión celebrada en Toledo,https://portalinvestigacion.uniovi.es/investigadores/217019/detalle,MARIA DEL MAR FERNANDEZ ALVAREZ,Medicina,"Entorno, Conductas y Salud",MARIA DEL MAR FERNANDEZ ALVAREZ
276,El G9 analiza su estrategia conjunta de internacionalización en la reunión celebrada en Toledo,https://portalinvestigacion.uniovi.es/investigadores/218860/detalle,MARIA FERNANDEZ DEL VALLE,Biología Funcional,Intervenciones Traslacionales para la Salud,MARIA FERNANDEZ DEL VALLE
276,El G9 analiza su estrategia conjunta de internacionalización en la reunión celebrada en Toledo,https://portalinvestigacion.uniovi.es/investigadores/218457/detalle,ANA SUAREZ ALVAREZ,Economía Aplicada,Modelización Econométrica y Predicción,ANA SUAREZ ALVAREZ
276,El G9 analiza su estrategia conjunta de internacionalización en la reunión celebrada en Toledo,https://portalinvestigacion.uniovi.es/investigadores/218465/detalle,ANA MARIA SUAREZ DIAZ,Biología Funcional,Investigación Básica y Traslacional en Enfermedades Inflamatorias,ANA MARIA SUAREZ DIAZ
276,El G9 analiza su estrategia conjunta de internacionalización en la reunión celebrada en Toledo,https://portalinvestigacion.uniovi.es/investigadores/219850/detalle,MARIA FERNANDEZ DIAZ,Biología Funcional,Investigación en Fisiopatología del Envejecimiento y la Fertilidad Femeninas,MARIA FERNANDEZ DIAZ
276,El G9 analiza su estrategia conjunta de internacionalización en la reunión celebrada en Toledo,https://portalinvestigacion.uniovi.es/investigadores/217038/detalle,MARIA FERNANDEZ FERREIRO,Filología Española,Grupo de Estudios Cervantinos,MARIA FERNANDEZ FERREIRO
276,El G9 analiza su estrategia conjunta de internacionalización en la reunión celebrada en Toledo,https://portalinvestigacion.uniovi.es/investigadores/218869/detalle,MARIA FERNANDEZ GARCIA,Biología de Organismos y Sistemas,"Biodiversidad, Conservación y Filogeografía de Plantas Vasculares",MARIA FERNANDEZ GARCIA
276,El G9 analiza su estrategia conjunta de internacionalización en la reunión celebrada en Toledo,https://portalinvestigacion.uniovi.es/investigadores/219110/detalle,MARIA TERESA FERNANDEZ FERNANDEZ-ARGUELLES,Química Física y Analítica,Grupo de Espectrometría Analítica y Bioanalítica,MARIA TERESA FERNANDEZ FERNANDEZ-ARGUELLES
276,El G9 analiza su estrategia conjunta de internacionalización en la reunión celebrada en Toledo,https://portalinvestigacion.uniovi.es/investigadores/217179/detalle,MARIA TERESA FERNANDEZ ABEDUL,Química Física y Analítica,Espectrometría y Electroquímica Bionanoanalíticas,MARIA TERESA FERNANDEZ ABEDUL
276,El G9 analiza su estrategia conjunta de internacionalización en la reunión celebrada en Toledo,https://portalinvestigacion.uniovi.es/investigadores/1095919/detalle,MARIA ATENEA FERNANDEZ HIGUERO,Historia del Arte y Musicología,"Música, Danza y Estudios Culturales",MARIA ATENEA FERNANDEZ HIGUERO
276,El G9 analiza su estrategia conjunta de internacionalización en la reunión celebrada en Toledo,https://portalinvestigacion.uniovi.es/investigadores/217518/detalle,MARIA LUISA FERNANDEZ SANCHEZ,Química Física y Analítica,Grupo de Espectrometría Analítica y Bioanalítica,MARIA LUISA FERNANDEZ SANCHEZ
276,El G9 analiza su estrategia conjunta de internacionalización en la reunión celebrada en Toledo,https://portalinvestigacion.uniovi.es/investigadores/217043/detalle,ANA MARIA FERNANDEZ GARCIA,Historia del Arte y Musicología,Escenarios para el Arte,ANA MARIA FERNANDEZ GARCIA
276,El G9 analiza su estrategia conjunta de internacionalización en la reunión celebrada en Toledo,https://portalinvestigacion.uniovi.es/investigadores/217051/detalle,MARIA PAULA FERNANDEZ GARCIA,Psicología,Evaluación Psicométrica y Diseño de Investigación,MARIA PAULA FERNANDEZ GARCIA
276,El G9 analiza su estrategia conjunta de internacionalización en la reunión celebrada en Toledo,https://portalinvestigacion.uniovi.es/investigadores/217062/detalle,MARIA DE LOS ANGELES FERNANDEZ GONZALEZ,Ciencias de la Educación,"Síntesis, Estructura y Aplicación Tecnológica de Materiales",MARIA DE LOS ANGELES FERNANDEZ GONZALEZ
276,El G9 analiza su estrategia conjunta de internacionalización en la reunión celebrada en Toledo,https://portalinvestigacion.uniovi.es/investigadores/217512/detalle,MARIA DEL ROCIO FERNANDEZ RODRIGUEZ,No especificado,,MARIA DEL ROCIO FERNANDEZ RODRIGUEZ
276,El G9 analiza su estrategia conjunta de internacionalización en la reunión celebrada en Toledo,https://portalinvestigacion.uniovi.es/investigadores/217059/detalle,ELENA MARIA FERNANDEZ GONZALEZ,No especificado,,ELENA MARIA FERNANDEZ GONZALEZ
276,El G9 analiza su estrategia conjunta de internacionalización en la reunión celebrada en Toledo,https://portalinvestigacion.uniovi.es/investigadores/217519/detalle,MARIA TERESA FERNANDEZ SANCHEZ,Química Física y Analítica,"Nanopartículas, Membranas y Bioanálisis",MARIA TERESA FERNANDEZ SANCHEZ
276,El G9 analiza su estrategia conjunta de internacionalización en la reunión celebrada en Toledo,https://portalinvestigacion.uniovi.es/investigadores/217181/detalle,MARIA ISABEL FERNANDEZ QUESADA,,Grupo de Ingeniería de Organización,MARIA ISABEL FERNANDEZ QUESADA
276,El G9 analiza su estrategia conjunta de internacionalización en la reunión celebrada en Toledo,https://portalinvestigacion.uniovi.es/investigadores/220227/detalle,MARIA FERNANDEZ FERNANDEZ,Morfología y Biología Celular,Respuesta Celular al Estrés Oxidativo,MARIA FERNANDEZ FERNANDEZ
276,El G9 analiza su estrategia conjunta de internacionalización en la reunión celebrada en Toledo,https://portalinvestigacion.uniovi.es/investigadores/2356382/detalle,JULIA MARIA FERNANDEZ DIAZ,Explotación y Prospección de Minas,Grupo de Modelización Matemática Aplicada,JULIA MARIA FERNANDEZ DIAZ
276,El G9 analiza su estrategia conjunta de internacionalización en la reunión celebrada en Toledo,https://portalinvestigacion.uniovi.es/investigadores/217011/detalle,MARIA ESTRELLA FERNANDEZ ALBA,Psicología,"Grupo de Aprendizaje Escolar, Dificultades y Rendimiento Académico",MARIA ESTRELLA FERNANDEZ ALBA
276,El G9 analiza su estrategia conjunta de internacionalización en la reunión celebrada en Toledo,https://portalinvestigacion.uniovi.es/investigadores/217322/detalle,MARIA MARGARITA FERNANDEZ MIER,Historia,Social Landscapes,MARIA MARGARITA FERNANDEZ MIER
277,La Fundación la Caixa otorga una ayuda de casi un millón de euros a un proyecto en el que participa la Universidad de Oviedo,https://portalinvestigacion.uniovi.es/investigadores/218309/detalle,JORGE PISONERO CASTRO,Física,"Grupo de Espectroscopia, Láseres y Plasmas",JORGE PISONERO CASTRO
277,La Fundación la Caixa otorga una ayuda de casi un millón de euros a un proyecto en el que participa la Universidad de Oviedo,https://portalinvestigacion.uniovi.es/investigadores/217842/detalle,ROSA ANA MENENDEZ DUARTE,Estadística e Investigación Operativa y Didáctica de la Matemática,Grupo de Investigación en Riesgos Naturales,ROSA ANA MENENDEZ DUARTE
278,Los premios IPfest reconocen la labor de investigadora y de transferencia de la Universidad de Oviedo,https://portalinvestigacion.uniovi.es/investigadores/219264/detalle,ISABEL QUIROS GONZALEZ,Morfología y Biología Celular,Biología Redox,ISABEL QUIROS GONZALEZ
278,Los premios IPfest reconocen la labor de investigadora y de transferencia de la Universidad de Oviedo,https://portalinvestigacion.uniovi.es/investigadores/217922/detalle,SONIA GONZALEZ SOLARES,Biología Funcional,Investigación en Fisiopatología del Envejecimiento y la Fertilidad Femeninas,SONIA GONZALEZ SOLARES
278,Los premios IPfest reconocen la labor de investigadora y de transferencia de la Universidad de Oviedo,https://portalinvestigacion.uniovi.es/investigadores/219839/detalle,SONIA GONZALEZ FERNANDEZ,Psicología,Intervención en Psicología Clínica y de la Salud,SONIA GONZALEZ FERNANDEZ
279,Un estudio de la Universidad de Oviedo y el Ayuntamiento de Gijón revela que los solares vacíos pueden impulsar la biodiversidad urbana,https://portalinvestigacion.uniovi.es/investigadores/2370717/detalle,EDUARDO FERNANDEZ ALONSO,Energía,Grupo de Ingeniería Fluidodinámica,EDUARDO FERNANDEZ ALONSO
280,Alcón reivindica la necesidad del sexenio de transferencia en las Jornadas de Investigación que acoge la Universidade de Vigo,https://portalinvestigacion.uniovi.es/investigadores/1010273/detalle,IRENE DIAZ MARTINEZ,Historia,Grupo de Investigación en Historia Sociocultural,IRENE DIAZ MARTINEZ
280,Alcón reivindica la necesidad del sexenio de transferencia en las Jornadas de Investigación que acoge la Universidade de Vigo,https://portalinvestigacion.uniovi.es/investigadores/217124/detalle,SUSANA IRENE DIAZ RODRIGUEZ,Estadística e Investigación Operativa y Didáctica de la Matemática,Modelización de la Incertidumbre y la Imprecisión en Teoría de la Decisión,SUSANA IRENE DIAZ RODRIGUEZ
280,Alcón reivindica la necesidad del sexenio de transferencia en las Jornadas de Investigación que acoge la Universidade de Vigo,https://portalinvestigacion.uniovi.es/investigadores/217101/detalle,ALBERTO DIAZ DAPENA,Economía Aplicada,Laboratorio de Análisis Económico Regional,ALBERTO DIAZ DAPENA
281,La Universidad de Oviedo y el Ayuntamiento de Langreo refundan La Casa de la Buelga como un eje dinamizador del Valle del Nalón,https://portalinvestigacion.uniovi.es/investigadores/217585/detalle,ROBERTO GARCIA FERNANDEZ,Informática,Investigación de Sistemas Multimedia e Internet de las Cosas,ROBERTO GARCIA FERNANDEZ
281,La Universidad de Oviedo y el Ayuntamiento de Langreo refundan La Casa de la Buelga como un eje dinamizador del Valle del Nalón,https://portalinvestigacion.uniovi.es/investigadores/218536/detalle,IGNACIO VILLAVERDE MENENDEZ,Derecho Público,Derechos Fundamentales y Constitución,IGNACIO VILLAVERDE MENENDEZ
281,La Universidad de Oviedo y el Ayuntamiento de Langreo refundan La Casa de la Buelga como un eje dinamizador del Valle del Nalón,https://portalinvestigacion.uniovi.es/investigadores/219825/detalle,ROBERTO GARCIA GARCIA,Construcción e Ingeniería de Fabricación,Integridad Estructural: Materiales y Estructuras,ROBERTO GARCIA GARCIA
284,La UNE elige nueva junta directiva para el bienio 2025-2027,https://portalinvestigacion.uniovi.es/investigadores/219239/detalle,FERNANDO PEREZ GARCIA,,"Intersecciones: Literaturas, Culturas y Teorías Contemporáneas",FERNANDO PEREZ GARCIA
284,La UNE elige nueva junta directiva para el bienio 2025-2027,https://portalinvestigacion.uniovi.es/investigadores/217235/detalle,MARIA ISABEL CARRERA SUAREZ,,"Intersecciones: Literaturas, Culturas y Teorías Contemporáneas",MARIA ISABEL CARRERA SUAREZ
284,La UNE elige nueva junta directiva para el bienio 2025-2027,https://portalinvestigacion.uniovi.es/investigadores/217793/detalle,MARCOS LOREDO COLUNGA,Ciencias Jurídicas Básicas,"Estudios de Derecho Procesal (España, Europa e Iberoamérica)",MARCOS LOREDO COLUNGA
284,La UNE elige nueva junta directiva para el bienio 2025-2027,https://portalinvestigacion.uniovi.es/investigadores/1301778/detalle,CRISTIAN PEREZ GARCIA,No especificado,,CRISTIAN PEREZ GARCIA
284,La UNE elige nueva junta directiva para el bienio 2025-2027,https://portalinvestigacion.uniovi.es/investigadores/218137/detalle,JOSE ANTONIO PEREZ MENDEZ,Economía,Oviedo Efficiency Group,JOSE ANTONIO PEREZ MENDEZ
285,Las universidades del G-9 reclaman mayor claridad en la normativa a la ANECA,https://portalinvestigacion.uniovi.es/investigadores/217758/detalle,MARIA CONCEPCION LOPEZ DIAZ,Matemáticas,"Grupo de Investigación en Algebra, Codificación y Criptografía",MARIA CONCEPCION LOPEZ DIAZ
286,La Universidad de Oviedo y el Ayuntamiento de Salas firman un convenio para dar continuidad al Aula Valdés-Salas,https://portalinvestigacion.uniovi.es/investigadores/218536/detalle,IGNACIO VILLAVERDE MENENDEZ,Derecho Público,Derechos Fundamentales y Constitución,IGNACIO VILLAVERDE MENENDEZ
287,La Universidad de Oviedo recibe el Premio Nacional de Edición Universitaria a la mejor monografía en Artes y Humanidades,https://portalinvestigacion.uniovi.es/investigadores/217793/detalle,MARCOS LOREDO COLUNGA,Ciencias Jurídicas Básicas,"Estudios de Derecho Procesal (España, Europa e Iberoamérica)",MARCOS LOREDO COLUNGA
288,El rector presenta ante el Claustro de la Universidad de Oviedo el informe de gestión del pasado curso,https://portalinvestigacion.uniovi.es/investigadores/218536/detalle,IGNACIO VILLAVERDE MENENDEZ,Derecho Público,Derechos Fundamentales y Constitución,IGNACIO VILLAVERDE MENENDEZ
290,La Universidad de Oviedo y FICYT crean la Cátedra de Cultura Científica para impulsar la divulgación y analizar la percepción de la ciencia en Asturias,https://portalinvestigacion.uniovi.es/investigadores/217782/detalle,CARLOS ANTONIO LOPEZ SANCHEZ,Biología de Organismos y Sistemas,Gestión Inteligente de Bosques,CARLOS ANTONIO LOPEZ SANCHEZ
290,La Universidad de Oviedo y FICYT crean la Cátedra de Cultura Científica para impulsar la divulgación y analizar la percepción de la ciencia en Asturias,https://portalinvestigacion.uniovi.es/investigadores/217811/detalle,SUSANA LUQUE RODRIGUEZ,Química Física y Analítica,"Nanopartículas, Membranas y Bioanálisis",SUSANA LUQUE RODRIGUEZ
290,La Universidad de Oviedo y FICYT crean la Cátedra de Cultura Científica para impulsar la divulgación y analizar la percepción de la ciencia en Asturias,https://portalinvestigacion.uniovi.es/investigadores/217756/detalle,JOSE ANTONIO LOPEZ CEREZO,Filosofía,Grupo de Investigación de Estudios Sociales de la Ciencia,JOSE ANTONIO LOPEZ CEREZO
290,La Universidad de Oviedo y FICYT crean la Cátedra de Cultura Científica para impulsar la divulgación y analizar la percepción de la ciencia en Asturias,https://portalinvestigacion.uniovi.es/investigadores/217780/detalle,ANTONIO MIGUEL LOPEZ RODRIGUEZ,"Ingeniería Eléctrica, Electrónica, de Comunicaciones y de Sistemas (DIEECS)",Sistemas Multisensor y Robótica,ANTONIO MIGUEL LOPEZ RODRIGUEZ
291,Estudiantes de la Universidad de Oviedo ganan un hackathon en México con su propuesta para transformar residuos de la producción de tequila en bioplásticos,https://portalinvestigacion.uniovi.es/investigadores/217019/detalle,MARIA DEL MAR FERNANDEZ ALVAREZ,Medicina,"Entorno, Conductas y Salud",MARIA DEL MAR FERNANDEZ ALVAREZ
291,Estudiantes de la Universidad de Oviedo ganan un hackathon en México con su propuesta para transformar residuos de la producción de tequila en bioplásticos,https://portalinvestigacion.uniovi.es/investigadores/1116426/detalle,JOSE ANTONIO FERNANDEZ ALVAREZ,"Ingeniería Eléctrica, Electrónica, de Comunicaciones y de Sistemas (DIEECS)",Sistemas Electrónicos de Alimentación,JOSE ANTONIO FERNANDEZ ALVAREZ
291,Estudiantes de la Universidad de Oviedo ganan un hackathon en México con su propuesta para transformar residuos de la producción de tequila en bioplásticos,https://portalinvestigacion.uniovi.es/investigadores/217020/detalle,PEDRO FERNANDEZ ALVAREZ,Construcción e Ingeniería de Fabricación,Engineering for Precision Manufacturing,PEDRO FERNANDEZ ALVAREZ
291,Estudiantes de la Universidad de Oviedo ganan un hackathon en México con su propuesta para transformar residuos de la producción de tequila en bioplásticos,https://portalinvestigacion.uniovi.es/investigadores/1301703/detalle,AITOR NICOLAS FERNANDEZ ALVAREZ,No especificado,,AITOR NICOLAS FERNANDEZ ALVAREZ
291,Estudiantes de la Universidad de Oviedo ganan un hackathon en México con su propuesta para transformar residuos de la producción de tequila en bioplásticos,https://portalinvestigacion.uniovi.es/investigadores/219680/detalle,DANIEL FERNANDEZ ALVAREZ,Informática,Web Semántica Oviedo,DANIEL FERNANDEZ ALVAREZ
291,Estudiantes de la Universidad de Oviedo ganan un hackathon en México con su propuesta para transformar residuos de la producción de tequila en bioplásticos,https://portalinvestigacion.uniovi.es/investigadores/217017/detalle,JOSE PAULINO FERNANDEZ ALVAREZ,,Materials-pro,JOSE PAULINO FERNANDEZ ALVAREZ
291,Estudiantes de la Universidad de Oviedo ganan un hackathon en México con su propuesta para transformar residuos de la producción de tequila en bioplásticos,https://portalinvestigacion.uniovi.es/investigadores/217016/detalle,ALBERTO MANUEL FERNANDEZ ALVAREZ,Informática,Computational Reflection Research Group,ALBERTO MANUEL FERNANDEZ ALVAREZ
291,Estudiantes de la Universidad de Oviedo ganan un hackathon en México con su propuesta para transformar residuos de la producción de tequila en bioplásticos,https://portalinvestigacion.uniovi.es/investigadores/452939/detalle,IRENE FERNANDEZ ARANAZ,Filología Clásica y Románica,Falsa Et Vera Historia,IRENE FERNANDEZ ARANAZ
291,Estudiantes de la Universidad de Oviedo ganan un hackathon en México con su propuesta para transformar residuos de la producción de tequila en bioplásticos,https://portalinvestigacion.uniovi.es/investigadores/217293/detalle,ANDRES ARIAS RODRIGUEZ,Biología de Organismos y Sistemas,"Biodiversidad, Conservación y Filogeografía de Plantas Vasculares",ANDRES ARIAS RODRIGUEZ
291,Estudiantes de la Universidad de Oviedo ganan un hackathon en México con su propuesta para transformar residuos de la producción de tequila en bioplásticos,https://portalinvestigacion.uniovi.es/investigadores/218058/detalle,FRANCISCO DE ASIS ORTEGA FERNANDEZ,Explotación y Prospección de Minas,Ingeniería de Proyectos e Ingeniería Sostenible,FRANCISCO DE ASIS ORTEGA FERNANDEZ
292,La Cátedra Cogersa inaugura su IV Semana de la Circularidad,https://portalinvestigacion.uniovi.es/investigadores/217811/detalle,SUSANA LUQUE RODRIGUEZ,Química Física y Analítica,"Nanopartículas, Membranas y Bioanálisis",SUSANA LUQUE RODRIGUEZ
292,La Cátedra Cogersa inaugura su IV Semana de la Circularidad,https://portalinvestigacion.uniovi.es/investigadores/218516/detalle,JOSE LUIS VIESCA RODRIGUEZ,Construcción e Ingeniería de Fabricación,Lubrication and Surface Technology,JOSE LUIS VIESCA RODRIGUEZ
292,La Cátedra Cogersa inaugura su IV Semana de la Circularidad,https://portalinvestigacion.uniovi.es/investigadores/217752/detalle,FERNANDO LOPEZ ALVAREZ,,Investigación en Oncología de Cabeza y Cuello,FERNANDO LOPEZ ALVAREZ
292,La Cátedra Cogersa inaugura su IV Semana de la Circularidad,https://portalinvestigacion.uniovi.es/investigadores/217768/detalle,FERNANDO LOPEZ GAYARRE,Construcción e Ingeniería de Fabricación,Tecnología y Sostenibilidad en la Construcción con Acero y Hormigón (TESCAH),FERNANDO LOPEZ GAYARRE
292,La Cátedra Cogersa inaugura su IV Semana de la Circularidad,https://portalinvestigacion.uniovi.es/investigadores/218062/detalle,PAULA OULEGO BLANCO,Ingeniería Química y Tecnología del Medio Ambiente,Tecnología de Bioprocesos y Reactores,PAULA OULEGO BLANCO
292,La Cátedra Cogersa inaugura su IV Semana de la Circularidad,https://portalinvestigacion.uniovi.es/investigadores/218417/detalle,LUIS ANGEL SAÑUDO FONTANEDA,Construcción e Ingeniería de Fabricación,"Civil, Environmental and Geomatics Engineering Research Group",LUIS ANGEL SAÑUDO FONTANEDA
292,La Cátedra Cogersa inaugura su IV Semana de la Circularidad,https://portalinvestigacion.uniovi.es/investigadores/219967/detalle,BEATRIZ MARTIN CARRO,Medicina,"Metabolismo Óseo, Vascular, Enfermedades Inflamatorias Crónicas y Biomarcadores",BEATRIZ MARTIN CARRO
294,Un equipo de investigación de la Universidad de Oviedo prueba técnicas para detectar a simple vista fraudes en la comercialización de invertebrados marinos,https://portalinvestigacion.uniovi.es/investigadores/216842/detalle,YAISEL JUAN BORRELL PICHS,Biología de Organismos y Sistemas,Aula de Investigación sobre Recursos Naturales,YAISEL JUAN BORRELL PICHS
294,Un equipo de investigación de la Universidad de Oviedo prueba técnicas para detectar a simple vista fraudes en la comercialización de invertebrados marinos,https://portalinvestigacion.uniovi.es/investigadores/1301692/detalle,MARIA CELENZA,No especificado,,MARIA CELENZA
295,TotalEnergies da la bienvenida a 25 estudiantes de la Universidad de Oviedo en la quinta edición de su programa de becas,https://portalinvestigacion.uniovi.es/investigadores/217775/detalle,ALFONSO JOAQUIN LOPEZ MUÑIZ,Morfología y Biología Celular,Sistema Nervioso Periférico y Órganos de los Sentidos,ALFONSO JOAQUIN LOPEZ MUÑIZ
295,TotalEnergies da la bienvenida a 25 estudiantes de la Universidad de Oviedo en la quinta edición de su programa de becas,https://portalinvestigacion.uniovi.es/investigadores/220173/detalle,SANTIAGO ALFONSO LOPEZ NAVIA,Filología Española,Grupo de Estudios Cervantinos,SANTIAGO ALFONSO LOPEZ NAVIA
297,El Máster en Género y Diversidad de la Universidad de Oviedo recibe el premio Menina 2025 de la Delegación del Gobierno en Asturias,https://portalinvestigacion.uniovi.es/investigadores/216988/detalle,ROSA MARIA CID LOPEZ,,"Grupo Demeter. Maternidad, Genero y Familia",ROSA MARIA CID LOPEZ
297,El Máster en Género y Diversidad de la Universidad de Oviedo recibe el premio Menina 2025 de la Delegación del Gobierno en Asturias,https://portalinvestigacion.uniovi.es/investigadores/217235/detalle,MARIA ISABEL CARRERA SUAREZ,,"Intersecciones: Literaturas, Culturas y Teorías Contemporáneas",MARIA ISABEL CARRERA SUAREZ
298,Decanas y decanos de Facultades de Derecho de España reclaman pruebas presenciales y territoriales de acceso a la abogacía y procura,https://portalinvestigacion.uniovi.es/investigadores/219959/detalle,JAVIER FERNANDEZ GONZALEZ,,Materials-pro,JAVIER FERNANDEZ GONZALEZ
298,Decanas y decanos de Facultades de Derecho de España reclaman pruebas presenciales y territoriales de acceso a la abogacía y procura,https://portalinvestigacion.uniovi.es/investigadores/217951/detalle,JUAN ANTONIO MARTIN RAMOS,"Ingeniería Eléctrica, Electrónica, de Comunicaciones y de Sistemas (DIEECS)",Grupo de Electrónica para la Innovación Industrial,JUAN ANTONIO MARTIN RAMOS
298,Decanas y decanos de Facultades de Derecho de España reclaman pruebas presenciales y territoriales de acceso a la abogacía y procura,https://portalinvestigacion.uniovi.es/investigadores/1095840/detalle,INES MARTIN PEREZ,"Filología Inglesa, Francesa y Alemana",Dinámicas Argumentativas y Operadores Semántico-pragmáticos,INES MARTIN PEREZ
298,Decanas y decanos de Facultades de Derecho de España reclaman pruebas presenciales y territoriales de acceso a la abogacía y procura,https://portalinvestigacion.uniovi.es/investigadores/218461/detalle,MARIA JOSE SUAREZ-CABAL,Informática,Grupo de Investigación en Ingeniería del Software,MARIA JOSE SUAREZ-CABAL
298,Decanas y decanos de Facultades de Derecho de España reclaman pruebas presenciales y territoriales de acceso a la abogacía y procura,https://portalinvestigacion.uniovi.es/investigadores/218879/detalle,LUIS JAVIER FERNANDEZ MENENDEZ,Física,"Grupo de Espectroscopia, Láseres y Plasmas",LUIS JAVIER FERNANDEZ MENENDEZ
298,Decanas y decanos de Facultades de Derecho de España reclaman pruebas presenciales y territoriales de acceso a la abogacía y procura,https://portalinvestigacion.uniovi.es/investigadores/219035/detalle,JAVIER FERNANDEZ REYNES,Química Orgánica e Inorgánica,Química de Moléculas y Macromoléculas Inorgánicas,JAVIER FERNANDEZ REYNES
298,Decanas y decanos de Facultades de Derecho de España reclaman pruebas presenciales y territoriales de acceso a la abogacía y procura,https://portalinvestigacion.uniovi.es/investigadores/217503/detalle,FRANCISCO JAVIER FERNANDEZ RIO,Ciencias de la Educación,"Educación, Actividad Física, Deporte y Salud",FRANCISCO JAVIER FERNANDEZ RIO
298,Decanas y decanos de Facultades de Derecho de España reclaman pruebas presenciales y territoriales de acceso a la abogacía y procura,https://portalinvestigacion.uniovi.es/investigadores/218801/detalle,FRANCISCO GARCIA RIESGO,Explotación y Prospección de Minas,Grupo de Modelización Matemática Aplicada,FRANCISCO GARCIA RIESGO
298,Decanas y decanos de Facultades de Derecho de España reclaman pruebas presenciales y territoriales de acceso a la abogacía y procura,https://portalinvestigacion.uniovi.es/investigadores/217636/detalle,JAVIER FERNANDEZ MENENDEZ,Física,Física de Altas Energías,JAVIER FERNANDEZ MENENDEZ
298,Decanas y decanos de Facultades de Derecho de España reclaman pruebas presenciales y territoriales de acceso a la abogacía y procura,https://portalinvestigacion.uniovi.es/investigadores/218865/detalle,JAVIER FERNANDEZ FERNANDEZ,,Biotecnología de Nutracéuticos y Compuestos Bioactivos,JAVIER FERNANDEZ FERNANDEZ
298,Decanas y decanos de Facultades de Derecho de España reclaman pruebas presenciales y territoriales de acceso a la abogacía y procura,https://portalinvestigacion.uniovi.es/investigadores/2355223/detalle,ALFONSO ORTEGA DE LA PUENTE,Informática,Quantum and High Performance Computing,ALFONSO ORTEGA DE LA PUENTE
298,Decanas y decanos de Facultades de Derecho de España reclaman pruebas presenciales y territoriales de acceso a la abogacía y procura,https://portalinvestigacion.uniovi.es/investigadores/218878/detalle,JAVIER FERNANDEZ MATEOS,Bioquímica y Biología Molecular,"Genomas, Cáncer y Envejecimiento",JAVIER FERNANDEZ MATEOS
298,Decanas y decanos de Facultades de Derecho de España reclaman pruebas presenciales y territoriales de acceso a la abogacía y procura,https://portalinvestigacion.uniovi.es/investigadores/217049/detalle,FRANCISCO JAVIER FERNANDEZ GARCIA,No especificado,,FRANCISCO JAVIER FERNANDEZ GARCIA
299,La Semana de la Ciencia y la Innovación de la Universidad de Oviedo cumple 25 años y se consolida como el mayor evento de divulgación de Asturias,https://portalinvestigacion.uniovi.es/investigadores/217052/detalle,MARIA PAZ FERNANDEZ GARCIA,Física,Magnetism for Health and Environment,MARIA PAZ FERNANDEZ GARCIA
299,La Semana de la Ciencia y la Innovación de la Universidad de Oviedo cumple 25 años y se consolida como el mayor evento de divulgación de Asturias,https://portalinvestigacion.uniovi.es/investigadores/217053/detalle,MIGUEL FERNANDEZ GARCIA,"Ingeniería Eléctrica, Electrónica, de Comunicaciones y de Sistemas (DIEECS)",Teoría de la Señal y Comunicaciones,MIGUEL FERNANDEZ GARCIA
299,La Semana de la Ciencia y la Innovación de la Universidad de Oviedo cumple 25 años y se consolida como el mayor evento de divulgación de Asturias,https://portalinvestigacion.uniovi.es/investigadores/452981/detalle,TANIA FERNANDEZ GARCIA,Economía Aplicada,Laboratorio de Análisis Económico Regional,TANIA FERNANDEZ GARCIA
299,La Semana de la Ciencia y la Innovación de la Universidad de Oviedo cumple 25 años y se consolida como el mayor evento de divulgación de Asturias,https://portalinvestigacion.uniovi.es/investigadores/217047/detalle,CARMEN MARIA FERNANDEZ GARCIA,Ciencias de la Educación,Grupo de Análisis Sociológico y Cultural de los Procesos Escolares y Educativos,CARMEN MARIA FERNANDEZ GARCIA
299,La Semana de la Ciencia y la Innovación de la Universidad de Oviedo cumple 25 años y se consolida como el mayor evento de divulgación de Asturias,https://portalinvestigacion.uniovi.es/investigadores/217046/detalle,CARLOS FERNANDEZ GARCIA,Matemáticas,Análisis Teórico y Numérico de Ecuaciones en Derivadas Parciales,CARLOS FERNANDEZ GARCIA
299,La Semana de la Ciencia y la Innovación de la Universidad de Oviedo cumple 25 años y se consolida como el mayor evento de divulgación de Asturias,https://portalinvestigacion.uniovi.es/investigadores/1301754/detalle,PALOMA SANCHEZ BROCH,Historia,Social Landscapes,PALOMA SANCHEZ BROCH
299,La Semana de la Ciencia y la Innovación de la Universidad de Oviedo cumple 25 años y se consolida como el mayor evento de divulgación de Asturias,https://portalinvestigacion.uniovi.es/investigadores/217045/detalle,BENJAMIN FERNANDEZ GARCIA,Biología Funcional,Intervenciones Traslacionales para la Salud,BENJAMIN FERNANDEZ GARCIA
299,La Semana de la Ciencia y la Innovación de la Universidad de Oviedo cumple 25 años y se consolida como el mayor evento de divulgación de Asturias,https://portalinvestigacion.uniovi.es/investigadores/217882/detalle,ANA YOLANDA GUTIERREZ FERNANDEZ,Bioquímica y Biología Molecular,"Genomas, Cáncer y Envejecimiento",ANA YOLANDA GUTIERREZ FERNANDEZ
299,La Semana de la Ciencia y la Innovación de la Universidad de Oviedo cumple 25 años y se consolida como el mayor evento de divulgación de Asturias,https://portalinvestigacion.uniovi.es/investigadores/217915/detalle,SEGUNDO GONZALEZ RODRIGUEZ,No especificado,,SEGUNDO GONZALEZ RODRIGUEZ
299,La Semana de la Ciencia y la Innovación de la Universidad de Oviedo cumple 25 años y se consolida como el mayor evento de divulgación de Asturias,https://portalinvestigacion.uniovi.es/investigadores/218786/detalle,MARIA GARCIA FERNANDEZ,"Ingeniería Eléctrica, Electrónica, de Comunicaciones y de Sistemas (DIEECS)",Teoría de la Señal y Comunicaciones,MARIA GARCIA FERNANDEZ
299,La Semana de la Ciencia y la Innovación de la Universidad de Oviedo cumple 25 años y se consolida como el mayor evento de divulgación de Asturias,https://portalinvestigacion.uniovi.es/investigadores/217044/detalle,BEATRIZ FERNANDEZ GARCIA,Química Física y Analítica,Espectrometría y Electroquímica Bionanoanalíticas,BEATRIZ FERNANDEZ GARCIA
299,La Semana de la Ciencia y la Innovación de la Universidad de Oviedo cumple 25 años y se consolida como el mayor evento de divulgación de Asturias,https://portalinvestigacion.uniovi.es/investigadores/217599/detalle,ALFREDO FERNANDEZ OJANGUREN GARCIA COMAS,Biología de Organismos y Sistemas,Diversidad y Conservación Animal,ALFREDO FERNANDEZ OJANGUREN GARCIA COMAS
299,La Semana de la Ciencia y la Innovación de la Universidad de Oviedo cumple 25 años y se consolida como el mayor evento de divulgación de Asturias,https://portalinvestigacion.uniovi.es/investigadores/1010273/detalle,IRENE DIAZ MARTINEZ,Historia,Grupo de Investigación en Historia Sociocultural,IRENE DIAZ MARTINEZ
299,La Semana de la Ciencia y la Innovación de la Universidad de Oviedo cumple 25 años y se consolida como el mayor evento de divulgación de Asturias,https://portalinvestigacion.uniovi.es/investigadores/219111/detalle,ANDREA FERNANDEZ GARCIA,,"Intersecciones: Literaturas, Culturas y Teorías Contemporáneas",ANDREA FERNANDEZ GARCIA
299,La Semana de la Ciencia y la Innovación de la Universidad de Oviedo cumple 25 años y se consolida como el mayor evento de divulgación de Asturias,https://portalinvestigacion.uniovi.es/investigadores/217385/detalle,MARIA DEL CARMEN GONZALEZ MENENDEZ,Sociología,Promoviendo el Empleo y el Bienestar en Europa,MARIA DEL CARMEN GONZALEZ MENENDEZ
299,La Semana de la Ciencia y la Innovación de la Universidad de Oviedo cumple 25 años y se consolida como el mayor evento de divulgación de Asturias,https://portalinvestigacion.uniovi.es/investigadores/220003/detalle,JUAN ALFONSO FERNANDEZ GARCIA,Historia del Arte y Musicología,"Música, Danza y Estudios Culturales",JUAN ALFONSO FERNANDEZ GARCIA
299,La Semana de la Ciencia y la Innovación de la Universidad de Oviedo cumple 25 años y se consolida como el mayor evento de divulgación de Asturias,https://portalinvestigacion.uniovi.es/investigadores/217049/detalle,FRANCISCO JAVIER FERNANDEZ GARCIA,No especificado,,FRANCISCO JAVIER FERNANDEZ GARCIA
299,La Semana de la Ciencia y la Innovación de la Universidad de Oviedo cumple 25 años y se consolida como el mayor evento de divulgación de Asturias,https://portalinvestigacion.uniovi.es/investigadores/217048/detalle,FELIPE FERNANDEZ GARCIA,Geografía,Análisis y Representación de los Paisajes Geográficos Españoles,FELIPE FERNANDEZ GARCIA
299,La Semana de la Ciencia y la Innovación de la Universidad de Oviedo cumple 25 años y se consolida como el mayor evento de divulgación de Asturias,https://portalinvestigacion.uniovi.es/investigadores/217050/detalle,JOSE FRANCISCO FERNANDEZ GARCIA,No especificado,,JOSE FRANCISCO FERNANDEZ GARCIA
299,La Semana de la Ciencia y la Innovación de la Universidad de Oviedo cumple 25 años y se consolida como el mayor evento de divulgación de Asturias,https://portalinvestigacion.uniovi.es/investigadores/219670/detalle,JESUS RUIZ FERNANDEZ,Geografía,Grupo de Estudios en Ambientes Fríos y de Montaña,JESUS RUIZ FERNANDEZ
299,La Semana de la Ciencia y la Innovación de la Universidad de Oviedo cumple 25 años y se consolida como el mayor evento de divulgación de Asturias,https://portalinvestigacion.uniovi.es/investigadores/218869/detalle,MARIA FERNANDEZ GARCIA,Biología de Organismos y Sistemas,"Biodiversidad, Conservación y Filogeografía de Plantas Vasculares",MARIA FERNANDEZ GARCIA
299,La Semana de la Ciencia y la Innovación de la Universidad de Oviedo cumple 25 años y se consolida como el mayor evento de divulgación de Asturias,https://portalinvestigacion.uniovi.es/investigadores/1301773/detalle,ANDREA FERNANDEZ GARCÍA,,"Grupo Demeter. Maternidad, Genero y Familia",ANDREA FERNANDEZ GARCÍA
299,La Semana de la Ciencia y la Innovación de la Universidad de Oviedo cumple 25 años y se consolida como el mayor evento de divulgación de Asturias,https://portalinvestigacion.uniovi.es/investigadores/217051/detalle,MARIA PAULA FERNANDEZ GARCIA,Psicología,Evaluación Psicométrica y Diseño de Investigación,MARIA PAULA FERNANDEZ GARCIA
299,La Semana de la Ciencia y la Innovación de la Universidad de Oviedo cumple 25 años y se consolida como el mayor evento de divulgación de Asturias,https://portalinvestigacion.uniovi.es/investigadores/217043/detalle,ANA MARIA FERNANDEZ GARCIA,Historia del Arte y Musicología,Escenarios para el Arte,ANA MARIA FERNANDEZ GARCIA
299,La Semana de la Ciencia y la Innovación de la Universidad de Oviedo cumple 25 años y se consolida como el mayor evento de divulgación de Asturias,https://portalinvestigacion.uniovi.es/investigadores/2370664/detalle,SARA FERNANDEZ GARCIA,No especificado,,SARA FERNANDEZ GARCIA
299,La Semana de la Ciencia y la Innovación de la Universidad de Oviedo cumple 25 años y se consolida como el mayor evento de divulgación de Asturias,https://portalinvestigacion.uniovi.es/investigadores/219413/detalle,PEDRO GONZALEZ MENENDEZ,Morfología y Biología Celular,Biología Redox,PEDRO GONZALEZ MENENDEZ
299,La Semana de la Ciencia y la Innovación de la Universidad de Oviedo cumple 25 años y se consolida como el mayor evento de divulgación de Asturias,https://portalinvestigacion.uniovi.es/investigadores/217384/detalle,ANA MARIA GONZALEZ MENENDEZ,Psicología,Programa de Prevención de Psicosis,ANA MARIA GONZALEZ MENENDEZ
299,La Semana de la Ciencia y la Innovación de la Universidad de Oviedo cumple 25 años y se consolida como el mayor evento de divulgación de Asturias,https://portalinvestigacion.uniovi.es/investigadores/218636/detalle,ROSA MARIA SAINZ MENENDEZ,Morfología y Biología Celular,Biología Redox,ROSA MARIA SAINZ MENENDEZ
299,La Semana de la Ciencia y la Innovación de la Universidad de Oviedo cumple 25 años y se consolida como el mayor evento de divulgación de Asturias,https://portalinvestigacion.uniovi.es/investigadores/217124/detalle,SUSANA IRENE DIAZ RODRIGUEZ,Estadística e Investigación Operativa y Didáctica de la Matemática,Modelización de la Incertidumbre y la Imprecisión en Teoría de la Decisión,SUSANA IRENE DIAZ RODRIGUEZ
299,La Semana de la Ciencia y la Innovación de la Universidad de Oviedo cumple 25 años y se consolida como el mayor evento de divulgación de Asturias,https://portalinvestigacion.uniovi.es/investigadores/2355397/detalle,ANA GEMMA GUTIERREZ GE,Filología Española,Lingüística Funcional del Español,ANA GEMMA GUTIERREZ GE
300,La Universidad de Oviedo y el Principado crean una cátedra para afrontar los principales desafíos demográficos de Asturias,https://portalinvestigacion.uniovi.es/investigadores/218648/detalle,OSCAR RODRIGUEZ PRIETO,Informática,Computational Reflection Research Group,OSCAR RODRIGUEZ PRIETO
300,La Universidad de Oviedo y el Principado crean una cátedra para afrontar los principales desafíos demográficos de Asturias,https://portalinvestigacion.uniovi.es/investigadores/218536/detalle,IGNACIO VILLAVERDE MENENDEZ,Derecho Público,Derechos Fundamentales y Constitución,IGNACIO VILLAVERDE MENENDEZ
301,"La actividad emprendedora continúa creciendo en Asturias, según el informe GEM 2024-2025",https://portalinvestigacion.uniovi.es/investigadores/217347/detalle,JOSE MANUEL GONZALEZ DIAZ,Química Orgánica e Inorgánica,Síntesis Orgánica Selectiva,JOSE MANUEL GONZALEZ DIAZ
301,"La actividad emprendedora continúa creciendo en Asturias, según el informe GEM 2024-2025",https://portalinvestigacion.uniovi.es/investigadores/217811/detalle,SUSANA LUQUE RODRIGUEZ,Química Física y Analítica,"Nanopartículas, Membranas y Bioanálisis",SUSANA LUQUE RODRIGUEZ
301,"La actividad emprendedora continúa creciendo en Asturias, según el informe GEM 2024-2025",https://portalinvestigacion.uniovi.es/investigadores/219141/detalle,JOSE ANTONIO GONZALEZ DIAZ,Geografía,Análisis y Representación de los Paisajes Geográficos Españoles | Centro de Cooperación y Desarrollo Territorial de la Universidad de Oviedo,JOSE ANTONIO GONZALEZ DIAZ
301,"La actividad emprendedora continúa creciendo en Asturias, según el informe GEM 2024-2025",https://portalinvestigacion.uniovi.es/investigadores/217775/detalle,ALFONSO JOAQUIN LOPEZ MUÑIZ,Morfología y Biología Celular,Sistema Nervioso Periférico y Órganos de los Sentidos,ALFONSO JOAQUIN LOPEZ MUÑIZ
301,"La actividad emprendedora continúa creciendo en Asturias, según el informe GEM 2024-2025",https://portalinvestigacion.uniovi.es/investigadores/217349/detalle,MARIA AIDA GONZALEZ DIAZ,,Biogeoquímica Ambiental y Materias Primas Minerales,MARIA AIDA GONZALEZ DIAZ
301,"La actividad emprendedora continúa creciendo en Asturias, según el informe GEM 2024-2025",https://portalinvestigacion.uniovi.es/investigadores/220173/detalle,SANTIAGO ALFONSO LOPEZ NAVIA,Filología Española,Grupo de Estudios Cervantinos,SANTIAGO ALFONSO LOPEZ NAVIA
301,"La actividad emprendedora continúa creciendo en Asturias, según el informe GEM 2024-2025",https://portalinvestigacion.uniovi.es/investigadores/217348/detalle,MANUEL GONZALEZ DIAZ,Administración de Empresas,Grupo de Análisis Económico de Organizaciones,MANUEL GONZALEZ DIAZ
301,"La actividad emprendedora continúa creciendo en Asturias, según el informe GEM 2024-2025",https://portalinvestigacion.uniovi.es/investigadores/219642/detalle,VANESA AGUSTINA SOLIS RODRIGUEZ,Administración de Empresas,Grupo de Análisis Económico de Organizaciones,VANESA AGUSTINA SOLIS RODRIGUEZ
301,"La actividad emprendedora continúa creciendo en Asturias, según el informe GEM 2024-2025",https://portalinvestigacion.uniovi.es/investigadores/217346/detalle,BELEN GONZALEZ DIAZ,Administración de Empresas,Innovación y Desarrollo Empresarial,BELEN GONZALEZ DIAZ
301,"La actividad emprendedora continúa creciendo en Asturias, según el informe GEM 2024-2025",https://portalinvestigacion.uniovi.es/investigadores/217112/detalle,GUSTAVO MANUEL DIAZ GONZALEZ,Derecho Público,Derecho Administrativo,GUSTAVO MANUEL DIAZ GONZALEZ
301,"La actividad emprendedora continúa creciendo en Asturias, según el informe GEM 2024-2025",https://portalinvestigacion.uniovi.es/investigadores/217382/detalle,VICTOR MANUEL GONZALEZ MENDEZ,Administración de Empresas,Grupo de Economía Financiera,VICTOR MANUEL GONZALEZ MENDEZ
301,"La actividad emprendedora continúa creciendo en Asturias, según el informe GEM 2024-2025",https://portalinvestigacion.uniovi.es/investigadores/218822/detalle,BENJAMIN GONZALEZ DIAZ,,Centro de Cooperación y Desarrollo Territorial de la Universidad de Oviedo,BENJAMIN GONZALEZ DIAZ
