news_id,titulo,investigador_id,verbo_superficie,relacion,topico_o_concepto,evidencia,confianza_llm,nombre_investigador
1,La Universidad de Oviedo reconstruye los orígenes contables de una empresa minera pionera en la industrialización asturiana,https://portalinvestigacion.uniovi.es/investigadores/216887/detalle,investigar,INVESTIGA_SOBRE,contabilidad de la Real Compañía Asturiana de Minas,"“Lo más llamativo es comprobar que, con un sistema contable aparentemente simple, la compañía era capaz de generar información suficiente para supervisar la actividad y rendir cuentas a sus propietarios”.",0.9,JAVIER DE ANDRES SUAREZ
1,La Universidad de Oviedo reconstruye los orígenes contables de una empresa minera pionera en la industrialización asturiana,https://portalinvestigacion.uniovi.es/investigadores/217791/detalle,investigar,INVESTIGA_SOBRE,contabilidad de la Real Compañía Asturiana de Minas,“La conservación de sus registros contables nos permite observar con gran detalle la realidad económica de una empresa pionera en pleno proceso de industrialización”.,0.9,PEDRO LORCA FERNANDEZ
3,El grupo Llabor de la Universidad de Oviedo regresa a Cueiru para desvelar el origen de una de las ferias más antiguas del Noroeste,https://portalinvestigacion.uniovi.es/investigadores/217322/detalle,impulsar,LIDERA,campaña arqueológica de Cueiru,La campaña arqueológica de Cueiru está impulsada por el grupo de investigación LLABOR _ Social LANDScapes de la Universidad de Oviedo,0.9,MARIA MARGARITA FERNANDEZ MIER
3,El grupo Llabor de la Universidad de Oviedo regresa a Cueiru para desvelar el origen de una de las ferias más antiguas del Noroeste,https://portalinvestigacion.uniovi.es/investigadores/217322/detalle,investigar,INVESTIGA_SOBRE,historia de Cueiru,una investigación que está revelando la importancia histórica de este lugar,0.85,MARIA MARGARITA FERNANDEZ MIER
3,El grupo Llabor de la Universidad de Oviedo regresa a Cueiru para desvelar el origen de una de las ferias más antiguas del Noroeste,https://portalinvestigacion.uniovi.es/investigadores/217322/detalle,formar,COLABORA_EN,talleres arqueológicos participativos,"se organizarán también talleres arqueológicos participativos, dirigidos especialmente al público infantil y juvenil",0.8,MARIA MARGARITA FERNANDEZ MIER
5,Los Picos de Europa esconden un ‘amortiguador’ geológico natural que evita la formación de terremotos,https://portalinvestigacion.uniovi.es/investigadores/217592/detalle,liderar,LIDERA,amortiguador geológico natural en los Picos de Europa,"El estudio ha sido desarrollado por un equipo de seis investigadores del Departamento de Geología de la Universidad de Oviedo, liderado por los catedráticos Gabriela Fernández-Viejo y Sergio Llana Fúnez.",0.9,GABRIELA FERNANDEZ VIEJO
5,Los Picos de Europa esconden un ‘amortiguador’ geológico natural que evita la formación de terremotos,https://portalinvestigacion.uniovi.es/investigadores/217738/detalle,liderar,LIDERA,amortiguador geológico natural en los Picos de Europa,"El estudio ha sido desarrollado por un equipo de seis investigadores del Departamento de Geología de la Universidad de Oviedo, liderado por los catedráticos Gabriela Fernández-Viejo y Sergio Llana Fúnez.",0.9,SERGIO LLANA FUNEZ
5,Los Picos de Europa esconden un ‘amortiguador’ geológico natural que evita la formación de terremotos,https://portalinvestigacion.uniovi.es/investigadores/217761/detalle,participar,COLABORA_EN,amortiguador geológico natural en los Picos de Europa,"El estudio está firmado por los investigadores Carlos López-Fernández, Jorge Acevedo, Gabriela Fernández-Viejo, Sergio Llana-Fúnez, Miguel Gutiérrez-Medina y Juan Manuel González-Cortina.",0.9,CARLOS LOPEZ FERNANDEZ
5,Los Picos de Europa esconden un ‘amortiguador’ geológico natural que evita la formación de terremotos,https://portalinvestigacion.uniovi.es/investigadores/217782/detalle,participar,COLABORA_EN,amortiguador geológico natural en los Picos de Europa,"El estudio está firmado por los investigadores Carlos López-Fernández, Jorge Acevedo, Gabriela Fernández-Viejo, Sergio Llana-Fúnez, Miguel Gutiérrez-Medina y Juan Manuel González-Cortina.",0.9,CARLOS ANTONIO LOPEZ SANCHEZ
5,Los Picos de Europa esconden un ‘amortiguador’ geológico natural que evita la formación de terremotos,https://portalinvestigacion.uniovi.es/investigadores/217597/detalle,participar,COLABORA_EN,amortiguador geológico natural en los Picos de Europa,"El estudio está firmado por los investigadores Carlos López-Fernández, Jorge Acevedo, Gabriela Fernández-Viejo, Sergio Llana-Fúnez, Miguel Gutiérrez-Medina y Juan Manuel González-Cortina.",0.9,FELIX CARLOS FERNANDEZ DE CASTRO LOPEZ PATIÑO
5,Los Picos de Europa esconden un ‘amortiguador’ geológico natural que evita la formación de terremotos,https://portalinvestigacion.uniovi.es/investigadores/217348/detalle,participar,COLABORA_EN,amortiguador geológico natural en los Picos de Europa,"El estudio está firmado por los investigadores Carlos López-Fernández, Jorge Acevedo, Gabriela Fernández-Viejo, Sergio Llana-Fúnez, Miguel Gutiérrez-Medina y Juan Manuel González-Cortina.",0.9,MANUEL GONZALEZ DIAZ
6,La Real Sociedad Española de Física premia la tesis doctoral de Clara Ramón Álvarez en la Universidad de Oviedo,https://portalinvestigacion.uniovi.es/investigadores/217085/detalle,desarrollar,DESARROLLA,tesis doctoral sobre el acoplamiento del quark top y el bosón de Higgs,"El trabajo forma parte de un programa de investigación enfocado, coherente y de alto impacto, desarrollado durante el período de doctorado",0.9,FRANCISCO JAVIER CUEVAS MAESTRO
6,La Real Sociedad Española de Física premia la tesis doctoral de Clara Ramón Álvarez en la Universidad de Oviedo,https://portalinvestigacion.uniovi.es/investigadores/217636/detalle,desarrollar,DESARROLLA,tesis doctoral sobre el acoplamiento del quark top y el bosón de Higgs,"El trabajo forma parte de un programa de investigación enfocado, coherente y de alto impacto, desarrollado durante el período de doctorado",0.9,JAVIER FERNANDEZ MENENDEZ
9,La Universidad de Oviedo muestra sus buenas prácticas en internacionalización en unas jornadas de CRUE,https://portalinvestigacion.uniovi.es/investigadores/217678/detalle,participar,COLABORA_EN,II Jornadas de Buenas Prácticas en Internacionalización,La Universidad de Oviedo ha participado en las II Jornadas de Buenas Prácticas en Internacionalización en Casa,0.9,ANA CRISTINA LAHUERTA MARTINEZ
9,La Universidad de Oviedo muestra sus buenas prácticas en internacionalización en unas jornadas de CRUE,https://portalinvestigacion.uniovi.es/investigadores/217678/detalle,ofrecer,DESARROLLA,iniciativas de internacionalización,quienes han mostrado las principales iniciativas desarrolladas por la institución en materia de internacionalización en casa,0.85,ANA CRISTINA LAHUERTA MARTINEZ
9,La Universidad de Oviedo muestra sus buenas prácticas en internacionalización en unas jornadas de CRUE,https://portalinvestigacion.uniovi.es/investigadores/217678/detalle,reforzar,COLABORA_EN,colaboración entre instituciones de educación superior,el encuentro ha servido 'para fortalecer la colaboración entre instituciones de educación superior',0.8,ANA CRISTINA LAHUERTA MARTINEZ
9,La Universidad de Oviedo muestra sus buenas prácticas en internacionalización en unas jornadas de CRUE,https://portalinvestigacion.uniovi.es/investigadores/217678/detalle,investigar,INVESTIGA_SOBRE,dimensión internacional en la docencia,"nuevas líneas de trabajo encaminadas a integrar la dimensión internacional en la docencia, la investigación y la vida universitaria",0.75,ANA CRISTINA LAHUERTA MARTINEZ
12,El primer estudio de la Cátedra Universitaria de Demografía revela que la pérdida de población es la segunda preocupación de los asturianos solo por detrás de la vivienda,https://portalinvestigacion.uniovi.es/investigadores/218648/detalle,aportar,COLABORA_EN,reto demográfico,"“Suple la falta de datos objetivos, sólidos y representativos, aporta conocimiento sobre la opinión y las actitudes de los asturianos y muestra la complejidad del reto demográfico”.",0.9,OSCAR RODRIGUEZ PRIETO
14,La Universidad de Oviedo reconoce la trayectoria de los catedráticos José Antonio Cecchini y Miguel del Valle,https://portalinvestigacion.uniovi.es/investigadores/218896/detalle,impulsar,LIDERA,"investigación en actividad física, educación y medicina del deporte","su aportación al impulso de la investigación en actividad física, educación y medicina del deporte.",0.9,MIGUEL ENRIQUE DEL VALLE SOTO
14,La Universidad de Oviedo reconoce la trayectoria de los catedráticos José Antonio Cecchini y Miguel del Valle,https://portalinvestigacion.uniovi.es/investigadores/216978/detalle,impulsar,LIDERA,impulso a la investigación,"el agradecimiento de toda la comunidad universitaria a dos profesores cuyo legado permanecerá en la formación de nuevas generaciones, en el impulso a la investigación.",0.9,JOSE ANTONIO CECCHINI ESTRADA
16,La Universidad de Oviedo reúne a especialistas internacionales para analizar el impacto de la inteligencia artificial en la enseñanza de lenguas,https://portalinvestigacion.uniovi.es/investigadores/217029/detalle,liderar,LIDERA,II Congreso Internacional de Investigación y Creatividad en Enseñanza de Lenguas (CIICEL 2026),"...el presidente del comité organizador, el catedrático Alberto Fernández Costales...",0.9,ALBERTO FERNANDEZ COSTALES
16,La Universidad de Oviedo reúne a especialistas internacionales para analizar el impacto de la inteligencia artificial en la enseñanza de lenguas,https://portalinvestigacion.uniovi.es/investigadores/217029/detalle,investigar,INVESTIGA_SOBRE,inteligencia artificial en la enseñanza de lenguas,...destacada la trayectoria investigadora e innovadora de este centro universitario...,0.85,ALBERTO FERNANDEZ COSTALES
17,La Universidad de Oviedo identifica especies nativas para restaurar espacios urbanos degradados,https://portalinvestigacion.uniovi.es/investigadores/219672/detalle,investigar,INVESTIGA_SOBRE,restauración ecológica de espacios urbanos degradados,"Una investigación de la institución académica determina qué especies de plantas nativas son especialmente adecuadas para la restauración ecológica de solares, espacios industriales abandonados y otros terrenos degradados de las ciudades",0.9,Borja Jiménez-Alfaro
17,La Universidad de Oviedo identifica especies nativas para restaurar espacios urbanos degradados,https://portalinvestigacion.uniovi.es/investigadores/2370717/detalle,investigar,INVESTIGA_SOBRE,restauración basada en semillas,"Este estudio forma parte de una línea de investigación más amplia desarrollada por la Universidad de Oviedo sobre el uso de semillas nativas en conservación, restauración ecológica y renaturalización urbana",0.9,EDUARDO FERNANDEZ ALONSO
17,La Universidad de Oviedo identifica especies nativas para restaurar espacios urbanos degradados,https://portalinvestigacion.uniovi.es/investigadores/2370717/detalle,desarrollar,DESARROLLA,línea de investigación sobre restauración basada en semillas,"Este planteamiento resulta especialmente relevante en regiones postindustriales como Asturias, donde existen numerosos solares vacíos, áreas industriales abandonadas y otros espacios susceptibles de ser restaurados",0.85,EDUARDO FERNANDEZ ALONSO
17,La Universidad de Oviedo identifica especies nativas para restaurar espacios urbanos degradados,https://portalinvestigacion.uniovi.es/investigadores/2370717/detalle,ofrecer,DESARROLLA,ventajas de la restauración basada en especies nativas,La restauración basada en especies nativas ofrece ventajas tanto ecológicas como económicas,0.85,EDUARDO FERNANDEZ ALONSO
18,"La Universidad de Oviedo desarrolla DubbiOvi, una plataforma abierta para la traducción audiovisual potenciada con inteligencia artificial",https://portalinvestigacion.uniovi.es/investigadores/218353/detalle,desarrollar,DESARROLLA,DubbiOvi,DubbiOvi ha sido desarrollada por el profesor Alfonso Carlos Rodríguez Fernández-Peña,0.9,ALFONSO CARLOS RODRIGUEZ FERNANDEZ-PEÑA
18,"La Universidad de Oviedo desarrolla DubbiOvi, una plataforma abierta para la traducción audiovisual potenciada con inteligencia artificial",https://portalinvestigacion.uniovi.es/investigadores/218353/detalle,investigar,INVESTIGA_SOBRE,traducción audiovisual,la plataforma constituye una herramienta de apoyo para proyectos de investigación relacionados con la traducción audiovisual,0.85,ALFONSO CARLOS RODRIGUEZ FERNANDEZ-PEÑA
19,El rector valora la “buena disposición” del presidente del Principado para avanzar en los principales retos de la Universidad de Oviedo,https://portalinvestigacion.uniovi.es/investigadores/218536/detalle,reforzar,COLABORA_EN,financiación universitaria,ha subrayado que la financiación universitaria debe quedar garantizada por una norma con rango de ley.,0.9,IGNACIO VILLAVERDE MENENDEZ
19,El rector valora la “buena disposición” del presidente del Principado para avanzar en los principales retos de la Universidad de Oviedo,https://portalinvestigacion.uniovi.es/investigadores/218536/detalle,investigar,INVESTIGA_SOBRE,condiciones salariales del personal investigador,"ha defendido que, si Asturias quiere retener talento, también la Universidad debe ser la primera en reconocerlo adecuadamente.",0.85,IGNACIO VILLAVERDE MENENDEZ
20,Gijón reunirá a expertos internacionales en instrumentación electrónica y en gestión de la energía en el ámbito de la inteligencia artificial y el espacio durante el SAAEI 2026,https://portalinvestigacion.uniovi.es/investigadores/218344/detalle,investigar,INVESTIGA_SOBRE,alimentación de las GPUs,"Rodríguez abordará los retos actuales relacionados con la alimentación de las GPUs, unos dispositivos fundamentales para el funcionamiento de los grandes sistemas de computación utilizados en inteligencia artificial.",0.9,MIGUEL ANGEL RODRIGUEZ DIAZ
20,Gijón reunirá a expertos internacionales en instrumentación electrónica y en gestión de la energía en el ámbito de la inteligencia artificial y el espacio durante el SAAEI 2026,https://portalinvestigacion.uniovi.es/investigadores/217584/detalle,investigar,INVESTIGA_SOBRE,sistemas de potencia para aplicaciones espaciales,Su intervención estará centrada en los sistemas de potencia necesarios para las futuras misiones espaciales tripuladas.,0.9,PABLO GARCIA FERNANDEZ
20,Gijón reunirá a expertos internacionales en instrumentación electrónica y en gestión de la energía en el ámbito de la inteligencia artificial y el espacio durante el SAAEI 2026,https://portalinvestigacion.uniovi.es/investigadores/1010304/detalle,investigar,INVESTIGA_SOBRE,nuevas tecnologías sostenibles,Su conferencia explorará cómo la naturaleza puede servir como fuente de inspiración para el desarrollo de nuevas tecnologías sostenibles.,0.9,PABLO GARCIA MARCOS
21,La Universidad de Oviedo reúne a especialistas nacionales e internacionales para analizar el futuro de las carreteras históricas como patrimonio y recurso turístico,https://portalinvestigacion.uniovi.es/investigadores/1010245/detalle,liderar,LIDERA,seminario científico sobre carreteras históricas,"El seminario, dirigido por las profesoras Rita Ruiz Fernández y Marina Bargón García y por el profesor Pedro Plasencia.",0.9,MARINA BARGON GARCIA
21,La Universidad de Oviedo reúne a especialistas nacionales e internacionales para analizar el futuro de las carreteras históricas como patrimonio y recurso turístico,https://portalinvestigacion.uniovi.es/investigadores/1010245/detalle,investigar,INVESTIGA_SOBRE,recuperación de vías de transporte históricas,un proyecto nacional de investigación centrado en la recuperación de vías de transporte históricas y sus paisajes en territorios con pérdida de actividad,0.85,MARINA BARGON GARCIA
21,La Universidad de Oviedo reúne a especialistas nacionales e internacionales para analizar el futuro de las carreteras históricas como patrimonio y recurso turístico,https://portalinvestigacion.uniovi.es/investigadores/218311/detalle,investigar,INVESTIGA_SOBRE,infraestructuras degradadas,"Pedro Plasencia, profesor de Ingeniería del Transporte y Planificación de la Universidad de Oviedo, ha explicado que el encuentro pretende abordar 'el reto que tenemos como sociedad de qué hacer con las infraestructuras degradadas'.",0.85,PEDRO PLASENCIA LOZANO
21,La Universidad de Oviedo reúne a especialistas nacionales e internacionales para analizar el futuro de las carreteras históricas como patrimonio y recurso turístico,https://portalinvestigacion.uniovi.es/investigadores/1010245/detalle,participar,COLABORA_EN,seminario sobre conservación y reutilización de infraestructuras viarias,"El seminario servirá para compartir experiencias entre representantes de la administración pública, empresas y el ámbito académico.",0.8,MARINA BARGON GARCIA
21,La Universidad de Oviedo reúne a especialistas nacionales e internacionales para analizar el futuro de las carreteras históricas como patrimonio y recurso turístico,https://portalinvestigacion.uniovi.es/investigadores/218311/detalle,participar,COLABORA_EN,seminario sobre conservación y reutilización de infraestructuras viarias,"El seminario servirá para compartir experiencias entre representantes de la administración pública, empresas y el ámbito académico.",0.8,PEDRO PLASENCIA LOZANO
21,La Universidad de Oviedo reúne a especialistas nacionales e internacionales para analizar el futuro de las carreteras históricas como patrimonio y recurso turístico,https://portalinvestigacion.uniovi.es/investigadores/1010245/detalle,desarrollar,DESARROLLA,nuevas estrategias para conservación y aprovechamiento,explorar nuevas estrategias para su conservación y aprovechamiento como recurso cultural y turístico.,0.75,MARINA BARGON GARCIA
23,Un universitario ovetense que publicó su observación del eclipse del año 1860 da nombre al asteroide ‘14918 Gonzálezalegre’,https://portalinvestigacion.uniovi.es/investigadores/2355302/detalle,impulsar,LIDERA,homenaje a José González Alegre,...participa en el homenaje con una conferencia impulsada por la investigadora Noemí Pinilla Alonso...,0.9,NOEMI PINILLA ALONSO
27,La Universidad de Oviedo y el Principado impulsan la entrada de Asturias en el mapa nacional de la supercomputación,https://portalinvestigacion.uniovi.es/investigadores/218536/detalle,impulsar,LIDERA,entrada de Asturias en la Red Española de Supercomputación,este proyecto “abre una oportunidad extraordinaria para que la Universidad de Oviedo y el sistema asturiano de I+D+i trabajen con herramientas de supercomputación homologables a las de los grandes centros nacionales y europeos”,0.9,IGNACIO VILLAVERDE MENENDEZ
27,La Universidad de Oviedo y el Principado impulsan la entrada de Asturias en el mapa nacional de la supercomputación,https://portalinvestigacion.uniovi.es/investigadores/218536/detalle,ofrecer,DESARROLLA,acceso a recursos de supercomputación,se pondrá a disposición de los grupos de investigación una herramienta esencial para seguir haciendo ciencia de vanguardia,0.85,IGNACIO VILLAVERDE MENENDEZ
29,El rector de la Universidad de Castilla-La Mancha asume la presidencia semestral del Grupo 9 de Universidades,https://portalinvestigacion.uniovi.es/investigadores/217370/detalle,desarrollar,DESARROLLA,soluciones basadas en inteligencia artificial,"...y el desarrollo de soluciones basadas en inteligencia artificial en entornos seguros para la comunidad universitaria, según ha señalad su director, el profesor de la UCLM, Carlos González, invitado al encuentro.",0.9,CARLOS GONZALEZ GUTIERREZ
29,El rector de la Universidad de Castilla-La Mancha asume la presidencia semestral del Grupo 9 de Universidades,https://portalinvestigacion.uniovi.es/investigadores/217370/detalle,desarrollar,DESARROLLA,automatización de procesos,"...con nuevos proyectos relacionados con la automatización de procesos, la gestión académica y el desarrollo de soluciones basadas en inteligencia artificial...",0.9,CARLOS GONZALEZ GUTIERREZ
30,"El investigador de la Universidad de Oviedo Saúl Sal Sarria, segundo premio Luis Felipe Torrente de Divulgación sobre Medicina y Salud",https://portalinvestigacion.uniovi.es/investigadores/1010415/detalle,investigar,INVESTIGA_SOBRE,neurociencia de la toma de decisiones,"el artículo De Los Álamos a Silicon Valley: el punto ciego del cerebro humano, publicado en The Conversation, en el que Sal Sarria explora, desde la neurociencia de la toma de decisiones...",0.9,SAUL SAL SARRIA
32,"Asturias consolida un modelo productivo más diversificado, innovador y competitivo, con al menos 15 sectores estratégicos en crecimiento",https://portalinvestigacion.uniovi.es/investigadores/219668/detalle,investigar,INVESTIGA_SOBRE,industria de defensa,La Cátedra Sekuens profundizará en próximos informes en dos ámbitos considerados estratégicos para el futuro económico de Asturias: la industria de defensa y el impacto de la inteligencia artificial y la digitalización sobre los servicios avanzados y el conjunto del sistema productivo.,0.9,FERNANDO RUBIERA MOROLLON
32,"Asturias consolida un modelo productivo más diversificado, innovador y competitivo, con al menos 15 sectores estratégicos en crecimiento",https://portalinvestigacion.uniovi.es/investigadores/219668/detalle,investigar,INVESTIGA_SOBRE,inteligencia artificial y digitalización,La Cátedra Sekuens profundizará en próximos informes en dos ámbitos considerados estratégicos para el futuro económico de Asturias: la industria de defensa y el impacto de la inteligencia artificial y la digitalización sobre los servicios avanzados y el conjunto del sistema productivo.,0.9,FERNANDO RUBIERA MOROLLON
32,"Asturias consolida un modelo productivo más diversificado, innovador y competitivo, con al menos 15 sectores estratégicos en crecimiento",https://portalinvestigacion.uniovi.es/investigadores/217233/detalle,investigar,INVESTIGA_SOBRE,industria de defensa,La Cátedra Sekuens profundizará en próximos informes en dos ámbitos considerados estratégicos para el futuro económico de Asturias: la industria de defensa y el impacto de la inteligencia artificial y la digitalización sobre los servicios avanzados y el conjunto del sistema productivo.,0.9,ANDRE CARRASCAL INCERA
32,"Asturias consolida un modelo productivo más diversificado, innovador y competitivo, con al menos 15 sectores estratégicos en crecimiento",https://portalinvestigacion.uniovi.es/investigadores/217233/detalle,investigar,INVESTIGA_SOBRE,inteligencia artificial y digitalización,La Cátedra Sekuens profundizará en próximos informes en dos ámbitos considerados estratégicos para el futuro económico de Asturias: la industria de defensa y el impacto de la inteligencia artificial y la digitalización sobre los servicios avanzados y el conjunto del sistema productivo.,0.9,ANDRE CARRASCAL INCERA
34,La Universidad de Oviedo transforma las jornadas de innovación docente en un congreso científico internacional y duplica  la participación,https://portalinvestigacion.uniovi.es/investigadores/217949/detalle,desarrollar,DESARROLLA,LOT (Learning Outcomes Tool),"El primer puesto ha correspondido al proyecto LOT (Learning Outcomes Tool), que crea una herramienta para que el estudiantado evalúe su conocimiento de una materia y sepa cómo afrontar un problema en un contexto real relacionado con esa área, promoviendo la autonomía, y que ha sido presentado por Rubén Martín Payo y María del Mar Fernández Álvarez.",0.9,RUBEN MARTIN PAYO
34,La Universidad de Oviedo transforma las jornadas de innovación docente en un congreso científico internacional y duplica  la participación,https://portalinvestigacion.uniovi.es/investigadores/217932/detalle,desarrollar,DESARROLLA,uso responsable y reflexivo de la inteligencia artificial en el aprendizaje universitario,"...un programa sobre el uso responsable y reflexivo de la inteligencia artificial en el aprendizaje universitario, con especial atención al impacto de la IA en la autoestima del estudiantado y con perspectiva de género y que gestionan Laura Calzada Infante e Irene Mariñas del Collado.",0.9,IRENE MARIÑAS DEL COLLADO
34,La Universidad de Oviedo transforma las jornadas de innovación docente en un congreso científico internacional y duplica  la participación,https://portalinvestigacion.uniovi.es/investigadores/217016/detalle,investigar,INVESTIGA_SOBRE,nuevas prácticas pedagógicas,"...ha recibido 507 trabajos, que persiguen compartir nuevas prácticas pedagógicas y debatir sobre los retos de la enseñanza universitaria contemporánea.",0.8,ALBERTO MANUEL FERNANDEZ ALVAREZ
40,La Universidad de Oviedo acoge la entrega de los Premios Santander X a Proyectos Emprendedores Universitarios y Startup Universitaria y la Beca Excelencia 360º,https://portalinvestigacion.uniovi.es/investigadores/217053/detalle,desarrollar,DESARROLLA,fuentes de alimentación inteligentes para satélites,"Mt Space, presentada por Miguel Fernández Cos y Antonio Fernández, desarrolla fuentes de alimentación inteligentes para satélites capaces de monitorizar su estado de salud.",0.9,MIGUEL FERNANDEZ GARCIA
40,La Universidad de Oviedo acoge la entrega de los Premios Santander X a Proyectos Emprendedores Universitarios y Startup Universitaria y la Beca Excelencia 360º,https://portalinvestigacion.uniovi.es/investigadores/217584/detalle,desarrollar,DESARROLLA,modelo de gestión energética para edificios,"Build-E, presentada por Pablo García Fernández, propone un nuevo modelo de gestión energética para edificios residenciales que optimiza el consumo eléctrico.",0.9,PABLO GARCIA FERNANDEZ
41,La Facultad de Economía y Empresa de la Universidad de Oviedo exhibe un archivo internacional único para entender la economía moderna,https://portalinvestigacion.uniovi.es/investigadores/219168/detalle,formar,COLABORA_EN,visita guiada a la exposición,"Tras la apertura se ofrecerá una visita guiada por las cinco secciones, a cargo de profesores de la Facultad André Carrascal, Manuel Hernández Muñiz, Carmen Ramos Carbajal y Esteban Fernández.",0.9,ESTEBAN FERNANDEZ VAZQUEZ
41,La Facultad de Economía y Empresa de la Universidad de Oviedo exhibe un archivo internacional único para entender la economía moderna,https://portalinvestigacion.uniovi.es/investigadores/217233/detalle,formar,COLABORA_EN,visita guiada a la exposición,"Tras la apertura se ofrecerá una visita guiada por las cinco secciones, a cargo de profesores de la Facultad André Carrascal, Manuel Hernández Muñiz, Carmen Ramos Carbajal y Esteban Fernández.",0.9,ANDRE CARRASCAL INCERA
41,La Facultad de Economía y Empresa de la Universidad de Oviedo exhibe un archivo internacional único para entender la economía moderna,https://portalinvestigacion.uniovi.es/investigadores/218037/detalle,formar,COLABORA_EN,visita guiada a la exposición,"Tras la apertura se ofrecerá una visita guiada por las cinco secciones, a cargo de profesores de la Facultad André Carrascal, Manuel Hernández Muñiz, Carmen Ramos Carbajal y Esteban Fernández.",0.9,MARIA DEL CARMEN RAMOS CARVAJAL
41,La Facultad de Economía y Empresa de la Universidad de Oviedo exhibe un archivo internacional único para entender la economía moderna,https://portalinvestigacion.uniovi.es/investigadores/217898/detalle,formar,COLABORA_EN,visita guiada a la exposición,"Tras la apertura se ofrecerá una visita guiada por las cinco secciones, a cargo de profesores de la Facultad André Carrascal, Manuel Hernández Muñiz, Carmen Ramos Carbajal y Esteban Fernández.",0.9,MANUEL HERNANDEZ MUÑIZ
42,La Universidad de Oviedo y el Gobierno del Principado recuperan una guía divulgativa sobre el eclipse publicada coincidiendo con el ‘apagón’ solar del año 1905,https://portalinvestigacion.uniovi.es/investigadores/217196/detalle,investigar,INVESTIGA_SOBRE,eclipse solar,"...dos artículos de los científicos Javier de Cos, director del Instituto Universitario de Ciencias y Tecnologías Espaciales (ICTEA) y Noemí Pinilla-Alonso...",0.9,FRANCISCO JAVIER DE COS JUEZ
42,La Universidad de Oviedo y el Gobierno del Principado recuperan una guía divulgativa sobre el eclipse publicada coincidiendo con el ‘apagón’ solar del año 1905,https://portalinvestigacion.uniovi.es/investigadores/217124/detalle,investigar,INVESTIGA_SOBRE,eclipse solar,"...dos artículos de los científicos Javier de Cos, director del Instituto Universitario de Ciencias y Tecnologías Espaciales (ICTEA) y Noemí Pinilla-Alonso...",0.9,SUSANA IRENE DIAZ RODRIGUEZ
46,La Universidad de Oviedo logra tres premios y tres accésits en las XIII Jornadas Doctorales del G-9,https://portalinvestigacion.uniovi.es/investigadores/2373266/detalle,participar,COLABORA_EN,"programas de cooperación académica, investigadora y de formación doctoral","La Universidad de Oviedo forma parte de esta asociación desde su creación y participa activamente en sus programas de cooperación académica, investigadora y de formación doctoral.",0.9,SWAN SADITH PACHECO DIAZ
46,La Universidad de Oviedo logra tres premios y tres accésits en las XIII Jornadas Doctorales del G-9,https://portalinvestigacion.uniovi.es/investigadores/217688/detalle,investigar,INVESTIGA_SOBRE,trabajo de investigación,Enol Junquera Álvarez obtuvo un accésit por su trabajo de investigación.,0.95,JOSE CARLOS MARTINEZ GARCIA
46,La Universidad de Oviedo logra tres premios y tres accésits en las XIII Jornadas Doctorales del G-9,https://portalinvestigacion.uniovi.es/investigadores/2373266/detalle,investigar,INVESTIGA_SOBRE,trabajo de investigación,Swan Pacheco Díaz recibió un premio en las jornadas por su trabajo de investigación.,0.95,SWAN SADITH PACHECO DIAZ
46,La Universidad de Oviedo logra tres premios y tres accésits en las XIII Jornadas Doctorales del G-9,https://portalinvestigacion.uniovi.es/investigadores/219650/detalle,investigar,INVESTIGA_SOBRE,trabajo de investigación,Gerard Villarroya recibió un accésit por su trabajo de investigación.,0.95,GERARD VILLARROYA PIQUE
48,Astrónomos de Light Bridges y la Universidad de Oviedo detectan que los asteroides metálicos giran más rápido que los demás,https://portalinvestigacion.uniovi.es/investigadores/2355302/detalle,desarrollar,DESARROLLA,proyecto R2,"Esta línea de trabajo tendrá continuidad en el ICTEA a través del proyecto R2: del Riesgo al Recurso, impulsado desde la Universidad de Oviedo...",0.9,NOEMI PINILLA ALONSO
48,Astrónomos de Light Bridges y la Universidad de Oviedo detectan que los asteroides metálicos giran más rápido que los demás,https://portalinvestigacion.uniovi.es/investigadores/2355302/detalle,investigar,INVESTIGA_SOBRE,asteroides metálicos,"Comprender su composición, estructura y evolución no solo resulta clave para reconstruir la historia temprana de los planetas rocosos...",0.85,NOEMI PINILLA ALONSO
49,Las mejores tesis en salud de la Universidad de Oviedo reciben los Premios RAMPRA 2026,https://portalinvestigacion.uniovi.es/investigadores/1931689/detalle,investigar,INVESTIGA_SOBRE,hemofilia,"El trabajo demuestra que la hemofilia no puede explicarse únicamente por el déficit de coagulación e identifica alteraciones inflamatorias, inmunológicas y plaquetarias.",0.9,ANGEL BERNARDO GUTIERREZ
49,Las mejores tesis en salud de la Universidad de Oviedo reciben los Premios RAMPRA 2026,https://portalinvestigacion.uniovi.es/investigadores/2456580/detalle,investigar,INVESTIGA_SOBRE,esquizofrenia,El premio ha recaído en el doctor Francesco Dal Santo por la tesis Análisis de redes de las dimensiones psicopatológicas de la esquizofrenia.,0.9,FRANCESCO DAL SANTO
49,Las mejores tesis en salud de la Universidad de Oviedo reciben los Premios RAMPRA 2026,https://portalinvestigacion.uniovi.es/investigadores/217884/detalle,liderar,LIDERA,hemofilia,dirigida por la doctora Laura Gutiérrez Gutiérrez.,0.8,LAURA GUTIERREZ GUTIERREZ
49,Las mejores tesis en salud de la Universidad de Oviedo reciben los Premios RAMPRA 2026,https://portalinvestigacion.uniovi.es/investigadores/218988/detalle,investigar,INVESTIGA_SOBRE,comunicación intercelular mediada por vesículas extracelulares,"ha sido premiada la tesis de la doctora Noelia Blanco Agudín, titulada La comunicación intercelular mediada por vesículas extracelulares.",0.9,NOELIA BLANCO AGUDIN
49,Las mejores tesis en salud de la Universidad de Oviedo reciben los Premios RAMPRA 2026,https://portalinvestigacion.uniovi.es/investigadores/217752/detalle,liderar,LIDERA,biomarcadores en tumores,dirigida por el profesor Fernando López Álvarez.,0.8,FERNANDO LOPEZ ALVAREZ
51,"INGENIUM avanza en Ruan hacia una nueva etapa de cooperación universitaria europea más estable, sostenible y estructurada",https://portalinvestigacion.uniovi.es/investigadores/218536/detalle,liderar,LIDERA,cooperación universitaria europea,5 de los cuales están liderados por la universidad de Oviedo,0.9,IGNACIO VILLAVERDE MENENDEZ
51,"INGENIUM avanza en Ruan hacia una nueva etapa de cooperación universitaria europea más estable, sostenible y estructurada",https://portalinvestigacion.uniovi.es/investigadores/218536/detalle,impulsar,LIDERA,cooperación universitaria europea,su contribución al impulso de la cooperación universitaria europea a través de INGENIUM,0.9,IGNACIO VILLAVERDE MENENDEZ
51,"INGENIUM avanza en Ruan hacia una nueva etapa de cooperación universitaria europea más estable, sostenible y estructurada",https://portalinvestigacion.uniovi.es/investigadores/218536/detalle,participar,COLABORA_EN,alianza INGENIUM,"La Universidad de Oviedo, coordinadora de INGENIUM, ha participado en esta agenda",0.9,IGNACIO VILLAVERDE MENENDEZ
51,"INGENIUM avanza en Ruan hacia una nueva etapa de cooperación universitaria europea más estable, sostenible y estructurada",https://portalinvestigacion.uniovi.es/investigadores/218536/detalle,reforzar,COLABORA_EN,colaboración académica,"orientadas a reforzar la colaboración académica, científica e institucional entre ambas instituciones",0.9,IGNACIO VILLAVERDE MENENDEZ
53,"Villaverde defiende a las universidades públicas como garantes de la libertad, la democracia y la igualdad en su investidura como doctor honoris causa por la Universidad de Rouen Normandía",https://portalinvestigacion.uniovi.es/investigadores/218536/detalle,impulsar,LIDERA,cooperación universitaria europea,su contribución al impulso de la cooperación universitaria europea a través de la alianza INGENIUM,0.9,IGNACIO VILLAVERDE MENENDEZ
53,"Villaverde defiende a las universidades públicas como garantes de la libertad, la democracia y la igualdad en su investidura como doctor honoris causa por la Universidad de Rouen Normandía",https://portalinvestigacion.uniovi.es/investigadores/218536/detalle,investigar,INVESTIGA_SOBRE,Derecho Constitucional,su trayectoria académica de Ignacio Villaverde como catedrático de Derecho Constitucional,0.85,IGNACIO VILLAVERDE MENENDEZ
58,La Universidad de Oviedo identifica qué plantas alpinas tendrán más dificultades para regenerarse por el cambio climático,https://portalinvestigacion.uniovi.es/investigadores/219672/detalle,liderar,LIDERA,proyecto SEEDALP,"El trabajo se enmarca en el proyecto SEEDALP, liderado por el profesor de Botánica Borja Jiménez-Alfaro.",0.9,Borja Jiménez-Alfaro
59,"Jazz Europa convertirá la Universidad de Oviedo en un espacio de creación, intercambio y conexión europea a través de la música",https://portalinvestigacion.uniovi.es/investigadores/220058/detalle,participar,COLABORA_EN,Oviedo Jazz Europa,"...la participación de profesionales y especialistas como Iván Iglesias, de la Universidad de Valladolid...",0.9,IVAN IGLESIAS IGLESIAS
62,La Universidad de Oviedo otorga el doctorado ‘Honoris Causa’ a Víctor Manuel para reconocer su trayectoria y su canto a la memoria de Asturias,https://portalinvestigacion.uniovi.es/investigadores/218042/detalle,desarrollar,DESARROLLA,patrimonio inmaterial,se reconoce su aportación al patrimonio inmaterial,0.9,JULIO RAUL OGAS JOFRE
62,La Universidad de Oviedo otorga el doctorado ‘Honoris Causa’ a Víctor Manuel para reconocer su trayectoria y su canto a la memoria de Asturias,https://portalinvestigacion.uniovi.es/investigadores/218042/detalle,investigar,INVESTIGA_SOBRE,música popular urbana,se enmarca en la tradición de la Universidad de Oviedo como institución pionera en los estudios musicológicos y en la investigación sobre música popular urbana,0.85,JULIO RAUL OGAS JOFRE
62,La Universidad de Oviedo otorga el doctorado ‘Honoris Causa’ a Víctor Manuel para reconocer su trayectoria y su canto a la memoria de Asturias,https://portalinvestigacion.uniovi.es/investigadores/218042/detalle,participar,COLABORA_EN,canciones de Asturias,ha sabido interpretar e interpelar a la sociedad en diferentes circunstancias de la historia reciente,0.8,JULIO RAUL OGAS JOFRE
64,"La Universidad de Oviedo convertirá sus campus universitarios en entornos más biodiversos, saludables y sostenibles",https://portalinvestigacion.uniovi.es/investigadores/217772/detalle,impulsar,LIDERA,Comisión de Patrimonio Vegetal y Espacios Verdes,La Facultad de Biología impulsa la Comisión de Patrimonio Vegetal y Espacios Verdes,0.9,BELEN LOPEZ MARTINEZ
65,Mares Circulares entrega a la Universidad de Oviedo un banco fabricado con plástico recogido del mar en reconocimiento a su compromiso medioambiental,https://portalinvestigacion.uniovi.es/investigadores/218110/detalle,participar,COLABORA_EN,Mares Circulares,"La Universidad ha participado en Mares Circulares acogiendo las 1ª jornadas científico-técnicas centradas en la divulgación, la investigación y la concienciación ambiental...",0.9,INES PEÑUELAS SANCHEZ
65,Mares Circulares entrega a la Universidad de Oviedo un banco fabricado con plástico recogido del mar en reconocimiento a su compromiso medioambiental,https://portalinvestigacion.uniovi.es/investigadores/218110/detalle,investigar,INVESTIGA_SOBRE,sostenibilidad,"la sostenibilidad constituye un eje estratégico para nuestra institución y forma parte de nuestro compromiso con la formación, la investigación, la transferencia de conocimiento...",0.85,INES PEÑUELAS SANCHEZ
68,La Facultad de Formación del Profesorado y Educación de la Universidad de Oviedo reconoce a los mejores proyectos de innovación docente de Asturias,https://portalinvestigacion.uniovi.es/investigadores/217046/detalle,ofrecer,DESARROLLA,repertorio para el aula accesible a los docentes de música,Proyecto de Aprendizaje Servicio para la creación de un repertorio para el aula accesible a los docentes de música.,0.9,CARLOS FERNANDEZ GARCIA
68,La Facultad de Formación del Profesorado y Educación de la Universidad de Oviedo reconoce a los mejores proyectos de innovación docente de Asturias,https://portalinvestigacion.uniovi.es/investigadores/219110/detalle,liderar,LIDERA,integración transdisciplinaria y multinivel de la innovación educativa,Comunidad Canguro: una red docente para la integración transdisciplinaria y multinivel de la innovación educativa.,0.9,MARIA TERESA FERNANDEZ FERNANDEZ-ARGUELLES
68,La Facultad de Formación del Profesorado y Educación de la Universidad de Oviedo reconoce a los mejores proyectos de innovación docente de Asturias,https://portalinvestigacion.uniovi.es/investigadores/219313/detalle,desarrollar,DESARROLLA,matemáticas inclusivas y creación de materiales manipulativos,Matemáticas inclusivas: búsqueda y creación de materiales manipulativos adaptados para potenciar el aprendizaje de las matemáticas en alumnado con Necesidades Educativas Especiales.,0.9,MARLEN ALONSO CASTAÑO
69,La Universidad de Oviedo analiza los rasgos psicológicos y de personalidad en deportistas de ultrarresistencia,https://portalinvestigacion.uniovi.es/investigadores/218048/detalle,investigar,INVESTIGA_SOBRE,rasgos psicológicos de los atletas de ultrarresistencia,"Hugo Olmedillas, investigador responsable, explica que 'uno de los resultados que más nos ha hecho reflexionar es que las mismas características que permiten a estos deportistas no rendirse ante el agotamiento pueden, en algunos casos, cruzar una línea'.",0.9,HUGO OLMEDILLAS FERNANDEZ
69,La Universidad de Oviedo analiza los rasgos psicológicos y de personalidad en deportistas de ultrarresistencia,https://portalinvestigacion.uniovi.es/investigadores/218344/detalle,investigar,INVESTIGA_SOBRE,rasgos psicológicos de los atletas de ultrarresistencia,"Miguel Ángel Rodríguez, investigador principal, destaca que 'de todos los rasgos estudiados, la responsabilidad es el que aparece de forma más consistente en estos deportistas'.",0.9,MIGUEL ANGEL RODRIGUEZ DIAZ
71,El Consejo de Gobierno da luz verde al Plan de Ordenación Docente para el próximo curso académico,https://portalinvestigacion.uniovi.es/investigadores/216944/detalle,liderar,LIDERA,alianza INGENIUM,"INGENIUM reúne a diez instituciones de educación superior de diez Estados miembros que, lideradas por la Universidad de Oviedo, prestan servicio de una comunidad de 172.000 estudiantes.",0.9,ANA ISABEL ALVAREZ GONZALEZ
71,El Consejo de Gobierno da luz verde al Plan de Ordenación Docente para el próximo curso académico,https://portalinvestigacion.uniovi.es/investigadores/216944/detalle,desarrollar,DESARROLLA,fundamentos de la alianza INGENIUM,"Su periodo al frente del consorcio supuso la construcción de los fundamentos de la alianza, de sus primeras estructuras de gobernanza.",0.85,ANA ISABEL ALVAREZ GONZALEZ
71,El Consejo de Gobierno da luz verde al Plan de Ordenación Docente para el próximo curso académico,https://portalinvestigacion.uniovi.es/investigadores/216945/detalle,reforzar,COLABORA_EN,alianza INGENIUM,"Durante ese tiempo, fue el responsable de que la alianza enraizara en la propia universidad coordinadora.",0.85,LUIS IGNACIO ALVAREZ GONZALEZ
71,El Consejo de Gobierno da luz verde al Plan de Ordenación Docente para el próximo curso académico,https://portalinvestigacion.uniovi.es/investigadores/1010273/detalle,impulsar,LIDERA,actividad investigadora,"la convocatoria contempla una financiación total de 225.000 euros, distribuida en dos anualidades.",0.8,IRENE DIAZ MARTINEZ
75,La Universidad de Oviedo y HUNOSA refuerzan su colaboración para impulsar la investigación y la formación en procesamiento de minerales,https://portalinvestigacion.uniovi.es/investigadores/218536/detalle,reforzar,COLABORA_EN,colaboración en procesamiento de minerales,"La Universidad de Oviedo y HUNOSA han reforzado hoy su colaboración en el ámbito de las materias primas, el procesamiento de minerales y la valorización de recursos...",0.9,IGNACIO VILLAVERDE MENENDEZ
75,La Universidad de Oviedo y HUNOSA refuerzan su colaboración para impulsar la investigación y la formación en procesamiento de minerales,https://portalinvestigacion.uniovi.es/investigadores/218536/detalle,impulsar,LIDERA,investigación y formación en procesamiento de minerales,Este acuerdo permitirá seguir generando conocimiento y oportunidades en un ámbito de gran relevancia para Asturias.,0.85,IGNACIO VILLAVERDE MENENDEZ
75,La Universidad de Oviedo y HUNOSA refuerzan su colaboración para impulsar la investigación y la formación en procesamiento de minerales,https://portalinvestigacion.uniovi.es/investigadores/218536/detalle,desarrollar,DESARROLLA,proyectos docentes y científicos en procesamiento de minerales,...el personal docente e investigador de la Universidad de Oviedo... puedan seguir utilizando estos equipos con fines docentes y científicos.,0.8,IGNACIO VILLAVERDE MENENDEZ
76,La Universidad de Oviedo y Universal Plastic firman un convenio para impulsar la innovación tecnológica aplicada a los océanos,https://portalinvestigacion.uniovi.es/investigadores/218536/detalle,impulsar,LIDERA,"proyectos de investigación, innovación y formación aplicadas a los océanos","La Universidad de Oviedo ha suscrito un convenio con la empresa Universal Plastic para impulsar proyectos de investigación, innovación y formación aplicadas a los océanos.",0.9,IGNACIO VILLAVERDE MENENDEZ
76,La Universidad de Oviedo y Universal Plastic firman un convenio para impulsar la innovación tecnológica aplicada a los océanos,https://portalinvestigacion.uniovi.es/investigadores/218536/detalle,reforzar,COLABORA_EN,"la transferencia de conocimiento, la innovación y la colaboración con empresas","este convenio 'refuerza el compromiso de la Universidad de Oviedo con la transferencia de conocimiento, la innovación y la colaboración con empresas'.",0.85,IGNACIO VILLAVERDE MENENDEZ
79,Una investigación de la Universidad de Oviedo analiza el potencial de la música para reducir el estrés en pacientes críticos,https://portalinvestigacion.uniovi.es/investigadores/217019/detalle,liderar,LIDERA,uso de la música para reducir el estrés en pacientes críticos,"La investigación, liderada por investigadoras del área de Enfermería de la universidad asturiana, ha sido publicada en la revista ‘Nursing in Critical Care’",0.9,MARIA DEL MAR FERNANDEZ ALVAREZ
79,Una investigación de la Universidad de Oviedo analiza el potencial de la música para reducir el estrés en pacientes críticos,https://portalinvestigacion.uniovi.es/investigadores/217867/detalle,participar,COLABORA_EN,uso de la música para reducir el estrés en pacientes críticos,"El estudio, publicado recientemente en la revista Nursing in Critical Care, ha sido realizado por investigadoras del área de Enfermería",0.85,MARIA DEL PILAR MOSTEIRO DIAZ
79,Una investigación de la Universidad de Oviedo analiza el potencial de la música para reducir el estrés en pacientes críticos,https://portalinvestigacion.uniovi.es/investigadores/217017/detalle,participar,COLABORA_EN,uso de la música para reducir el estrés en pacientes críticos,"“Nuestro trabajo evidencia que existe interés y potencial en esta línea de investigación, pero también la necesidad de diseñar estudios más sólidos que permitan avanzar hacia recomendaciones clínicas fundamentadas”",0.85,JOSE PAULINO FERNANDEZ ALVAREZ
82,Un total de 5.157 estudiantes se examinan de la PAU en Asturias la próxima semana,https://portalinvestigacion.uniovi.es/investigadores/217775/detalle,reforzar,COLABORA_EN,sistemas de detección de frecuencias en las pruebas de la PAU,este año se incorporan sistemas de detección de frecuencias en las pruebas de la PAU como una medida orientada a reforzar las garantías de equidad y transparencia del proceso.,0.9,ALFONSO JOAQUIN LOPEZ MUÑIZ
84,La Universidad de Oviedo lidera un proyecto nacional para evaluar el impacto de contaminantes emergentes en los ecosistemas marinos,https://portalinvestigacion.uniovi.es/investigadores/216842/detalle,liderar,LIDERA,proyecto BIOACUMAR,"""Los genetistas Yaisel J. Borrell y Laura Miralles, que lideran el proyecto BIOACUMAR...""",0.9,YAISEL JUAN BORRELL PICHS
84,La Universidad de Oviedo lidera un proyecto nacional para evaluar el impacto de contaminantes emergentes en los ecosistemas marinos,https://portalinvestigacion.uniovi.es/investigadores/219703/detalle,liderar,LIDERA,proyecto BIOACUMAR,"""Los genetistas Yaisel J. Borrell y Laura Miralles, que lideran el proyecto BIOACUMAR...""",0.9,LAURA MIRALLES LOPEZ
85,La Universidad de Oviedo lanza una campaña divulgativa en vídeo sobre el eclipse total de Sol con investigadores del ICTEA,https://portalinvestigacion.uniovi.es/investigadores/2355302/detalle,reforzar,COLABORA_EN,divulgación científica sobre el eclipse total de Sol,La Universidad de Oviedo refuerza las acciones de divulgación científica en torno al eclipse total de Sol previsto para agosto de 2026.,0.9,NOEMI PINILLA ALONSO
85,La Universidad de Oviedo lanza una campaña divulgativa en vídeo sobre el eclipse total de Sol con investigadores del ICTEA,https://portalinvestigacion.uniovi.es/investigadores/2355302/detalle,investigar,INVESTIGA_SOBRE,fenómenos astronómicos,"Queremos que la sociedad pueda vivirlo con emoción, pero también con conocimiento y seguridad.",0.85,NOEMI PINILLA ALONSO
86,La Universidad de Oviedo y Gonvarri Metal Structures R&D crean una cátedra conjunta para impulsar la innovación y la transformación industrial en Asturias,https://portalinvestigacion.uniovi.es/investigadores/219653/detalle,desarrollar,DESARROLLA,proyectos de investigación aplicada,los primeros pasos de la colaboración se centrarán en la puesta en marcha de actividades de investigación y formación vinculadas a tecnologías aplicadas al ámbito industrial,0.9,RUBEN USAMENTIAGA FERNANDEZ
86,La Universidad de Oviedo y Gonvarri Metal Structures R&D crean una cátedra conjunta para impulsar la innovación y la transformación industrial en Asturias,https://portalinvestigacion.uniovi.es/investigadores/219653/detalle,formar,COLABORA_EN,actividades de formación,los primeros pasos de la colaboración se centrarán en la puesta en marcha de actividades de investigación y formación vinculadas a tecnologías aplicadas al ámbito industrial,0.9,RUBEN USAMENTIAGA FERNANDEZ
87,"La Universidad de Oviedo inviste como doctora ‘Honoris Causa’ a la científica francesa Emmanuelle Charpentier, Premio Nobel de Química en 2020",https://portalinvestigacion.uniovi.es/investigadores/217882/detalle,desarrollar,DESARROLLA,CRISPR-Cas9,"la científica ha obtenido la máxima distinción académica por el desarrollo de una herramienta de edición genética, CRISPR-Cas9",0.9,ANA YOLANDA GUTIERREZ FERNANDEZ
87,"La Universidad de Oviedo inviste como doctora ‘Honoris Causa’ a la científica francesa Emmanuelle Charpentier, Premio Nobel de Química en 2020",https://portalinvestigacion.uniovi.es/investigadores/217882/detalle,investigar,INVESTIGA_SOBRE,cáncer,"sus investigaciones permiten 'aproximarnos de otro modo al cáncer, a las enfermedades raras, a las patologías genéticas'",0.85,ANA YOLANDA GUTIERREZ FERNANDEZ
87,"La Universidad de Oviedo inviste como doctora ‘Honoris Causa’ a la científica francesa Emmanuelle Charpentier, Premio Nobel de Química en 2020",https://portalinvestigacion.uniovi.es/investigadores/217882/detalle,investigar,INVESTIGA_SOBRE,biotecnología,sus investigaciones permiten 'aproximarnos de otro modo a la biotecnología',0.85,ANA YOLANDA GUTIERREZ FERNANDEZ
87,"La Universidad de Oviedo inviste como doctora ‘Honoris Causa’ a la científica francesa Emmanuelle Charpentier, Premio Nobel de Química en 2020",https://portalinvestigacion.uniovi.es/investigadores/217882/detalle,investigar,INVESTIGA_SOBRE,salud,sus investigaciones permiten 'aproximarnos de otro modo a la salud',0.85,ANA YOLANDA GUTIERREZ FERNANDEZ
87,"La Universidad de Oviedo inviste como doctora ‘Honoris Causa’ a la científica francesa Emmanuelle Charpentier, Premio Nobel de Química en 2020",https://portalinvestigacion.uniovi.es/investigadores/217882/detalle,investigar,INVESTIGA_SOBRE,vida,sus investigaciones permiten 'aproximarnos de otro modo a la vida',0.85,ANA YOLANDA GUTIERREZ FERNANDEZ
89,Estudiantes de ocho centros escolares participan en la primera Olimpiada de Promoción de la Salud de Asturias,https://portalinvestigacion.uniovi.es/investigadores/217949/detalle,impulsar,LIDERA,Olimpiada de Promoción de la Salud,"La iniciativa, impulsada por la Cátedra de Salud Comunitaria y Promoción de la Salud (ProSa) de la Universidad de Oviedo, tiene como finalizar fomentar la alfabetización en salud y el desarrollo de conductas saludables en la población escolar asturiana.",0.9,RUBEN MARTIN PAYO
92,"El bono social eléctrico reduce la pobreza energética, pero no llega a los hogares más vulnerables",https://portalinvestigacion.uniovi.es/investigadores/219985/detalle,investigar,INVESTIGA_SOBRE,impacto del bono social eléctrico en la pobreza energética,"""Nuestro trabajo sugiere que algunos hogares vulnerables podrían enfrentarse a limitaciones estructurales que dificultan que la ayuda se traduzca en mejoras significativas de su situación energética"".",0.9,MANUEL LLORCA RIEGO
92,"El bono social eléctrico reduce la pobreza energética, pero no llega a los hogares más vulnerables",https://portalinvestigacion.uniovi.es/investigadores/218334/detalle,investigar,INVESTIGA_SOBRE,acceso al bono social eléctrico,"""Este resultado podría estar relacionado con la falta de información, así como con la complejidad de los trámites necesarios para solicitarla, lo que dificulta su acceso a quienes más la requieren"".",0.9,ANA MARIA RODRIGUEZ ALVAREZ
94,"Una investigación de la Universidad de Oviedo revela que las semillas no germinan cuando pueden, sino cuando les conviene",https://portalinvestigacion.uniovi.es/investigadores/2370717/detalle,liderar,LIDERA,investigación sobre la germinación de semillas,Esta es la principal conclusión de una investigación liderada por la Universidad de Oviedo.,0.9,EDUARDO FERNANDEZ ALONSO
94,"Una investigación de la Universidad de Oviedo revela que las semillas no germinan cuando pueden, sino cuando les conviene",https://portalinvestigacion.uniovi.es/investigadores/2370717/detalle,investigar,INVESTIGA_SOBRE,estrategias de germinación de semillas,El estudio demuestra que las plantas ajustan el momento de germinación de sus semillas en función del entorno.,0.9,EDUARDO FERNANDEZ ALONSO
94,"Una investigación de la Universidad de Oviedo revela que las semillas no germinan cuando pueden, sino cuando les conviene",https://portalinvestigacion.uniovi.es/investigadores/2370717/detalle,participar,COLABORA_EN,carta abierta sobre regeneración vegetal,"Recientemente, Fernández Pascual ha participado en una carta abierta en la que se alerta de que los procesos de regeneración de las plantas...",0.85,EDUARDO FERNANDEZ ALONSO
98,La Universidad de Oviedo lanza la primera formación oficial de la alianza INGENIUM,https://portalinvestigacion.uniovi.es/investigadores/217449/detalle,liderar,LIDERA,programa de formación de la alianza INGENIUM,"La coordinación del programa la ejerce Jorge García, catedrático y director del Área de Transferencia del Conocimiento de la Universidad de Oviedo.",0.9,JORGE GARCIA RODRIGUEZ
100,La Universidad de Oviedo reúne diez miradas científicas sobre el eclipse solar en una exposición divulgativa abierta a toda Asturias,https://portalinvestigacion.uniovi.es/investigadores/1301842/detalle,aportar,COLABORA_EN,exposición sobre el eclipse solar,...participan especialistas como Sandra Villar Conde... quienes aportan su conocimiento desde sus respectivas áreas de conocimiento.,0.9,SANDRA VILLAR CONDE
100,La Universidad de Oviedo reúne diez miradas científicas sobre el eclipse solar en una exposición divulgativa abierta a toda Asturias,https://portalinvestigacion.uniovi.es/investigadores/217124/detalle,aportar,COLABORA_EN,exposición sobre el eclipse solar,...participan especialistas como Elena Díaz Rodríguez... quienes aportan su conocimiento desde sus respectivas áreas de conocimiento.,0.9,SUSANA IRENE DIAZ RODRIGUEZ
100,La Universidad de Oviedo reúne diez miradas científicas sobre el eclipse solar en una exposición divulgativa abierta a toda Asturias,https://portalinvestigacion.uniovi.es/investigadores/217320/detalle,aportar,COLABORA_EN,exposición sobre el eclipse solar,...participan especialistas como Miguel Calleja Puerta... quienes aportan su conocimiento desde sus respectivas áreas de conocimiento.,0.9,MIGUEL CALLEJA PUERTA
100,La Universidad de Oviedo reúne diez miradas científicas sobre el eclipse solar en una exposición divulgativa abierta a toda Asturias,https://portalinvestigacion.uniovi.es/investigadores/217129/detalle,aportar,COLABORA_EN,exposición sobre el eclipse solar,...participan especialistas como David Álvarez Fernández... quienes aportan su conocimiento desde sus respectivas áreas de conocimiento.,0.9,JOSE LUIS DIAZ DE ARRIBA
100,La Universidad de Oviedo reúne diez miradas científicas sobre el eclipse solar en una exposición divulgativa abierta a toda Asturias,https://portalinvestigacion.uniovi.es/investigadores/218506/detalle,aportar,COLABORA_EN,exposición sobre el eclipse solar,...participan especialistas como Javier Verdejo Manchado... quienes aportan su conocimiento desde sus respectivas áreas de conocimiento.,0.9,JAVIER VERDEJO MANCHADO
101,"Nace Quantum Asturias, la alianza que consolida el posicionamiento de Asturias como referente en el ecosistema de tecnologías cuánticas",https://portalinvestigacion.uniovi.es/investigadores/219634/detalle,participar,COLABORA_EN,Quantum Asturias,"José Ranilla, responsable de Quantum and High Performance Computing de la Universidad de Oviedo, subraya el papel que tendrá en la promoción de una colaboración abierta entre la comunidad investigadora y las empresas.",0.9,JOSE RANILLA PASTOR
101,"Nace Quantum Asturias, la alianza que consolida el posicionamiento de Asturias como referente en el ecosistema de tecnologías cuánticas",https://portalinvestigacion.uniovi.es/investigadores/219634/detalle,investigar,INVESTIGA_SOBRE,tecnologías cuánticas,Quantum Asturias nace también con vocación hacia la educación y la investigación en tecnologías cuánticas.,0.85,JOSE RANILLA PASTOR
107,La Universidad de Oviedo asiste a la entrega de los restos exhumados e identificados de la fosa común de La Caridad,https://portalinvestigacion.uniovi.es/investigadores/217883/detalle,liderar,LIDERA,investigación histórica y científica en la exhumación,...el grupo Arqueos ha realizado el trabajo de campo y liderado la investigación histórica y científica...,0.9,JOSE AVELINO GUTIERREZ GONZALEZ
108,La Universidad de Oviedo recibe la distinción de la Red Nacional de Unidades de Cultura Científica y de la Innovación por el proyecto divulgativo ‘Los ‘por qué’ de los niños’,https://portalinvestigacion.uniovi.es/investigadores/218262/detalle,participar,COLABORA_EN,libro de divulgación científica,Para la redacción de las respuestas se cuenta con la colaboración de Jose Montejo.,0.9,JOSE MANUEL MONTEJO BERNARDO
108,La Universidad de Oviedo recibe la distinción de la Red Nacional de Unidades de Cultura Científica y de la Innovación por el proyecto divulgativo ‘Los ‘por qué’ de los niños’,https://portalinvestigacion.uniovi.es/investigadores/217058/detalle,participar,COLABORA_EN,libro de divulgación científica,Para la redacción de las respuestas se cuenta con la colaboración de Alfonso Fernández.,0.9,ALFONSO FERNANDEZ GONZALEZ
108,La Universidad de Oviedo recibe la distinción de la Red Nacional de Unidades de Cultura Científica y de la Innovación por el proyecto divulgativo ‘Los ‘por qué’ de los niños’,https://portalinvestigacion.uniovi.es/investigadores/217998/detalle,participar,COLABORA_EN,libro de divulgación científica,Para la redacción de las respuestas se cuenta con la colaboración de Covadonga Huidobro.,0.9,COVADONGA HUIDOBRO FERNANDEZ
113,Una egresada de la Universidad de Oviedo accede a la lista de los 111 jóvenes talentos de España,https://portalinvestigacion.uniovi.es/investigadores/2500137/detalle,desarrollar,DESARROLLA,investigación en inteligencia artificial,su intención es continuar desarrollando su trayectoria en el ámbito de la investigación en inteligencia artificial,0.9,MARINA DADER SUAREZ
113,Una egresada de la Universidad de Oviedo accede a la lista de los 111 jóvenes talentos de España,https://portalinvestigacion.uniovi.es/investigadores/2500137/detalle,reforzar,COLABORA_EN,colaboración entre el ámbito académico y el tejido empresarial,subraya la relevancia de reforzar la colaboración entre el ámbito académico y el tejido empresarial,0.85,MARINA DADER SUAREZ
114,La spin-off de la Universidad de Oviedo Plexigrid inaugura el Centro de Control del Futuro que emplea la inteligencia artificial para la gestión del sistema eléctrico,https://portalinvestigacion.uniovi.es/investigadores/218110/detalle,investigar,INVESTIGA_SOBRE,inteligencia artificial aplicada al sector eléctrico,"Es un laboratorio vivo donde ensayamos las tecnologías que harán posible operar redes más renovables, más electrificadas y con mayor presencia de recursos distribuidos.",0.9,INES PEÑUELAS SANCHEZ
114,La spin-off de la Universidad de Oviedo Plexigrid inaugura el Centro de Control del Futuro que emplea la inteligencia artificial para la gestión del sistema eléctrico,https://portalinvestigacion.uniovi.es/investigadores/218110/detalle,desarrollar,DESARROLLA,tecnologías para la gestión de redes eléctricas,Todo lo que probamos aquí termina llegando a las redes reales de nuestros clientes.,0.85,INES PEÑUELAS SANCHEZ
117,La Universidad de Oviedo identifica 99 tipos de hábitats en la región ibero-atlántica,https://portalinvestigacion.uniovi.es/investigadores/219672/detalle,liderar,LIDERA,identificación de 99 tipos de hábitats,Un estudio liderado por la Universidad de Oviedo ha permitido identificar hasta 99 tipos de hábitats diferentes en la región ibero-atlántica.,0.9,Borja Jiménez-Alfaro
117,La Universidad de Oviedo identifica 99 tipos de hábitats en la región ibero-atlántica,https://portalinvestigacion.uniovi.es/investigadores/219672/detalle,desarrollar,DESARROLLA,nuevo enfoque para la conservación de ecosistemas,"El Laboratorio de Vegetación y Biodiversidad, coordinado por Borja Jiménez-Alfaro en la Universidad de Oviedo... ha desarrollado un nuevo enfoque para hacer frente a la conservación de los ecosistemas terrestres.",0.9,Borja Jiménez-Alfaro
118,La Universidad de Oviedo y el Principado crean la Cátedra de Políticas Públicas para impulsar su análisis y evaluación en Asturias,https://portalinvestigacion.uniovi.es/investigadores/217093/detalle,impulsar,LIDERA,Cátedra de Políticas Públicas,"Esta iniciativa conjunta tiene como objetivo impulsar la investigación, la formación y la divulgación en este ámbito",0.9,FRANCISCO JOSE DELGADO RIVERO
118,La Universidad de Oviedo y el Principado crean la Cátedra de Políticas Públicas para impulsar su análisis y evaluación en Asturias,https://portalinvestigacion.uniovi.es/investigadores/217093/detalle,desarrollar,DESARROLLA,actividades de la Cátedra de Políticas Públicas,la cátedra desarrollará en los próximos meses actividades tales como una jornada sobre la reforma del sistema de financiación autonómica,0.85,FRANCISCO JOSE DELGADO RIVERO
119,Europa exporta los coches usados más contaminantes hacia países con regulaciones ambientales más laxas,https://portalinvestigacion.uniovi.es/investigadores/217079/detalle,investigar,INVESTIGA_SOBRE,exportaciones de coches usados contaminantes,el desplazamiento de vehículos de combustión hacía países en desarrollo... puede convertirse en una amenaza en un contexto de crisis climática mundial,0.9,MARIA BEGOÑA CUETO IGLESIAS
119,Europa exporta los coches usados más contaminantes hacia países con regulaciones ambientales más laxas,https://portalinvestigacion.uniovi.es/investigadores/217079/detalle,liderar,LIDERA,investigación sobre políticas ambientales,una investigación liderada por Ignacio del Rosal,0.95,MARIA BEGOÑA CUETO IGLESIAS
120,El Campus de Mieres acoge el II Encuentro de la Red DESP-OB para avanzar en el análisis del despoblamiento en España,https://portalinvestigacion.uniovi.es/investigadores/219106/detalle,investigar,INVESTIGA_SOBRE,despoblamiento rural,"La jornada del 29 de abril continuó con la conferencia “¿Lugares que no importan? La despoblación rural en su perspectiva histórica”, impartida por Fernando Collantes, catedrático de Historia e Instituciones Económicas de la Universidad de Oviedo.",0.9,FERNANDO COLLANTES GUTIERREZ
120,El Campus de Mieres acoge el II Encuentro de la Red DESP-OB para avanzar en el análisis del despoblamiento en España,https://portalinvestigacion.uniovi.es/investigadores/217723/detalle,participar,COLABORA_EN,Red Estratégica para la creación de un Observatorio de la Despoblación y el Despoblamiento (DESP-OB),"El encuentro se ha inaugurado con una bienvenida institucional celebrada en la Sala de Convenciones del Edificio de Investigación, en la que han participado Elena Lasarte, profesora de Economía Aplicada y coordinadora de REGIOlab en la Universidad de Oviedo.",0.8,ELENA LASARTE NAVAMUEL
121,La Universidad de Oviedo aprueba la convocatoria de 129 plazas de profesorado para cubrir las necesidades docentes del próximo curso,https://portalinvestigacion.uniovi.es/investigadores/1010273/detalle,ofrecer,DESARROLLA,nuevo reglamento de la Escuela de Doctorado,"La vicerrectora de Investigación, Irene Díaz, ha explicado que, con este nuevo reglamento de la Escuela de Doctorado, la Universidad de Oviedo 'busca implementar de forma efectiva estos avances, garantizando una formación doctoral de calidad'.",0.9,IRENE DIAZ MARTINEZ
121,La Universidad de Oviedo aprueba la convocatoria de 129 plazas de profesorado para cubrir las necesidades docentes del próximo curso,https://portalinvestigacion.uniovi.es/investigadores/217928/detalle,ofrecer,DESARROLLA,Máster Universitario en Envejecimiento Saludable y Calidad de Vida,"El vicerrector de Estudios y Docencia, Juan Manuel Marchante, ha señalado que 'este nuevo máster responde a uno de los grandes desafíos de nuestro tiempo y refleja la capacidad de la Universidad de Oviedo para adaptar su oferta académica'.",0.9,JUAN MANUEL MARCHANTE GAYON
121,La Universidad de Oviedo aprueba la convocatoria de 129 plazas de profesorado para cubrir las necesidades docentes del próximo curso,https://portalinvestigacion.uniovi.es/investigadores/217775/detalle,ofrecer,DESARROLLA,reforma del reglamento de reconocimiento de créditos,"El vicerrector de Estudiantes y Empleabilidad, Alfonso López Muñiz, ha explicado que el texto recoge también que los estudiantes constituirán un 25% en todas las comisiones de reconocimiento.",0.9,ALFONSO JOAQUIN LOPEZ MUÑIZ
123,Profesores y estudiantes de la Universidad de Oviedo participan en Lituania en el tercer curso piloto del proyecto europeo TEDI,https://portalinvestigacion.uniovi.es/investigadores/216776/detalle,participar,COLABORA_EN,proyecto TEDI,Han participado cinco estudiantes de diferentes grados y máster... acompañados en Lituania por los profesores...,0.9,BRAULIO JOSE ALVAREZ ALVAREZ
123,Profesores y estudiantes de la Universidad de Oviedo participan en Lituania en el tercer curso piloto del proyecto europeo TEDI,https://portalinvestigacion.uniovi.es/investigadores/218285/detalle,participar,COLABORA_EN,proyecto TEDI,Han participado cinco estudiantes de diferentes grados y máster... acompañados en Lituania por los profesores...,0.9,VICTOR MANUEL MEANA DIAZ
124,Investigadores de la Universidad de Oviedo apuntan al valor de la prevención escolar para mejorar la salud mental adolescente,https://portalinvestigacion.uniovi.es/investigadores/216748/detalle,desarrollar,DESARROLLA,prevención de la conducta suicida en adolescentes,"El trabajo se ha desarrollado con la participación voluntaria de seis institutos de educación secundaria de Oviedo, Siero, Nava y Villaviciosa.",0.9,SUSANA AL-HALABI DIAZ
124,Investigadores de la Universidad de Oviedo apuntan al valor de la prevención escolar para mejorar la salud mental adolescente,https://portalinvestigacion.uniovi.es/investigadores/220163/detalle,participar,COLABORA_EN,proyecto de investigación sobre la prevención de la conducta suicida,"Los profesores José Errasti y Víctor Martínez-Loredo, del Departamento de Psicología de la Universidad de Oviedo, participaron en el proyecto aportando asesoramiento científico y apoyo en el análisis estadístico de los datos.",0.85,VICTOR MARTINEZ LOREDO
124,Investigadores de la Universidad de Oviedo apuntan al valor de la prevención escolar para mejorar la salud mental adolescente,https://portalinvestigacion.uniovi.es/investigadores/217162/detalle,participar,COLABORA_EN,proyecto de investigación sobre la prevención de la conducta suicida,"Los profesores José Errasti y Víctor Martínez-Loredo, del Departamento de Psicología de la Universidad de Oviedo, participaron en el proyecto aportando asesoramiento científico y apoyo en el análisis estadístico de los datos.",0.85,JOSE MANUEL ERRASTI PEREZ
127,Un estudio de la Universidad de Oviedo refleja que al menos un tercio de la población española no sigue pautas alimentarias saludables,https://portalinvestigacion.uniovi.es/investigadores/217118/detalle,investigar,INVESTIGA_SOBRE,"transformaciones en las prácticas de compra, preparación y consumo de alimentos","El grupo de investigación en Sociología de la Alimentación (SOCIALIMEN) de la Universidad de Oviedo ha publicado un estudio en el que analizan las transformaciones recientes en las prácticas de compra, preparación y consumo de alimentos...",0.9,CECILIA DIAZ MENDEZ
127,Un estudio de la Universidad de Oviedo refleja que al menos un tercio de la población española no sigue pautas alimentarias saludables,https://portalinvestigacion.uniovi.es/investigadores/220100/detalle,investigar,INVESTIGA_SOBRE,"transformaciones en las prácticas de compra, preparación y consumo de alimentos","El grupo de investigación en Sociología de la Alimentación (SOCIALIMEN) de la Universidad de Oviedo ha publicado un estudio en el que analizan las transformaciones recientes en las prácticas de compra, preparación y consumo de alimentos...",0.9,SONIA OTERO ESTEVEZ
127,Un estudio de la Universidad de Oviedo refleja que al menos un tercio de la población española no sigue pautas alimentarias saludables,https://portalinvestigacion.uniovi.es/investigadores/217576/detalle,investigar,INVESTIGA_SOBRE,"transformaciones en las prácticas de compra, preparación y consumo de alimentos","El grupo de investigación en Sociología de la Alimentación (SOCIALIMEN) de la Universidad de Oviedo ha publicado un estudio en el que analizan las transformaciones recientes en las prácticas de compra, preparación y consumo de alimentos...",0.9,MARIA ISABEL GARCIA ESPEJO
128,La Universidad de Oviedo ensaya el gran eclipse total de agosto con una observación abierta a la sociedad este 29 de abril,https://portalinvestigacion.uniovi.es/investigadores/217196/detalle,ofrecer,DESARROLLA,observación del eclipse,investigadores del Instituto de Ciencias y Tecnologías Espaciales de Asturias (ICTEA) de la institución académica asturiana... ofrecerán una explicación detallada del fenómeno astronómico,0.9,FRANCISCO JAVIER DE COS JUEZ
128,La Universidad de Oviedo ensaya el gran eclipse total de agosto con una observación abierta a la sociedad este 29 de abril,https://portalinvestigacion.uniovi.es/investigadores/217196/detalle,investigar,INVESTIGA_SOBRE,fenómeno astronómico,Javier de Cos subraya el valor práctico de la iniciativa: 'El 29 de abril podremos comprobar sobre el terreno aspectos fundamentales...',0.85,FRANCISCO JAVIER DE COS JUEZ
128,La Universidad de Oviedo ensaya el gran eclipse total de agosto con una observación abierta a la sociedad este 29 de abril,https://portalinvestigacion.uniovi.es/investigadores/1010273/detalle,ofrecer,DESARROLLA,recomendaciones para la observación del eclipse,Noemí Pinilla-Alonso incide en la importancia de la divulgación científica: 'Queremos que la gente no solo observe el eclipse...',0.85,IRENE DIAZ MARTINEZ
129,Villaverde defiende un cambio de modelo en la movilidad académica hacia alianzas más estructuradas y equitativas,https://portalinvestigacion.uniovi.es/investigadores/218536/detalle,liderar,LIDERA,cambio de modelo en la movilidad académica,Villaverde ha defendido la necesidad de replantear los modelos tradicionales de movilidad académica para adaptarlos a los retos del siglo XXI.,0.9,IGNACIO VILLAVERDE MENENDEZ
129,Villaverde defiende un cambio de modelo en la movilidad académica hacia alianzas más estructuradas y equitativas,https://portalinvestigacion.uniovi.es/investigadores/218536/detalle,investigar,INVESTIGA_SOBRE,internacionalización universitaria,Villaverde ha planteado una reflexión de fondo sobre el sentido y la eficacia de los modelos actuales.,0.85,IGNACIO VILLAVERDE MENENDEZ
129,Villaverde defiende un cambio de modelo en la movilidad académica hacia alianzas más estructuradas y equitativas,https://portalinvestigacion.uniovi.es/investigadores/218536/detalle,desarrollar,DESARROLLA,alianzas estratégicas en la internacionalización,"Villaverde ha defendido que la internacionalización universitaria debe apoyarse en alianzas estratégicas que permitan integrar docencia, investigación y transferencia de conocimiento.",0.88,IGNACIO VILLAVERDE MENENDEZ
131,"Las universidades del G-9 analizan en Palma cambios en la docencia, la evaluación y la ordenación académica",https://portalinvestigacion.uniovi.es/investigadores/217928/detalle,investigar,INVESTIGA_SOBRE,análisis de la docencia,ha presentado los resultados del análisis de la docencia que están realizando.,0.9,JUAN MANUEL MARCHANTE GAYON
133,Las láminas didácticas de la Cátedra de Cambio Climático se alzan con un premio internacional de ilustración,https://portalinvestigacion.uniovi.es/investigadores/217570/detalle,aportar,COLABORA_EN,láminas didácticas sobre cambio climático,"...un equipo interdisciplinar de la Cátedra, encargado de aportar la base científica y técnica de cada tema y de validar los resultados finales.",0.9,LAURA GARCIA DE LA FUENTE
133,Las láminas didácticas de la Cátedra de Cambio Climático se alzan con un premio internacional de ilustración,https://portalinvestigacion.uniovi.es/investigadores/1301843/detalle,formar,COLABORA_EN,láminas didácticas sobre cambio climático,"...un equipo interdisciplinar de la Cátedra, encargado de aportar la base científica y técnica de cada tema y de validar los resultados finales.",0.9,ISABEL MARTINEZ PEREZ
133,Las láminas didácticas de la Cátedra de Cambio Climático se alzan con un premio internacional de ilustración,https://portalinvestigacion.uniovi.es/investigadores/219096/detalle,aportar,COLABORA_EN,láminas didácticas sobre cambio climático,"...un equipo interdisciplinar de la Cátedra, encargado de aportar la base científica y técnica de cada tema y de validar los resultados finales.",0.9,PEDRO ARCOS GONZÁLEZ
133,Las láminas didácticas de la Cátedra de Cambio Climático se alzan con un premio internacional de ilustración,https://portalinvestigacion.uniovi.es/investigadores/218149/detalle,formar,COLABORA_EN,láminas didácticas sobre cambio climático,"...un equipo interdisciplinar de la Cátedra, encargado de aportar la base científica y técnica de cada tema y de validar los resultados finales.",0.9,JOSE MANUEL RICO ORDAS
133,Las láminas didácticas de la Cátedra de Cambio Climático se alzan con un premio internacional de ilustración,https://portalinvestigacion.uniovi.es/investigadores/216996/detalle,formar,COLABORA_EN,láminas didácticas sobre cambio climático,"...un equipo interdisciplinar de la Cátedra, encargado de aportar la base científica y técnica de cada tema y de validar los resultados finales.",0.9,ARTURO COLINA VUELTA
133,Las láminas didácticas de la Cátedra de Cambio Climático se alzan con un premio internacional de ilustración,https://portalinvestigacion.uniovi.es/investigadores/218040/detalle,aportar,COLABORA_EN,láminas didácticas sobre cambio climático,"...un equipo interdisciplinar de la Cátedra, encargado de aportar la base científica y técnica de cada tema y de validar los resultados finales.",0.9,ICARO OBESO MUÑIZ
133,Las láminas didácticas de la Cátedra de Cambio Climático se alzan con un premio internacional de ilustración,https://portalinvestigacion.uniovi.es/investigadores/217903/detalle,formar,COLABORA_EN,láminas didácticas sobre cambio climático,"...un equipo interdisciplinar de la Cátedra, encargado de aportar la base científica y técnica de cada tema y de validar los resultados finales.",0.9,DANIEL HERRERA ARENAS
133,Las láminas didácticas de la Cátedra de Cambio Climático se alzan con un premio internacional de ilustración,https://portalinvestigacion.uniovi.es/investigadores/219660/detalle,aportar,COLABORA_EN,láminas didácticas sobre cambio climático,"...un equipo interdisciplinar de la Cátedra, encargado de aportar la base científica y técnica de cada tema y de validar los resultados finales.",0.9,ANTONIO TORRALBA BURRIAL
134,La Defensoría Universitaria de la Universidad de Oviedo superó las 300 actuaciones durante el año pasado,https://portalinvestigacion.uniovi.es/investigadores/218539/detalle,investigar,INVESTIGA_SOBRE,defensa de derechos y libertades en el ámbito académico,“Me llevo la sensación de haber servido con honestidad y sensibilidad a esta misión tan noble que es la defensa de los derechos y libertades de todas las personas que conforman la Universidad de Oviedo”,0.9,MARIA ISABEL VIÑA OLAY
137,La Universidad de Oviedo impulsa su proyección cultural con una edición extendida del Festival musicUO,https://portalinvestigacion.uniovi.es/investigadores/2354774/detalle,liderar,LIDERA,Festival musicUO,"Ramón Sobrino, catedrático de Musicología y director del ciclo.",0.9,RAMON SOBRINO CORTIZO
137,La Universidad de Oviedo impulsa su proyección cultural con una edición extendida del Festival musicUO,https://portalinvestigacion.uniovi.es/investigadores/218442/detalle,participar,COLABORA_EN,Festival musicUO,Guiado por Ramón Sobrino Sánchez.,0.85,RAMON SOBRINO SANCHEZ
137,La Universidad de Oviedo impulsa su proyección cultural con una edición extendida del Festival musicUO,https://portalinvestigacion.uniovi.es/investigadores/219637/detalle,participar,COLABORA_EN,Homenaje a Benito Jerónimo Feijoo,con la colaboración de María Sanhuesa Fonseca.,0.8,MARIA SANHUESA FONSECA
138,La alianza INGENIUM supera su primera evaluación internacional que destaca su potencial transformador y solidez cultural,https://portalinvestigacion.uniovi.es/investigadores/218536/detalle,reforzar,COLABORA_EN,estructuras de gobernanza,Los evaluadores proponen reforzar las estructuras de gobernanza y crear indicadores para medir el desarrollo alcanzado por el consorcio.,0.9,IGNACIO VILLAVERDE MENENDEZ
138,La alianza INGENIUM supera su primera evaluación internacional que destaca su potencial transformador y solidez cultural,https://portalinvestigacion.uniovi.es/investigadores/218536/detalle,desarrollar,DESARROLLA,planes de transformación institucional,cree relevante que ya se estén desarrollando planes de transformación institucional en las universidades socias.,0.85,IGNACIO VILLAVERDE MENENDEZ
138,La alianza INGENIUM supera su primera evaluación internacional que destaca su potencial transformador y solidez cultural,https://portalinvestigacion.uniovi.es/investigadores/218536/detalle,investigar,INVESTIGA_SOBRE,estructuras doctorales conjuntas,"en relación con la investigación, el análisis aconseja avanzar en estructuras doctorales conjuntas y mecanismos de colaboración más consolidados.",0.8,IGNACIO VILLAVERDE MENENDEZ
139,La Sala de Exposiciones de la Universidad de Oviedo invita a la reflexión a través del arte contemporáneo brasileño,https://portalinvestigacion.uniovi.es/investigadores/219809/detalle,participar,COLABORA_EN,Antes que desaparezca,"la galerista y coordinadora local, Silvia Medina, y la productora ejecutiva del proyecto, Malu da Cunha, que interviene en nombre de los artistas.",0.9,SILVIA MEDINA QUINTANA
140,Una investigación de la Universidad de Oviedo revela que las empresas europeas aún ocultan gran parte de su impacto ambiental,https://portalinvestigacion.uniovi.es/investigadores/217791/detalle,investigar,INVESTIGA_SOBRE,divulgación ambiental en empresas de la UE,"""El marco regulatorio ha supuesto un impulso relevante, pero no garantiza por sí solo niveles elevados de divulgación"".",0.9,PEDRO LORCA FERNANDEZ
140,Una investigación de la Universidad de Oviedo revela que las empresas europeas aún ocultan gran parte de su impacto ambiental,https://portalinvestigacion.uniovi.es/investigadores/216887/detalle,investigar,INVESTIGA_SOBRE,divulgación ambiental en empresas de la UE,"""Las diferencias entre países ponen de manifiesto que la regulación común convive con realidades institucionales diversas que siguen influyendo en el comportamiento empresarial"".",0.9,JAVIER DE ANDRES SUAREZ
142,Ingenieros españoles y británicos prueban con éxito un sistema híbrido de energía solar y fuentes nucleares para alimentar misiones espaciales,https://portalinvestigacion.uniovi.es/investigadores/217321/detalle,desarrollar,DESARROLLA,sistemas de energía híbridos RTG-solar,se ha desarrollado una base para la próxima generación de sistemas de energía híbridos RTG-solar.,0.9,PABLO FERNANDEZ MIAJA
142,Ingenieros españoles y británicos prueban con éxito un sistema híbrido de energía solar y fuentes nucleares para alimentar misiones espaciales,https://portalinvestigacion.uniovi.es/investigadores/217321/detalle,impulsar,LIDERA,línea de investigación en aplicaciones espaciales,"Desde 2018, ha impulsado una línea de investigación en aplicaciones espaciales que ha abordado desde desarrollos para sustituir y mejorar componentes espaciales...",0.85,PABLO FERNANDEZ MIAJA
142,Ingenieros españoles y británicos prueban con éxito un sistema híbrido de energía solar y fuentes nucleares para alimentar misiones espaciales,https://portalinvestigacion.uniovi.es/investigadores/1116426/detalle,participar,COLABORA_EN,pruebas de integración de un sistema híbrido,"José Antonio Fernández Álvarez, doctorando del equipo asturiano destinado en la Universidad de Leicester, subraya que 'este tipo de sistemas híbridos abre la puerta a misiones más ambiciosas...'.",0.8,JOSE ANTONIO FERNANDEZ ALVAREZ
143,El Museo de la Ciencia de Valladolid instala en su exposición permanente la primera tabla periódica del mundo en lengua de signos,https://portalinvestigacion.uniovi.es/investigadores/218778/detalle,desarrollar,DESARROLLA,método lingüístico y didáctico para la traducción de la Tabla Periódica a lengua de signos,"El equipo desarrolló un método lingüístico y didáctico que culminó en la propuesta de 118 signos en LSE, uno por cada elemento químico.",0.9,JAVIER MARTIN SANCHEZ
143,El Museo de la Ciencia de Valladolid instala en su exposición permanente la primera tabla periódica del mundo en lengua de signos,https://portalinvestigacion.uniovi.es/investigadores/218778/detalle,investigar,INVESTIGA_SOBRE,traducción de la Tabla Periódica en lengua de signos,El trabajo de investigación de esta iniciativa partió de un análisis riguroso del léxico en LSE y de la constatación de que no existía una traducción completa y sistemática de la Tabla Periódica en ninguna lengua signada del mundo.,0.95,JAVIER MARTIN SANCHEZ
144,La alianza europea INGENIUM pondrá en marcha el próximo curso académico su primer máster oficial,https://portalinvestigacion.uniovi.es/investigadores/217928/detalle,investigar,INVESTIGA_SOBRE,Máster Conjunto Internacional en Tecnologías de los Procesos Químicos y Bioquímicos,"El vicerrector de Estudios y Docencia, Juan Manuel Marchante, ""está en la actualidad siendo evaluado por la agencia de calidad rumana"".",0.9,JUAN MANUEL MARCHANTE GAYON
144,La alianza europea INGENIUM pondrá en marcha el próximo curso académico su primer máster oficial,https://portalinvestigacion.uniovi.es/investigadores/1010273/detalle,impulsar,LIDERA,ecosistema de I+D+i,"“Esta iniciativa permitirá la incorporación de nuevos investigadores e investigadoras en formación, que desarrollarán sus tesis doctorales en el seno de la institución durante cuatro años, con lo que impulsamos el ecosistema de I+D+i”",0.85,IRENE DIAZ MARTINEZ
147,Nueve de cada diez adolescentes asturianos consumen bebidas azucaradas de forma habitual u ocasional,https://portalinvestigacion.uniovi.es/investigadores/1010280/detalle,investigar,INVESTIGA_SOBRE,consumo de bebidas azucaradas entre adolescentes,El estudio revela además que el consumo comienza a edades muy tempranas y aumenta progresivamente con la edad hasta el punto de convertirse en un problema emergente de salud pública.,0.9,LUCIA FERNANDEZ ARCE
147,Nueve de cada diez adolescentes asturianos consumen bebidas azucaradas de forma habitual u ocasional,https://portalinvestigacion.uniovi.es/investigadores/217949/detalle,participar,COLABORA_EN,estudio sobre el consumo de bebidas azucaradas,"Los resultados ponen de manifiesto la urgencia de actuar de forma coordinada desde el ámbito educativo, sanitario e institucional para frenar una tendencia que ya está ampliamente extendida entre los jóvenes.",0.9,RUBEN MARTIN PAYO
147,Nueve de cada diez adolescentes asturianos consumen bebidas azucaradas de forma habitual u ocasional,https://portalinvestigacion.uniovi.es/investigadores/217019/detalle,investigar,INVESTIGA_SOBRE,consumo de bebidas azucaradas entre adolescentes,"El trabajo evidencia que el consumo de este tipo de productos no se limita a momentos puntuales, sino que está plenamente integrado en la vida cotidiana de los adolescentes.",0.9,MARIA DEL MAR FERNANDEZ ALVAREZ
151,La Universidad de Oviedo avanza en su nuevo modelo de docencia para afrontar los desafíos formativos del siglo XXI,https://portalinvestigacion.uniovi.es/investigadores/217928/detalle,impulsar,LIDERA,modelo docente más flexible e innovador,"Marchante ha subrayado que el objetivo es 'consolidar un modelo docente más flexible, innovador y centrado en el aprendizaje del estudiantado...'.",0.9,JUAN MANUEL MARCHANTE GAYON
151,La Universidad de Oviedo avanza en su nuevo modelo de docencia para afrontar los desafíos formativos del siglo XXI,https://portalinvestigacion.uniovi.es/investigadores/217928/detalle,ofrecer,DESARROLLA,evaluación por competencias,"...en el que la evaluación por competencias, las metodologías activas y la coordinación docente tengan un papel central.",0.85,JUAN MANUEL MARCHANTE GAYON
151,La Universidad de Oviedo avanza en su nuevo modelo de docencia para afrontar los desafíos formativos del siglo XXI,https://portalinvestigacion.uniovi.es/investigadores/217928/detalle,desarrollar,DESARROLLA,metodologías activas,"...en el que la evaluación por competencias, las metodologías activas y la coordinación docente tengan un papel central.",0.85,JUAN MANUEL MARCHANTE GAYON
153,La mayoría de los universitarios fallan al distinguir noticias científicas verdaderas y falsas publicadas en redes sociales,https://portalinvestigacion.uniovi.es/investigadores/218756/detalle,reforzar,COLABORA_EN,alfabetización mediática y científica,la difusión de información científica en redes sociales y medios digitales exige reforzar la alfabetización mediática y científica del alumnado,0.9,NEREA LOPEZ BOUZAS
153,La mayoría de los universitarios fallan al distinguir noticias científicas verdaderas y falsas publicadas en redes sociales,https://portalinvestigacion.uniovi.es/investigadores/219556/detalle,ofrecer,DESARROLLA,estrategias en la enseñanza de las ciencias,los resultados ponen de manifiesto la importancia de incorporar en la enseñanza de las ciencias estrategias que ayuden al alumnado a analizar críticamente la información,0.9,MARIA CARMEN BELLVER MORENO
153,La mayoría de los universitarios fallan al distinguir noticias científicas verdaderas y falsas publicadas en redes sociales,https://portalinvestigacion.uniovi.es/investigadores/217246/detalle,investigar,INVESTIGA_SOBRE,persuasión de argumentos sin respaldo científico,"la apariencia de un argumento coherente puede resultar muy persuasiva, incluso cuando la información no está respaldada por evidencias científicas",0.9,JONATHAN CASTAÑEDA FERNANDEZ
156,Investigadores de la Universidad de Oviedo revelan la falta de programas para abordar el tabaquismo en personas con discapacidad intelectual,https://portalinvestigacion.uniovi.es/investigadores/1301794/detalle,investigar,INVESTIGA_SOBRE,tabaquismo en personas con discapacidad intelectual,...una serie de estudios recientes están ayudando a visibilizar esta realidad y a comprender mejor cómo prevenir y abordar estos problemas.,0.9,ELENA AMALIA UDEANU
156,Investigadores de la Universidad de Oviedo revelan la falta de programas para abordar el tabaquismo en personas con discapacidad intelectual,https://portalinvestigacion.uniovi.es/investigadores/1301794/detalle,participar,COLABORA_EN,proyecto de investigación sobre el tabaquismo,...se encuentra además en marcha el estudio final del proyecto de investigación...,0.85,ELENA AMALIA UDEANU
156,Investigadores de la Universidad de Oviedo revelan la falta de programas para abordar el tabaquismo en personas con discapacidad intelectual,https://portalinvestigacion.uniovi.es/investigadores/217579/detalle,investigar,INVESTIGA_SOBRE,tabaquismo en personas con discapacidad intelectual,"...indica la investigadora principal del proyecto, Gloria García Fernández, de la Universidad de Oviedo.",0.9,GLORIA GARCIA FERNANDEZ
156,Investigadores de la Universidad de Oviedo revelan la falta de programas para abordar el tabaquismo en personas con discapacidad intelectual,https://portalinvestigacion.uniovi.es/investigadores/217579/detalle,participar,COLABORA_EN,proyecto de investigación sobre el tabaquismo,"...indica la investigadora principal del proyecto, Gloria García Fernández, de la Universidad de Oviedo.",0.85,GLORIA GARCIA FERNANDEZ
158,Los profesores de la Universidad de Oviedo Celestino Rodríguez y Marisol Cueli logran el premio Samuel Kirk al mejor artículo internacional sobre dificultades de aprendizaje,https://portalinvestigacion.uniovi.es/investigadores/218643/detalle,investigar,INVESTIGA_SOBRE,autoeficacia académica y aprendizaje autorregulado,este reconocimiento pone en valor la importancia de investigar cómo aprenden los estudiantes con dificultades,0.9,CELESTINO RODRIGUEZ PEREZ
158,Los profesores de la Universidad de Oviedo Celestino Rodríguez y Marisol Cueli logran el premio Samuel Kirk al mejor artículo internacional sobre dificultades de aprendizaje,https://portalinvestigacion.uniovi.es/investigadores/218643/detalle,desarrollar,DESARROLLA,éxito académico de estudiantes universitarios con dificultades específicas de aprendizaje,cómo podemos mejorar su éxito académico desde la evidencia científica,0.85,CELESTINO RODRIGUEZ PEREZ
161,"El investigador Jorge González-Rodríguez, del Departamento de Química Orgánica e Inorgánica de la Universidad de Oviedo, se alza con el Premio AsturChem2025",https://portalinvestigacion.uniovi.es/investigadores/220003/detalle,investigar,INVESTIGA_SOBRE,Hidratación de alquinos activados catalizada por L‑cisteína,El trabajo seleccionado como Premio AsturChem2025 ha sido el presentado por el investigador Jorge González-Rodríguez y titulado Hidratación de alquinos activados catalizada por L‑cisteína.,0.9,JUAN ALFONSO FERNANDEZ GARCIA
161,"El investigador Jorge González-Rodríguez, del Departamento de Química Orgánica e Inorgánica de la Universidad de Oviedo, se alza con el Premio AsturChem2025",https://portalinvestigacion.uniovi.es/investigadores/220003/detalle,desarrollar,DESARROLLA,química más sostenible,"el artículo ganador busca reemplazar metales pesados por nuevos catalizadores orgánicos o biológicos, lo que se enmarca en el desarrollo de una química más sostenible.",0.85,JUAN ALFONSO FERNANDEZ GARCIA
163,La Universidad de Oviedo pone en valor el legado de Aurora de Albornoz en el centenario de su nacimiento,https://portalinvestigacion.uniovi.es/investigadores/219833/detalle,investigar,INVESTIGA_SOBRE,figuras literarias y memoria democrática,"Alba González Sanz ha subrayado la importancia de investigar, documentar y reivindicar a escritoras e investigadoras referenciales que avanzaron caminos pioneros en todas sus facetas.",0.9,ALBA GONZALEZ SANZ
163,La Universidad de Oviedo pone en valor el legado de Aurora de Albornoz en el centenario de su nacimiento,https://portalinvestigacion.uniovi.es/investigadores/219833/detalle,participar,COLABORA_EN,ciclo de conferencias Hacia el fondo del tiempo,"Alba González Sanz impartirá la conferencia Aurora de Albornoz: poeta, estudiosa y cronista de un tiempo.",0.9,ALBA GONZALEZ SANZ
163,La Universidad de Oviedo pone en valor el legado de Aurora de Albornoz en el centenario de su nacimiento,https://portalinvestigacion.uniovi.es/investigadores/219833/detalle,formar,COLABORA_EN,programa de conferencias,Begoña Camblor Pandiella y Alba González Sanz han diseñado un programa de conferencias que reúne a personas expertas en la autora o en la literatura del siglo XX.,0.9,ALBA GONZALEZ SANZ
164,Un estudio sobre ejercicio físico y cáncer en adolescentes gana los Premios Nacionales de Investigación en Medicina del Deporte Fundación Cajastur,https://portalinvestigacion.uniovi.es/investigadores/218896/detalle,investigar,INVESTIGA_SOBRE,ejercicio físico en adolescentes con cáncer,"El trabajo, titulado Efectos del ejercicio físico supervisado sobre la función cardíaca y la capacidad funcional en adolescentes con cáncer durante el tratamiento intensivo: ensayo clínico aleatorizado multicéntrico, ha sido presentado por investigadores de los hospitales 12 de Octubre...",0.9,MIGUEL ENRIQUE DEL VALLE SOTO
167,El laboratorio MediaLab de la Universidad de Oviedo obtiene el premio Ingeniería para las Personas por el diseño y fabricación de prótesis impresas en 3D,https://portalinvestigacion.uniovi.es/investigadores/2355544/detalle,desarrollar,DESARROLLA,prótesis personalizadas,"La iniciativa reúne a estudiantes, investigadores y profesionales de diferentes disciplinas que trabajan de forma colaborativa para desarrollar soluciones adaptadas a personas con amputaciones o malformaciones congénitas, especialmente niños.",0.9,CLAUDIA GARCIA GONZALEZ
167,El laboratorio MediaLab de la Universidad de Oviedo obtiene el premio Ingeniería para las Personas por el diseño y fabricación de prótesis impresas en 3D,https://portalinvestigacion.uniovi.es/investigadores/2355544/detalle,investigar,INVESTIGA_SOBRE,diseño participativo,El proceso se basa en un modelo de diseño participativo en el que las propias personas usuarias y sus familias colaboran con el equipo del laboratorio para definir las necesidades específicas de cada caso.,0.85,CLAUDIA GARCIA GONZALEZ
169,El seguimiento por GPS de la fauna silvestre revela carencias clave en la evaluación ambiental de los parques eólicos,https://portalinvestigacion.uniovi.es/investigadores/218998/detalle,reforzar,COLABORA_EN,seguimientos de fauna siniestrada en los parques eólicos,"Carlos Cabo, otro de los investigadores principales del proyecto, subraya la necesidad de mejorar los seguimientos de fauna siniestrada en los parques eólicos.",0.9,CARLOS CABO GOMEZ
172,La Universidad de Oviedo celebra 25 años impulsando la transferencia de conocimiento y la divulgación científica,https://portalinvestigacion.uniovi.es/investigadores/1010273/detalle,investigar,INVESTIGA_SOBRE,divulgación científica,Irene Díaz ha reconocido que “la investigación que se realiza en las universidades tiene sentido pleno cuando llega a la sociedad.,0.9,IRENE DIAZ MARTINEZ
172,La Universidad de Oviedo celebra 25 años impulsando la transferencia de conocimiento y la divulgación científica,https://portalinvestigacion.uniovi.es/investigadores/1010273/detalle,desarrollar,DESARROLLA,"programa Hola, soy tu laboratorio","la Universidad de Oviedo desarrollará el programa Hola, soy tu laboratorio , con el que abrirá las puertas de algunas de sus instalaciones científicas a los centros educativos asturianos.",0.85,IRENE DIAZ MARTINEZ
172,La Universidad de Oviedo celebra 25 años impulsando la transferencia de conocimiento y la divulgación científica,https://portalinvestigacion.uniovi.es/investigadores/1010273/detalle,ofrecer,DESARROLLA,monólogos científicos,Personal investigador de distintas áreas de conocimiento... compartirán historias y curiosidades relacionadas con sus campos de estudio a través de monólogos.,0.8,IRENE DIAZ MARTINEZ
174,La Universidad de Oviedo visibiliza 20 investigaciones con perspectiva de género en su acto institucional por el 8M,https://portalinvestigacion.uniovi.es/investigadores/217023/detalle,investigar,INVESTIGA_SOBRE,género e igualdad,cada participante explica su línea de investigación y su contribución al avance del conocimiento en materia de igualdad y género.,0.9,MANES FERNANDEZ CABANAS
175,Noelia López Souto gana el Premio de Investigación Instituto Feijoo de Estudios del Siglo XVIII 2026,https://portalinvestigacion.uniovi.es/investigadores/218046/detalle,investigar,INVESTIGA_SOBRE,poesía festiva de José Iglesias de la Casa,La obra galardonada analiza la poesía festiva de José Iglesias de la Casa.,0.9,RODRIGO OLAY VALDES
176,Un estudio de la Universidad de Oviedo identifica un biomarcador clave para entender el entrenamiento en medallistas olímpicos,https://portalinvestigacion.uniovi.es/investigadores/2237794/detalle,investigar,INVESTIGA_SOBRE,microRNA y entrenamiento en deportistas olímpicos,"""...señala David Fernández Vivero, primer autor del estudio e investigador predoctoral Severo Ochoa en la Universidad de Oviedo.""",0.9,DAVID FERNANDEZ VIVERO
176,Un estudio de la Universidad de Oviedo identifica un biomarcador clave para entender el entrenamiento en medallistas olímpicos,https://portalinvestigacion.uniovi.es/investigadores/1095853/detalle,liderar,LIDERA,estudio sobre microRNA y ejercicio,"""...ha sido liderado por el grupo de investigación Intervenciones Traslacionales para la Salud de la Universidad de Oviedo...""",0.85,MANUEL FERNANDEZ SANJURJO
176,Un estudio de la Universidad de Oviedo identifica un biomarcador clave para entender el entrenamiento en medallistas olímpicos,https://portalinvestigacion.uniovi.es/investigadores/1095853/detalle,desarrollar,DESARROLLA,nuevas aplicaciones en medicina y deporte,"""...su conocimiento ha permitido desarrollar nuevas aplicaciones en medicina y deporte...""",0.8,MANUEL FERNANDEZ SANJURJO
176,Un estudio de la Universidad de Oviedo identifica un biomarcador clave para entender el entrenamiento en medallistas olímpicos,https://portalinvestigacion.uniovi.es/investigadores/217641/detalle,participar,COLABORA_EN,estudio sobre microRNA y entrenamiento en deportistas olímpicos,"""...subraya que 'este trabajo demuestra que es posible integrar investigación molecular de vanguardia en la planificación real del alto rendimiento...'""",0.75,EDUARDO IGLESIAS GUTIERREZ
176,Un estudio de la Universidad de Oviedo identifica un biomarcador clave para entender el entrenamiento en medallistas olímpicos,https://portalinvestigacion.uniovi.es/investigadores/217641/detalle,reforzar,COLABORA_EN,monitorización de la adaptación fisiológica en deportistas,"""...refuerza el potencial de los microRNA circulantes como herramientas para monitorizar la adaptación fisiológica durante una temporada olímpica.""",0.7,EDUARDO IGLESIAS GUTIERREZ
176,Un estudio de la Universidad de Oviedo identifica un biomarcador clave para entender el entrenamiento en medallistas olímpicos,https://portalinvestigacion.uniovi.es/investigadores/217641/detalle,investigar,INVESTIGA_SOBRE,regulación de la contracción cardíaca,"""...apuntan a que el miR-223-3p podría desempeñar un papel relevante en la adaptación y respuesta del corazón al ejercicio de alta intensidad...""",0.7,EDUARDO IGLESIAS GUTIERREZ
176,Un estudio de la Universidad de Oviedo identifica un biomarcador clave para entender el entrenamiento en medallistas olímpicos,https://portalinvestigacion.uniovi.es/investigadores/217641/detalle,desarrollar,DESARROLLA,nuevas herramientas para la salud del deportista,"""...ayudaría a una correcta prescripción de ejercicio para la salud.""",0.7,EDUARDO IGLESIAS GUTIERREZ
176,Un estudio de la Universidad de Oviedo identifica un biomarcador clave para entender el entrenamiento en medallistas olímpicos,https://portalinvestigacion.uniovi.es/investigadores/217641/detalle,ofrecer,DESARROLLA,mejor seguimiento del alto rendimiento,"""...demuestra el potencial de estos biomarcadores para mejorar el seguimiento del alto rendimiento.""",0.75,EDUARDO IGLESIAS GUTIERREZ
176,Un estudio de la Universidad de Oviedo identifica un biomarcador clave para entender el entrenamiento en medallistas olímpicos,https://portalinvestigacion.uniovi.es/investigadores/217641/detalle,aportar,COLABORA_EN,conocimiento aplicable al seguimiento de la salud del deportista,"""...generando conocimiento aplicable directamente al seguimiento de la salud del deportista.""",0.7,EDUARDO IGLESIAS GUTIERREZ
176,Un estudio de la Universidad de Oviedo identifica un biomarcador clave para entender el entrenamiento en medallistas olímpicos,https://portalinvestigacion.uniovi.es/investigadores/217641/detalle,investigar,INVESTIGA_SOBRE,mecanismos biológicos de respuesta al ejercicio,"""...nos permite profundizar en los mecanismos biológicos que sustentan la respuesta global al ejercicio...""",0.75,EDUARDO IGLESIAS GUTIERREZ
179,La Cátedra de Evaluación de las Políticas de Empleo presenta un modelo estadístico para mejorar la empleabilidad en Asturias,https://portalinvestigacion.uniovi.es/investigadores/218284/detalle,participar,COLABORA_EN,informe sobre el mercado laboral asturiano,"con la participación de los investigadores Juan Francisco Canal, Matías Mayor y César Rodríguez.",0.9,MATIAS MAYOR FERNANDEZ
179,La Cátedra de Evaluación de las Políticas de Empleo presenta un modelo estadístico para mejorar la empleabilidad en Asturias,https://portalinvestigacion.uniovi.es/investigadores/216972/detalle,participar,COLABORA_EN,informe sobre el mercado laboral asturiano,"con la participación de los investigadores Juan Francisco Canal, Matías Mayor y César Rodríguez.",0.9,JUAN FRANCISCO CANAL DOMINGUEZ
179,La Cátedra de Evaluación de las Políticas de Empleo presenta un modelo estadístico para mejorar la empleabilidad en Asturias,https://portalinvestigacion.uniovi.es/investigadores/218362/detalle,participar,COLABORA_EN,informe sobre el mercado laboral asturiano,"con la participación de los investigadores Juan Francisco Canal, Matías Mayor y César Rodríguez.",0.9,CESAR RODRIGUEZ GUTIERREZ
181,"Coral Garrido, del IES Padre Feijóo, gana la Olimpiada Asturiana de Geología",https://portalinvestigacion.uniovi.es/investigadores/1283427/detalle,participar,COLABORA_EN,Olimpiada Asturiana de Geología,"La lista de 10 finalistas estuvo liderada por Coral Garrido García, del IES Padre Feijóo (Gijón). Completaron el cuadro de honor... Sara Suárez Benito (IES Aramo, Oviedo)...",0.9,SARA SUAREZ FERNANDEZ
187,"El rector de la Universidad de Oviedo, Ignacio Villaverde, recibirá el doctorado Honoris Causa por la Universidad de Rouen Normandía",https://portalinvestigacion.uniovi.es/investigadores/218536/detalle,impulsar,LIDERA,Alianza INGENIUM,su contribución clave al impulso de la Alianza INGENIUM,0.9,IGNACIO VILLAVERDE MENENDEZ
187,"El rector de la Universidad de Oviedo, Ignacio Villaverde, recibirá el doctorado Honoris Causa por la Universidad de Rouen Normandía",https://portalinvestigacion.uniovi.es/investigadores/218536/detalle,investigar,INVESTIGA_SOBRE,Derecho Constitucional,"reconoce la aportación científica del rector, Ignacio Villaverde, como catedrático de Derecho Constitucional",0.85,IGNACIO VILLAVERDE MENENDEZ
188,La Universidad de Oviedo analiza cómo la protección marina afecta a la pesca artesanal en el Cantábrico,https://portalinvestigacion.uniovi.es/investigadores/219310/detalle,liderar,LIDERA,proyecto ESPARDE,"La Universidad de Oviedo, a través del Instituto de Recursos Naturales y Ordenación del Territorio (INDUROT), lidera el proyecto ESPARDE...",0.9,EMMA ZAPICO FERNANDEZ
188,La Universidad de Oviedo analiza cómo la protección marina afecta a la pesca artesanal en el Cantábrico,https://portalinvestigacion.uniovi.es/investigadores/217570/detalle,participar,COLABORA_EN,proyecto ESPARDE,El equipo está integrado por... Laura García de la Fuente y Arturo Colina Vuelta...,0.85,LAURA GARCIA DE LA FUENTE
188,La Universidad de Oviedo analiza cómo la protección marina afecta a la pesca artesanal en el Cantábrico,https://portalinvestigacion.uniovi.es/investigadores/216996/detalle,participar,COLABORA_EN,proyecto ESPARDE,El equipo está integrado por... Arturo Colina Vuelta...,0.85,ARTURO COLINA VUELTA
188,La Universidad de Oviedo analiza cómo la protección marina afecta a la pesca artesanal en el Cantábrico,https://portalinvestigacion.uniovi.es/investigadores/218040/detalle,participar,COLABORA_EN,proyecto ESPARDE,"El equipo está integrado por... Ícaro Obeso, adscritos al INDUROT...",0.85,ICARO OBESO MUÑIZ
188,La Universidad de Oviedo analiza cómo la protección marina afecta a la pesca artesanal en el Cantábrico,https://portalinvestigacion.uniovi.es/investigadores/218038/detalle,participar,COLABORA_EN,proyecto ESPARDE,El equipo está integrado por... Ana Belén Ramos e Ícaro Obeso...,0.85,ANA BELEN RAMOS GUAJARDO
191,La Cátedra de Innovación de la Universidad de Oviedo y el Principado identificará sectores estratégicos para el futuro económico y tecnológico de Asturias,https://portalinvestigacion.uniovi.es/investigadores/219668/detalle,desarrollar,DESARROLLA,panel de control sobre el impacto de la innovación,la Cátedra... también impulsará el desarrollo de un panel de control que permita evaluar el impacto de la innovación en la economía regional.,0.9,FERNANDO RUBIERA MOROLLON
191,La Cátedra de Innovación de la Universidad de Oviedo y el Principado identificará sectores estratégicos para el futuro económico y tecnológico de Asturias,https://portalinvestigacion.uniovi.es/investigadores/219668/detalle,investigar,INVESTIGA_SOBRE,impacto de la digitalización y la Inteligencia Artificial en el mercado laboral,la Cátedra estudiará el impacto de la digitalización y la Inteligencia Artificial en la transformación del mercado laboral.,0.85,FERNANDO RUBIERA MOROLLON
191,La Cátedra de Innovación de la Universidad de Oviedo y el Principado identificará sectores estratégicos para el futuro económico y tecnológico de Asturias,https://portalinvestigacion.uniovi.es/investigadores/219668/detalle,investigar,INVESTIGA_SOBRE,industria de defensa,Uno de los primeros sectores de estudio será la industria de defensa.,0.9,FERNANDO RUBIERA MOROLLON
192,El ceisIA abandona Lugones ante el bloqueo del Ayuntamiento de Siero,https://portalinvestigacion.uniovi.es/investigadores/219278/detalle,desarrollar,DESARROLLA,aplicación para la gestión de licencias urbanísticas,destaca el desarrollo de una aplicación para la gestión de licencias urbanísticas,0.9,NOELIA RICO PACHON
194,La Universidad de Oviedo caracteriza las lesiones inguinales deportivas con el mayor estudio realizado hasta la fecha,https://portalinvestigacion.uniovi.es/investigadores/218048/detalle,investigar,INVESTIGA_SOBRE,lesiones inguinales deportivas,"“Estos hallazgos, que muestran una consistencia clara tanto en niveles de élite como en el deporte amateur, permiten implementar modelos de prevención adecuados a cada deportista, según su perfil de riesgo lesional”.",0.9,HUGO OLMEDILLAS FERNANDEZ
194,La Universidad de Oviedo caracteriza las lesiones inguinales deportivas con el mayor estudio realizado hasta la fecha,https://portalinvestigacion.uniovi.es/investigadores/218896/detalle,investigar,INVESTIGA_SOBRE,programas de fuerza específicos para musculatura aductora,“este nuevo metaanálisis global valida la necesidad de priorizar programas de fuerza específicos para esta musculatura”.,0.9,MIGUEL ENRIQUE DEL VALLE SOTO
198,Materiales ultraestables del CINN listos para analizar la atmósfera de Marte,https://portalinvestigacion.uniovi.es/investigadores/218596/detalle,desarrollar,DESARROLLA,componentes cerámicos de alta estabilidad para sistemas LiDAR,El grupo de Materiales Nanoestructurados Multifuncionales del CINN desarrolló una familia de materiales basada en beta-eucriptita.,0.9,MARIA EUGENIA SUAREZ SERRANO
198,Materiales ultraestables del CINN listos para analizar la atmósfera de Marte,https://portalinvestigacion.uniovi.es/investigadores/218596/detalle,investigar,INVESTIGA_SOBRE,estudio de la atmósfera de Marte,El estudio de la atmósfera de Marte resulta clave para comprender su clima y avanzar en futuras misiones de exploración humana.,0.85,MARIA EUGENIA SUAREZ SERRANO
198,Materiales ultraestables del CINN listos para analizar la atmósfera de Marte,https://portalinvestigacion.uniovi.es/investigadores/218464/detalle,desarrollar,DESARROLLA,prototipo innovador para sistemas LiDAR,"“Se trataba de desarrollar un prototipo innovador que eliminase la necesidad de complejos sistemas de control térmico”, explica Adolfo Fernández.",0.9,MARIA PAZ SUAREZ COALLA
198,Materiales ultraestables del CINN listos para analizar la atmósfera de Marte,https://portalinvestigacion.uniovi.es/investigadores/218596/detalle,formar,COLABORA_EN,fabricación de componentes críticos para el sistema LiDAR,"Mediante técnicas de electroerosión y mecanizado convencional, el equipo logró fabricar por primera vez elementos críticos como la estructura de soporte del espejo secundario.",0.8,MARIA EUGENIA SUAREZ SERRANO
199,Más de 60 investigadoras de la Universidad de Oviedo participarán en la conmemoración del Día Internacional de la Mujer y la Niña en la Ciencia,https://portalinvestigacion.uniovi.es/investigadores/1010273/detalle,ofrecer,DESARROLLA,referentes reales y cercanos a las niñas y adolescentes,...ofrecer referentes reales y cercanos a las niñas y adolescentes...,0.9,IRENE DIAZ MARTINEZ
199,Más de 60 investigadoras de la Universidad de Oviedo participarán en la conmemoración del Día Internacional de la Mujer y la Niña en la Ciencia,https://portalinvestigacion.uniovi.es/investigadores/1010273/detalle,investigar,INVESTIGA_SOBRE,papel de la mujer en la ciencia,...reivindicar el papel de la mujer en la ciencia...,0.85,IRENE DIAZ MARTINEZ
204,Dos monografías del Servicio de Publicaciones de la Universidad de Oviedo obtienen el sello de calidad en edición académica CEA-APQ 2025,https://portalinvestigacion.uniovi.es/investigadores/217362/detalle,participar,COLABORA_EN,evaluación de monografías,"Ana Isabel González, catedrática de Escuela de Derecho Financiero y Tributario de la Universidad de Oviedo.",0.9,MARTA ISABEL GONZALEZ GARCIA
207,Un estudio de la Universidad de Oviedo identifica una amplia diversidad de hongos asociados a las raíces del roble albar cantábrico,https://portalinvestigacion.uniovi.es/investigadores/216782/detalle,liderar,LIDERA,muestreo intensivo de hongos en raíces de roble albar,Investigadores de la Universidad de Oviedo han liderado el primer muestreo intensivo de los hongos que habitan las raíces del roble albar...,0.9,PEDRO ALVAREZ ALVAREZ
207,Un estudio de la Universidad de Oviedo identifica una amplia diversidad de hongos asociados a las raíces del roble albar cantábrico,https://portalinvestigacion.uniovi.es/investigadores/216782/detalle,investigar,INVESTIGA_SOBRE,"diversidad taxonómica, funcional y ecológica de los hongos","El estudio... analiza por primera vez de forma conjunta la diversidad taxonómica, funcional y ecológica de los hongos presentes...",0.85,PEDRO ALVAREZ ALVAREZ
207,Un estudio de la Universidad de Oviedo identifica una amplia diversidad de hongos asociados a las raíces del roble albar cantábrico,https://portalinvestigacion.uniovi.es/investigadores/219930/detalle,investigar,INVESTIGA_SOBRE,diversidad y función de los hongos en la gestión de bosques,Conocer la diversidad y función de estos hongos es imprescindible para gestionar y conservar los bosques atlánticos...,0.8,COVADONGA DEL CAMINO FERNANDEZ-MIRANDA
210,"La Universidad de Oviedo aprueba una oferta de 1.774 plazas de Máster Universitario para el curso 2026-2027, con dos nuevas titulaciones",https://portalinvestigacion.uniovi.es/investigadores/1010273/detalle,investigar,INVESTIGA_SOBRE,Código de Buenas Prácticas en Investigación y Transferencia,"Irene Díaz ha explicado que “su objetivo principal es promover una investigación íntegra, honesta, rigurosa y responsable...""",0.9,IRENE DIAZ MARTINEZ
210,"La Universidad de Oviedo aprueba una oferta de 1.774 plazas de Máster Universitario para el curso 2026-2027, con dos nuevas titulaciones",https://portalinvestigacion.uniovi.es/investigadores/217928/detalle,ofrecer,DESARROLLA,oferta formativa más flexible y moderna,"la creación del IFID permitirá optimizar recursos, unificar estructuras y ofrecer una oferta formativa más flexible, moderna y alineada con las necesidades del profesorado",0.85,JUAN MANUEL MARCHANTE GAYON
210,"La Universidad de Oviedo aprueba una oferta de 1.774 plazas de Máster Universitario para el curso 2026-2027, con dos nuevas titulaciones",https://portalinvestigacion.uniovi.es/investigadores/217928/detalle,participar,COLABORA_EN,redes nacionales e internacionales de innovación educativa,impulsará la participación de la Universidad de Oviedo en redes nacionales e internacionales de innovación educativa,0.8,JUAN MANUEL MARCHANTE GAYON
211,Investigadores de la Universidad de Oviedo copan las convocatorias científicas del Principado,https://portalinvestigacion.uniovi.es/investigadores/216776/detalle,liderar,LIDERA,proyectos de investigación en el programa de Misiones Científicas,Los proyectos están liderados por Ignacio Rodríguez Larrad y Eduardo Álvarez Álvarez.,0.9,BRAULIO JOSE ALVAREZ ALVAREZ
211,Investigadores de la Universidad de Oviedo copan las convocatorias científicas del Principado,https://portalinvestigacion.uniovi.es/investigadores/219685/detalle,participar,COLABORA_EN,convocatoria de Redes,la Universidad de Oviedo ha obtenido financiación para diez de los doce proyectos aprobados en el Principado. Los investigadores responsables son Álvaro Fernández Vaquero.,0.9,ALVARO FERNANDEZ VAQUERO
211,Investigadores de la Universidad de Oviedo copan las convocatorias científicas del Principado,https://portalinvestigacion.uniovi.es/investigadores/218165/detalle,participar,COLABORA_EN,convocatoria de Redes,Los investigadores responsables son... Montserrat Rivas Ardisana.,0.9,MONTSERRAT RIVAS ARDISANA
211,Investigadores de la Universidad de Oviedo copan las convocatorias científicas del Principado,https://portalinvestigacion.uniovi.es/investigadores/219298/detalle,liderar,LIDERA,proyectos de investigación en el programa de Misiones Científicas,Los proyectos están liderados por Ignacio Rodríguez Larrad y Eduardo Álvarez Álvarez.,0.9,IGNACIO RODRIGUEZ
211,Investigadores de la Universidad de Oviedo copan las convocatorias científicas del Principado,https://portalinvestigacion.uniovi.es/investigadores/219981/detalle,participar,COLABORA_EN,convocatoria Margarita Salas,Han resultado beneficiados... María Marina Ramos Martín.,0.9,INMACULADA CONCEPCION ALVAREZ AYUSO
211,Investigadores de la Universidad de Oviedo copan las convocatorias científicas del Principado,https://portalinvestigacion.uniovi.es/investigadores/218360/detalle,participar,COLABORA_EN,convocatoria de Redes,Los investigadores responsables son... Pablo Rodríguez González.,0.9,PABLO RODRIGUEZ GONZALEZ
211,Investigadores de la Universidad de Oviedo copan las convocatorias científicas del Principado,https://portalinvestigacion.uniovi.es/investigadores/2355302/detalle,participar,COLABORA_EN,convocatoria de Redes,Los investigadores responsables son... Noemí Pinilla.,0.9,NOEMI PINILLA ALONSO
211,Investigadores de la Universidad de Oviedo copan las convocatorias científicas del Principado,https://portalinvestigacion.uniovi.es/investigadores/218062/detalle,participar,COLABORA_EN,convocatoria de Redes,Los investigadores responsables son... Paula Oulego Blanco.,0.9,PAULA OULEGO BLANCO
213,La Facultad de Psicología de la Universidad de Oviedo ofrece tratamientos novedosos para dejar de fumar tabaco y cannabis,https://portalinvestigacion.uniovi.es/investigadores/218421/detalle,impulsar,LIDERA,programas para dejar de fumar,El Grupo de Conductas Adictivas (GCA) de la Facultad de Psicología de la Universidad de Oviedo impulsa dos programas innovadores para ayudar a dejar de fumar.,0.9,ROBERTO SECADES VILLA
213,La Facultad de Psicología de la Universidad de Oviedo ofrece tratamientos novedosos para dejar de fumar tabaco y cannabis,https://portalinvestigacion.uniovi.es/investigadores/217966/detalle,desarrollar,DESARROLLA,herramientas digitales para dejar de fumar,El grupo ha desarrollado y evaluado herramientas digitales basadas en tecnologías de autorregistro.,0.85,ALBA GONZALEZ DE LA ROZ
213,La Facultad de Psicología de la Universidad de Oviedo ofrece tratamientos novedosos para dejar de fumar tabaco y cannabis,https://portalinvestigacion.uniovi.es/investigadores/219646/detalle,ofrecer,DESARROLLA,tratamientos para dejar de fumar cannabis,"Los profesionales ofrecen tratamientos presenciales, online o combinados para dejar de fumar cannabis.",0.9,SARA EVA WEIDBERG LOPEZ
213,La Facultad de Psicología de la Universidad de Oviedo ofrece tratamientos novedosos para dejar de fumar tabaco y cannabis,https://portalinvestigacion.uniovi.es/investigadores/1116432/detalle,impulsar,LIDERA,programas de tratamiento para dejar de fumar,El Grupo de Conductas Adictivas ha atendido con éxito a cientos de personas fumadoras.,0.9,LAYLA ALEMAN MOUSSA
213,La Facultad de Psicología de la Universidad de Oviedo ofrece tratamientos novedosos para dejar de fumar tabaco y cannabis,https://portalinvestigacion.uniovi.es/investigadores/219607/detalle,desarrollar,DESARROLLA,herramientas digitales para dejar de fumar,El grupo ha desarrollado y evaluado herramientas digitales basadas en tecnologías de autorregistro.,0.85,ANGEL GARCIA PEREZ
214,La Alianza INGENIUM acuerda en Rumanía los pasos clave para su consolidación como universidad europea,https://portalinvestigacion.uniovi.es/investigadores/218536/detalle,liderar,LIDERA,acuerdo marco sobre microcredenciales,"La Alianza INGENIUM contará con un acuerdo marco sobre microcredenciales, liderado por la Universidad de Oviedo...",0.9,IGNACIO VILLAVERDE MENENDEZ
214,La Alianza INGENIUM acuerda en Rumanía los pasos clave para su consolidación como universidad europea,https://portalinvestigacion.uniovi.es/investigadores/218536/detalle,desarrollar,DESARROLLA,titulaciones conjuntas,la alianza ha reafirmado que el lanzamiento de las titulaciones conjuntas constituye una de las prioridades estratégicas de INGENIUM para 2026...,0.85,IGNACIO VILLAVERDE MENENDEZ
214,La Alianza INGENIUM acuerda en Rumanía los pasos clave para su consolidación como universidad europea,https://portalinvestigacion.uniovi.es/investigadores/218536/detalle,impulsar,LIDERA,oferta educativa compartida de INGENIUM,orientado prioritariamente al despliegue de la oferta educativa compartida de INGENIUM...,0.8,IGNACIO VILLAVERDE MENENDEZ
214,La Alianza INGENIUM acuerda en Rumanía los pasos clave para su consolidación como universidad europea,https://portalinvestigacion.uniovi.es/investigadores/218536/detalle,investigar,INVESTIGA_SOBRE,nuevos modelos educativos,facilitar el aprendizaje a lo largo de la vida y avanzar hacia modelos educativos más innovadores...,0.75,IGNACIO VILLAVERDE MENENDEZ
215,La doctora por la Universidad de Oviedo Nerea López Bouzas recibe el premio Fundación ONCE a la Investigación por una tesis sobre comunicación en personas con autismo,https://portalinvestigacion.uniovi.es/investigadores/218756/detalle,investigar,INVESTIGA_SOBRE,comunicación en personas con autismo,la tesis galardonada analiza el uso de un Entorno de Aprendizaje Gamificado y Aumentado (EGA) en la mejora de la comunicación del alumnado con TEA,0.9,NEREA LOPEZ BOUZAS
215,La doctora por la Universidad de Oviedo Nerea López Bouzas recibe el premio Fundación ONCE a la Investigación por una tesis sobre comunicación en personas con autismo,https://portalinvestigacion.uniovi.es/investigadores/218756/detalle,desarrollar,DESARROLLA,Entorno de Aprendizaje Gamificado y Aumentado (EGA),la combinación de gamificación y realidad aumentada incrementa las competencias comunicativas de los escolares,0.85,NEREA LOPEZ BOUZAS
216,La Sala de Exposiciones de la Universidad de Oviedo se abre a la atmósfera pictórica de Paz Banciella,https://portalinvestigacion.uniovi.es/investigadores/219562/detalle,investigar,INVESTIGA_SOBRE,"atmósfera, color y materia pictórica","la catedrática destaca la producción artística de Paz Banciella y su investigación en torno a la atmósfera, el color y la materia pictórica.",0.9,MARIA PILAR GARCES GARCIA
217,Una investigación de la Universidad de Oviedo reconstruye la evolución del estuario del Nalón desde el Pleistoceno hasta la actualidad,https://portalinvestigacion.uniovi.es/investigadores/217614/detalle,investigar,INVESTIGA_SOBRE,evolución del estuario del Nalón,Un equipo de investigadores de la Universidad de Oviedo ha publicado un estudio pionero que reconstruye la evolución del estuario del Nalón,0.9,GERMAN FLOR BLANCO
217,Una investigación de la Universidad de Oviedo reconstruye la evolución del estuario del Nalón desde el Pleistoceno hasta la actualidad,https://portalinvestigacion.uniovi.es/investigadores/217614/detalle,desarrollar,DESARROLLA,estudio sobre la influencia antrópica en el estuario,las etapas más recientes evidencian la influencia antrópica: desde la reconstrucción a partir del mapa de Alcalá Casano de 1786,0.85,GERMAN FLOR BLANCO
217,Una investigación de la Universidad de Oviedo reconstruye la evolución del estuario del Nalón desde el Pleistoceno hasta la actualidad,https://portalinvestigacion.uniovi.es/investigadores/217438/detalle,investigar,INVESTIGA_SOBRE,fuentes del legado minero-industrial,"este estudio ha permitido refrendar trabajos previos realizados en colaboración sobre el área, en donde se ha identificado las fuentes del legado minero-industrial",0.88,EFREN GARCIA ORDIALES
217,Una investigación de la Universidad de Oviedo reconstruye la evolución del estuario del Nalón desde el Pleistoceno hasta la actualidad,https://portalinvestigacion.uniovi.es/investigadores/217438/detalle,desarrollar,DESARROLLA,gestión sostenible de los entornos costeros,aporta información esencial para la gestión sostenible de los entornos costeros en un contexto de cambio climático,0.9,EFREN GARCIA ORDIALES
218,El rector defiende la universidad pública como un servicio al bien común durante su intervención en la festividad de Santo Tomás de Aquino,https://portalinvestigacion.uniovi.es/investigadores/218536/detalle,liderar,LIDERA,universidad pública,"El rector ha defendido que, como otros servicios públicos esenciales, las universidades públicas estén financiadas por el erario público.",0.9,IGNACIO VILLAVERDE MENENDEZ
218,El rector defiende la universidad pública como un servicio al bien común durante su intervención en la festividad de Santo Tomás de Aquino,https://portalinvestigacion.uniovi.es/investigadores/218536/detalle,investigar,INVESTIGA_SOBRE,tesis doctorales,"A tese é un proceso longo, tortuoso e ben de veces torturante, non exento de desalentos.",0.85,IGNACIO VILLAVERDE MENENDEZ
218,El rector defiende la universidad pública como un servicio al bien común durante su intervención en la festividad de Santo Tomás de Aquino,https://portalinvestigacion.uniovi.es/investigadores/218536/detalle,ofrecer,DESARROLLA,becas de doctorado,Villaverde ha anunciado la puesta en marcha de becas de doctorado para estudiantes latinoamericanos.,0.8,IGNACIO VILLAVERDE MENENDEZ
218,El rector defiende la universidad pública como un servicio al bien común durante su intervención en la festividad de Santo Tomás de Aquino,https://portalinvestigacion.uniovi.es/investigadores/218536/detalle,impulsar,LIDERA,contratos posdoctorales puente,el impulso de los contratos posdoctorales puente y el refuerzo de los doctorados industriales y la mentorización en empresas.,0.8,IGNACIO VILLAVERDE MENENDEZ
218,El rector defiende la universidad pública como un servicio al bien común durante su intervención en la festividad de Santo Tomás de Aquino,https://portalinvestigacion.uniovi.es/investigadores/218536/detalle,reforzar,COLABORA_EN,doctorados industriales,el refuerzo de los doctorados industriales y la mentorización en empresas.,0.75,IGNACIO VILLAVERDE MENENDEZ
220,El rector reivindica la Extensión Universitaria como seña de identidad de la Universidad de Oviedo en la toma de posesión de Marta Mateo como vicerrectora,https://portalinvestigacion.uniovi.es/investigadores/219562/detalle,investigar,INVESTIGA_SOBRE,estudios de traducción,Mateo ha centrado su investigación en el campo de los estudios de traducción en el ámbito de las lenguas inglesa y española,0.9,MARIA PILAR GARCES GARCIA
220,El rector reivindica la Extensión Universitaria como seña de identidad de la Universidad de Oviedo en la toma de posesión de Marta Mateo como vicerrectora,https://portalinvestigacion.uniovi.es/investigadores/219562/detalle,participar,COLABORA_EN,congresos nacionales e internacionales,ha sido invitada con frecuencia a participar en congresos nacionales e internacionales,0.85,MARIA PILAR GARCES GARCIA
220,El rector reivindica la Extensión Universitaria como seña de identidad de la Universidad de Oviedo en la toma de posesión de Marta Mateo como vicerrectora,https://portalinvestigacion.uniovi.es/investigadores/219562/detalle,desarrollar,DESARROLLA,diseño curricular del Mínor de Traducción,coordinó el diseño curricular del Mínor de Traducción en la Facultad de Filosofía y Letras,0.9,MARIA PILAR GARCES GARCIA
222,La Cátedra de Cultura Científica pulsará la opinión de la sociedad asturiana sobre el valor de la ciencia,https://portalinvestigacion.uniovi.es/investigadores/217465/detalle,participar,COLABORA_EN,proyectos de ciencia ciudadana,"Han participado en este encuentro Eva García Vázquez, catedrática de Genética de la Universidad de Oviedo y referente en proyectos de ciencia ciudadana.",0.9,EVA GARCIA VAZQUEZ
222,La Cátedra de Cultura Científica pulsará la opinión de la sociedad asturiana sobre el valor de la ciencia,https://portalinvestigacion.uniovi.es/investigadores/218181/detalle,participar,COLABORA_EN,divulgación científica,"Han participado en este encuentro Luis Rodríguez Muñiz, catedrático de Didáctica de la Matemática y vicepresidente de la Real Sociedad Matemática Española.",0.9,LUIS JOSE RODRIGUEZ MUÑIZ
222,La Cátedra de Cultura Científica pulsará la opinión de la sociedad asturiana sobre el valor de la ciencia,https://portalinvestigacion.uniovi.es/investigadores/218613/detalle,participar,COLABORA_EN,investigación astronómica,"Han intervenido Luigi Toffolatti, catedrático de Astrofísica de la Universidad de Oviedo y miembro de la colaboración internacional Planck de la Agencia Espacial Europea.",0.9,LUIGI TOFFOLATTI BALLARIN
224,"La Universidad de Oviedo impulsa la conexión entre ciencia, empresa y sociedad con la Segunda Semana de la Transferencia",https://portalinvestigacion.uniovi.es/investigadores/217811/detalle,ofrecer,DESARROLLA,potencial investigador de la Universidad de Oviedo,"Susana Luque, vicerrectora de Transferencia y Relaciones con la Empresa, señala que esta semana 'es una oportunidad para que empresas, administraciones y entidades conozcan de primera mano el potencial investigador de la Universidad de Oviedo'.",0.9,SUSANA LUQUE RODRIGUEZ
224,"La Universidad de Oviedo impulsa la conexión entre ciencia, empresa y sociedad con la Segunda Semana de la Transferencia",https://portalinvestigacion.uniovi.es/investigadores/218536/detalle,reforzar,COLABORA_EN,relaciones entre la investigación universitaria y el tejido empresarial asturiano,"La Universidad de Oviedo desarrollará entre el 19 y el 23 de enero la Segunda Semana de la Transferencia, un amplio programa de actividades destinado a reforzar las relaciones entre la investigación universitaria, el tejido empresarial asturiano y la sociedad.",0.85,IGNACIO VILLAVERDE MENENDEZ
225,El rector renueva su equipo de gobierno con la incorporación de Marta Mateo como nueva vicerrectora de Extensión Universitaria y Proyección Cultural,https://portalinvestigacion.uniovi.es/investigadores/219562/detalle,investigar,INVESTIGA_SOBRE,estudios de traducción,Mateo ha centrado su investigación en el campo de los estudios de traducción en el ámbito de las lenguas inglesa y española.,0.9,MARIA PILAR GARCES GARCIA
226,Un proyecto europeo con participación de la Universidad de Oviedo impulsará la igualdad de género y la diversidad en las carreras científicas,https://portalinvestigacion.uniovi.es/investigadores/217800/detalle,participar,COLABORA_EN,proyecto GENERA-COPA,La Universidad de Oviedo forma parte del consorcio internacional del proyecto GENERA-COPA,0.9,YOLANDA LOZANO GOMEZ
226,Un proyecto europeo con participación de la Universidad de Oviedo impulsará la igualdad de género y la diversidad en las carreras científicas,https://portalinvestigacion.uniovi.es/investigadores/218955/detalle,participar,COLABORA_EN,proyecto GENERA-COPA,La Universidad de Oviedo forma parte del consorcio internacional del proyecto GENERA-COPA,0.9,BARBARA ALVAREZ GONZALEZ
226,Un proyecto europeo con participación de la Universidad de Oviedo impulsará la igualdad de género y la diversidad en las carreras científicas,https://portalinvestigacion.uniovi.es/investigadores/217800/detalle,desarrollar,DESARROLLA,nuevos contenidos formativos,la Universidad de Oviedo contribuirá activamente al diseño y puesta en marcha de nuevas herramientas formativas,0.85,YOLANDA LOZANO GOMEZ
226,Un proyecto europeo con participación de la Universidad de Oviedo impulsará la igualdad de género y la diversidad en las carreras científicas,https://portalinvestigacion.uniovi.es/investigadores/218955/detalle,desarrollar,DESARROLLA,nuevos contenidos formativos,la Universidad de Oviedo contribuirá activamente al diseño y puesta en marcha de nuevas herramientas formativas,0.85,BARBARA ALVAREZ GONZALEZ
226,Un proyecto europeo con participación de la Universidad de Oviedo impulsará la igualdad de género y la diversidad en las carreras científicas,https://portalinvestigacion.uniovi.es/investigadores/217800/detalle,ofrecer,DESARROLLA,metodologías docentes inclusivas,la Universidad de Oviedo contribuirá... a la experimentación de metodologías docentes más inclusivas,0.85,YOLANDA LOZANO GOMEZ
226,Un proyecto europeo con participación de la Universidad de Oviedo impulsará la igualdad de género y la diversidad en las carreras científicas,https://portalinvestigacion.uniovi.es/investigadores/218955/detalle,ofrecer,DESARROLLA,metodologías docentes inclusivas,la Universidad de Oviedo contribuirá... a la experimentación de metodologías docentes más inclusivas,0.85,BARBARA ALVAREZ GONZALEZ
226,Un proyecto europeo con participación de la Universidad de Oviedo impulsará la igualdad de género y la diversidad en las carreras científicas,https://portalinvestigacion.uniovi.es/investigadores/217800/detalle,reforzar,COLABORA_EN,sistemas de acompañamiento y mentoría,al fortalecimiento de los sistemas de acompañamiento y mentoría para estudiantes de posgrado,0.8,YOLANDA LOZANO GOMEZ
226,Un proyecto europeo con participación de la Universidad de Oviedo impulsará la igualdad de género y la diversidad en las carreras científicas,https://portalinvestigacion.uniovi.es/investigadores/218955/detalle,reforzar,COLABORA_EN,sistemas de acompañamiento y mentoría,al fortalecimiento de los sistemas de acompañamiento y mentoría para estudiantes de posgrado,0.8,BARBARA ALVAREZ GONZALEZ
228,La Universidad de Oviedo supera por primera vez el millar de matrículas en el Programa Universitario de Mayores,https://portalinvestigacion.uniovi.es/investigadores/218586/detalle,participar,COLABORA_EN,Programa Universitario de Mayores,Él se encarga de impartir el curso titulado Cultura Clásica y Mundo Contemporáneo.,0.9,PEDRO MANUEL SUAREZ MARTINEZ
228,La Universidad de Oviedo supera por primera vez el millar de matrículas en el Programa Universitario de Mayores,https://portalinvestigacion.uniovi.es/investigadores/217767/detalle,participar,COLABORA_EN,Programa Universitario de Mayores,José Manuel López García imparte tres asignaturas relacionadas con la biomedicina desde hace ocho años.,0.9,JOSE MANUEL LOPEZ GARCIA
228,La Universidad de Oviedo supera por primera vez el millar de matrículas en el Programa Universitario de Mayores,https://portalinvestigacion.uniovi.es/investigadores/219226/detalle,participar,COLABORA_EN,Programa Universitario de Mayores,para nosotros es un foro en el que difundir el valor de nuestro trabajo.,0.9,SET PEREZ GONZALEZ
228,La Universidad de Oviedo supera por primera vez el millar de matrículas en el Programa Universitario de Mayores,https://portalinvestigacion.uniovi.es/investigadores/218121/detalle,participar,COLABORA_EN,Programa Universitario de Mayores,"Es una docencia que me encanta y me proporciona mucha alegría, porque la que aprendo con ellos soy yo.",0.9,RAQUEL PEREZ DIAZ
230,El Campus de Gijón de la Universidad de Oviedo incorpora una red privada 5G pionera en Asturias,https://portalinvestigacion.uniovi.es/investigadores/217735/detalle,investigar,INVESTIGA_SOBRE,tecnologías emergentes,impulsar la investigación en tecnologías emergentes,0.9,GERMAN LEON FERNANDEZ
230,El Campus de Gijón de la Universidad de Oviedo incorpora una red privada 5G pionera en Asturias,https://portalinvestigacion.uniovi.es/investigadores/217902/detalle,investigar,INVESTIGA_SOBRE,tecnologías emergentes,impulsar la investigación en tecnologías emergentes,0.9,LUIS FERNANDO HERRAN ONTAÑON
230,El Campus de Gijón de la Universidad de Oviedo incorpora una red privada 5G pionera en Asturias,https://portalinvestigacion.uniovi.es/investigadores/217335/detalle,investigar,INVESTIGA_SOBRE,tecnologías emergentes,impulsar la investigación en tecnologías emergentes,0.9,RAFAEL GONZALEZ AYESTARAN
230,El Campus de Gijón de la Universidad de Oviedo incorpora una red privada 5G pionera en Asturias,https://portalinvestigacion.uniovi.es/investigadores/219298/detalle,investigar,INVESTIGA_SOBRE,tecnologías emergentes,impulsar la investigación en tecnologías emergentes,0.9,IGNACIO RODRIGUEZ
230,El Campus de Gijón de la Universidad de Oviedo incorpora una red privada 5G pionera en Asturias,https://portalinvestigacion.uniovi.es/investigadores/217762/detalle,investigar,INVESTIGA_SOBRE,tecnologías emergentes,impulsar la investigación en tecnologías emergentes,0.9,JESUS ALBERTO LOPEZ FERNANDEZ
233,La Universidad de Oviedo y el Ayuntamiento de Avilés firman una alianza estratégica,https://portalinvestigacion.uniovi.es/investigadores/218536/detalle,impulsar,LIDERA,ecosistema de innovación,la colaboración con el Ayuntamiento de Avilés como socio estratégico es “fundamental” para consolidar un ecosistema de innovación,0.9,IGNACIO VILLAVERDE MENENDEZ
233,La Universidad de Oviedo y el Ayuntamiento de Avilés firman una alianza estratégica,https://portalinvestigacion.uniovi.es/investigadores/218536/detalle,investigar,INVESTIGA_SOBRE,modelos industriales sostenibles y digitales,refuerza la apuesta por modelos industriales sostenibles y digitales,0.85,IGNACIO VILLAVERDE MENENDEZ
233,La Universidad de Oviedo y el Ayuntamiento de Avilés firman una alianza estratégica,https://portalinvestigacion.uniovi.es/investigadores/218536/detalle,ofrecer,DESARROLLA,transferencia de conocimiento,sitúa a la Universidad de Oviedo en el centro de la transferencia de conocimiento,0.9,IGNACIO VILLAVERDE MENENDEZ
234,Un estudio de la Universidad de Oviedo gana el premio Lola Martínez a la mejor investigación en Igualdad y Género,https://portalinvestigacion.uniovi.es/investigadores/217461/detalle,investigar,INVESTIGA_SOBRE,regulación del tiempo desde una perspectiva feminista,La profesora Alba García Torres ha sido reconocida por una investigación sobre la regulación del tiempo desde una perspectiva feminista,0.9,ALBA GARCIA TORRES
234,Un estudio de la Universidad de Oviedo gana el premio Lola Martínez a la mejor investigación en Igualdad y Género,https://portalinvestigacion.uniovi.es/investigadores/217461/detalle,desarrollar,DESARROLLA,trabajo sobre la regulación del tiempo,El jurado ha fallado el galardón a favor del trabajo desarrollado por la investigadora del área de Derecho del Trabajo y de la Seguridad Social,0.85,ALBA GARCIA TORRES
235,Un equipo de la Universidad de Oviedo lidera un estudio que define las reglas para el control de la nanoluz en la escala atómica,https://portalinvestigacion.uniovi.es/investigadores/216763/detalle,liderar,LIDERA,proyecto TWISTOPTICS,...liderado por el profesor de la Universidad de Oviedo Pablo Alonso González y financiado por una ERC Consolidator Grant del Consejo Europeo de Investigación.,0.9,PABLO ALONSO GONZALEZ
236,Los pesticidas son tan importantes como la pérdida de hábitats en el declive global de las abejas silvestres en los cultivos,https://portalinvestigacion.uniovi.es/investigadores/217405/detalle,investigar,INVESTIGA_SOBRE,efecto de los pesticidas y la pérdida de hábitats en abejas silvestres,...miembros del grupo de investigación de Biodiversidad y Servicios de los Ecosistemas (BESLab) de la Universidad de Oviedo... han analizado el declive de las abejas silvestres... en relación con dos factores... el uso de pesticidas... y la pérdida de hábitats naturales.,0.9,DANIEL GARCIA GARCIA
236,Los pesticidas son tan importantes como la pérdida de hábitats en el declive global de las abejas silvestres en los cultivos,https://portalinvestigacion.uniovi.es/investigadores/1116395/detalle,investigar,INVESTIGA_SOBRE,efecto de los pesticidas y la pérdida de hábitats en abejas silvestres,"...como indica Marcos Miñarro, investigador del SERIDA, 'el análisis global incorpora datos de 36 sistemas de cultivo diferentes...'",0.9,MARCOS MIÑARRO PRADO
238,La Cátedra de Salud Comunitaria y Promoción de la Salud entrega sus premios a los mejores trabajos fin de titulación,https://portalinvestigacion.uniovi.es/investigadores/217921/detalle,investigar,INVESTIGA_SOBRE,impacto de los desastres naturales en la salud mental de la población joven,María González García ha sido reconocida con el premio al mejor TFM gracias a su trabajo sobre el impacto de los desastres naturales en la salud mental de la población joven.,0.9,RAQUEL MARIA GONZALEZ SOENGAS
238,La Cátedra de Salud Comunitaria y Promoción de la Salud entrega sus premios a los mejores trabajos fin de titulación,https://portalinvestigacion.uniovi.es/investigadores/217362/detalle,investigar,INVESTIGA_SOBRE,Epidemiología de las Enfermedades Cardiovasculares en Emergencias Complejas,"El premio al mejor TFG fue para Aída Sotomayor Centeno, por su trabajo titulado Epidemiología de las Enfermedades Cardiovasculares en Emergencias Complejas.",0.9,MARTA ISABEL GONZALEZ GARCIA
239,25 tesis doctorales leídas en el curso 2023-2024 recibirán el Premio Extraordinario de Doctorado,https://portalinvestigacion.uniovi.es/investigadores/1010273/detalle,reforzar,COLABORA_EN,Plan Propio de Investigación,"la vicerrectora Irene Díaz ha subrayado que “el Plan Propio sigue siendo una herramienta fundamental para sostener la actividad investigadora...""",0.9,IRENE DIAZ MARTINEZ
240,El lienzo ‘Cristo presentado al pueblo’ recupera su valor artístico original tras ser sometido a una restauración integral,https://portalinvestigacion.uniovi.es/investigadores/219685/detalle,liderar,LIDERA,proceso de restauración integral,"...coordinada por Álvaro Fernández Castañón, restaurador de pintura del Museo del Prado...",0.9,ALVARO FERNANDEZ VAQUERO
244,La Universidad de Oviedo entrega los Premios a los Mejores Trabajos Fin de Grado de las Cátedras AACSB de la Facultad de Economía y Empresa,https://portalinvestigacion.uniovi.es/investigadores/219231/detalle,ofrecer,DESARROLLA,Inversiones Financieras Sostenibles,Premio otorgado a David Rodríguez Suárez por el TFG Inversiones Financieras Sostenibles: resultados de los fondos ESG en Europa.,0.9,DAVID RODRIGUEZ MARTINEZ
245,La Universidad de Oviedo rinde homenaje a ‘La Regenta’ con una exposición de más de 80 publicaciones que invitan a redescubrir la obra cumbre de Clarín,https://portalinvestigacion.uniovi.es/investigadores/219833/detalle,ofrecer,DESARROLLA,exposición Visiones de La Regenta,"la comisaria de la muestra, Alba González Sanz, pone en valor el 'excelente' fondo histórico de la institución académica asturiana",0.9,ALBA GONZALEZ SANZ
245,La Universidad de Oviedo rinde homenaje a ‘La Regenta’ con una exposición de más de 80 publicaciones que invitan a redescubrir la obra cumbre de Clarín,https://portalinvestigacion.uniovi.es/investigadores/219833/detalle,investigar,INVESTIGA_SOBRE,La Regenta,"Alba González Sanz, pone en valor el 'excelente' fondo histórico de la institución académica asturiana",0.85,ALBA GONZALEZ SANZ
246,La Universidad de Oviedo ‘exporta’ su experiencia con el túnel del viento a la Universidad de Princeton,https://portalinvestigacion.uniovi.es/investigadores/218207/detalle,desarrollar,DESARROLLA,túnel de viento CRUE20-oWT,...y construyó el túnel de viento CRUE20-oWT gracias a una beca de movilidad de excelencia.,0.9,ANTONIO NAVARRO MANSO
246,La Universidad de Oviedo ‘exporta’ su experiencia con el túnel del viento a la Universidad de Princeton,https://portalinvestigacion.uniovi.es/investigadores/218207/detalle,participar,COLABORA_EN,proyecto estratégico de aerodinámica,La Universidad de Oviedo colabora con la Universidad de Princeton en un proyecto estratégico de aerodinámica...,0.85,ANTONIO NAVARRO MANSO
246,La Universidad de Oviedo ‘exporta’ su experiencia con el túnel del viento a la Universidad de Princeton,https://portalinvestigacion.uniovi.es/investigadores/218207/detalle,investigar,INVESTIGA_SOBRE,aerodinámica y aeroelasticidad,...que acercan de forma directa la aerodinámica y la aeroelasticidad a estudiantes e investigadores estadounidenses.,0.9,ANTONIO NAVARRO MANSO
246,La Universidad de Oviedo ‘exporta’ su experiencia con el túnel del viento a la Universidad de Princeton,https://portalinvestigacion.uniovi.es/investigadores/218207/detalle,desarrollar,DESARROLLA,demostradores experimentales,...ha diseñado y construido cuatro demostradores de gran versatilidad y alto valor conceptual...,0.9,ANTONIO NAVARRO MANSO
246,La Universidad de Oviedo ‘exporta’ su experiencia con el túnel del viento a la Universidad de Princeton,https://portalinvestigacion.uniovi.es/investigadores/218207/detalle,ofrecer,DESARROLLA,material docente,...ha elaborado material docente —manuales y guías— para facilitar que las prácticas puedan reproducirse y actualizarse con facilidad.,0.85,ANTONIO NAVARRO MANSO
249,El IUOPA destaca en su gala del 25º aniversario que los avances contra el cáncer solo son posibles gracias a la investigación,https://portalinvestigacion.uniovi.es/investigadores/217882/detalle,impulsar,LIDERA,interceptación de calidad en cáncer,los avances logrados han sido posibles gracias a 'la visión y compromiso' de los profesores que impulsaron el proyecto.,0.9,ANA YOLANDA GUTIERREZ FERNANDEZ
249,El IUOPA destaca en su gala del 25º aniversario que los avances contra el cáncer solo son posibles gracias a la investigación,https://portalinvestigacion.uniovi.es/investigadores/218458/detalle,liderar,LIDERA,laboratorio de investigación,El IUOPA me brindó la oportunidad de montar un laboratorio de investigación al lado del departamento de Otorrinolaringología.,0.85,CARLOS MANUEL SUAREZ ALVAREZ
251,Tres egresados de la Universidad de Oviedo logran los Premios Nacionales Fin de Carrera,https://portalinvestigacion.uniovi.es/investigadores/218886/detalle,investigar,INVESTIGA_SOBRE,Biomedicina y Oncología Molecular,"David Roiz del Valle, graduado en Biología por la Universidad de Oviedo, ha defendido recientemente tesis doctoral en Biomedicina y Oncología Molecular",0.9,DAVID ROIZ DEL VALLE
251,Tres egresados de la Universidad de Oviedo logran los Premios Nacionales Fin de Carrera,https://portalinvestigacion.uniovi.es/investigadores/218886/detalle,participar,COLABORA_EN,"grupo de Genomas, Cáncer y Envejecimiento","Actualmente, trabaja como investigador postdoctoral en el grupo de Genomas, Cáncer y Envejecimiento de la institución académica asturiana",0.9,DAVID ROIZ DEL VALLE
252,Un estudio del Serida y la Universidad de Oviedo revela el impacto de la fauna silvestre en el control de las plagas y en la sostenibilidad de los frutales asturianos,https://portalinvestigacion.uniovi.es/investigadores/1116395/detalle,liderar,LIDERA,impacto de la fauna silvestre en cultivos,destaca el investigador Marcos Miñarro.,0.9,MARCOS MIÑARRO PRADO
252,Un estudio del Serida y la Universidad de Oviedo revela el impacto de la fauna silvestre en el control de las plagas y en la sostenibilidad de los frutales asturianos,https://portalinvestigacion.uniovi.es/investigadores/217405/detalle,participar,COLABORA_EN,efectos de la fauna en los cultivos,"El proyecto, liderado por Marcos Miñarro, investigador del Serida, y por Daniel García.",0.85,DANIEL GARCIA GARCIA
252,Un estudio del Serida y la Universidad de Oviedo revela el impacto de la fauna silvestre en el control de las plagas y en la sostenibilidad de los frutales asturianos,https://portalinvestigacion.uniovi.es/investigadores/219148/detalle,participar,COLABORA_EN,biodiversidad y su impacto en la agricultura,Juan Carlos Illera Cobo. Universidad de Oviedo.,0.85,JORGE GARCIA GARCIA
252,Un estudio del Serida y la Universidad de Oviedo revela el impacto de la fauna silvestre en el control de las plagas y en la sostenibilidad de los frutales asturianos,https://portalinvestigacion.uniovi.es/investigadores/219065/detalle,participar,COLABORA_EN,servicios ecosistémicos en cultivos frutales,Teresa Morán López. Universidad de Oviedo.,0.85,TERESA MORAN LOPEZ
253,Un equipo de investigación revela detalles inéditos de las colonias de cría de paíños europeos y cormoranes moñudos,https://portalinvestigacion.uniovi.es/investigadores/216929/detalle,investigar,INVESTIGA_SOBRE,colonias de cría de paíños europeos y cormoranes moñudos,“Nuestros resultados con el cormorán moñudo muestran como una parte de los jóvenes realiza una dispersión que puede alcanzar varios centenares de kilómetros...”,0.9,DAVID ALVAREZ FERNANDEZ
253,Un equipo de investigación revela detalles inéditos de las colonias de cría de paíños europeos y cormoranes moñudos,https://portalinvestigacion.uniovi.es/investigadores/216929/detalle,desarrollar,DESARROLLA,proyecto CORMIÑOS,"CORMIÑOS, llevado a cabo entre 2022 y 2025 por la consultora CORY'S–Investigación y Conservación de la Biodiversidad, en colaboración con David Álvarez...",0.85,DAVID ALVAREZ FERNANDEZ
253,Un equipo de investigación revela detalles inéditos de las colonias de cría de paíños europeos y cormoranes moñudos,https://portalinvestigacion.uniovi.es/investigadores/216929/detalle,ofrecer,DESARROLLA,medidas de gestión en las ZEPA marinas del Cantábrico,CORMIÑOS facilitará la adopción de medidas de gestión adecuadas de estas áreas...,0.8,DAVID ALVAREZ FERNANDEZ
256,"El Consejo de Gobierno aprueba un presupuesto de 271,3 millones para 2026, con un refuerzo para la investigación y para los centros y departamentos",https://portalinvestigacion.uniovi.es/investigadores/218536/detalle,impulsar,LIDERA,actividad investigadora,"“este presupuesto aprobado consolida la estabilidad institucional y permite profundizar en las líneas prioritarias del equipo de gobierno: investigación, calidad docente...”",0.9,IGNACIO VILLAVERDE MENENDEZ
256,"El Consejo de Gobierno aprueba un presupuesto de 271,3 millones para 2026, con un refuerzo para la investigación y para los centros y departamentos",https://portalinvestigacion.uniovi.es/investigadores/218536/detalle,reforzar,COLABORA_EN,Plan Propio de Investigación,"destaca el refuerzo del Plan Propio de Investigación, que alcanzará en 2026 una dotación de 2 millones de euros.",0.85,IGNACIO VILLAVERDE MENENDEZ
258,Investigadores de la Universidad de Oviedo estudian cómo las grandes presas impactan en la conservación del desmán ibérico,https://portalinvestigacion.uniovi.es/investigadores/216902/detalle,liderar,LIDERA,proyecto AQUAMAM,"El proyecto, denominado AQUAMAM, liderado por la profesora de la Universidad de Oviedo Alba Ardura, nace con el objetivo de entender cómo las grandes presas están afectando a la conectividad y salud genética de las poblaciones de desmán.",0.9,ALBA ARDURA GUTIERREZ
258,Investigadores de la Universidad de Oviedo estudian cómo las grandes presas impactan en la conservación del desmán ibérico,https://portalinvestigacion.uniovi.es/investigadores/2370664/detalle,participar,COLABORA_EN,proyecto AQUAMAM,"“Con esta información podremos proponer acciones de restauración ecológica y medidas correctoras para reducir los efectos de las presas y mejorar la conectividad de los ríos”, añade Sara Fernández Fernández, profesora de Biología Funcional.",0.85,SARA FERNANDEZ GARCIA
259,Interculturalidad y educación financiera: concluyen en Oviedo los primeros proyectos de INGENIUM liderados por estudiantes,https://portalinvestigacion.uniovi.es/investigadores/217410/detalle,liderar,LIDERA,Speaking from the Heart,"Con Raquel, Valentina y la gente de ‘Speaking from the Heart’, lo que ha llegado han sido investigadoras reales.",0.9,RAQUEL GARCIA GARCIA
259,Interculturalidad y educación financiera: concluyen en Oviedo los primeros proyectos de INGENIUM liderados por estudiantes,https://portalinvestigacion.uniovi.es/investigadores/217410/detalle,investigar,INVESTIGA_SOBRE,educación intercultural,"Han hecho que la investigación educativa, tan a menudo aislada de las aulas, entre de verdad en la escuela y se nutra de ella.",0.85,RAQUEL GARCIA GARCIA
259,Interculturalidad y educación financiera: concluyen en Oviedo los primeros proyectos de INGENIUM liderados por estudiantes,https://portalinvestigacion.uniovi.es/investigadores/217410/detalle,participar,COLABORA_EN,Financial Literacy through Gamification,"El proyecto ha seguido una estructura en tres fases: una introducción online en noviembre, un taller intensivo en Oviedo...",0.8,RAQUEL GARCIA GARCIA
263,"La empleabilidad, la calidad científica y la financiación centran las conclusiones de la nueva edición de La Universidad Española en Cifras",https://portalinvestigacion.uniovi.es/investigadores/218137/detalle,investigar,INVESTIGA_SOBRE,rendimiento científico del sistema universitario,"«El índice normalizado de calidad de la actividad científica de nuestro Sistema Universitario se sitúa en un nivel muy próximo a valores referenciales de Estados Unidos, Alemania y Francia»",0.9,JOSE ANTONIO PEREZ MENDEZ
263,"La empleabilidad, la calidad científica y la financiación centran las conclusiones de la nueva edición de La Universidad Española en Cifras",https://portalinvestigacion.uniovi.es/investigadores/218137/detalle,liderar,LIDERA,inversión en Universidad,«invertir en Universidad es invertir en oportunidades de desarrollo profesional y personal de nuestros jóvenes»,0.85,JOSE ANTONIO PEREZ MENDEZ
264,El profesor Roger Campione presenta en la Universidad de Florencia el documental ‘La guerra de las máquinas’,https://portalinvestigacion.uniovi.es/investigadores/216966/detalle,liderar,LIDERA,proyecto de investigación SMARTWAR,...liderado por el catedrático de Filosofía del Derecho Roger Campione.,0.9,TONI ROGER CAMPIONE
264,El profesor Roger Campione presenta en la Universidad de Florencia el documental ‘La guerra de las máquinas’,https://portalinvestigacion.uniovi.es/investigadores/218095/detalle,participar,COLABORA_EN,proyecto de investigación SMARTWAR,...han formado parte profesores de la Universidad de Oviedo... Lucía Payero y Davide de Pietri.,0.85,LUCIA PAYERO LOPEZ
264,El profesor Roger Campione presenta en la Universidad de Florencia el documental ‘La guerra de las máquinas’,https://portalinvestigacion.uniovi.es/investigadores/217454/detalle,participar,COLABORA_EN,proyecto de investigación SMARTWAR,...han formado parte profesores de la Universidad de Oviedo... María José García Salgado.,0.85,MARIA JOSE GARCIA SALGADO
264,El profesor Roger Campione presenta en la Universidad de Florencia el documental ‘La guerra de las máquinas’,https://portalinvestigacion.uniovi.es/investigadores/218790/detalle,participar,COLABORA_EN,proyecto de investigación SMARTWAR,...han formado parte profesores de la Universidad Pública de Navarra (Marta Rodríguez-Fouz...,0.85,JOSE GARCIA GARCIA
265,La Universidad de Oviedo aprueba la modificación sustancial de los planes de estudios de cinco másteres universitarios,https://portalinvestigacion.uniovi.es/investigadores/217928/detalle,desarrollar,DESARROLLA,modificaciones sustanciales de planes de estudio,el objetivo de tales cambios es 'mantener una actualización constante de los planes de estudio',0.9,JUAN MANUEL MARCHANTE GAYON
265,La Universidad de Oviedo aprueba la modificación sustancial de los planes de estudios de cinco másteres universitarios,https://portalinvestigacion.uniovi.es/investigadores/217928/detalle,impulsar,LIDERA,actividad científica,"El objetivo de estas ayudas es impulsar la actividad científica, fomentar el intercambio de conocimiento",0.85,JUAN MANUEL MARCHANTE GAYON
267,El G-9 distingue con su Premio de Investigación en Estudios de Género un TFM de la Universidad de Oviedo sobre la violencia obstétrica en Nigeria,https://portalinvestigacion.uniovi.es/investigadores/1301906/detalle,investigar,INVESTIGA_SOBRE,violencia obstétrica en Nigeria,"En su investigación, examinó críticamente la violencia obstétrica en el estado de Lagos, Nigeria, lo que refleja su compromiso de mejorar la salud materna y promover la equidad de género en los sistemas de salud.",0.9,ANA MARIA LOPEZ FERNANDEZ
268,Tres investigadores de la Universidad de Oviedo reciben distinciones en el XXI Certamen Universitario Arquímedes,https://portalinvestigacion.uniovi.es/investigadores/219324/detalle,desarrollar,DESARROLLA,método de procesado de señal para obtener imágenes electromagnéticas,una parte de su investigación doctoral persigue seguir desarrollando esta línea.,0.9,YURI ALVAREZ LOPEZ
268,Tres investigadores de la Universidad de Oviedo reciben distinciones en el XXI Certamen Universitario Arquímedes,https://portalinvestigacion.uniovi.es/investigadores/2014345/detalle,investigar,INVESTIGA_SOBRE,Claves transcriptómicas del envejecimiento,"Su trabajo premiado, titulado Claves transcriptómicas del envejecimiento, fue dirigido por los doctores José María Pérez Freije y David Roiz del Valle.",0.9,ANTONIO GARCIA-BERNARDO TARTIERE
268,Tres investigadores de la Universidad de Oviedo reciben distinciones en el XXI Certamen Universitario Arquímedes,https://portalinvestigacion.uniovi.es/investigadores/2353845/detalle,investigar,INVESTIGA_SOBRE,genoma de Marteilia pararefringens,"El galardón reconoce su TFM, titulado Secuenciación y análisis del genoma de Marteilia pararefringens.",0.9,SAMUEL PIS VIGIL
268,Tres investigadores de la Universidad de Oviedo reciben distinciones en el XXI Certamen Universitario Arquímedes,https://portalinvestigacion.uniovi.es/investigadores/218128/detalle,formar,COLABORA_EN,dirección de trabajos de investigación,dirigido por los doctores José María Pérez Freije y David Roiz del Valle.,0.8,JOSE MARIA PEREZ FREIJE
268,Tres investigadores de la Universidad de Oviedo reciben distinciones en el XXI Certamen Universitario Arquímedes,https://portalinvestigacion.uniovi.es/investigadores/219253/detalle,formar,COLABORA_EN,dirección de trabajos de investigación,dirigido por los doctores José María Pérez Freije y David Roiz del Valle.,0.8,ALEJANDRO PIÑEIRO UGALDE
268,Tres investigadores de la Universidad de Oviedo reciben distinciones en el XXI Certamen Universitario Arquímedes,https://portalinvestigacion.uniovi.es/investigadores/217730/detalle,formar,COLABORA_EN,dirección de trabajos de investigación,dirigido por los profesores Jaime Laviada Martínez y Yuri Álvarez López.,0.8,Jaime Laviada
268,Tres investigadores de la Universidad de Oviedo reciben distinciones en el XXI Certamen Universitario Arquímedes,https://portalinvestigacion.uniovi.es/investigadores/219324/detalle,formar,COLABORA_EN,dirección de trabajos de investigación,dirigido por los profesores Jaime Laviada Martínez y Yuri Álvarez López.,0.8,YURI ALVAREZ LOPEZ
272,La Universidad de Oviedo y la empresa china Sino-Foundry Refractory crean una cátedra para impulsar la investigación en sostenibilidad de materiales refractarios,https://portalinvestigacion.uniovi.es/investigadores/217331/detalle,liderar,LIDERA,Cátedra Sino-Foundry Refractory R&D,"La Cátedra Sino-Foundry Refractory R&D (SFR) estará dirigida por Begoña Fernández, profesora titular del Departamento de Ciencia de los Materiales e Ingeniería Metalúrgica de la Universidad de Oviedo",0.9,BEGOÑA FERNANDEZ PEREZ
272,La Universidad de Oviedo y la empresa china Sino-Foundry Refractory crean una cátedra para impulsar la investigación en sostenibilidad de materiales refractarios,https://portalinvestigacion.uniovi.es/investigadores/218679/detalle,participar,COLABORA_EN,Cátedra Sino-Foundry Refractory R&D,"contará en su comisión de seguimiento con Álvaro Rubio, profesor titular del Departamento de Geología y experto en el análisis microestructural de materiales refractarios",0.85,ALVARO RUBIO ORDOÑEZ
273,El rector defiende la capacidad de la universidad para cambiar las vidas y mejorar el mundo con motivo de la festividad de Santa Catalina de Alejandría,https://portalinvestigacion.uniovi.es/investigadores/219790/detalle,ofrecer,DESARROLLA,conferencia magistral,"Alfonso Palacio, director adjunto del Museo del Prado, ha sido este año el encargado de ofrecer la conferencia magistral.",0.9,ALFONSO PALACIO ALVAREZ
274,"El flamenco, las poetas del 27, las comparsas de Cádiz y el repentismo se unen en los enCOHENtros 2025 de la Cátedra Leonard Cohen",https://portalinvestigacion.uniovi.es/investigadores/218220/detalle,investigar,INVESTIGA_SOBRE,flamenco,"Núñez, creador de flamencopolis.com, un lugar de referencia sobre el flamenco en internet, fue director musical de la compañía de Antonio Gades y director del sello Deutsche Grammophon.",0.9,FAUSTINO JOSE NUÑEZ BATALLA
275,La Universidad de Oviedo renueva su Consejo Asesor de Políticas Universitarias con 11 perfiles vinculados a la investigación y a la empresa,https://portalinvestigacion.uniovi.es/investigadores/217283/detalle,participar,COLABORA_EN,Consejo Asesor de Políticas Universitarias,"José Miguel Arias, profesor del área de Métodos de Investigación y Diagnóstico en Educación de la Universidad de Oviedo.",0.9,JOSE MIGUEL ARIAS BLANCO
277,La Fundación la Caixa otorga una ayuda de casi un millón de euros a un proyecto en el que participa la Universidad de Oviedo,https://portalinvestigacion.uniovi.es/investigadores/218309/detalle,participar,COLABORA_EN,proyecto sobre el entorno tumoral en cáncer colorrectal,"En el estudio también participan investigadores de la Universidad de Oviedo, del Consorcio para la Explotación del Centro Nacional de Análisis Genómica (CNAG) de Barcelona, y de la Universidad de Granada.",0.9,JORGE PISONERO CASTRO
278,Los premios IPfest reconocen la labor de investigadora y de transferencia de la Universidad de Oviedo,https://portalinvestigacion.uniovi.es/investigadores/219264/detalle,desarrollar,DESARROLLA,método in vitro para identificar radicales libres en sangre,"el galardón fue para la investigadora Isabel Quirós, profesora del área de Biología Celular de la Universidad de Oviedo, por el desarrollo de un método in vitro para identificar radicales libres en sangre y su uso en diagnóstico de patologías.",0.9,ISABEL QUIROS GONZALEZ
278,Los premios IPfest reconocen la labor de investigadora y de transferencia de la Universidad de Oviedo,https://portalinvestigacion.uniovi.es/investigadores/217922/detalle,liderar,LIDERA,trayectoria y labor investigadora,"el premio ‘Da Vinci’ reconoció la trayectoria y la labor investigadora de Sonia González Solares, catedrática del área de Fisiología de la Universidad de Oviedo.",0.9,SONIA GONZALEZ SOLARES
279,Un estudio de la Universidad de Oviedo y el Ayuntamiento de Gijón revela que los solares vacíos pueden impulsar la biodiversidad urbana,https://portalinvestigacion.uniovi.es/investigadores/2370717/detalle,liderar,LIDERA,estudio sobre la biodiversidad urbana,"El estudio, liderado por el profesor de la Universidad de Oviedo Eduardo Fernández Pascual, junto con la bióloga municipal Zuzana Ferencova, analiza la 'novedad ecológica' de comunidades de plantas, hongos y bacterias del suelo en distintos hábitats urbanos de Gijón/Xixón.",0.9,EDUARDO FERNANDEZ ALONSO
281,La Universidad de Oviedo y el Ayuntamiento de Langreo refundan La Casa de la Buelga como un eje dinamizador del Valle del Nalón,https://portalinvestigacion.uniovi.es/investigadores/218536/detalle,investigar,INVESTIGA_SOBRE,Extensión Universitaria,Ignacio Villaverde ha recordado que la Extensión Universitaria es una actividad fundamental para la Universidad de Oviedo que fue pionera en su desarrollo en España.,0.9,IGNACIO VILLAVERDE MENENDEZ
288,El rector presenta ante el Claustro de la Universidad de Oviedo el informe de gestión del pasado curso,https://portalinvestigacion.uniovi.es/investigadores/218536/detalle,impulsar,LIDERA,programas de atracción y estabilización,"cuarto, por la ciencia y la investigación, con el propósito de cambiar el modelo de gestión, atraer talento y grandes proyectos e impulsar programas de atracción y estabilización.",0.9,IGNACIO VILLAVERDE MENENDEZ
288,El rector presenta ante el Claustro de la Universidad de Oviedo el informe de gestión del pasado curso,https://portalinvestigacion.uniovi.es/investigadores/218536/detalle,desarrollar,DESARROLLA,estrategia de futuro,ha explicado ante el Claustro la estrategia de futuro contemplada para la institución a través de cinco grandes pactos para los próximos cinco años.,0.85,IGNACIO VILLAVERDE MENENDEZ
288,El rector presenta ante el Claustro de la Universidad de Oviedo el informe de gestión del pasado curso,https://portalinvestigacion.uniovi.es/investigadores/218536/detalle,investigar,INVESTIGA_SOBRE,gestión de la investigación,ha detallado las medidas implementadas para mejorar la gestión de la investigación y el inicio de un profundo análisis destinado a revisar el desempeño docente.,0.8,IGNACIO VILLAVERDE MENENDEZ
290,La Universidad de Oviedo y FICYT crean la Cátedra de Cultura Científica para impulsar la divulgación y analizar la percepción de la ciencia en Asturias,https://portalinvestigacion.uniovi.es/investigadores/217756/detalle,investigar,INVESTIGA_SOBRE,percepción de la ciencia en Asturias,Esta iniciativa pretende analizar la percepción que la sociedad asturiana tiene de la ciencia...,0.9,JOSE ANTONIO LOPEZ CEREZO
291,Estudiantes de la Universidad de Oviedo ganan un hackathon en México con su propuesta para transformar residuos de la producción de tequila en bioplásticos,https://portalinvestigacion.uniovi.es/investigadores/217019/detalle,investigar,INVESTIGA_SOBRE,transformación de residuos de tequila en bioplásticos,"La iniciativa vencedora consiste en transformar los residuos del tequila en bioplásticos, específicamente PHA (polihidroxialcanoatos)",0.9,MARIA DEL MAR FERNANDEZ ALVAREZ
291,Estudiantes de la Universidad de Oviedo ganan un hackathon en México con su propuesta para transformar residuos de la producción de tequila en bioplásticos,https://portalinvestigacion.uniovi.es/investigadores/218058/detalle,investigar,INVESTIGA_SOBRE,innovación en soluciones sostenibles,"este hackathon no solo fomenta la colaboración internacional, sino que también ha puesto de relieve el papel de la innovación en la búsqueda de soluciones sostenibles",0.85,FRANCISCO DE ASIS ORTEGA FERNANDEZ
292,La Cátedra Cogersa inaugura su IV Semana de la Circularidad,https://portalinvestigacion.uniovi.es/investigadores/218062/detalle,formar,COLABORA_EN,taller Compostaje urbano,"El martes, 11 de noviembre (11.00 h.), el campus de El Cristo. Facultad de Química, Aula 24 (Oviedo) acogerá el taller Compostaje urbano: transforma tus residuos en recurso, impartido por la profesora Paula Oulego.",0.9,PAULA OULEGO BLANCO
292,La Cátedra Cogersa inaugura su IV Semana de la Circularidad,https://portalinvestigacion.uniovi.es/investigadores/217768/detalle,ofrecer,DESARROLLA,conferencia Caminando hacia la Sostenibilidad del Hormigón,"El miércoles 12 (12.00 h.) el campus de Gijón. EPI, Aulario Sur, Sala de Juntas (Gijón), acoge la conferencia Caminando hacia la Sostenibilidad del Hormigón a partir de Materiales Circulares, impartida por Fernando López Gayarre.",0.9,FERNANDO LOPEZ GAYARRE
292,La Cátedra Cogersa inaugura su IV Semana de la Circularidad,https://portalinvestigacion.uniovi.es/investigadores/218417/detalle,ofrecer,DESARROLLA,conferencia Circularidad del Agua,"El jueves 13 (12.00 h.), el campus de Mieres, Edificio de Investigación, será el lugar donde se ofrecerá la conferencia: Circularidad del Agua. Sistemas Urbanos de Drenaje Sostenible, por Luis Sañudo Fontaneda.",0.9,LUIS ANGEL SAÑUDO FONTANEDA
294,Un equipo de investigación de la Universidad de Oviedo prueba técnicas para detectar a simple vista fraudes en la comercialización de invertebrados marinos,https://portalinvestigacion.uniovi.es/investigadores/216842/detalle,desarrollar,DESARROLLA,metodologías de detección del fraude alimentario,"“Precisamente por ello, se impone como prioridad el desarrollo de técnicas de detección del fraude alimentario que permitan identificar los productos comercializados incluso cuando ya están cocinados...”, explican Yaisel Borrell Pich...",0.9,YAISEL JUAN BORRELL PICHS
294,Un equipo de investigación de la Universidad de Oviedo prueba técnicas para detectar a simple vista fraudes en la comercialización de invertebrados marinos,https://portalinvestigacion.uniovi.es/investigadores/1301692/detalle,participar,COLABORA_EN,proyecto EyeFishTrack,"...María Celenza, investigadora predoctoral implicada en el mismo.",0.85,MARIA CELENZA
297,El Máster en Género y Diversidad de la Universidad de Oviedo recibe el premio Menina 2025 de la Delegación del Gobierno en Asturias,https://portalinvestigacion.uniovi.es/investigadores/216988/detalle,impulsar,LIDERA,Máster en Género y Diversidad,...pioneras en la creación y consolidación de este programa...,0.9,ROSA MARIA CID LOPEZ
297,El Máster en Género y Diversidad de la Universidad de Oviedo recibe el premio Menina 2025 de la Delegación del Gobierno en Asturias,https://portalinvestigacion.uniovi.es/investigadores/217235/detalle,impulsar,LIDERA,Máster en Género y Diversidad,...pioneras en la creación y consolidación de este programa...,0.9,MARIA ISABEL CARRERA SUAREZ
299,La Semana de la Ciencia y la Innovación de la Universidad de Oviedo cumple 25 años y se consolida como el mayor evento de divulgación de Asturias,https://portalinvestigacion.uniovi.es/investigadores/217915/detalle,investigar,INVESTIGA_SOBRE,células que previenen la autoinmunidad,“El descubrimiento de las células que previenen la autoinmunidad. (Conferencia sobre la temática del Premio Nobel de Medicina 2025).”,0.9,SEGUNDO GONZALEZ RODRIGUEZ
300,La Universidad de Oviedo y el Principado crean una cátedra para afrontar los principales desafíos demográficos de Asturias,https://portalinvestigacion.uniovi.es/investigadores/218648/detalle,desarrollar,DESARROLLA,Cátedra Universitaria de Demografía,la cátedra desarrollará también estudios que contribuyan a afrontar los principales retos del territorio...,0.9,OSCAR RODRIGUEZ PRIETO
300,La Universidad de Oviedo y el Principado crean una cátedra para afrontar los principales desafíos demográficos de Asturias,https://portalinvestigacion.uniovi.es/investigadores/218648/detalle,impulsar,DESARROLLA,generación de conocimiento útil para las políticas públicas,"La cátedra impulsará, además, la generación de conocimiento útil para las políticas públicas...",0.9,OSCAR RODRIGUEZ PRIETO
301,"La actividad emprendedora continúa creciendo en Asturias, según el informe GEM 2024-2025",https://portalinvestigacion.uniovi.es/investigadores/217348/detalle,liderar,LIDERA,Informe GEM Principado de Asturias 2024-2025,"El informe, dirigido por los profesores Manuel González y Vanesa Solís.",0.9,MANUEL GONZALEZ DIAZ
301,"La actividad emprendedora continúa creciendo en Asturias, según el informe GEM 2024-2025",https://portalinvestigacion.uniovi.es/investigadores/219642/detalle,liderar,LIDERA,Informe GEM Principado de Asturias 2024-2025,"El informe, dirigido por los profesores Manuel González y Vanesa Solís.",0.9,VANESA AGUSTINA SOLIS RODRIGUEZ
