news_id,titulo,investigador_id,nombre_mencionado,rol_discursivo,justificacion,evidencia,nombre_oficial
0,La nueva Junta Rectora de CRUE se reúne con el presidente del Gobierno en La Moncloa,https://portalinvestigacion.uniovi.es/investigadores/218536/detalle,Ignacio Villaverde,INSTITUTIONAL,"Ignacio Villaverde aparece en la noticia como rector de la Universidad de Oviedo y presidente de la sectorial de Secretarías Generales en la nueva dirección de CRUE, sin mencionar su actividad investigadora.","El encuentro ha contado con la participación de Ignacio Villaverde, rector de la Universidad de Oviedo y presidente de la sectorial de Secretarías Generales en la nueva dirección de CRUE.",IGNACIO VILLAVERDE MENENDEZ
1,La Universidad de Oviedo reconstruye los orígenes contables de una empresa minera pionera en la industrialización asturiana,https://portalinvestigacion.uniovi.es/investigadores/216887/detalle,Javier de Andrés,RESEARCH,"El investigador presenta resultados de su trabajo sobre la contabilidad de la Real Compañía Asturiana de Minas, describiendo su metodología y conclusiones.","“Lo más llamativo es comprobar que, con un sistema contable aparentemente simple, la compañía era capaz de generar información suficiente para supervisar la actividad y rendir cuentas a sus propietarios”.",JAVIER DE ANDRES SUAREZ
1,La Universidad de Oviedo reconstruye los orígenes contables de una empresa minera pionera en la industrialización asturiana,https://portalinvestigacion.uniovi.es/investigadores/217791/detalle,Pedro Lorca Fernández,RESEARCH,"El investigador menciona su análisis sobre la contabilidad de la empresa minera y su relevancia histórica, lo que indica su participación en la investigación.",“La conservación de sus registros contables nos permite observar con gran detalle la realidad económica de una empresa pionera en pleno proceso de industrialización”.,PEDRO LORCA FERNANDEZ
2,La Universidá Asturiana de Branu incorpora la inteligencia artificial a su oferta formativa,https://portalinvestigacion.uniovi.es/investigadores/217844/detalle,CLAUDIA ELENA MENENDEZ FERNANDEZ,INSTITUTIONAL,"Claudia Elena Menéndez aparece como directora de la UABRA, lo que indica su rol institucional en la inauguración de la actividad.","la directora de la UABRA, Claudia Elena Menéndez, ha inaugurado esta mañana la actividad",CLAUDIA ELENA MENENDEZ FERNANDEZ
2,La Universidá Asturiana de Branu incorpora la inteligencia artificial a su oferta formativa,https://portalinvestigacion.uniovi.es/investigadores/217909/detalle,XOSE ANTON GONZALEZ RIAÑO,INSTITUTIONAL,"Xosé Antón González Riaño es mencionado como presidente de la Academia de la Llingua, lo que lo clasifica como un rol institucional.","el presidente de la Academia de la Llingua (ALLA), Xosé Antón González Riaño",XOSE ANTON GONZALEZ RIAÑO
3,El grupo Llabor de la Universidad de Oviedo regresa a Cueiru para desvelar el origen de una de las ferias más antiguas del Noroeste,https://portalinvestigacion.uniovi.es/investigadores/217322/detalle,Margarita Fernández Mier,MIXED,Margarita Fernández Mier es mencionada como investigadora principal del grupo y también se le atribuyen funciones de comunicación y representación institucional al invitar al público a las jornadas de puertas abiertas.,"“La presencia de visitantes no solo contribuye a difundir el conocimiento sobre el pasado de la comarca, sino que también ayuda a valorar y proteger un patrimonio que forma parte de la memoria colectiva del territorio”.",MARIA MARGARITA FERNANDEZ MIER
5,Los Picos de Europa esconden un ‘amortiguador’ geológico natural que evita la formación de terremotos,https://portalinvestigacion.uniovi.es/investigadores/217592/detalle,Gabriela Fernández Viejo,MIXED,Gabriela Fernández Viejo es mencionada como investigadora que lidera el estudio y también se le atribuyen funciones de representación institucional al ser catedrática.,"El estudio ha sido desarrollado por un equipo de seis investigadores del Departamento de Geología de la Universidad de Oviedo, liderado por los catedráticos Gabriela Fernández-Viejo y Sergio Llana Fúnez.",GABRIELA FERNANDEZ VIEJO
5,Los Picos de Europa esconden un ‘amortiguador’ geológico natural que evita la formación de terremotos,https://portalinvestigacion.uniovi.es/investigadores/217738/detalle,Sergio Llana Fúnez,MIXED,"Sergio Llana Fúnez es mencionado como catedrático y líder del estudio, lo que implica tanto actividad investigadora como un rol institucional.","El estudio ha sido desarrollado por un equipo de seis investigadores del Departamento de Geología de la Universidad de Oviedo, liderado por los catedráticos Gabriela Fernández-Viejo y Sergio Llana Fúnez.",SERGIO LLANA FUNEZ
5,Los Picos de Europa esconden un ‘amortiguador’ geológico natural que evita la formación de terremotos,https://portalinvestigacion.uniovi.es/investigadores/217761/detalle,Carlos López Fernández,RESEARCH,"Carlos López Fernández es mencionado como uno de los investigadores que firmaron el estudio, lo que indica su participación en la actividad investigadora.","El estudio está firmado por los investigadores Carlos López-Fernández, Jorge Acevedo, Gabriela Fernández-Viejo, Sergio Llana-Fúnez, Miguel Gutiérrez-Medina y Juan Manuel González-Cortina.",CARLOS LOPEZ FERNANDEZ
5,Los Picos de Europa esconden un ‘amortiguador’ geológico natural que evita la formación de terremotos,https://portalinvestigacion.uniovi.es/investigadores/217782/detalle,Jorge Acevedo,RESEARCH,"Jorge Acevedo es mencionado como uno de los investigadores que firmaron el estudio, lo que indica su participación en la actividad investigadora.","El estudio está firmado por los investigadores Carlos López-Fernández, Jorge Acevedo, Gabriela Fernández-Viejo, Sergio Llana-Fúnez, Miguel Gutiérrez-Medina y Juan Manuel González-Cortina.",CARLOS ANTONIO LOPEZ SANCHEZ
5,Los Picos de Europa esconden un ‘amortiguador’ geológico natural que evita la formación de terremotos,https://portalinvestigacion.uniovi.es/investigadores/217597/detalle,Miguel Gutiérrez-Medina,RESEARCH,"Miguel Gutiérrez-Medina es mencionado como uno de los investigadores que firmaron el estudio, lo que indica su participación en la actividad investigadora.","El estudio está firmado por los investigadores Carlos López-Fernández, Jorge Acevedo, Gabriela Fernández-Viejo, Sergio Llana-Fúnez, Miguel Gutiérrez-Medina y Juan Manuel González-Cortina.",FELIX CARLOS FERNANDEZ DE CASTRO LOPEZ PATIÑO
5,Los Picos de Europa esconden un ‘amortiguador’ geológico natural que evita la formación de terremotos,https://portalinvestigacion.uniovi.es/investigadores/217348/detalle,Juan Manuel González-Cortina,RESEARCH,"Juan Manuel González-Cortina es mencionado como uno de los investigadores que firmaron el estudio, lo que indica su participación en la actividad investigadora.","El estudio está firmado por los investigadores Carlos López-Fernández, Jorge Acevedo, Gabriela Fernández-Viejo, Sergio Llana-Fúnez, Miguel Gutiérrez-Medina y Juan Manuel González-Cortina.",MANUEL GONZALEZ DIAZ
6,La Real Sociedad Española de Física premia la tesis doctoral de Clara Ramón Álvarez en la Universidad de Oviedo,https://portalinvestigacion.uniovi.es/investigadores/217085/detalle,JAVIER CUEVAS MAESTRO,MIXED,Aparece como director de la tesis y se menciona su contribución en el trabajo de investigación.,"destacan sus directores, Javier Cuevas y Javier Fernández Menéndez.",FRANCISCO JAVIER CUEVAS MAESTRO
6,La Real Sociedad Española de Física premia la tesis doctoral de Clara Ramón Álvarez en la Universidad de Oviedo,https://portalinvestigacion.uniovi.es/investigadores/218879/detalle,LUIS JAVIER FERNANDEZ MENENDEZ,UNCLEAR,"No se menciona su rol específico en la noticia, solo se menciona a los directores de la tesis.","destacan sus directores, Javier Cuevas y Javier Fernández Menéndez.",LUIS JAVIER FERNANDEZ MENENDEZ
6,La Real Sociedad Española de Física premia la tesis doctoral de Clara Ramón Álvarez en la Universidad de Oviedo,https://portalinvestigacion.uniovi.es/investigadores/217637/detalle,SUSANA DEL CARMEN FERNANDEZ MENENDEZ,UNCLEAR,"No se menciona su rol específico en la noticia, solo se menciona a los directores de la tesis.","destacan sus directores, Javier Cuevas y Javier Fernández Menéndez.",SUSANA DEL CARMEN FERNANDEZ MENENDEZ
6,La Real Sociedad Española de Física premia la tesis doctoral de Clara Ramón Álvarez en la Universidad de Oviedo,https://portalinvestigacion.uniovi.es/investigadores/219959/detalle,JAVIER FERNANDEZ GONZALEZ,UNCLEAR,"No se menciona su rol específico en la noticia, solo se menciona a los directores de la tesis.","destacan sus directores, Javier Cuevas y Javier Fernández Menéndez.",JAVIER FERNANDEZ GONZALEZ
6,La Real Sociedad Española de Física premia la tesis doctoral de Clara Ramón Álvarez en la Universidad de Oviedo,https://portalinvestigacion.uniovi.es/investigadores/219035/detalle,JAVIER FERNANDEZ REYNES,UNCLEAR,"No se menciona su rol específico en la noticia, solo se menciona a los directores de la tesis.","destacan sus directores, Javier Cuevas y Javier Fernández Menéndez.",JAVIER FERNANDEZ REYNES
6,La Real Sociedad Española de Física premia la tesis doctoral de Clara Ramón Álvarez en la Universidad de Oviedo,https://portalinvestigacion.uniovi.es/investigadores/217503/detalle,FRANCISCO JAVIER FERNANDEZ RIO,UNCLEAR,"No se menciona su rol específico en la noticia, solo se menciona a los directores de la tesis.","destacan sus directores, Javier Cuevas y Javier Fernández Menéndez.",FRANCISCO JAVIER FERNANDEZ RIO
6,La Real Sociedad Española de Física premia la tesis doctoral de Clara Ramón Álvarez en la Universidad de Oviedo,https://portalinvestigacion.uniovi.es/investigadores/217636/detalle,JAVIER FERNANDEZ MENENDEZ,MIXED,Aparece como director de la tesis y se menciona su contribución en el trabajo de investigación.,"destacan sus directores, Javier Cuevas y Javier Fernández Menéndez.",JAVIER FERNANDEZ MENENDEZ
6,La Real Sociedad Española de Física premia la tesis doctoral de Clara Ramón Álvarez en la Universidad de Oviedo,https://portalinvestigacion.uniovi.es/investigadores/216867/detalle,JOSE RAMON ALVAREZ SAIZ,UNCLEAR,"No se menciona su rol específico en la noticia, solo se menciona a los directores de la tesis.","destacan sus directores, Javier Cuevas y Javier Fernández Menéndez.",JOSE RAMON ALVAREZ SAIZ
6,La Real Sociedad Española de Física premia la tesis doctoral de Clara Ramón Álvarez en la Universidad de Oviedo,https://portalinvestigacion.uniovi.es/investigadores/218878/detalle,JAVIER FERNANDEZ MATEOS,UNCLEAR,"No se menciona su rol específico en la noticia, solo se menciona a los directores de la tesis.","destacan sus directores, Javier Cuevas y Javier Fernández Menéndez.",JAVIER FERNANDEZ MATEOS
6,La Real Sociedad Española de Física premia la tesis doctoral de Clara Ramón Álvarez en la Universidad de Oviedo,https://portalinvestigacion.uniovi.es/investigadores/218865/detalle,JAVIER FERNANDEZ FERNANDEZ,UNCLEAR,"No se menciona su rol específico en la noticia, solo se menciona a los directores de la tesis.","destacan sus directores, Javier Cuevas y Javier Fernández Menéndez.",JAVIER FERNANDEZ FERNANDEZ
6,La Real Sociedad Española de Física premia la tesis doctoral de Clara Ramón Álvarez en la Universidad de Oviedo,https://portalinvestigacion.uniovi.es/investigadores/217049/detalle,FRANCISCO JAVIER FERNANDEZ GARCIA,UNCLEAR,"No se menciona su rol específico en la noticia, solo se menciona a los directores de la tesis.","destacan sus directores, Javier Cuevas y Javier Fernández Menéndez.",FRANCISCO JAVIER FERNANDEZ GARCIA
8,Treinta estudiantes de la Universidad de Oviedo completan  su formación en EDP,https://portalinvestigacion.uniovi.es/investigadores/218536/detalle,IGNACIO VILLAVERDE MENENDEZ,INSTITUTIONAL,"Ignacio Villaverde aparece como rector y su intervención se centra en la colaboración entre la universidad y la empresa, sin mencionar actividad investigadora.","el rector de la Universidad de Oviedo, Ignacio Villaverde, señaló que “la colaboración con EDP es un ejemplo de la importancia que tiene la relación entre universidad y empresa"".",IGNACIO VILLAVERDE MENENDEZ
8,Treinta estudiantes de la Universidad de Oviedo completan  su formación en EDP,https://portalinvestigacion.uniovi.es/investigadores/216850/detalle,CESAR ANTONIO ALVAREZ MARCOS,UNCLEAR,"No se menciona a César Antonio Álvarez Marcos en la noticia, por lo que no hay evidencia suficiente para clasificar su rol.",,CESAR ANTONIO ALVAREZ MARCOS
8,Treinta estudiantes de la Universidad de Oviedo completan  su formación en EDP,https://portalinvestigacion.uniovi.es/investigadores/217944/detalle,SANTIAGO MARTIN GONZALEZ,UNCLEAR,"No se menciona a Santiago Martín González en la noticia, por lo que no hay evidencia suficiente para clasificar su rol.",,SANTIAGO MARTIN GONZALEZ
9,La Universidad de Oviedo muestra sus buenas prácticas en internacionalización en unas jornadas de CRUE,https://portalinvestigacion.uniovi.es/investigadores/217678/detalle,ANA CRISTINA LAHUERTA MARTINEZ,MIXED,"Ana Cristina Lahuerta participa en la jornada como directora de la Casa de las Lenguas, mostrando iniciativas de internacionalización, lo que implica un rol institucional, pero también menciona el compromiso con la investigación y la docencia internacional.","La directora de la Casa de las Lenguas ha explicado que la participación de la Universidad de Oviedo en estas jornadas 'reafirma el compromiso con un modelo de internacionalización abierto, integrador y accesible'.",ANA CRISTINA LAHUERTA MARTINEZ
9,La Universidad de Oviedo muestra sus buenas prácticas en internacionalización en unas jornadas de CRUE,https://portalinvestigacion.uniovi.es/investigadores/217577/detalle,JOSE GARCIA FANJUL,UNCLEAR,"No se menciona ninguna actividad específica de José García Fanjul en la noticia, por lo que no hay evidencia suficiente para clasificar su rol.",,JOSE GARCIA FANJUL
9,La Universidad de Oviedo muestra sus buenas prácticas en internacionalización en unas jornadas de CRUE,https://portalinvestigacion.uniovi.es/investigadores/217454/detalle,MARIA JOSE GARCIA SALGADO,UNCLEAR,"No se menciona ninguna actividad específica de María José García Salgado en la noticia, por lo que no hay evidencia suficiente para clasificar su rol.",,MARIA JOSE GARCIA SALGADO
9,La Universidad de Oviedo muestra sus buenas prácticas en internacionalización en unas jornadas de CRUE,https://portalinvestigacion.uniovi.es/investigadores/219153/detalle,JOSE LUIS GARCIA SUAREZ,UNCLEAR,"No se menciona ninguna actividad específica de José Luis García Suárez en la noticia, por lo que no hay evidencia suficiente para clasificar su rol.",,JOSE LUIS GARCIA SUAREZ
9,La Universidad de Oviedo muestra sus buenas prácticas en internacionalización en unas jornadas de CRUE,https://portalinvestigacion.uniovi.es/investigadores/2355660/detalle,JOSE MANUEL GARCIA MONTES,UNCLEAR,"No se menciona ninguna actividad específica de José Manuel García Montes en la noticia, por lo que no hay evidencia suficiente para clasificar su rol.",,JOSE MANUEL GARCIA MONTES
9,La Universidad de Oviedo muestra sus buenas prácticas en internacionalización en unas jornadas de CRUE,https://portalinvestigacion.uniovi.es/investigadores/217546/detalle,JOSE IGNACIO GARCIA ALONSO,UNCLEAR,"No se menciona ninguna actividad específica de José Ignacio García Alonso en la noticia, por lo que no hay evidencia suficiente para clasificar su rol.",,JOSE IGNACIO GARCIA ALONSO
9,La Universidad de Oviedo muestra sus buenas prácticas en internacionalización en unas jornadas de CRUE,https://portalinvestigacion.uniovi.es/investigadores/217437/detalle,PAULINO JOSE GARCIA NIETO,UNCLEAR,"No se menciona ninguna actividad específica de Paulino José García Nieto en la noticia, por lo que no hay evidencia suficiente para clasificar su rol.",,PAULINO JOSE GARCIA NIETO
9,La Universidad de Oviedo muestra sus buenas prácticas en internacionalización en unas jornadas de CRUE,https://portalinvestigacion.uniovi.es/investigadores/217416/detalle,JUAN JOSE GARCIA GONZALEZ,UNCLEAR,"No se menciona ninguna actividad específica de Juan José García González en la noticia, por lo que no hay evidencia suficiente para clasificar su rol.",,JUAN JOSE GARCIA GONZALEZ
9,La Universidad de Oviedo muestra sus buenas prácticas en internacionalización en unas jornadas de CRUE,https://portalinvestigacion.uniovi.es/investigadores/218790/detalle,JOSE GARCIA GARCIA,UNCLEAR,"No se menciona ninguna actividad específica de José García García en la noticia, por lo que no hay evidencia suficiente para clasificar su rol.",,JOSE GARCIA GARCIA
9,La Universidad de Oviedo muestra sus buenas prácticas en internacionalización en unas jornadas de CRUE,https://portalinvestigacion.uniovi.es/investigadores/217580/detalle,JOSE GARCIA FERNANDEZ,UNCLEAR,"No se menciona ninguna actividad específica de José García Fernández en la noticia, por lo que no hay evidencia suficiente para clasificar su rol.",,JOSE GARCIA FERNANDEZ
10,La Comisión Europea asegura la financiación para la alianza INGENIUM hasta 2028,https://portalinvestigacion.uniovi.es/investigadores/218536/detalle,Ignacio Villaverde,INSTITUTIONAL,"Ignacio Villaverde aparece como rector de la Universidad de Oviedo, celebrando la financiación y el trabajo de la institución en la alianza INGENIUM.","El rector de la Universidad de Oviedo, Ignacio Villaverde, ha celebrado que 'la noticia supone un espaldarazo al trabajo realizado por INGENIUM y una excelente noticia para la Universidad de Oviedo como institución coordinadora de la alianza.'",IGNACIO VILLAVERDE MENENDEZ
12,El primer estudio de la Cátedra Universitaria de Demografía revela que la pérdida de población es la segunda preocupación de los asturianos solo por detrás de la vivienda,https://portalinvestigacion.uniovi.es/investigadores/218648/detalle,Óscar Rodríguez Buznego,RESEARCH,Presenta un trabajo que aporta conocimiento sobre la opinión de los asturianos y muestra la complejidad del reto demográfico.,"Buznego ha explicado que ASTURDEMO25 nace para cubrir una carencia relevante: “Suple la falta de datos objetivos, sólidos y representativos, aporta conocimiento sobre la opinión y las actitudes de los asturianos y muestra la complejidad del reto demográfico”.",OSCAR RODRIGUEZ PRIETO
12,El primer estudio de la Cátedra Universitaria de Demografía revela que la pérdida de población es la segunda preocupación de los asturianos solo por detrás de la vivienda,https://portalinvestigacion.uniovi.es/investigadores/217221/detalle,Verónica Cañal Fernández,INSTITUTIONAL,"Aparece como directora de área de Cátedras de Empresa e Institucionales, sin evidencia de actividad investigadora en la noticia.","El director de la Cátedra de Demografía de la Universidad de Oviedo, Óscar Rodríguez Buznego, ha presentado los principales resultados acompañado por la directora de área de Cátedras de Empresa e Institucionales, Verónica Cañal.",VERONICA CAÑAL FERNANDEZ
14,La Universidad de Oviedo reconoce la trayectoria de los catedráticos José Antonio Cecchini y Miguel del Valle,https://portalinvestigacion.uniovi.es/investigadores/218896/detalle,MIGUEL ENRIQUE DEL VALLE SOTO,RESEARCH,"El texto menciona su contribución al impulso de la investigación en actividad física, educación y medicina del deporte.","Villaverde ha subrayado, además, su aportación al impulso de la investigación en actividad física, educación y medicina del deporte.",MIGUEL ENRIQUE DEL VALLE SOTO
14,La Universidad de Oviedo reconoce la trayectoria de los catedráticos José Antonio Cecchini y Miguel del Valle,https://portalinvestigacion.uniovi.es/investigadores/216978/detalle,JOSE ANTONIO CECCHINI ESTRADA,RESEARCH,Se destaca su contribución al desarrollo de la institución y su legado en la investigación y la docencia.,"la Universidad de Oviedo ha querido expresar el agradecimiento de toda la comunidad universitaria a dos profesores cuyo legado permanecerá en la formación de nuevas generaciones, en el impulso a la investigación.",JOSE ANTONIO CECCHINI ESTRADA
14,La Universidad de Oviedo reconoce la trayectoria de los catedráticos José Antonio Cecchini y Miguel del Valle,https://portalinvestigacion.uniovi.es/investigadores/218536/detalle,IGNACIO VILLAVERDE MENENDEZ,INSTITUTIONAL,Ignacio Villaverde aparece como rector y su intervención se centra en el reconocimiento institucional.,"El acto ha estado presidido por el rector, Ignacio Villaverde.",IGNACIO VILLAVERDE MENENDEZ
14,La Universidad de Oviedo reconoce la trayectoria de los catedráticos José Antonio Cecchini y Miguel del Valle,https://portalinvestigacion.uniovi.es/investigadores/217503/detalle,FRANCISCO JAVIER FERNANDEZ RIO,INSTITUTIONAL,"Se menciona su papel como director del Servicio de Deportes, lo que indica un rol institucional.","el Servicio de Deportes de la Universidad de Oviedo, dirigido por Javier Fernández Río, la iniciativa de promover este homenaje.",FRANCISCO JAVIER FERNANDEZ RIO
14,La Universidad de Oviedo reconoce la trayectoria de los catedráticos José Antonio Cecchini y Miguel del Valle,https://portalinvestigacion.uniovi.es/investigadores/217636/detalle,JAVIER FERNANDEZ MENENDEZ,UNCLEAR,No se proporciona información suficiente sobre su rol en la noticia.,,JAVIER FERNANDEZ MENENDEZ
14,La Universidad de Oviedo reconoce la trayectoria de los catedráticos José Antonio Cecchini y Miguel del Valle,https://portalinvestigacion.uniovi.es/investigadores/219959/detalle,JAVIER FERNANDEZ GONZALEZ,UNCLEAR,No se menciona su rol en la noticia.,,JAVIER FERNANDEZ GONZALEZ
14,La Universidad de Oviedo reconoce la trayectoria de los catedráticos José Antonio Cecchini y Miguel del Valle,https://portalinvestigacion.uniovi.es/investigadores/217049/detalle,FRANCISCO JAVIER FERNANDEZ GARCIA,UNCLEAR,No se menciona su rol en la noticia.,,FRANCISCO JAVIER FERNANDEZ GARCIA
14,La Universidad de Oviedo reconoce la trayectoria de los catedráticos José Antonio Cecchini y Miguel del Valle,https://portalinvestigacion.uniovi.es/investigadores/218879/detalle,LUIS JAVIER FERNANDEZ MENENDEZ,UNCLEAR,No se menciona su rol en la noticia.,,LUIS JAVIER FERNANDEZ MENENDEZ
14,La Universidad de Oviedo reconoce la trayectoria de los catedráticos José Antonio Cecchini y Miguel del Valle,https://portalinvestigacion.uniovi.es/investigadores/219035/detalle,JAVIER FERNANDEZ REYNES,UNCLEAR,No se menciona su rol en la noticia.,,JAVIER FERNANDEZ REYNES
14,La Universidad de Oviedo reconoce la trayectoria de los catedráticos José Antonio Cecchini y Miguel del Valle,https://portalinvestigacion.uniovi.es/investigadores/218865/detalle,JAVIER FERNANDEZ FERNANDEZ,UNCLEAR,No se menciona su rol en la noticia.,,JAVIER FERNANDEZ FERNANDEZ
14,La Universidad de Oviedo reconoce la trayectoria de los catedráticos José Antonio Cecchini y Miguel del Valle,https://portalinvestigacion.uniovi.es/investigadores/218878/detalle,JAVIER FERNANDEZ MATEOS,UNCLEAR,No se menciona su rol en la noticia.,,JAVIER FERNANDEZ MATEOS
14,La Universidad de Oviedo reconoce la trayectoria de los catedráticos José Antonio Cecchini y Miguel del Valle,https://portalinvestigacion.uniovi.es/investigadores/218643/detalle,CELESTINO RODRIGUEZ PEREZ,INSTITUTIONAL,"Se menciona su rol como decano, lo que indica un rol institucional.","acompañado por el decano de la Facultad de Formación del Profesorado y Educación, Celestino Rodríguez.",CELESTINO RODRIGUEZ PEREZ
16,La Universidad de Oviedo reúne a especialistas internacionales para analizar el impacto de la inteligencia artificial en la enseñanza de lenguas,https://portalinvestigacion.uniovi.es/investigadores/217029/detalle,ALBERTO FERNANDEZ COSTALES,MIXED,"El catedrático es presidente del comité organizador del congreso y se menciona su trayectoria investigadora, lo que indica tanto un rol institucional como uno de investigación.","...el presidente del comité organizador, el catedrático Alberto Fernández Costales... destacada la trayectoria investigadora e innovadora de este centro universitario...",ALBERTO FERNANDEZ COSTALES
16,La Universidad de Oviedo reúne a especialistas internacionales para analizar el impacto de la inteligencia artificial en la enseñanza de lenguas,https://portalinvestigacion.uniovi.es/investigadores/218643/detalle,CELESTINO RODRIGUEZ PEREZ,INSTITUTIONAL,"El decano de la Facultad de Formación del Profesorado y Educación es mencionado en un contexto institucional, sin referencia a su actividad investigadora.","...la participación del rector de la Universidad de Oviedo... el decano de la Facultad de Formación del Profesorado y Educación, Celestino Rodríguez...",CELESTINO RODRIGUEZ PEREZ
16,La Universidad de Oviedo reúne a especialistas internacionales para analizar el impacto de la inteligencia artificial en la enseñanza de lenguas,https://portalinvestigacion.uniovi.es/investigadores/217016/detalle,ALBERTO MANUEL FERNANDEZ ALVAREZ,UNCLEAR,"No se menciona a este investigador en el texto, por lo que no hay evidencia suficiente para clasificar su rol.",,ALBERTO MANUEL FERNANDEZ ALVAREZ
17,La Universidad de Oviedo identifica especies nativas para restaurar espacios urbanos degradados,https://portalinvestigacion.uniovi.es/investigadores/219672/detalle,Borja Jiménez-Alfaro,RESEARCH,"El investigador participa en un estudio sobre especies nativas para la restauración ecológica, lo que implica actividad investigadora.","El trabajo, publicado en la revista Urban Forestry & Urban Greening , aporta nuevas herramientas para diseñar mezclas de semillas adaptadas a las condiciones de las ciudades y favorecer procesos de renaturalización con especies locales.",Borja Jiménez-Alfaro
17,La Universidad de Oviedo identifica especies nativas para restaurar espacios urbanos degradados,https://portalinvestigacion.uniovi.es/investigadores/2370717/detalle,Eduardo Fernández Pascual,RESEARCH,"Eduardo Fernández Pascual es mencionado como investigador que explica los objetivos de la investigación sobre especies nativas, lo que indica su rol en la actividad investigadora.","“El objetivo es identificar qué especies tienen mejores características para establecerse y persistir en ambientes urbanos”, explica Eduardo Fernández Pascual, profesor de Botánica de la Universidad de Oviedo e investigador del Instituto Mixto de Investigación en Biodiversidad.",EDUARDO FERNANDEZ ALONSO
18,"La Universidad de Oviedo desarrolla DubbiOvi, una plataforma abierta para la traducción audiovisual potenciada con inteligencia artificial",https://portalinvestigacion.uniovi.es/investigadores/218353/detalle,Alfonso Carlos Rodríguez Fernández-Peña,MIXED,"El profesor desarrolla una plataforma que integra IA para la traducción audiovisual, lo que implica actividad investigadora, pero también representa a la institución al ser parte de su cuerpo docente.","DubbiOvi ha sido desarrollada por el profesor Alfonso Carlos Rodríguez Fernández-Peña, del Departamento de Filología Inglesa, Francesa y Alemana.",ALFONSO CARLOS RODRIGUEZ FERNANDEZ-PEÑA
19,El rector valora la “buena disposición” del presidente del Principado para avanzar en los principales retos de la Universidad de Oviedo,https://portalinvestigacion.uniovi.es/investigadores/218536/detalle,IGNACIO VILLAVERDE MENENDEZ,MIXED,"Villaverde actúa como rector, representando a la institución, pero también menciona la importancia de la investigación y las condiciones del personal investigador.","Villaverde ha defendido que, si Asturias quiere retener talento, también la Universidad debe ser la primera en reconocerlo adecuadamente.",IGNACIO VILLAVERDE MENENDEZ
20,Gijón reunirá a expertos internacionales en instrumentación electrónica y en gestión de la energía en el ámbito de la inteligencia artificial y el espacio durante el SAAEI 2026,https://portalinvestigacion.uniovi.es/investigadores/218344/detalle,Miguel Rodríguez,RESEARCH,"Miguel Rodríguez aborda los retos actuales relacionados con la alimentación de las GPUs, lo que implica actividad investigadora en su campo.","Rodríguez abordará los retos actuales relacionados con la alimentación de las GPUs, unos dispositivos fundamentales para el funcionamiento de los grandes sistemas de computación utilizados en inteligencia artificial.",MIGUEL ANGEL RODRIGUEZ DIAZ
20,Gijón reunirá a expertos internacionales en instrumentación electrónica y en gestión de la energía en el ámbito de la inteligencia artificial y el espacio durante el SAAEI 2026,https://portalinvestigacion.uniovi.es/investigadores/1205486/detalle,Jorge García,INSTITUTIONAL,"Jorge García es mencionado como director de Área de Transferencia y Empresas Basadas en el Conocimiento, lo que indica su rol institucional.","Estará coordinada por Jorge García, director de Área de Transferencia y Empresas Basadas en el Conocimiento de la Universidad de Oviedo.",JORGE GARCIA PIQUERAS
20,Gijón reunirá a expertos internacionales en instrumentación electrónica y en gestión de la energía en el ámbito de la inteligencia artificial y el espacio durante el SAAEI 2026,https://portalinvestigacion.uniovi.es/investigadores/217584/detalle,Arturo Fernández,RESEARCH,"Arturo Fernández trabaja en el desarrollo de tecnologías para aplicaciones espaciales, lo que indica su actividad investigadora.",Su intervención estará centrada en los sistemas de potencia necesarios para las futuras misiones espaciales tripuladas.,PABLO GARCIA FERNANDEZ
20,Gijón reunirá a expertos internacionales en instrumentación electrónica y en gestión de la energía en el ámbito de la inteligencia artificial y el espacio durante el SAAEI 2026,https://portalinvestigacion.uniovi.es/investigadores/1010304/detalle,Carlo Trigona,RESEARCH,"Carlo Trigona es investigador y su conferencia se centra en el desarrollo de nuevas tecnologías sostenibles, lo que implica actividad investigadora.",Su conferencia explorará cómo la naturaleza puede servir como fuente de inspiración para el desarrollo de nuevas tecnologías sostenibles.,PABLO GARCIA MARCOS
21,La Universidad de Oviedo reúne a especialistas nacionales e internacionales para analizar el futuro de las carreteras históricas como patrimonio y recurso turístico,https://portalinvestigacion.uniovi.es/investigadores/218311/detalle,Pedro Plasencia Lozano,MIXED,Pedro Plasencia es mencionado como director del seminario y también se refiere a su actividad investigadora en el contexto del proyecto sobre carreteras históricas.,"Pedro Plasencia, profesor de Ingeniería del Transporte y Planificación de la Universidad de Oviedo, ha explicado que el encuentro pretende abordar 'el reto que tenemos como sociedad de qué hacer con las infraestructuras degradadas'.",PEDRO PLASENCIA LOZANO
21,La Universidad de Oviedo reúne a especialistas nacionales e internacionales para analizar el futuro de las carreteras históricas como patrimonio y recurso turístico,https://portalinvestigacion.uniovi.es/investigadores/1010245/detalle,Marina Bargón García,RESEARCH,"Marina Bargón García es mencionada como una de las directoras del seminario, lo que implica su participación en actividades de investigación relacionadas con el tema del seminario.","El seminario, dirigido por las profesoras Rita Ruiz Fernández y Marina Bargón García y por el profesor Pedro Plasencia.",MARINA BARGON GARCIA
21,La Universidad de Oviedo reúne a especialistas nacionales e internacionales para analizar el futuro de las carreteras históricas como patrimonio y recurso turístico,https://portalinvestigacion.uniovi.es/investigadores/1010245/detalle,Rita Ruiz Fernández,RESEARCH,"Rita Ruiz Fernández es mencionada como una de las directoras del seminario, lo que implica su participación en actividades de investigación relacionadas con el tema del seminario.","El seminario, dirigido por las profesoras Rita Ruiz Fernández y Marina Bargón García y por el profesor Pedro Plasencia.",MARINA BARGON GARCIA
21,La Universidad de Oviedo reúne a especialistas nacionales e internacionales para analizar el futuro de las carreteras históricas como patrimonio y recurso turístico,https://portalinvestigacion.uniovi.es/investigadores/1205486/detalle,Jorge García Piqueras,UNCLEAR,No se menciona ninguna actividad específica de investigación o institucional relacionada con Jorge García Piqueras en el texto.,,JORGE GARCIA PIQUERAS
21,La Universidad de Oviedo reúne a especialistas nacionales e internacionales para analizar el futuro de las carreteras históricas como patrimonio y recurso turístico,https://portalinvestigacion.uniovi.es/investigadores/219670/detalle,Jesús Ruiz Fernández,UNCLEAR,No se menciona ninguna actividad específica de investigación o institucional relacionada con Jesús Ruiz Fernández en el texto.,,JESUS RUIZ FERNANDEZ
21,La Universidad de Oviedo reúne a especialistas nacionales e internacionales para analizar el futuro de las carreteras históricas como patrimonio y recurso turístico,https://portalinvestigacion.uniovi.es/investigadores/218110/detalle,Inés Peñuelas Sánchez,INSTITUTIONAL,"Inés Peñuelas es mencionada como vicerrectora, lo que indica su rol institucional en la inauguración del seminario.","El seminario ha sido inaugurado esta mañana con la presencia de Inés Peñuelas, vicerrectora de Sostenibilidad y Digitalización.",INES PEÑUELAS SANCHEZ
21,La Universidad de Oviedo reúne a especialistas nacionales e internacionales para analizar el futuro de las carreteras históricas como patrimonio y recurso turístico,https://portalinvestigacion.uniovi.es/investigadores/217449/detalle,Jorge García Rodríguez,UNCLEAR,No se menciona ninguna actividad específica de investigación o institucional relacionada con Jorge García Rodríguez en el texto.,,JORGE GARCIA RODRIGUEZ
21,La Universidad de Oviedo reúne a especialistas nacionales e internacionales para analizar el futuro de las carreteras históricas como patrimonio y recurso turístico,https://portalinvestigacion.uniovi.es/investigadores/219148/detalle,Jorge García García,UNCLEAR,No se menciona ninguna actividad específica de investigación o institucional relacionada con Jorge García García en el texto.,,JORGE GARCIA GARCIA
22,La Universidad de Oviedo recibe este verano a 300 estudiantes en sus cursos intensivos de español para extranjeros,https://portalinvestigacion.uniovi.es/investigadores/218536/detalle,IGNACIO VILLAVERDE MENENDEZ,INSTITUTIONAL,Ignacio Villaverde aparece como rector y su intervención se centra en la importancia de los cursos desde una perspectiva institucional.,El rector ha destacado que estos cursos forman parte de 'una tradición muy querida' para la Universidad de Oviedo.,IGNACIO VILLAVERDE MENENDEZ
22,La Universidad de Oviedo recibe este verano a 300 estudiantes en sus cursos intensivos de español para extranjeros,https://portalinvestigacion.uniovi.es/investigadores/217678/detalle,ANA CRISTINA LAHUERTA MARTINEZ,INSTITUTIONAL,"Ana Cristina Lahuerta es mencionada como directora de La Casa de las Lenguas, lo que indica su rol institucional en la organización de los cursos.","la participación del rector, Ignacio Villaverde, y de la directora de La Casa de las Lenguas, Ana Cristina Lahuerta.",ANA CRISTINA LAHUERTA MARTINEZ
22,La Universidad de Oviedo recibe este verano a 300 estudiantes en sus cursos intensivos de español para extranjeros,https://portalinvestigacion.uniovi.es/investigadores/217455/detalle,JOAQUIN GARCIA SAN SEGUNDO,UNCLEAR,"No se menciona a Joaquín García San Segundo en el texto, por lo que no hay evidencia suficiente para clasificar su rol.",,JOAQUIN GARCIA SAN SEGUNDO
23,Un universitario ovetense que publicó su observación del eclipse del año 1860 da nombre al asteroide ‘14918 Gonzálezalegre’,https://portalinvestigacion.uniovi.es/investigadores/218536/detalle,IGNACIO VILLAVERDE MENENDEZ,INSTITUTIONAL,Ignacio Villaverde aparece como rector y representante institucional durante el homenaje.,"El rector, Ignacio Villaverde, ha destacado durante su intervención que el eclipse total de Sol del próximo 12 de agosto está permitiendo a la Universidad 'mirar hacia adelante'.",IGNACIO VILLAVERDE MENENDEZ
23,Un universitario ovetense que publicó su observación del eclipse del año 1860 da nombre al asteroide ‘14918 Gonzálezalegre’,https://portalinvestigacion.uniovi.es/investigadores/2355302/detalle,NOEMI PINILLA ALONSO,RESEARCH,"Noemí Pinilla Alonso es mencionada como investigadora que propuso el nombre del asteroide, lo que implica una actividad investigadora.","A propuesta de Noemí Pinilla Alonso, investigadora ATRAE de la Universidad de Oviedo, Naranjo aceptó que el cuerpo celeste llevara el nombre de Gonzálezalegre.",NOEMI PINILLA ALONSO
24,El Edificio Histórico de la Universidad de Oviedo acoge la exposición 'Tejiendo solidaridad desde la Economía Social de Asturias' de ASATA,https://portalinvestigacion.uniovi.es/investigadores/219153/detalle,JOSE LUIS GARCIA SUAREZ,INSTITUTIONAL,"Aparece vinculado al Centro de Cooperación y Desarrollo Territorial de la Universidad de Oviedo, lo que sugiere un rol institucional.","...vinculadas a la cooperación, la economía social y la realidad de las mujeres emprendedoras en Bolivia.",JOSE LUIS GARCIA SUAREZ
26,La Universidad de Oviedo celebra la ceremonia de graduación de 12 estudiantes de su programa universitario para mayores PUMUO,https://portalinvestigacion.uniovi.es/investigadores/218536/detalle,IGNACIO VILLAVERDE MENENDEZ,INSTITUTIONAL,Ignacio Villaverde aparece como rector y su intervención se centra en la representación institucional y la vocación de servicio público de la universidad.,El acto de entrega de los diplomas acreditativos ha estado presidido por el rector Ignacio Villaverde.,IGNACIO VILLAVERDE MENENDEZ
26,La Universidad de Oviedo celebra la ceremonia de graduación de 12 estudiantes de su programa universitario para mayores PUMUO,https://portalinvestigacion.uniovi.es/investigadores/218536/detalle,IGNACIO VILLAVERDE MENENDEZ,INSTITUTIONAL,Su discurso se enfoca en la función de la universidad y no en actividades de investigación.,“Una universidad no existe solo para formar profesionales o generar conocimiento; existe también para poner ese conocimiento al servicio de toda la sociedad...,IGNACIO VILLAVERDE MENENDEZ
27,La Universidad de Oviedo y el Principado impulsan la entrada de Asturias en el mapa nacional de la supercomputación,https://portalinvestigacion.uniovi.es/investigadores/1010273/detalle,IRENE DIAZ MARTINEZ,INSTITUTIONAL,"Irene Díaz aparece como vicerrectora de Investigación, representando a la institución en la presentación del proyecto.","...la vicerrectora de Investigación, Irene Díaz, han puesto de relieve el avance que supone para la ciencia asturiana...",IRENE DIAZ MARTINEZ
27,La Universidad de Oviedo y el Principado impulsan la entrada de Asturias en el mapa nacional de la supercomputación,https://portalinvestigacion.uniovi.es/investigadores/218536/detalle,IGNACIO VILLAVERDE MENENDEZ,MIXED,"Ignacio Villaverde actúa como rector, pero también menciona la importancia de la supercomputación para la investigación, lo que muestra su rol institucional y su implicación en la actividad investigadora.","El rector, Ignacio Villaverde, ha celebrado que la entrada en la red de supercomputación 'es un avance enorme para la Universidad de Oviedo...'",IGNACIO VILLAVERDE MENENDEZ
27,La Universidad de Oviedo y el Principado impulsan la entrada de Asturias en el mapa nacional de la supercomputación,https://portalinvestigacion.uniovi.es/investigadores/217124/detalle,SUSANA IRENE DIAZ RODRIGUEZ,UNCLEAR,"No se menciona a Susana Irene Díaz en el texto, por lo que no hay evidencia suficiente para clasificar su rol.",,SUSANA IRENE DIAZ RODRIGUEZ
27,La Universidad de Oviedo y el Principado impulsan la entrada de Asturias en el mapa nacional de la supercomputación,https://portalinvestigacion.uniovi.es/investigadores/218056/detalle,LUIS OREA SANCHEZ,UNCLEAR,"No se menciona a Luis Orea en el texto, por lo que no hay evidencia suficiente para clasificar su rol.",,LUIS OREA SANCHEZ
28,1.120 estudiantes se examinan de la PAU en Asturias la próxima semana,https://portalinvestigacion.uniovi.es/investigadores/217775/detalle,ALFONSO JOAQUIN LOPEZ MUÑIZ,INSTITUTIONAL,"Aparece como vicerrector de Estudiantes y Empleabilidad, atendiendo a los medios de comunicación.","el vicerrector de Estudiantes y Empleabilidad, Alfonso López Muñiz, atenderá el lunes 6 de julio a los medios de comunicación.",ALFONSO JOAQUIN LOPEZ MUÑIZ
28,1.120 estudiantes se examinan de la PAU en Asturias la próxima semana,https://portalinvestigacion.uniovi.es/investigadores/220173/detalle,SANTIAGO ALFONSO LOPEZ NAVIA,UNCLEAR,"No se menciona en la noticia, por lo que no hay evidencia suficiente para clasificar su rol.",,SANTIAGO ALFONSO LOPEZ NAVIA
29,El rector de la Universidad de Castilla-La Mancha asume la presidencia semestral del Grupo 9 de Universidades,https://portalinvestigacion.uniovi.es/investigadores/217370/detalle,Carlos González,RESEARCH,"Carlos González es mencionado en el contexto de su rol como director del Campus Digital Compartido, donde se discuten proyectos relacionados con la automatización de procesos y el desarrollo de soluciones basadas en inteligencia artificial.","...con nuevos proyectos relacionados con la automatización de procesos, la gestión académica y el desarrollo de soluciones basadas en inteligencia artificial en entornos seguros para la comunidad universitaria, según ha señalad su director, el profesor de la UCLM, Carlos González, invitado al encuentro.",CARLOS GONZALEZ GUTIERREZ
30,"El investigador de la Universidad de Oviedo Saúl Sal Sarria, segundo premio Luis Felipe Torrente de Divulgación sobre Medicina y Salud",https://portalinvestigacion.uniovi.es/investigadores/1010415/detalle,SAUL SAL SARRIA,RESEARCH,"El investigador presenta un artículo que analiza limitaciones humanas desde la neurociencia, lo que evidencia su actividad investigadora.","El reconocimiento distingue el artículo De Los Álamos a Silicon Valley: el punto ciego del cerebro humano, publicado en The Conversation, en el que Sal Sarria explora, desde la neurociencia de la toma de decisiones...",SAUL SAL SARRIA
32,"Asturias consolida un modelo productivo más diversificado, innovador y competitivo, con al menos 15 sectores estratégicos en crecimiento",https://portalinvestigacion.uniovi.es/investigadores/219668/detalle,Fernando Rubiera,MIXED,Fernando Rubiera es mencionado como director de la Cátedra de Innovación y también se presenta su actividad investigadora al presentar el informe.,"El director de la Cátedra de Innovación, Fernando Rubiera, y profesor de la universidad e investigador de la Cátedra André Carrascal han presentado el informe.",FERNANDO RUBIERA MOROLLON
32,"Asturias consolida un modelo productivo más diversificado, innovador y competitivo, con al menos 15 sectores estratégicos en crecimiento",https://portalinvestigacion.uniovi.es/investigadores/217233/detalle,André Carrascal,MIXED,"André Carrascal es mencionado como investigador de la Cátedra y participa en la presentación del informe, lo que implica tanto un rol institucional como investigativo.","El director de la Cátedra de Innovación, Fernando Rubiera, y profesor de la universidad e investigador de la Cátedra André Carrascal han presentado el informe.",ANDRE CARRASCAL INCERA
32,"Asturias consolida un modelo productivo más diversificado, innovador y competitivo, con al menos 15 sectores estratégicos en crecimiento",https://portalinvestigacion.uniovi.es/investigadores/218056/detalle,Luis Orea Sanchez,UNCLEAR,"Luis Orea no es mencionado en el texto, por lo que no hay evidencia suficiente para clasificar su rol.",,LUIS OREA SANCHEZ
34,La Universidad de Oviedo transforma las jornadas de innovación docente en un congreso científico internacional y duplica  la participación,https://portalinvestigacion.uniovi.es/investigadores/218536/detalle,IGNACIO VILLAVERDE MENENDEZ,INSTITUTIONAL,"El rector Ignacio Villaverde aparece en la noticia principalmente en su rol institucional, defendiendo la importancia de la enseñanza y la innovación docente.","El rector Ignacio Villaverde defiende que “la IA no sustituirá al profesorado porque enseñar es acompañar, orientar, detectar dificultades y construir criterio”.",IGNACIO VILLAVERDE MENENDEZ
34,La Universidad de Oviedo transforma las jornadas de innovación docente en un congreso científico internacional y duplica  la participación,https://portalinvestigacion.uniovi.es/investigadores/217359/detalle,CRISTINA GONZALEZ GAGO,UNCLEAR,No se menciona ninguna actividad investigadora o institucional específica de Cristina González Gago en la noticia.,,CRISTINA GONZALEZ GAGO
34,La Universidad de Oviedo transforma las jornadas de innovación docente en un congreso científico internacional y duplica  la participación,https://portalinvestigacion.uniovi.es/investigadores/217016/detalle,MARIA DEL MAR FERNANDEZ ALVAREZ,RESEARCH,"María del Mar Fernández Álvarez es mencionada en el contexto de un proyecto de innovación que ha sido premiado, lo que indica su actividad investigadora.","El primer puesto ha correspondido al proyecto LOT (Learning Outcomes Tool), que crea una herramienta para que el estudiantado evalúe su conocimiento de una materia y sepa cómo afrontar un problema en un contexto real relacionado con esa área, promoviendo la autonomía, y que ha sido presentado por Rubén Martín Payo y María del Mar Fernández Álvarez.",ALBERTO MANUEL FERNANDEZ ALVAREZ
34,La Universidad de Oviedo transforma las jornadas de innovación docente en un congreso científico internacional y duplica  la participación,https://portalinvestigacion.uniovi.es/investigadores/218578/detalle,JOSE IGNACIO SUAREZ GARCIA,UNCLEAR,No se proporciona información suficiente sobre la actividad investigadora o institucional de José Ignacio Suárez García en la noticia.,,JOSE IGNACIO SUAREZ GARCIA
34,La Universidad de Oviedo transforma las jornadas de innovación docente en un congreso científico internacional y duplica  la participación,https://portalinvestigacion.uniovi.es/investigadores/217932/detalle,IRENE MARIÑAS DEL COLLADO,RESEARCH,"Irene Mariñas del Collado es mencionada en el contexto de un proyecto sobre el uso responsable de la inteligencia artificial en el aprendizaje universitario, lo que indica su actividad investigadora.","...un programa sobre el uso responsable y reflexivo de la inteligencia artificial en el aprendizaje universitario, con especial atención al impacto de la IA en la autoestima del estudiantado y con perspectiva de género y que gestionan Laura Calzada Infante e Irene Mariñas del Collado.",IRENE MARIÑAS DEL COLLADO
34,La Universidad de Oviedo transforma las jornadas de innovación docente en un congreso científico internacional y duplica  la participación,https://portalinvestigacion.uniovi.es/investigadores/219680/detalle,DANIEL FERNANDEZ ALVAREZ,UNCLEAR,No se menciona ninguna actividad investigadora o institucional específica de Daniel Fernández Álvarez en la noticia.,,DANIEL FERNANDEZ ALVAREZ
34,La Universidad de Oviedo transforma las jornadas de innovación docente en un congreso científico internacional y duplica  la participación,https://portalinvestigacion.uniovi.es/investigadores/217949/detalle,RUBEN MARTIN PAYO,RESEARCH,"Rubén Martín Payo es mencionado en el contexto de un proyecto de innovación que ha sido premiado, lo que indica su actividad investigadora.","El primer puesto ha correspondido al proyecto LOT (Learning Outcomes Tool), que crea una herramienta para que el estudiantado evalúe su conocimiento de una materia y sepa cómo afrontar un problema en un contexto real relacionado con esa área, promoviendo la autonomía, y que ha sido presentado por Rubén Martín Payo y María del Mar Fernández Álvarez.",RUBEN MARTIN PAYO
35,La Jornada de Doctorado de la Universidad de Oviedo reúne a 224 investigadores e investigadoras en la nueva Escuela Internacional de Doctorado ‘Paz Suárez Rendueles’,https://portalinvestigacion.uniovi.es/investigadores/218536/detalle,IGNACIO VILLAVERDE MENENDEZ,INSTITUTIONAL,El rector ha participado en la inauguración y ha destacado la importancia del doctorado en la universidad.,"El rector ha destacado que “el doctorado constituye uno de los pilares fundamentales de la universidad...""",IGNACIO VILLAVERDE MENENDEZ
35,La Jornada de Doctorado de la Universidad de Oviedo reúne a 224 investigadores e investigadoras en la nueva Escuela Internacional de Doctorado ‘Paz Suárez Rendueles’,https://portalinvestigacion.uniovi.es/investigadores/218267/detalle,SUSANA MONTES RODRIGUEZ,INSTITUTIONAL,La directora de la Escuela Internacional de Doctorado ha participado en el acto inaugural.,"El acto inaugural ha contado con la participación... la directora de la Escuela Internacional de Doctorado, Susana Montes.",SUSANA MONTES RODRIGUEZ
35,La Jornada de Doctorado de la Universidad de Oviedo reúne a 224 investigadores e investigadoras en la nueva Escuela Internacional de Doctorado ‘Paz Suárez Rendueles’,https://portalinvestigacion.uniovi.es/investigadores/1010274/detalle,NOEMI DIAZ RODRIGUEZ,UNCLEAR,No se menciona su rol específico en la noticia ni se proporciona información sobre su actividad investigadora.,,NOEMI DIAZ RODRIGUEZ
35,La Jornada de Doctorado de la Universidad de Oviedo reúne a 224 investigadores e investigadoras en la nueva Escuela Internacional de Doctorado ‘Paz Suárez Rendueles’,https://portalinvestigacion.uniovi.es/investigadores/217291/detalle,MANUEL ARIAS PEREZ DE AZPEITIA,UNCLEAR,No se menciona su rol específico en la noticia ni se proporciona información sobre su actividad investigadora.,,MANUEL ARIAS PEREZ DE AZPEITIA
35,La Jornada de Doctorado de la Universidad de Oviedo reúne a 224 investigadores e investigadoras en la nueva Escuela Internacional de Doctorado ‘Paz Suárez Rendueles’,https://portalinvestigacion.uniovi.es/investigadores/217868/detalle,GUILLERMO MUÑIZ ALBAICETA,UNCLEAR,No se menciona su rol específico en la noticia ni se proporciona información sobre su actividad investigadora.,,GUILLERMO MUÑIZ ALBAICETA
35,La Jornada de Doctorado de la Universidad de Oviedo reúne a 224 investigadores e investigadoras en la nueva Escuela Internacional de Doctorado ‘Paz Suárez Rendueles’,https://portalinvestigacion.uniovi.es/investigadores/218034/detalle,LUIS MANUEL QUIROS FERNANDEZ,UNCLEAR,No se menciona su rol específico en la noticia ni se proporciona información sobre su actividad investigadora.,,LUIS MANUEL QUIROS FERNANDEZ
35,La Jornada de Doctorado de la Universidad de Oviedo reúne a 224 investigadores e investigadoras en la nueva Escuela Internacional de Doctorado ‘Paz Suárez Rendueles’,https://portalinvestigacion.uniovi.es/investigadores/218360/detalle,PABLO RODRIGUEZ GONZALEZ,UNCLEAR,No se menciona su rol específico en la noticia ni se proporciona información sobre su actividad investigadora.,,PABLO RODRIGUEZ GONZALEZ
35,La Jornada de Doctorado de la Universidad de Oviedo reúne a 224 investigadores e investigadoras en la nueva Escuela Internacional de Doctorado ‘Paz Suárez Rendueles’,https://portalinvestigacion.uniovi.es/investigadores/217423/detalle,ALFONSO GARCIA LEAL,UNCLEAR,No se menciona su rol específico en la noticia ni se proporciona información sobre su actividad investigadora.,,ALFONSO GARCIA LEAL
35,La Jornada de Doctorado de la Universidad de Oviedo reúne a 224 investigadores e investigadoras en la nueva Escuela Internacional de Doctorado ‘Paz Suárez Rendueles’,https://portalinvestigacion.uniovi.es/investigadores/217123/detalle,ELENA DIAZ RODRIGUEZ,UNCLEAR,No se menciona su rol específico en la noticia ni se proporciona información sobre su actividad investigadora.,,ELENA DIAZ RODRIGUEZ
35,La Jornada de Doctorado de la Universidad de Oviedo reúne a 224 investigadores e investigadoras en la nueva Escuela Internacional de Doctorado ‘Paz Suárez Rendueles’,https://portalinvestigacion.uniovi.es/investigadores/217804/detalle,MARIA ASUNCION LUBIANO GOMEZ,UNCLEAR,No se menciona su rol específico en la noticia ni se proporciona información sobre su actividad investigadora.,,MARIA ASUNCION LUBIANO GOMEZ
35,La Jornada de Doctorado de la Universidad de Oviedo reúne a 224 investigadores e investigadoras en la nueva Escuela Internacional de Doctorado ‘Paz Suárez Rendueles’,https://portalinvestigacion.uniovi.es/investigadores/218420/detalle,JAVIER SEBASTIÁN,UNCLEAR,No se menciona su rol específico en la noticia ni se proporciona información sobre su actividad investigadora.,,JAVIER SEBASTIÁN
35,La Jornada de Doctorado de la Universidad de Oviedo reúne a 224 investigadores e investigadoras en la nueva Escuela Internacional de Doctorado ‘Paz Suárez Rendueles’,https://portalinvestigacion.uniovi.es/investigadores/218267/detalle,SUSANA MONTES RODRIGUEZ,INSTITUTIONAL,La directora de la Escuela Internacional de Doctorado ha participado en el acto inaugural.,"El acto inaugural ha contado con la participación... la directora de la Escuela Internacional de Doctorado, Susana Montes.",SUSANA MONTES RODRIGUEZ
35,La Jornada de Doctorado de la Universidad de Oviedo reúne a 224 investigadores e investigadoras en la nueva Escuela Internacional de Doctorado ‘Paz Suárez Rendueles’,https://portalinvestigacion.uniovi.es/investigadores/218536/detalle,IGNACIO VILLAVERDE MENENDEZ,INSTITUTIONAL,El rector ha participado en la inauguración y ha destacado la importancia del doctorado en la universidad.,"El rector ha destacado que “el doctorado constituye uno de los pilares fundamentales de la universidad...""",IGNACIO VILLAVERDE MENENDEZ
36,El Campus de Mieres acoge a jóvenes de todo el Estado para abordar el ciclo intergeneracional de la pobreza,https://portalinvestigacion.uniovi.es/investigadores/218217/detalle,DIEGO NORIEGA RODRIGUEZ,UNCLEAR,No se menciona ninguna actividad investigadora o contribución académica de Diego Noriega Rodríguez en la noticia.,"La noticia se centra en un evento sobre pobreza y exclusión social, sin referencia a Diego Noriega.",DIEGO NORIEGA RODRIGUEZ
37,La Universidad de Oviedo cierra el ejercicio 2025 con un remanente de tesorería no afectado positivo de 776.766 euros,https://portalinvestigacion.uniovi.es/investigadores/218380/detalle,JOSE PABLO SANCHEZ CASAS,UNCLEAR,No se menciona ninguna actividad investigadora o contribución académica de José Pablo Sánchez Casas en la noticia.,No hay evidencia suficiente sobre su rol en la noticia.,JOSE PABLO SANCHEZ CASAS
37,La Universidad de Oviedo cierra el ejercicio 2025 con un remanente de tesorería no afectado positivo de 776.766 euros,https://portalinvestigacion.uniovi.es/investigadores/218391/detalle,PABLO SANCHEZ LORDA,UNCLEAR,No se menciona ninguna actividad investigadora o contribución académica de Pablo Sánchez Lorda en la noticia.,No hay evidencia suficiente sobre su rol en la noticia.,PABLO SANCHEZ LORDA
39,"El rector de la Universidad de Oviedo, Ignacio Villaverde, accede a la Vicepresidencia de la Red CRUSOE",https://portalinvestigacion.uniovi.es/investigadores/218536/detalle,IGNACIO VILLAVERDE MENENDEZ,INSTITUTIONAL,"Ignacio Villaverde aparece en la noticia como rector de la Universidad de Oviedo y vicepresidente de la Red CRUSOE, sin mención a su actividad investigadora.","El vicepresidente Ignacio Villaverde, rector de la Universidad de Oviedo;",IGNACIO VILLAVERDE MENENDEZ
40,La Universidad de Oviedo acoge la entrega de los Premios Santander X a Proyectos Emprendedores Universitarios y Startup Universitaria y la Beca Excelencia 360º,https://portalinvestigacion.uniovi.es/investigadores/217053/detalle,MIGUEL FERNANDEZ GARCIA,RESEARCH,"El proyecto Mt Space, presentado por Miguel Fernández Cos, desarrolla fuentes de alimentación inteligentes para satélites, lo que implica actividad investigadora en el ámbito de la ingeniería eléctrica.","Mt Space, presentada por Miguel Fernández Cos y Antonio Fernández, desarrolla fuentes de alimentación inteligentes para satélites capaces de monitorizar su estado de salud.",MIGUEL FERNANDEZ GARCIA
40,La Universidad de Oviedo acoge la entrega de los Premios Santander X a Proyectos Emprendedores Universitarios y Startup Universitaria y la Beca Excelencia 360º,https://portalinvestigacion.uniovi.es/investigadores/217584/detalle,PABLO GARCIA FERNANDEZ,RESEARCH,"El proyecto Build-E, presentado por Pablo García Fernández, propone un nuevo modelo de gestión energética para edificios, lo que implica actividad investigadora en el ámbito de la ingeniería eléctrica.","Build-E, presentada por Pablo García Fernández, propone un nuevo modelo de gestión energética para edificios residenciales que optimiza el consumo eléctrico.",PABLO GARCIA FERNANDEZ
40,La Universidad de Oviedo acoge la entrega de los Premios Santander X a Proyectos Emprendedores Universitarios y Startup Universitaria y la Beca Excelencia 360º,https://portalinvestigacion.uniovi.es/investigadores/218788/detalle,NATALIA GARCIA FERNANDEZ,UNCLEAR,"No se menciona a Natalia García Fernández en el contexto de la noticia, por lo que no hay evidencia suficiente para clasificar su rol.",,NATALIA GARCIA FERNANDEZ
40,La Universidad de Oviedo acoge la entrega de los Premios Santander X a Proyectos Emprendedores Universitarios y Startup Universitaria y la Beca Excelencia 360º,https://portalinvestigacion.uniovi.es/investigadores/217775/detalle,ALFONSO JOAQUIN LOPEZ MUÑIZ,MIXED,"Alfonso López Muñiz es vicerrector y también menciona la importancia del emprendimiento y la capacidad de la universidad para generar iniciativas, lo que implica un rol institucional y también un reconocimiento a la investigación y emprendimiento.",El vicerrector ha subrayado que el emprendimiento constituye una vía cada vez más relevante para la transferencia de conocimiento.,ALFONSO JOAQUIN LOPEZ MUÑIZ
40,La Universidad de Oviedo acoge la entrega de los Premios Santander X a Proyectos Emprendedores Universitarios y Startup Universitaria y la Beca Excelencia 360º,https://portalinvestigacion.uniovi.es/investigadores/219706/detalle,MIGUEL ANTONIO FERNANDEZ MARQUEZ,UNCLEAR,"No se menciona a Miguel Antonio Fernández Márquez en el contexto de la noticia, por lo que no hay evidencia suficiente para clasificar su rol.",,MIGUEL ANTONIO FERNANDEZ MARQUEZ
40,La Universidad de Oviedo acoge la entrega de los Premios Santander X a Proyectos Emprendedores Universitarios y Startup Universitaria y la Beca Excelencia 360º,https://portalinvestigacion.uniovi.es/investigadores/219143/detalle,MIGUEL ANGEL GONZALEZ FERNANDEZ,UNCLEAR,"No se menciona a Miguel Ángel González Fernández en el contexto de la noticia, por lo que no hay evidencia suficiente para clasificar su rol.",,MIGUEL ANGEL GONZALEZ FERNANDEZ
40,La Universidad de Oviedo acoge la entrega de los Premios Santander X a Proyectos Emprendedores Universitarios y Startup Universitaria y la Beca Excelencia 360º,https://portalinvestigacion.uniovi.es/investigadores/217398/detalle,VICTOR MANUEL GARCIA FERNANDEZ,UNCLEAR,"No se menciona a Víctor Manuel García Fernández en el contexto de la noticia, por lo que no hay evidencia suficiente para clasificar su rol.",,VICTOR MANUEL GARCIA FERNANDEZ
40,La Universidad de Oviedo acoge la entrega de los Premios Santander X a Proyectos Emprendedores Universitarios y Startup Universitaria y la Beca Excelencia 360º,https://portalinvestigacion.uniovi.es/investigadores/217580/detalle,JOSE GARCIA FERNANDEZ,UNCLEAR,"No se menciona a José García Fernández en el contexto de la noticia, por lo que no hay evidencia suficiente para clasificar su rol.",,JOSE GARCIA FERNANDEZ
40,La Universidad de Oviedo acoge la entrega de los Premios Santander X a Proyectos Emprendedores Universitarios y Startup Universitaria y la Beca Excelencia 360º,https://portalinvestigacion.uniovi.es/investigadores/1010304/detalle,PABLO GARCIA MARCOS,UNCLEAR,"No se menciona a Pablo García Marcos en el contexto de la noticia, por lo que no hay evidencia suficiente para clasificar su rol.",,PABLO GARCIA MARCOS
40,La Universidad de Oviedo acoge la entrega de los Premios Santander X a Proyectos Emprendedores Universitarios y Startup Universitaria y la Beca Excelencia 360º,https://portalinvestigacion.uniovi.es/investigadores/1010303/detalle,IRENE GARCIA FERNANDEZ,UNCLEAR,"No se menciona a Irene García Fernández en el contexto de la noticia, por lo que no hay evidencia suficiente para clasificar su rol.",,IRENE GARCIA FERNANDEZ
40,La Universidad de Oviedo acoge la entrega de los Premios Santander X a Proyectos Emprendedores Universitarios y Startup Universitaria y la Beca Excelencia 360º,https://portalinvestigacion.uniovi.es/investigadores/1010293/detalle,MIGUEL FERNANDEZ TURUELO,UNCLEAR,"No se menciona a Miguel Fernández Turuelo en el contexto de la noticia, por lo que no hay evidencia suficiente para clasificar su rol.",,MIGUEL FERNANDEZ TURUELO
40,La Universidad de Oviedo acoge la entrega de los Premios Santander X a Proyectos Emprendedores Universitarios y Startup Universitaria y la Beca Excelencia 360º,https://portalinvestigacion.uniovi.es/investigadores/217463/detalle,PABLO GARCIA VALDES,UNCLEAR,"No se menciona a Pablo García Valdés en el contexto de la noticia, por lo que no hay evidencia suficiente para clasificar su rol.",,PABLO GARCIA VALDES
40,La Universidad de Oviedo acoge la entrega de los Premios Santander X a Proyectos Emprendedores Universitarios y Startup Universitaria y la Beca Excelencia 360º,https://portalinvestigacion.uniovi.es/investigadores/2217385/detalle,MARIA LUZ ALONSO ALONSO,UNCLEAR,"No se menciona a María Luz Alonso Alonso en el contexto de la noticia, por lo que no hay evidencia suficiente para clasificar su rol.",,MARIA LUZ ALONSO ALONSO
40,La Universidad de Oviedo acoge la entrega de los Premios Santander X a Proyectos Emprendedores Universitarios y Startup Universitaria y la Beca Excelencia 360º,https://portalinvestigacion.uniovi.es/investigadores/217949/detalle,RUBEN MARTIN PAYO,UNCLEAR,"No se menciona a Rubén Martín Payo en el contexto de la noticia, por lo que no hay evidencia suficiente para clasificar su rol.",,RUBEN MARTIN PAYO
40,La Universidad de Oviedo acoge la entrega de los Premios Santander X a Proyectos Emprendedores Universitarios y Startup Universitaria y la Beca Excelencia 360º,https://portalinvestigacion.uniovi.es/investigadores/1931688/detalle,ANTONIO FERNANDEZ FERNANDEZ,UNCLEAR,"No se menciona a Antonio Fernández Fernández en el contexto de la noticia, por lo que no hay evidencia suficiente para clasificar su rol.",,ANTONIO FERNANDEZ FERNANDEZ
40,La Universidad de Oviedo acoge la entrega de los Premios Santander X a Proyectos Emprendedores Universitarios y Startup Universitaria y la Beca Excelencia 360º,https://portalinvestigacion.uniovi.es/investigadores/218122/detalle,JESUS ANGEL PEREZ FERNANDEZ,UNCLEAR,"No se menciona a Jesús Ángel Pérez Fernández en el contexto de la noticia, por lo que no hay evidencia suficiente para clasificar su rol.",,JESUS ANGEL PEREZ FERNANDEZ
40,La Universidad de Oviedo acoge la entrega de los Premios Santander X a Proyectos Emprendedores Universitarios y Startup Universitaria y la Beca Excelencia 360º,https://portalinvestigacion.uniovi.es/investigadores/219658/detalle,JESUS SUAREZ PEREZ DEL RIO,UNCLEAR,"No se menciona a Jesús Suárez Pérez del Río en el contexto de la noticia, por lo que no hay evidencia suficiente para clasificar su rol.",,JESUS SUAREZ PEREZ DEL RIO
40,La Universidad de Oviedo acoge la entrega de los Premios Santander X a Proyectos Emprendedores Universitarios y Startup Universitaria y la Beca Excelencia 360º,https://portalinvestigacion.uniovi.es/investigadores/218786/detalle,MARIA GARCIA FERNANDEZ,UNCLEAR,"No se menciona a María García Fernández en el contexto de la noticia, por lo que no hay evidencia suficiente para clasificar su rol.",,MARIA GARCIA FERNANDEZ
40,La Universidad de Oviedo acoge la entrega de los Premios Santander X a Proyectos Emprendedores Universitarios y Startup Universitaria y la Beca Excelencia 360º,https://portalinvestigacion.uniovi.es/investigadores/217584/detalle,PABLO GARCIA FERNANDEZ,RESEARCH,"El proyecto Build-E, presentado por Pablo García Fernández, propone un nuevo modelo de gestión energética para edificios, lo que implica actividad investigadora en el ámbito de la ingeniería eléctrica.","Build-E, presentada por Pablo García Fernández, propone un nuevo modelo de gestión energética para edificios residenciales que optimiza el consumo eléctrico.",PABLO GARCIA FERNANDEZ
41,La Facultad de Economía y Empresa de la Universidad de Oviedo exhibe un archivo internacional único para entender la economía moderna,https://portalinvestigacion.uniovi.es/investigadores/218536/detalle,IGNACIO VILLAVERDE MENENDEZ,INSTITUTIONAL,"Ignacio Villaverde participa como rector en la inauguración de la exposición, sin mención a actividad investigadora.","El rector Ignacio Villaverde participa este lunes en la inauguración oficial junto a la decana, Carmen Benavides.",IGNACIO VILLAVERDE MENENDEZ
41,La Facultad de Economía y Empresa de la Universidad de Oviedo exhibe un archivo internacional único para entender la economía moderna,https://portalinvestigacion.uniovi.es/investigadores/219168/detalle,ESTEBAN FERNANDEZ VAZQUEZ,RESEARCH,"Esteban Fernández es mencionado como uno de los profesores que guiarán la visita a la exposición, lo que implica su rol académico.","Tras la apertura se ofrecerá una visita guiada por las cinco secciones, a cargo de profesores de la Facultad André Carrascal, Manuel Hernández Muñiz, Carmen Ramos Carbajal y Esteban Fernández.",ESTEBAN FERNANDEZ VAZQUEZ
41,La Facultad de Economía y Empresa de la Universidad de Oviedo exhibe un archivo internacional único para entender la economía moderna,https://portalinvestigacion.uniovi.es/investigadores/217233/detalle,ANDRE CARRASCAL INCERA,RESEARCH,"André Carrascal es mencionado como uno de los profesores que guiarán la visita a la exposición, lo que implica su rol académico.","Tras la apertura se ofrecerá una visita guiada por las cinco secciones, a cargo de profesores de la Facultad André Carrascal, Manuel Hernández Muñiz, Carmen Ramos Carbajal y Esteban Fernández.",ANDRE CARRASCAL INCERA
41,La Facultad de Economía y Empresa de la Universidad de Oviedo exhibe un archivo internacional único para entender la economía moderna,https://portalinvestigacion.uniovi.es/investigadores/218037/detalle,MARIA DEL CARMEN RAMOS CARVAJAL,RESEARCH,"María del Carmen Ramos es mencionada como una de las profesoras que guiarán la visita a la exposición, lo que implica su rol académico.","Tras la apertura se ofrecerá una visita guiada por las cinco secciones, a cargo de profesores de la Facultad André Carrascal, Manuel Hernández Muñiz, Carmen Ramos Carbajal y Esteban Fernández.",MARIA DEL CARMEN RAMOS CARVAJAL
41,La Facultad de Economía y Empresa de la Universidad de Oviedo exhibe un archivo internacional único para entender la economía moderna,https://portalinvestigacion.uniovi.es/investigadores/217898/detalle,MANUEL HERNANDEZ MUÑIZ,RESEARCH,"Manuel Hernández es mencionado como uno de los profesores que guiarán la visita a la exposición, lo que implica su rol académico.","Tras la apertura se ofrecerá una visita guiada por las cinco secciones, a cargo de profesores de la Facultad André Carrascal, Manuel Hernández Muñiz, Carmen Ramos Carbajal y Esteban Fernández.",MANUEL HERNANDEZ MUÑIZ
42,La Universidad de Oviedo y el Gobierno del Principado recuperan una guía divulgativa sobre el eclipse publicada coincidiendo con el ‘apagón’ solar del año 1905,https://portalinvestigacion.uniovi.es/investigadores/218536/detalle,Ignacio Villaverde,INSTITUTIONAL,Ignacio Villaverde aparece como rector y su intervención se centra en la representación institucional y la colaboración de la universidad.,El rector Ignacio Villaverde explica que esta colaboración es “nuestra manera de sumarnos a ese momento colectivo: poner el conocimiento al servicio del asombro”.,IGNACIO VILLAVERDE MENENDEZ
42,La Universidad de Oviedo y el Gobierno del Principado recuperan una guía divulgativa sobre el eclipse publicada coincidiendo con el ‘apagón’ solar del año 1905,https://portalinvestigacion.uniovi.es/investigadores/217124/detalle,Noemí Pinilla-Alonso,RESEARCH,"Noemí Pinilla-Alonso es mencionada como investigadora que contribuye con un artículo sobre el eclipse, lo que indica su actividad investigadora.","...dos artículos de los científicos Javier de Cos, director del Instituto Universitario de Ciencias y Tecnologías Espaciales (ICTEA) y Noemí Pinilla-Alonso, investigadora distinguida del Programa ATRAE...",SUSANA IRENE DIAZ RODRIGUEZ
42,La Universidad de Oviedo y el Gobierno del Principado recuperan una guía divulgativa sobre el eclipse publicada coincidiendo con el ‘apagón’ solar del año 1905,https://portalinvestigacion.uniovi.es/investigadores/217196/detalle,Francisco Javier de Cos,RESEARCH,"Francisco Javier de Cos es mencionado como director de un instituto y autor de un artículo sobre el eclipse, lo que indica su actividad investigadora.","...dos artículos de los científicos Javier de Cos, director del Instituto Universitario de Ciencias y Tecnologías Espaciales (ICTEA) y Noemí Pinilla-Alonso...",FRANCISCO JAVIER DE COS JUEZ
45,87 jóvenes concluyen con éxito el programa Mentoring de Compromiso Asturias,https://portalinvestigacion.uniovi.es/investigadores/217775/detalle,ALFONSO JOAQUIN LOPEZ MUÑIZ,INSTITUTIONAL,"López Muñiz aparece como vicerrector de Estudiantes y Empleabilidad, representando a la institución en el evento.","El vicerrector de Estudiantes y Empleabilidad, Alfonso López Muñiz, ha asegurado que este programa es una actividad excepcional",ALFONSO JOAQUIN LOPEZ MUÑIZ
45,87 jóvenes concluyen con éxito el programa Mentoring de Compromiso Asturias,https://portalinvestigacion.uniovi.es/investigadores/219888/detalle,JOSE MANUEL RIESTRA,UNCLEAR,No se proporciona información suficiente sobre la actividad investigadora de José Manuel Riestra en el contexto de la noticia.,"José Manuel Riestra, en nombre del Patronato de Fundación Caja Rural.",JOSE MANUEL PIEDRA FERNANDEZ
45,87 jóvenes concluyen con éxito el programa Mentoring de Compromiso Asturias,https://portalinvestigacion.uniovi.es/investigadores/220173/detalle,SANTIAGO ALFONSO LOPEZ NAVIA,UNCLEAR,"No se menciona a Santiago Alfonso López Navia en el texto, por lo que no hay evidencia para clasificar su rol.",,SANTIAGO ALFONSO LOPEZ NAVIA
46,La Universidad de Oviedo logra tres premios y tres accésits en las XIII Jornadas Doctorales del G-9,https://portalinvestigacion.uniovi.es/investigadores/2373266/detalle,Swan Pacheco Díaz,RESEARCH,Swan Pacheco Díaz recibió un premio en las jornadas por su trabajo de investigación.,Premios de los Estudiantes Ciencias Sociales y Jurídicas: Swan Pacheco Díaz,SWAN SADITH PACHECO DIAZ
46,La Universidad de Oviedo logra tres premios y tres accésits en las XIII Jornadas Doctorales del G-9,https://portalinvestigacion.uniovi.es/investigadores/217688/detalle,Enol Junquera Álvarez,RESEARCH,Enol Junquera Álvarez obtuvo un accésit por su trabajo de investigación.,Accésits de los Estudiantes Ciencias: Enol Junquera Álvarez,JOSE CARLOS MARTINEZ GARCIA
46,La Universidad de Oviedo logra tres premios y tres accésits en las XIII Jornadas Doctorales del G-9,https://portalinvestigacion.uniovi.es/investigadores/219650/detalle,Gerard Villarroya,RESEARCH,Gerard Villarroya recibió un accésit por su trabajo de investigación.,Accésits de los Estudiantes Ingeniería y Arquitectura: Gerard Villarroya,GERARD VILLARROYA PIQUE
47,El Campus de Mieres acoge el acto ‘Rector Alas’ de toma de posesión y reconocimiento de cargos académicos y funcionariado,https://portalinvestigacion.uniovi.es/investigadores/218536/detalle,IGNACIO VILLAVERDE MENENDEZ,INSTITUTIONAL,Villaverde actúa como rector y representa a la institución en el acto de toma de posesión.,"El rector de la Universidad de Oviedo, Ignacio Villaverde, que ha estado acompañado por la vicerrectora de Investigación, Irene Díaz.",IGNACIO VILLAVERDE MENENDEZ
47,El Campus de Mieres acoge el acto ‘Rector Alas’ de toma de posesión y reconocimiento de cargos académicos y funcionariado,https://portalinvestigacion.uniovi.es/investigadores/1010273/detalle,IRENE DIAZ MARTINEZ,INSTITUTIONAL,"Irene Díaz es mencionada como vicerrectora de Investigación, lo que indica su rol institucional.","la vicerrectora de Investigación, Irene Díaz;",IRENE DIAZ MARTINEZ
47,El Campus de Mieres acoge el acto ‘Rector Alas’ de toma de posesión y reconocimiento de cargos académicos y funcionariado,https://portalinvestigacion.uniovi.es/investigadores/217169/detalle,ANGEL ESPINIELLA MENENDEZ,INSTITUTIONAL,"Ángel Espiniella es mencionado como secretario general, un rol institucional.","el secretario general, Ángel Espiniella.",ANGEL ESPINIELLA MENENDEZ
47,El Campus de Mieres acoge el acto ‘Rector Alas’ de toma de posesión y reconocimiento de cargos académicos y funcionariado,https://portalinvestigacion.uniovi.es/investigadores/217124/detalle,SUSANA IRENE DIAZ RODRIGUEZ,UNCLEAR,"No se menciona su rol específico en la noticia, por lo que no hay evidencia suficiente para clasificarla.",,SUSANA IRENE DIAZ RODRIGUEZ
47,El Campus de Mieres acoge el acto ‘Rector Alas’ de toma de posesión y reconocimiento de cargos académicos y funcionariado,https://portalinvestigacion.uniovi.es/investigadores/216770/detalle,PEDRO ALONSO VELAZQUEZ,INSTITUTIONAL,"Pedro Alonso es mencionado como vicerrector de Políticas de Profesorado y Ordenación Académica, lo que indica su rol institucional.","el vicerrector de Políticas de Profesorado y Ordenación Académica, Pedro Alonso;",PEDRO ALONSO VELAZQUEZ
48,Astrónomos de Light Bridges y la Universidad de Oviedo detectan que los asteroides metálicos giran más rápido que los demás,https://portalinvestigacion.uniovi.es/investigadores/2355302/detalle,Noemí Pinilla-Alonso,MIXED,"Noemí Pinilla-Alonso es mencionada tanto en su rol de investigadora principal del proyecto R2, que implica actividad investigadora, como en su papel de representante de la Universidad de Oviedo al traer esta línea de investigación a la institución.","Esta línea de trabajo tendrá continuidad en el ICTEA a través del proyecto R2: del Riesgo al Recurso, impulsado desde la Universidad de Oviedo...""Los asteroides metálicos representan hoy uno de los grandes interrogantes de la exploración espacial contemporánea...""",NOEMI PINILLA ALONSO
49,Las mejores tesis en salud de la Universidad de Oviedo reciben los Premios RAMPRA 2026,https://portalinvestigacion.uniovi.es/investigadores/1931689/detalle,Ángel Bernardo Gutiérrez,RESEARCH,"El trabajo de Ángel Bernardo Gutiérrez se describe en la noticia como una investigación que aborda la hemofilia y sus implicaciones clínicas, lo que evidencia su actividad investigadora.","El trabajo demuestra que la hemofilia no puede explicarse únicamente por el déficit de coagulación e identifica alteraciones inflamatorias, inmunológicas y plaquetarias.",ANGEL BERNARDO GUTIERREZ
49,Las mejores tesis en salud de la Universidad de Oviedo reciben los Premios RAMPRA 2026,https://portalinvestigacion.uniovi.es/investigadores/2456580/detalle,Francesco Dal Santo,RESEARCH,"La tesis de Francesco Dal Santo se menciona en el contexto de un análisis de redes en la esquizofrenia, lo que indica su contribución a la investigación en este campo.",El premio ha recaído en el doctor Francesco Dal Santo por la tesis Análisis de redes de las dimensiones psicopatológicas de la esquizofrenia.,FRANCESCO DAL SANTO
49,Las mejores tesis en salud de la Universidad de Oviedo reciben los Premios RAMPRA 2026,https://portalinvestigacion.uniovi.es/investigadores/217884/detalle,Laura Gutiérrez Gutiérrez,RESEARCH,"Laura Gutiérrez Gutiérrez es mencionada como directora de una tesis que investiga la hemofilia, lo que indica su rol en la actividad investigadora.",dirigida por la doctora Laura Gutiérrez Gutiérrez.,LAURA GUTIERREZ GUTIERREZ
49,Las mejores tesis en salud de la Universidad de Oviedo reciben los Premios RAMPRA 2026,https://portalinvestigacion.uniovi.es/investigadores/218988/detalle,Noelia Blanco Agudín,RESEARCH,"La investigación de Noelia Blanco Agudín se describe en la noticia, lo que evidencia su actividad investigadora en el campo de la oftalmología.","ha sido premiada la tesis de la doctora Noelia Blanco Agudín, titulada La comunicación intercelular mediada por vesículas extracelulares.",NOELIA BLANCO AGUDIN
49,Las mejores tesis en salud de la Universidad de Oviedo reciben los Premios RAMPRA 2026,https://portalinvestigacion.uniovi.es/investigadores/217752/detalle,Fernando López Álvarez,RESEARCH,"Fernando López Álvarez es mencionado como director de una tesis que investiga biomarcadores en tumores, lo que indica su actividad investigadora.",dirigida por el profesor Fernando López Álvarez.,FERNANDO LOPEZ ALVAREZ
49,Las mejores tesis en salud de la Universidad de Oviedo reciben los Premios RAMPRA 2026,https://portalinvestigacion.uniovi.es/investigadores/217775/detalle,Alfonso Joaquín López Muñiz,INSTITUTIONAL,"Alfonso López Muñiz es mencionado como vicerrector, actuando en un rol institucional durante el acto de entrega de premios.","En representación de la institución académica asistió Alfonso López Muñiz, vicerrector de Estudiantes y Empleabilidad.",ALFONSO JOAQUIN LOPEZ MUÑIZ
49,Las mejores tesis en salud de la Universidad de Oviedo reciben los Premios RAMPRA 2026,https://portalinvestigacion.uniovi.es/investigadores/217884/detalle,María Paz García-Portilla González,UNCLEAR,No hay suficiente información en la noticia sobre la actividad investigadora de María Paz García-Portilla González.,No se proporciona información específica sobre su investigación.,LAURA GUTIERREZ GUTIERREZ
49,Las mejores tesis en salud de la Universidad de Oviedo reciben los Premios RAMPRA 2026,https://portalinvestigacion.uniovi.es/investigadores/218034/detalle,Luis Manuel Quirós Fernández,UNCLEAR,"No se menciona su actividad investigadora en la noticia, solo su asociación con la tesis de Noelia Blanco Agudín.",No se proporciona información específica sobre su investigación.,LUIS MANUEL QUIROS FERNANDEZ
49,Las mejores tesis en salud de la Universidad de Oviedo reciben los Premios RAMPRA 2026,https://portalinvestigacion.uniovi.es/investigadores/218241/detalle,Jesús Manuel Merayo Lloves,UNCLEAR,"No se menciona su actividad investigadora en la noticia, solo su asociación con la tesis de Noelia Blanco Agudín.",No se proporciona información específica sobre su investigación.,JESUS MANUEL MERAYO LLOVES
51,"INGENIUM avanza en Ruan hacia una nueva etapa de cooperación universitaria europea más estable, sostenible y estructurada",https://portalinvestigacion.uniovi.es/investigadores/218536/detalle,IGNACIO VILLAVERDE MENENDEZ,MIXED,"Ignacio Villaverde actúa como rector, representando institucionalmente a la Universidad de Oviedo, pero también se menciona su contribución a la cooperación universitaria y su trayectoria académica.","“El reto central ya no es justificar el valor de la cooperación, sino convertir esa cooperación en un modelo más maduro...”, ha señalado el rector de la Universidad de Oviedo, Ignacio Villaverde.",IGNACIO VILLAVERDE MENENDEZ
51,"INGENIUM avanza en Ruan hacia una nueva etapa de cooperación universitaria europea más estable, sostenible y estructurada",https://portalinvestigacion.uniovi.es/investigadores/218110/detalle,INES PEÑUELAS SANCHEZ,UNCLEAR,No se proporciona información suficiente sobre su actividad investigadora o institucional en el contexto de la noticia.,,INES PEÑUELAS SANCHEZ
51,"INGENIUM avanza en Ruan hacia una nueva etapa de cooperación universitaria europea más estable, sostenible y estructurada",https://portalinvestigacion.uniovi.es/investigadores/217928/detalle,JUAN MANUEL MARCHANTE GAYON,UNCLEAR,No se proporciona información suficiente sobre su actividad investigadora o institucional en el contexto de la noticia.,,JUAN MANUEL MARCHANTE GAYON
51,"INGENIUM avanza en Ruan hacia una nueva etapa de cooperación universitaria europea más estable, sostenible y estructurada",https://portalinvestigacion.uniovi.es/investigadores/1010273/detalle,IRENE DIAZ MARTINEZ,UNCLEAR,No se proporciona información suficiente sobre su actividad investigadora o institucional en el contexto de la noticia.,,IRENE DIAZ MARTINEZ
51,"INGENIUM avanza en Ruan hacia una nueva etapa de cooperación universitaria europea más estable, sostenible y estructurada",https://portalinvestigacion.uniovi.es/investigadores/218412/detalle,JESUS DANIEL SANTOS RODRIGUEZ,UNCLEAR,No se proporciona información suficiente sobre su actividad investigadora o institucional en el contexto de la noticia.,,JESUS DANIEL SANTOS RODRIGUEZ
51,"INGENIUM avanza en Ruan hacia una nueva etapa de cooperación universitaria europea más estable, sostenible y estructurada",https://portalinvestigacion.uniovi.es/investigadores/219659/detalle,ANA SUAREZ SANCHEZ,UNCLEAR,No se proporciona información suficiente sobre su actividad investigadora o institucional en el contexto de la noticia.,,ANA SUAREZ SANCHEZ
51,"INGENIUM avanza en Ruan hacia una nueva etapa de cooperación universitaria europea más estable, sostenible y estructurada",https://portalinvestigacion.uniovi.es/investigadores/218602/detalle,ANA SUAREZ VAZQUEZ,UNCLEAR,No se proporciona información suficiente sobre su actividad investigadora o institucional en el contexto de la noticia.,,ANA SUAREZ VAZQUEZ
51,"INGENIUM avanza en Ruan hacia una nueva etapa de cooperación universitaria europea más estable, sostenible y estructurada",https://portalinvestigacion.uniovi.es/investigadores/218457/detalle,ANA SUAREZ ALVAREZ,UNCLEAR,No se proporciona información suficiente sobre su actividad investigadora o institucional en el contexto de la noticia.,,ANA SUAREZ ALVAREZ
51,"INGENIUM avanza en Ruan hacia una nueva etapa de cooperación universitaria europea más estable, sostenible y estructurada",https://portalinvestigacion.uniovi.es/investigadores/217124/detalle,SUSANA IRENE DIAZ RODRIGUEZ,UNCLEAR,No se proporciona información suficiente sobre su actividad investigadora o institucional en el contexto de la noticia.,,SUSANA IRENE DIAZ RODRIGUEZ
51,"INGENIUM avanza en Ruan hacia una nueva etapa de cooperación universitaria europea más estable, sostenible y estructurada",https://portalinvestigacion.uniovi.es/investigadores/218465/detalle,ANA MARIA SUAREZ DIAZ,UNCLEAR,No se proporciona información suficiente sobre su actividad investigadora o institucional en el contexto de la noticia.,,ANA MARIA SUAREZ DIAZ
52,La Universidad de Oviedo reconoce el compromiso de estudiantes y centros con la donación de sangre,https://portalinvestigacion.uniovi.es/investigadores/217775/detalle,ALFONSO JOAQUIN LOPEZ MUÑIZ,INSTITUTIONAL,"López Muñiz aparece como vicerrector y su intervención se centra en el reconocimiento de la generosidad del estudiantado, sin mencionar actividad investigadora.","Alfonso López Muñiz, vicerrector de Estudiantes y Empleabilidad, destaca la “extraordinaria generosidad” del estudiantado.",ALFONSO JOAQUIN LOPEZ MUÑIZ
52,La Universidad de Oviedo reconoce el compromiso de estudiantes y centros con la donación de sangre,https://portalinvestigacion.uniovi.es/investigadores/217271/detalle,BEATRIZ CABALLERO GARCIA,INSTITUTIONAL,"Caballero aparece como vicedecana y su participación es en el contexto de la entrega de diplomas, sin referencia a su actividad investigadora.","Beatriz Caballero, vicedecana de Estrategia Académica y Calidad de la Facultad de Biología, y Carmen Benavides, decana de la Facultad de Economía y Empresa, recogieron los diplomas a la solidaridad.",BEATRIZ CABALLERO GARCIA
53,"Villaverde defiende a las universidades públicas como garantes de la libertad, la democracia y la igualdad en su investidura como doctor honoris causa por la Universidad de Rouen Normandía",https://portalinvestigacion.uniovi.es/investigadores/218536/detalle,Ignacio Villaverde,MIXED,"Ignacio Villaverde es mencionado como rector y se destaca su trayectoria académica y su contribución a la cooperación universitaria, así como su actividad como catedrático de Derecho Constitucional.","La Universidad de Rouen Normandía ha reconocido con esta distinción la trayectoria académica de Ignacio Villaverde como catedrático de Derecho Constitucional, así como su contribución al impulso de la cooperación universitaria europea.",IGNACIO VILLAVERDE MENENDEZ
56,La conexión entre la internacionalización y la cooperación universitaria al desarrollo centran la reunión del G-9 de Universidades celebrada en Pamplona,https://portalinvestigacion.uniovi.es/investigadores/216733/detalle,ESTEBAN AGULLO TOMAS,INSTITUTIONAL,"Esteban Agulló Tomás es mencionado como director de área de Cooperación, lo que indica su rol institucional en la reunión.","El encuentro ha contado con la participación de Esteban Agulló Tomás, director de área de Cooperación, Tercer Sector y Responsabilidad Social de la Universidad de Oviedo.",ESTEBAN AGULLO TOMAS
57,El equipo masculino de la Universidad de Oviedo asciende a División de Honor del atletismo nacional,https://portalinvestigacion.uniovi.es/investigadores/217548/detalle,ALEJANDRO GARCIA ALVAREZ,UNCLEAR,No se menciona su actividad investigadora ni su rol institucional en la noticia.,No hay evidencia suficiente.,ALEJANDRO GARCIA ALVAREZ
58,La Universidad de Oviedo identifica qué plantas alpinas tendrán más dificultades para regenerarse por el cambio climático,https://portalinvestigacion.uniovi.es/investigadores/219672/detalle,Borja Jiménez-Alfaro,RESEARCH,"El estudio se enmarca en el proyecto SEEDALP, liderado por Borja Jiménez-Alfaro, lo que indica su participación activa en la investigación.","El trabajo se enmarca en el proyecto SEEDALP, liderado por el profesor de Botánica Borja Jiménez-Alfaro.",Borja Jiménez-Alfaro
59,"Jazz Europa convertirá la Universidad de Oviedo en un espacio de creación, intercambio y conexión europea a través de la música",https://portalinvestigacion.uniovi.es/investigadores/220058/detalle,IVAN IGLESIAS IGLESIAS,RESEARCH,Aparece como parte de un grupo de investigación en música contemporánea y se menciona en el contexto de las jornadas sobre jazz.,"...la participación de profesionales y especialistas como Iván Iglesias, de la Universidad de Valladolid...",IVAN IGLESIAS IGLESIAS
61,El equipo de fútbol sala del PTGAS de la Universidad de Oviedo logra un quinto puesto en el campeonato nacional de Almería,https://portalinvestigacion.uniovi.es/investigadores/216929/detalle,DAVID ALVAREZ FERNANDEZ,UNCLEAR,No se menciona ninguna actividad investigadora o institucional relacionada con David Álvarez Fernández en la noticia.,,DAVID ALVAREZ FERNANDEZ
61,El equipo de fútbol sala del PTGAS de la Universidad de Oviedo logra un quinto puesto en el campeonato nacional de Almería,https://portalinvestigacion.uniovi.es/investigadores/216932/detalle,MARIA ALVAREZ FERNANDEZ,UNCLEAR,No se menciona ninguna actividad investigadora o institucional relacionada con María Álvarez Fernández en la noticia.,,MARIA ALVAREZ FERNANDEZ
61,El equipo de fútbol sala del PTGAS de la Universidad de Oviedo logra un quinto puesto en el campeonato nacional de Almería,https://portalinvestigacion.uniovi.es/investigadores/216935/detalle,MONICA ALVAREZ FERNANDEZ,UNCLEAR,No se menciona ninguna actividad investigadora o institucional relacionada con Mónica Álvarez Fernández en la noticia.,,MONICA ALVAREZ FERNANDEZ
61,El equipo de fútbol sala del PTGAS de la Universidad de Oviedo logra un quinto puesto en el campeonato nacional de Almería,https://portalinvestigacion.uniovi.es/investigadores/2353797/detalle,ENOL ALVAREZ FERNANDEZ,UNCLEAR,No se menciona ninguna actividad investigadora o institucional relacionada con Enol Álvarez Fernández en la noticia.,,ENOL ALVAREZ FERNANDEZ
61,El equipo de fútbol sala del PTGAS de la Universidad de Oviedo logra un quinto puesto en el campeonato nacional de Almería,https://portalinvestigacion.uniovi.es/investigadores/216934/detalle,MARTINA INMACULADA ALVAREZ FERNANDEZ,UNCLEAR,No se menciona ninguna actividad investigadora o institucional relacionada con Martina Inmaculada Álvarez Fernández en la noticia.,,MARTINA INMACULADA ALVAREZ FERNANDEZ
62,La Universidad de Oviedo otorga el doctorado ‘Honoris Causa’ a Víctor Manuel para reconocer su trayectoria y su canto a la memoria de Asturias,https://portalinvestigacion.uniovi.es/investigadores/218536/detalle,IGNACIO VILLAVERDE MENENDEZ,INSTITUTIONAL,Ignacio Villaverde aparece como rector y representante institucional durante la ceremonia de investidura.,"El rector, Ignacio Villaverde, ha sido el encargado de entregarle los atributos que simbolizan su incorporación al claustro de doctores y doctoras.",IGNACIO VILLAVERDE MENENDEZ
62,La Universidad de Oviedo otorga el doctorado ‘Honoris Causa’ a Víctor Manuel para reconocer su trayectoria y su canto a la memoria de Asturias,https://portalinvestigacion.uniovi.es/investigadores/218042/detalle,JULIO RAUL OGAS JOFRE,MIXED,"Julio Ogas actúa como padrino en la ceremonia, destacando la trayectoria de Víctor Manuel, lo que implica una función institucional, pero también menciona su labor investigadora en musicología.","El director del departamento de Historia del Arte y Musicología, Julio Ogas Jofre, al interior del Paraninfo para proceder a la investidura.",JULIO RAUL OGAS JOFRE
62,La Universidad de Oviedo otorga el doctorado ‘Honoris Causa’ a Víctor Manuel para reconocer su trayectoria y su canto a la memoria de Asturias,https://portalinvestigacion.uniovi.es/investigadores/217981/detalle,VICENTE GOTOR FERNANDEZ,INSTITUTIONAL,"Vicente Gotor es mencionado como parte del equipo de gobierno de la institución académica, sin evidencia de actividad investigadora en la noticia.","el rector Vicente Gotor; la defensora Universitaria, Isabel Viña; la directora general de Universidad del Principado de Asturias, Cristina González Morán; el alcalde de Mieres, Manuel Ángel Álvarez.",VICENTE GOTOR FERNANDEZ
62,La Universidad de Oviedo otorga el doctorado ‘Honoris Causa’ a Víctor Manuel para reconocer su trayectoria y su canto a la memoria de Asturias,https://portalinvestigacion.uniovi.es/investigadores/218643/detalle,CELESTINO RODRIGUEZ PEREZ,INSTITUTIONAL,Celestino Rodríguez es mencionado como decano y su papel es principalmente institucional en la ceremonia.,"Precisamente su decano, Celestino Rodríguez, ha conducido después al todavía doctorando y a su padrino.",CELESTINO RODRIGUEZ PEREZ
62,La Universidad de Oviedo otorga el doctorado ‘Honoris Causa’ a Víctor Manuel para reconocer su trayectoria y su canto a la memoria de Asturias,https://portalinvestigacion.uniovi.es/investigadores/218367/detalle,EDUARDO SAN JOSE VAZQUEZ,UNCLEAR,"No se menciona a Eduardo San José en el contexto de la noticia, por lo que no hay evidencia suficiente para clasificar su rol.",,EDUARDO SAN JOSE VAZQUEZ
62,La Universidad de Oviedo otorga el doctorado ‘Honoris Causa’ a Víctor Manuel para reconocer su trayectoria y su canto a la memoria de Asturias,https://portalinvestigacion.uniovi.es/investigadores/217359/detalle,CRISTINA GONZALEZ GAGO,UNCLEAR,Cristina González no es mencionada en el contexto de la actividad investigadora o institucional en la noticia.,,CRISTINA GONZALEZ GAGO
62,La Universidad de Oviedo otorga el doctorado ‘Honoris Causa’ a Víctor Manuel para reconocer su trayectoria y su canto a la memoria de Asturias,https://portalinvestigacion.uniovi.es/investigadores/217169/detalle,ANGEL ESPINIELLA MENENDEZ,INSTITUTIONAL,"Ángel Espiniella es mencionado como secretario general, lo que indica un rol institucional.","El secretario general, Ángel Espiniella, ha abierto la sesión dando lectura al acuerdo del Consejo de Gobierno.",ANGEL ESPINIELLA MENENDEZ
62,La Universidad de Oviedo otorga el doctorado ‘Honoris Causa’ a Víctor Manuel para reconocer su trayectoria y su canto a la memoria de Asturias,https://portalinvestigacion.uniovi.es/investigadores/218539/detalle,MARIA ISABEL VIÑA OLAY,INSTITUTIONAL,"María Isabel Viña es mencionada como defensora universitaria, lo que indica un rol institucional.","la defensora Universitaria, Isabel Viña;",MARIA ISABEL VIÑA OLAY
64,"La Universidad de Oviedo convertirá sus campus universitarios en entornos más biodiversos, saludables y sostenibles",https://portalinvestigacion.uniovi.es/investigadores/217772/detalle,Belén López,MIXED,Belén López actúa como decana y también menciona la importancia de la investigación en la iniciativa.,“queremos que el centro refleje también en sus espacios los valores científicos y ambientales que transmitimos cada día desde la docencia y la investigación”.,BELEN LOPEZ MARTINEZ
64,"La Universidad de Oviedo convertirá sus campus universitarios en entornos más biodiversos, saludables y sostenibles",https://portalinvestigacion.uniovi.es/investigadores/218110/detalle,Inés Peñuelas,INSTITUTIONAL,"Inés Peñuelas se menciona en su rol como vicerrectora, sin referencia a actividad investigadora.",“las universidades tienen que desempeñar un papel activo en la transición hacia modelos más sostenibles y resilientes”.,INES PEÑUELAS SANCHEZ
64,"La Universidad de Oviedo convertirá sus campus universitarios en entornos más biodiversos, saludables y sostenibles",https://portalinvestigacion.uniovi.es/investigadores/217293/detalle,Andrés Arias,UNCLEAR,No se proporciona información suficiente sobre su rol en la noticia.,,ANDRES ARIAS RODRIGUEZ
64,"La Universidad de Oviedo convertirá sus campus universitarios en entornos más biodiversos, saludables y sostenibles",https://portalinvestigacion.uniovi.es/investigadores/217349/detalle,María Aida González,UNCLEAR,No se proporciona información suficiente sobre su rol en la noticia.,,MARIA AIDA GONZALEZ DIAZ
65,Mares Circulares entrega a la Universidad de Oviedo un banco fabricado con plástico recogido del mar en reconocimiento a su compromiso medioambiental,https://portalinvestigacion.uniovi.es/investigadores/218110/detalle,INES PEÑUELAS SANCHEZ,MIXED,Inés Peñuelas es vicerrectora y también menciona el compromiso de la universidad con la investigación y sostenibilidad.,"“la sostenibilidad constituye un eje estratégico para nuestra institución y forma parte de nuestro compromiso con la formación, la investigación, la transferencia de conocimiento...”",INES PEÑUELAS SANCHEZ
67,La estudiante Ana Alonso recibe el Premio Impacto Positivo de la Universidad de Oviedo,https://portalinvestigacion.uniovi.es/investigadores/218536/detalle,IGNACIO VILLAVERDE MENENDEZ,INSTITUTIONAL,"Ignacio Villaverde aparece como rector de la Universidad de Oviedo, representando a la institución en la entrega de premios.","El acto se ha celebrado en el Paraninfo del Edificio Histórico y ha estado presidido por el rector de la Universidad de Oviedo, Ignacio Villaverde.",IGNACIO VILLAVERDE MENENDEZ
67,La estudiante Ana Alonso recibe el Premio Impacto Positivo de la Universidad de Oviedo,https://portalinvestigacion.uniovi.es/investigadores/216756/detalle,ANA ALONSO GARCIA,UNCLEAR,No hay información suficiente sobre su actividad investigadora o su rol institucional en la noticia.,"La noticia se centra en el premio recibido por Ana Alonso, pero no menciona su actividad investigadora.",ANA ALONSO GARCIA
67,La estudiante Ana Alonso recibe el Premio Impacto Positivo de la Universidad de Oviedo,https://portalinvestigacion.uniovi.es/investigadores/1931678/detalle,JOSÉ MANUEL MARTÍNEZ PÉREZ,UNCLEAR,"No se menciona a José Manuel Martínez en la noticia, por lo que no hay evidencia de su rol.",No aparece en el texto.,JOSÉ MANUEL MARTÍNEZ PÉREZ
67,La estudiante Ana Alonso recibe el Premio Impacto Positivo de la Universidad de Oviedo,https://portalinvestigacion.uniovi.es/investigadores/219314/detalle,ANA ISABEL ALONSO GARCIA,UNCLEAR,No hay información suficiente sobre su actividad investigadora o su rol institucional en la noticia.,No se menciona en el texto.,ANA ISABEL ALONSO GARCIA
67,La estudiante Ana Alonso recibe el Premio Impacto Positivo de la Universidad de Oviedo,https://portalinvestigacion.uniovi.es/investigadores/217341/detalle,MARIA PALOMA GONZALEZ CASTRO,UNCLEAR,"No se menciona a María Paloma González en la noticia, por lo que no hay evidencia de su rol.",No aparece en el texto.,MARIA PALOMA GONZALEZ CASTRO
68,La Facultad de Formación del Profesorado y Educación de la Universidad de Oviedo reconoce a los mejores proyectos de innovación docente de Asturias,https://portalinvestigacion.uniovi.es/investigadores/217046/detalle,MARIA LUISA FERNANDEZ SANCHEZ,RESEARCH,Participó en un proyecto de innovación docente relacionado con la creación de un repertorio para el aula accesible a los docentes de música.,Música Asturiana en el aula de Primaria. Proyecto de Aprendizaje Servicio para la creación de un repertorio para el aula accesible a los docentes de música.,CARLOS FERNANDEZ GARCIA
68,La Facultad de Formación del Profesorado y Educación de la Universidad de Oviedo reconoce a los mejores proyectos de innovación docente de Asturias,https://portalinvestigacion.uniovi.es/investigadores/219110/detalle,GONZALO LLAMEDO PANDIELLA,RESEARCH,Responsable de un proyecto que busca la integración transdisciplinaria y multinivel de la innovación educativa.,Comunidad Canguro: una red docente para la integración transdisciplinaria y multinivel de la innovación educativa.,MARIA TERESA FERNANDEZ FERNANDEZ-ARGUELLES
68,La Facultad de Formación del Profesorado y Educación de la Universidad de Oviedo reconoce a los mejores proyectos de innovación docente de Asturias,https://portalinvestigacion.uniovi.es/investigadores/217511/detalle,MARLEN ALONSO CASTAÑO,RESEARCH,Participó en un proyecto sobre matemáticas inclusivas y creación de materiales manipulativos.,Matemáticas inclusivas: búsqueda y creación de materiales manipulativos adaptados para potenciar el aprendizaje de las matemáticas en alumnado con Necesidades Educativas Especiales.,MARIA ARANZAZU FERNANDEZ RODRIGUEZ
68,La Facultad de Formación del Profesorado y Educación de la Universidad de Oviedo reconoce a los mejores proyectos de innovación docente de Asturias,https://portalinvestigacion.uniovi.es/investigadores/218620/detalle,CELESTINO RODRIGUEZ PEREZ,INSTITUTIONAL,"Presidió la gala institucional de entrega de distinciones, actuando como representante de la facultad.","la gala institucional de entrega de distinciones, presidida por el decano de la Facultad de Formación del Profesorado y Educación, Celestino Rodríguez.",SUSANA TORIO LOPEZ
68,La Facultad de Formación del Profesorado y Educación de la Universidad de Oviedo reconoce a los mejores proyectos de innovación docente de Asturias,https://portalinvestigacion.uniovi.es/investigadores/217045/detalle,BENJAMIN FERNANDEZ GARCIA,UNCLEAR,No se menciona su participación en proyectos o actividades específicas en la noticia.,,BENJAMIN FERNANDEZ GARCIA
68,La Facultad de Formación del Profesorado y Educación de la Universidad de Oviedo reconoce a los mejores proyectos de innovación docente de Asturias,https://portalinvestigacion.uniovi.es/investigadores/217051/detalle,MARIA PAULA FERNANDEZ GARCIA,UNCLEAR,No se menciona su participación en proyectos o actividades específicas en la noticia.,,MARIA PAULA FERNANDEZ GARCIA
68,La Facultad de Formación del Profesorado y Educación de la Universidad de Oviedo reconoce a los mejores proyectos de innovación docente de Asturias,https://portalinvestigacion.uniovi.es/investigadores/217038/detalle,MARIA FERNANDEZ FERREIRO,UNCLEAR,No se menciona su participación en proyectos o actividades específicas en la noticia.,,MARIA FERNANDEZ FERREIRO
68,La Facultad de Formación del Profesorado y Educación de la Universidad de Oviedo reconoce a los mejores proyectos de innovación docente de Asturias,https://portalinvestigacion.uniovi.es/investigadores/218231/detalle,MARIA DEL CARMEN PEREZ RIU,UNCLEAR,No se menciona su participación en proyectos o actividades específicas en la noticia.,,EVA MARIA MENENDEZ SEBASTIAN
68,La Facultad de Formación del Profesorado y Educación de la Universidad de Oviedo reconoce a los mejores proyectos de innovación docente de Asturias,https://portalinvestigacion.uniovi.es/investigadores/217512/detalle,MARIA DEL ROCIO FERNANDEZ RODRIGUEZ,UNCLEAR,No se menciona su participación en proyectos o actividades específicas en la noticia.,,MARIA DEL ROCIO FERNANDEZ RODRIGUEZ
68,La Facultad de Formación del Profesorado y Educación de la Universidad de Oviedo reconoce a los mejores proyectos de innovación docente de Asturias,https://portalinvestigacion.uniovi.es/investigadores/217509/detalle,FRANCISCO JOSE FERNANDEZ RODRIGUEZ,UNCLEAR,No se menciona su participación en proyectos o actividades específicas en la noticia.,,FRANCISCO JOSE FERNANDEZ RODRIGUEZ
68,La Facultad de Formación del Profesorado y Educación de la Universidad de Oviedo reconoce a los mejores proyectos de innovación docente de Asturias,https://portalinvestigacion.uniovi.es/investigadores/217049/detalle,FRANCISCO JAVIER FERNANDEZ GARCIA,UNCLEAR,No se menciona su participación en proyectos o actividades específicas en la noticia.,,FRANCISCO JAVIER FERNANDEZ GARCIA
68,La Facultad de Formación del Profesorado y Educación de la Universidad de Oviedo reconoce a los mejores proyectos de innovación docente de Asturias,https://portalinvestigacion.uniovi.es/investigadores/217048/detalle,FELIPE FERNANDEZ GARCIA,UNCLEAR,No se menciona su participación en proyectos o actividades específicas en la noticia.,,FELIPE FERNANDEZ GARCIA
68,La Facultad de Formación del Profesorado y Educación de la Universidad de Oviedo reconoce a los mejores proyectos de innovación docente de Asturias,https://portalinvestigacion.uniovi.es/investigadores/217050/detalle,JOSE FRANCISCO FERNANDEZ GARCIA,UNCLEAR,No se menciona su participación en proyectos o actividades específicas en la noticia.,,JOSE FRANCISCO FERNANDEZ GARCIA
68,La Facultad de Formación del Profesorado y Educación de la Universidad de Oviedo reconoce a los mejores proyectos de innovación docente de Asturias,https://portalinvestigacion.uniovi.es/investigadores/217051/detalle,MARIA PAULA FERNANDEZ GARCIA,UNCLEAR,No se menciona su participación en proyectos o actividades específicas en la noticia.,,MARIA PAULA FERNANDEZ GARCIA
68,La Facultad de Formación del Profesorado y Educación de la Universidad de Oviedo reconoce a los mejores proyectos de innovación docente de Asturias,https://portalinvestigacion.uniovi.es/investigadores/217045/detalle,BENJAMIN FERNANDEZ GARCIA,UNCLEAR,No se menciona su participación en proyectos o actividades específicas en la noticia.,,BENJAMIN FERNANDEZ GARCIA
68,La Facultad de Formación del Profesorado y Educación de la Universidad de Oviedo reconoce a los mejores proyectos de innovación docente de Asturias,https://portalinvestigacion.uniovi.es/investigadores/217046/detalle,MARIA LUISA FERNANDEZ SANCHEZ,UNCLEAR,No se menciona su participación en proyectos o actividades específicas en la noticia.,,CARLOS FERNANDEZ GARCIA
68,La Facultad de Formación del Profesorado y Educación de la Universidad de Oviedo reconoce a los mejores proyectos de innovación docente de Asturias,https://portalinvestigacion.uniovi.es/investigadores/217511/detalle,MARLEN ALONSO CASTAÑO,UNCLEAR,No se menciona su participación en proyectos o actividades específicas en la noticia.,,MARIA ARANZAZU FERNANDEZ RODRIGUEZ
68,La Facultad de Formación del Profesorado y Educación de la Universidad de Oviedo reconoce a los mejores proyectos de innovación docente de Asturias,https://portalinvestigacion.uniovi.es/investigadores/218620/detalle,CELESTINO RODRIGUEZ PEREZ,UNCLEAR,No se menciona su participación en proyectos o actividades específicas en la noticia.,,SUSANA TORIO LOPEZ
68,La Facultad de Formación del Profesorado y Educación de la Universidad de Oviedo reconoce a los mejores proyectos de innovación docente de Asturias,https://portalinvestigacion.uniovi.es/investigadores/217045/detalle,BENJAMIN FERNANDEZ GARCIA,UNCLEAR,No se menciona su participación en proyectos o actividades específicas en la noticia.,,BENJAMIN FERNANDEZ GARCIA
68,La Facultad de Formación del Profesorado y Educación de la Universidad de Oviedo reconoce a los mejores proyectos de innovación docente de Asturias,https://portalinvestigacion.uniovi.es/investigadores/217046/detalle,MARIA LUISA FERNANDEZ SANCHEZ,UNCLEAR,No se menciona su participación en proyectos o actividades específicas en la noticia.,,CARLOS FERNANDEZ GARCIA
68,La Facultad de Formación del Profesorado y Educación de la Universidad de Oviedo reconoce a los mejores proyectos de innovación docente de Asturias,https://portalinvestigacion.uniovi.es/investigadores/217511/detalle,MARLEN ALONSO CASTAÑO,UNCLEAR,No se menciona su participación en proyectos o actividades específicas en la noticia.,,MARIA ARANZAZU FERNANDEZ RODRIGUEZ
68,La Facultad de Formación del Profesorado y Educación de la Universidad de Oviedo reconoce a los mejores proyectos de innovación docente de Asturias,https://portalinvestigacion.uniovi.es/investigadores/218620/detalle,CELESTINO RODRIGUEZ PEREZ,UNCLEAR,No se menciona su participación en proyectos o actividades específicas en la noticia.,,SUSANA TORIO LOPEZ
68,La Facultad de Formación del Profesorado y Educación de la Universidad de Oviedo reconoce a los mejores proyectos de innovación docente de Asturias,https://portalinvestigacion.uniovi.es/investigadores/217045/detalle,BENJAMIN FERNANDEZ GARCIA,UNCLEAR,No se menciona su participación en proyectos o actividades específicas en la noticia.,,BENJAMIN FERNANDEZ GARCIA
68,La Facultad de Formación del Profesorado y Educación de la Universidad de Oviedo reconoce a los mejores proyectos de innovación docente de Asturias,https://portalinvestigacion.uniovi.es/investigadores/217046/detalle,MARIA LUISA FERNANDEZ SANCHEZ,UNCLEAR,No se menciona su participación en proyectos o actividades específicas en la noticia.,,CARLOS FERNANDEZ GARCIA
68,La Facultad de Formación del Profesorado y Educación de la Universidad de Oviedo reconoce a los mejores proyectos de innovación docente de Asturias,https://portalinvestigacion.uniovi.es/investigadores/217511/detalle,MARLEN ALONSO CASTAÑO,UNCLEAR,No se menciona su participación en proyectos o actividades específicas en la noticia.,,MARIA ARANZAZU FERNANDEZ RODRIGUEZ
68,La Facultad de Formación del Profesorado y Educación de la Universidad de Oviedo reconoce a los mejores proyectos de innovación docente de Asturias,https://portalinvestigacion.uniovi.es/investigadores/218620/detalle,CELESTINO RODRIGUEZ PEREZ,UNCLEAR,No se menciona su participación en proyectos o actividades específicas en la noticia.,,SUSANA TORIO LOPEZ
68,La Facultad de Formación del Profesorado y Educación de la Universidad de Oviedo reconoce a los mejores proyectos de innovación docente de Asturias,https://portalinvestigacion.uniovi.es/investigadores/217045/detalle,BENJAMIN FERNANDEZ GARCIA,UNCLEAR,No se menciona su participación en proyectos o actividades específicas en la noticia.,,BENJAMIN FERNANDEZ GARCIA
68,La Facultad de Formación del Profesorado y Educación de la Universidad de Oviedo reconoce a los mejores proyectos de innovación docente de Asturias,https://portalinvestigacion.uniovi.es/investigadores/217046/detalle,MARIA LUISA FERNANDEZ SANCHEZ,UNCLEAR,No se menciona su participación en proyectos o actividades específicas en la noticia.,,CARLOS FERNANDEZ GARCIA
68,La Facultad de Formación del Profesorado y Educación de la Universidad de Oviedo reconoce a los mejores proyectos de innovación docente de Asturias,https://portalinvestigacion.uniovi.es/investigadores/217511/detalle,MARLEN ALONSO CASTAÑO,UNCLEAR,No se menciona su participación en proyectos o actividades específicas en la noticia.,,MARIA ARANZAZU FERNANDEZ RODRIGUEZ
68,La Facultad de Formación del Profesorado y Educación de la Universidad de Oviedo reconoce a los mejores proyectos de innovación docente de Asturias,https://portalinvestigacion.uniovi.es/investigadores/218620/detalle,CELESTINO RODRIGUEZ PEREZ,UNCLEAR,No se menciona su participación en proyectos o actividades específicas en la noticia.,,SUSANA TORIO LOPEZ
68,La Facultad de Formación del Profesorado y Educación de la Universidad de Oviedo reconoce a los mejores proyectos de innovación docente de Asturias,https://portalinvestigacion.uniovi.es/investigadores/217045/detalle,BENJAMIN FERNANDEZ GARCIA,UNCLEAR,No se menciona su participación en proyectos o actividades específicas en la noticia.,,BENJAMIN FERNANDEZ GARCIA
68,La Facultad de Formación del Profesorado y Educación de la Universidad de Oviedo reconoce a los mejores proyectos de innovación docente de Asturias,https://portalinvestigacion.uniovi.es/investigadores/217046/detalle,MARIA LUISA FERNANDEZ SANCHEZ,UNCLEAR,No se menciona su participación en proyectos o actividades específicas en la noticia.,,CARLOS FERNANDEZ GARCIA
68,La Facultad de Formación del Profesorado y Educación de la Universidad de Oviedo reconoce a los mejores proyectos de innovación docente de Asturias,https://portalinvestigacion.uniovi.es/investigadores/217511/detalle,MARLEN ALONSO CASTAÑO,UNCLEAR,No se menciona su participación en proyectos o actividades específicas en la noticia.,,MARIA ARANZAZU FERNANDEZ RODRIGUEZ
68,La Facultad de Formación del Profesorado y Educación de la Universidad de Oviedo reconoce a los mejores proyectos de innovación docente de Asturias,https://portalinvestigacion.uniovi.es/investigadores/218620/detalle,CELESTINO RODRIGUEZ PEREZ,UNCLEAR,No se menciona su participación en proyectos o actividades específicas en la noticia.,,SUSANA TORIO LOPEZ
68,La Facultad de Formación del Profesorado y Educación de la Universidad de Oviedo reconoce a los mejores proyectos de innovación docente de Asturias,https://portalinvestigacion.uniovi.es/investigadores/217045/detalle,BENJAMIN FERNANDEZ GARCIA,UNCLEAR,No se menciona su participación en proyectos o actividades específicas en la noticia.,,BENJAMIN FERNANDEZ GARCIA
68,La Facultad de Formación del Profesorado y Educación de la Universidad de Oviedo reconoce a los mejores proyectos de innovación docente de Asturias,https://portalinvestigacion.uniovi.es/investigadores/217046/detalle,MARIA LUISA FERNANDEZ SANCHEZ,UNCLEAR,No se menciona su participación en proyectos o actividades específicas en la noticia.,,CARLOS FERNANDEZ GARCIA
68,La Facultad de Formación del Profesorado y Educación de la Universidad de Oviedo reconoce a los mejores proyectos de innovación docente de Asturias,https://portalinvestigacion.uniovi.es/investigadores/217511/detalle,MARLEN ALONSO CASTAÑO,UNCLEAR,No se menciona su participación en proyectos o actividades específicas en la noticia.,,MARIA ARANZAZU FERNANDEZ RODRIGUEZ
68,La Facultad de Formación del Profesorado y Educación de la Universidad de Oviedo reconoce a los mejores proyectos de innovación docente de Asturias,https://portalinvestigacion.uniovi.es/investigadores/218620/detalle,CELESTINO RODRIGUEZ PEREZ,UNCLEAR,No se menciona su participación en proyectos o actividades específicas en la noticia.,,SUSANA TORIO LOPEZ
68,La Facultad de Formación del Profesorado y Educación de la Universidad de Oviedo reconoce a los mejores proyectos de innovación docente de Asturias,https://portalinvestigacion.uniovi.es/investigadores/217045/detalle,BENJAMIN FERNANDEZ GARCIA,UNCLEAR,No se menciona su participación en proyectos o actividades específicas en la noticia.,,BENJAMIN FERNANDEZ GARCIA
68,La Facultad de Formación del Profesorado y Educación de la Universidad de Oviedo reconoce a los mejores proyectos de innovación docente de Asturias,https://portalinvestigacion.uniovi.es/investigadores/217046/detalle,MARIA LUISA FERNANDEZ SANCHEZ,UNCLEAR,No se menciona su participación en proyectos o actividades específicas en la noticia.,,CARLOS FERNANDEZ GARCIA
68,La Facultad de Formación del Profesorado y Educación de la Universidad de Oviedo reconoce a los mejores proyectos de innovación docente de Asturias,https://portalinvestigacion.uniovi.es/investigadores/217511/detalle,MARLEN ALONSO CASTAÑO,UNCLEAR,No se menciona su participación en proyectos o actividades específicas en la noticia.,,MARIA ARANZAZU FERNANDEZ RODRIGUEZ
68,La Facultad de Formación del Profesorado y Educación de la Universidad de Oviedo reconoce a los mejores proyectos de innovación docente de Asturias,https://portalinvestigacion.uniovi.es/investigadores/218620/detalle,CELESTINO RODRIGUEZ PEREZ,UNCLEAR,No se menciona su participación en proyectos o actividades específicas en la noticia.,,SUSANA TORIO LOPEZ
68,La Facultad de Formación del Profesorado y Educación de la Universidad de Oviedo reconoce a los mejores proyectos de innovación docente de Asturias,https://portalinvestigacion.uniovi.es/investigadores/217045/detalle,BENJAMIN FERNANDEZ GARCIA,UNCLEAR,No se menciona su participación en proyectos o actividades específicas en la noticia.,,BENJAMIN FERNANDEZ GARCIA
68,La Facultad de Formación del Profesorado y Educación de la Universidad de Oviedo reconoce a los mejores proyectos de innovación docente de Asturias,https://portalinvestigacion.uniovi.es/investigadores/217046/detalle,MARIA LUISA FERNANDEZ SANCHEZ,UNCLEAR,No se menciona su participación en proyectos o actividades específicas en la noticia.,,CARLOS FERNANDEZ GARCIA
68,La Facultad de Formación del Profesorado y Educación de la Universidad de Oviedo reconoce a los mejores proyectos de innovación docente de Asturias,https://portalinvestigacion.uniovi.es/investigadores/217511/detalle,MARLEN ALONSO CASTAÑO,UNCLEAR,No se menciona su participación en proyectos o actividades específicas en la noticia.,,MARIA ARANZAZU FERNANDEZ RODRIGUEZ
68,La Facultad de Formación del Profesorado y Educación de la Universidad de Oviedo reconoce a los mejores proyectos de innovación docente de Asturias,https://portalinvestigacion.uniovi.es/investigadores/218620/detalle,CELESTINO RODRIGUEZ PEREZ,UNCLEAR,No se menciona su participación en proyectos o actividades específicas en la noticia.,,SUSANA TORIO LOPEZ
68,La Facultad de Formación del Profesorado y Educación de la Universidad de Oviedo reconoce a los mejores proyectos de innovación docente de Asturias,https://portalinvestigacion.uniovi.es/investigadores/217045/detalle,BENJAMIN FERNANDEZ GARCIA,UNCLEAR,No se menciona su participación en proyectos o actividades específicas en la noticia.,,BENJAMIN FERNANDEZ GARCIA
68,La Facultad de Formación del Profesorado y Educación de la Universidad de Oviedo reconoce a los mejores proyectos de innovación docente de Asturias,https://portalinvestigacion.uniovi.es/investigadores/217046/detalle,MARIA LUISA FERNANDEZ SANCHEZ,UNCLEAR,No se menciona su participación en proyectos o actividades específicas en la noticia.,,CARLOS FERNANDEZ GARCIA
68,La Facultad de Formación del Profesorado y Educación de la Universidad de Oviedo reconoce a los mejores proyectos de innovación docente de Asturias,https://portalinvestigacion.uniovi.es/investigadores/217511/detalle,MARLEN ALONSO CASTAÑO,UNCLEAR,No se menciona su participación en proyectos o actividades específicas en la noticia.,,MARIA ARANZAZU FERNANDEZ RODRIGUEZ
68,La Facultad de Formación del Profesorado y Educación de la Universidad de Oviedo reconoce a los mejores proyectos de innovación docente de Asturias,https://portalinvestigacion.uniovi.es/investigadores/218620/detalle,CELESTINO RODRIGUEZ PEREZ,UNCLEAR,No se menciona su participación en proyectos o actividades específicas en la noticia.,,SUSANA TORIO LOPEZ
68,La Facultad de Formación del Profesorado y Educación de la Universidad de Oviedo reconoce a los mejores proyectos de innovación docente de Asturias,https://portalinvestigacion.uniovi.es/investigadores/217045/detalle,BENJAMIN FERNANDEZ GARCIA,UNCLEAR,No se menciona su participación en proyectos o actividades específicas en la noticia.,,BENJAMIN FERNANDEZ GARCIA
68,La Facultad de Formación del Profesorado y Educación de la Universidad de Oviedo reconoce a los mejores proyectos de innovación docente de Asturias,https://portalinvestigacion.uniovi.es/investigadores/217046/detalle,MARIA LUISA FERNANDEZ SANCHEZ,UNCLEAR,No se menciona su participación en proyectos o actividades específicas en la noticia.,,CARLOS FERNANDEZ GARCIA
68,La Facultad de Formación del Profesorado y Educación de la Universidad de Oviedo reconoce a los mejores proyectos de innovación docente de Asturias,https://portalinvestigacion.uniovi.es/investigadores/217511/detalle,MARLEN ALONSO CASTAÑO,UNCLEAR,No se menciona su participación en proyectos o actividades específicas en la noticia.,,MARIA ARANZAZU FERNANDEZ RODRIGUEZ
68,La Facultad de Formación del Profesorado y Educación de la Universidad de Oviedo reconoce a los mejores proyectos de innovación docente de Asturias,https://portalinvestigacion.uniovi.es/investigadores/218620/detalle,CELESTINO RODRIGUEZ PEREZ,UNCLEAR,No se menciona su participación en proyectos o actividades específicas en la noticia.,,SUSANA TORIO LOPEZ
68,La Facultad de Formación del Profesorado y Educación de la Universidad de Oviedo reconoce a los mejores proyectos de innovación docente de Asturias,https://portalinvestigacion.uniovi.es/investigadores/217045/detalle,BENJAMIN FERNANDEZ GARCIA,UNCLEAR,No se menciona su participación en proyectos o actividades específicas en la noticia.,,BENJAMIN FERNANDEZ GARCIA
68,La Facultad de Formación del Profesorado y Educación de la Universidad de Oviedo reconoce a los mejores proyectos de innovación docente de Asturias,https://portalinvestigacion.uniovi.es/investigadores/217046/detalle,MARIA LUISA FERNANDEZ SANCHEZ,UNCLEAR,No se menciona su participación en proyectos o actividades específicas en la noticia.,,CARLOS FERNANDEZ GARCIA
68,La Facultad de Formación del Profesorado y Educación de la Universidad de Oviedo reconoce a los mejores proyectos de innovación docente de Asturias,https://portalinvestigacion.uniovi.es/investigadores/217511/detalle,MARLEN ALONSO CASTAÑO,UNCLEAR,No se menciona su participación en proyectos o actividades específicas en la noticia.,,MARIA ARANZAZU FERNANDEZ RODRIGUEZ
68,La Facultad de Formación del Profesorado y Educación de la Universidad de Oviedo reconoce a los mejores proyectos de innovación docente de Asturias,https://portalinvestigacion.uniovi.es/investigadores/218620/detalle,CELESTINO RODRIGUEZ PEREZ,UNCLEAR,No se menciona su participación en proyectos o actividades específicas en la noticia.,,SUSANA TORIO LOPEZ
68,La Facultad de Formación del Profesorado y Educación de la Universidad de Oviedo reconoce a los mejores proyectos de innovación docente de Asturias,https://portalinvestigacion.uniovi.es/investigadores/217045/detalle,BENJAMIN FERNANDEZ GARCIA,UNCLEAR,No se menciona su participación en proyectos o actividades específicas en la noticia.,,BENJAMIN FERNANDEZ GARCIA
68,La Facultad de Formación del Profesorado y Educación de la Universidad de Oviedo reconoce a los mejores proyectos de innovación docente de Asturias,https://portalinvestigacion.uniovi.es/investigadores/217046/detalle,MARIA LUISA FERNANDEZ SANCHEZ,UNCLEAR,No se menciona su participación en proyectos o actividades específicas en la noticia.,,CARLOS FERNANDEZ GARCIA
68,La Facultad de Formación del Profesorado y Educación de la Universidad de Oviedo reconoce a los mejores proyectos de innovación docente de Asturias,https://portalinvestigacion.uniovi.es/investigadores/217511/detalle,MARLEN ALONSO CASTAÑO,UNCLEAR,No se menciona su participación en proyectos o actividades específicas en la noticia.,,MARIA ARANZAZU FERNANDEZ RODRIGUEZ
68,La Facultad de Formación del Profesorado y Educación de la Universidad de Oviedo reconoce a los mejores proyectos de innovación docente de Asturias,https://portalinvestigacion.uniovi.es/investigadores/218620/detalle,CELESTINO RODRIGUEZ PEREZ,UNCLEAR,No se menciona su participación en proyectos o actividades específicas en la noticia.,,SUSANA TORIO LOPEZ
68,La Facultad de Formación del Profesorado y Educación de la Universidad de Oviedo reconoce a los mejores proyectos de innovación docente de Asturias,https://portalinvestigacion.uniovi.es/investigadores/217045/detalle,BENJAMIN FERNANDEZ GARCIA,UNCLEAR,No se menciona su participación en proyectos o actividades específicas en la noticia.,,BENJAMIN FERNANDEZ GARCIA
68,La Facultad de Formación del Profesorado y Educación de la Universidad de Oviedo reconoce a los mejores proyectos de innovación docente de Asturias,https://portalinvestigacion.uniovi.es/investigadores/217046/detalle,MARIA LUISA FERNANDEZ SANCHEZ,UNCLEAR,No se menciona su participación en proyectos o actividades específicas en la noticia.,,CARLOS FERNANDEZ GARCIA
68,La Facultad de Formación del Profesorado y Educación de la Universidad de Oviedo reconoce a los mejores proyectos de innovación docente de Asturias,https://portalinvestigacion.uniovi.es/investigadores/217511/detalle,MARLEN ALONSO CASTAÑO,UNCLEAR,No se menciona su participación en proyectos o actividades específicas en la noticia.,,MARIA ARANZAZU FERNANDEZ RODRIGUEZ
68,La Facultad de Formación del Profesorado y Educación de la Universidad de Oviedo reconoce a los mejores proyectos de innovación docente de Asturias,https://portalinvestigacion.uniovi.es/investigadores/218620/detalle,CELESTINO RODRIGUEZ PEREZ,UNCLEAR,No se menciona su participación en proyectos o actividades específicas en la noticia.,,SUSANA TORIO LOPEZ
68,La Facultad de Formación del Profesorado y Educación de la Universidad de Oviedo reconoce a los mejores proyectos de innovación docente de Asturias,https://portalinvestigacion.uniovi.es/investigadores/217045/detalle,BENJAMIN FERNANDEZ GARCIA,UNCLEAR,No se menciona su participación en proyectos o actividades específicas en la noticia.,,BENJAMIN FERNANDEZ GARCIA
68,La Facultad de Formación del Profesorado y Educación de la Universidad de Oviedo reconoce a los mejores proyectos de innovación docente de Asturias,https://portalinvestigacion.uniovi.es/investigadores/217046/detalle,MARIA LUISA FERNANDEZ SANCHEZ,UNCLEAR,No se menciona su participación en proyectos o actividades específicas en la noticia.,,CARLOS FERNANDEZ GARCIA
68,La Facultad de Formación del Profesorado y Educación de la Universidad de Oviedo reconoce a los mejores proyectos de innovación docente de Asturias,https://portalinvestigacion.uniovi.es/investigadores/217511/detalle,MARLEN ALONSO CASTAÑO,UNCLEAR,No se menciona su participación en proyectos o actividades específicas en la noticia.,,MARIA ARANZAZU FERNANDEZ RODRIGUEZ
68,La Facultad de Formación del Profesorado y Educación de la Universidad de Oviedo reconoce a los mejores proyectos de innovación docente de Asturias,https://portalinvestigacion.uniovi.es/investigadores/218620/detalle,CELESTINO RODRIGUEZ PEREZ,UNCLEAR,No se menciona su participación en proyectos o actividades específicas en la noticia.,,SUSANA TORIO LOPEZ
68,La Facultad de Formación del Profesorado y Educación de la Universidad de Oviedo reconoce a los mejores proyectos de innovación docente de Asturias,https://portalinvestigacion.uniovi.es/investigadores/217045/detalle,BENJAMIN FERNANDEZ GARCIA,UNCLEAR,No se menciona su participación en proyectos o actividades específicas en la noticia.,,BENJAMIN FERNANDEZ GARCIA
68,La Facultad de Formación del Profesorado y Educación de la Universidad de Oviedo reconoce a los mejores proyectos de innovación docente de Asturias,https://portalinvestigacion.uniovi.es/investigadores/217046/detalle,MARIA LUISA FERNANDEZ SANCHEZ,UNCLEAR,No se menciona su participación en proyectos o actividades específicas en la noticia.,,CARLOS FERNANDEZ GARCIA
68,La Facultad de Formación del Profesorado y Educación de la Universidad de Oviedo reconoce a los mejores proyectos de innovación docente de Asturias,https://portalinvestigacion.uniovi.es/investigadores/217511/detalle,MARLEN ALONSO CASTAÑO,UNCLEAR,No se menciona su participación en proyectos o actividades específicas en la noticia.,,MARIA ARANZAZU FERNANDEZ RODRIGUEZ
68,La Facultad de Formación del Profesorado y Educación de la Universidad de Oviedo reconoce a los mejores proyectos de innovación docente de Asturias,https://portalinvestigacion.uniovi.es/investigadores/218620/detalle,CELESTINO RODRIGUEZ PEREZ,UNCLEAR,No se menciona su participación en proyectos o actividades específicas en la noticia.,,SUSANA TORIO LOPEZ
68,La Facultad de Formación del Profesorado y Educación de la Universidad de Oviedo reconoce a los mejores proyectos de innovación docente de Asturias,https://portalinvestigacion.uniovi.es/investigadores/217045/detalle,BENJAMIN FERNANDEZ GARCIA,UNCLEAR,No se menciona su participación en proyectos o actividades específicas en la noticia.,,BENJAMIN FERNANDEZ GARCIA
68,La Facultad de Formación del Profesorado y Educación de la Universidad de Oviedo reconoce a los mejores proyectos de innovación docente de Asturias,https://portalinvestigacion.uniovi.es/investigadores/217046/detalle,MARIA LUISA FERNANDEZ SANCHEZ,UNCLEAR,No se menciona su participación en proyectos o actividades específicas en la noticia.,,CARLOS FERNANDEZ GARCIA
68,La Facultad de Formación del Profesorado y Educación de la Universidad de Oviedo reconoce a los mejores proyectos de innovación docente de Asturias,https://portalinvestigacion.uniovi.es/investigadores/217511/detalle,MARLEN ALONSO CASTAÑO,UNCLEAR,No se menciona su participación en proyectos o actividades específicas en la noticia.,,MARIA ARANZAZU FERNANDEZ RODRIGUEZ
68,La Facultad de Formación del Profesorado y Educación de la Universidad de Oviedo reconoce a los mejores proyectos de innovación docente de Asturias,https://portalinvestigacion.uniovi.es/investigadores/218620/detalle,CELESTINO RODRIGUEZ PEREZ,UNCLEAR,No se menciona su participación en proyectos o actividades específicas en la noticia.,,SUSANA TORIO LOPEZ
68,La Facultad de Formación del Profesorado y Educación de la Universidad de Oviedo reconoce a los mejores proyectos de innovación docente de Asturias,https://portalinvestigacion.uniovi.es/investigadores/217045/detalle,BENJAMIN FERNANDEZ GARCIA,UNCLEAR,No se menciona su participación en proyectos o actividades específicas en la noticia.,,BENJAMIN FERNANDEZ GARCIA
68,La Facultad de Formación del Profesorado y Educación de la Universidad de Oviedo reconoce a los mejores proyectos de innovación docente de Asturias,https://portalinvestigacion.uniovi.es/investigadores/217046/detalle,MARIA LUISA FERNANDEZ SANCHEZ,UNCLEAR,No se menciona su participación en proyectos o actividades específicas en la noticia.,,CARLOS FERNANDEZ GARCIA
68,La Facultad de Formación del Profesorado y Educación de la Universidad de Oviedo reconoce a los mejores proyectos de innovación docente de Asturias,https://portalinvestigacion.uniovi.es/investigadores/217511/detalle,MARLEN ALONSO CASTAÑO,UNCLEAR,No se menciona su participación en proyectos o actividades específicas en la noticia.,,MARIA ARANZAZU FERNANDEZ RODRIGUEZ
68,La Facultad de Formación del Profesorado y Educación de la Universidad de Oviedo reconoce a los mejores proyectos de innovación docente de Asturias,https://portalinvestigacion.uniovi.es/investigadores/218620/detalle,CELESTINO RODRIGUEZ PEREZ,UNCLEAR,No se menciona su participación en proyectos o actividades específicas en la noticia.,,SUSANA TORIO LOPEZ
68,La Facultad de Formación del Profesorado y Educación de la Universidad de Oviedo reconoce a los mejores proyectos de innovación docente de Asturias,https://portalinvestigacion.uniovi.es/investigadores/217045/detalle,BENJAMIN FERNANDEZ GARCIA,UNCLEAR,No se menciona su participación en proyectos o actividades específicas en la noticia.,,BENJAMIN FERNANDEZ GARCIA
68,La Facultad de Formación del Profesorado y Educación de la Universidad de Oviedo reconoce a los mejores proyectos de innovación docente de Asturias,https://portalinvestigacion.uniovi.es/investigadores/217046/detalle,MARIA LUISA FERNANDEZ SANCHEZ,UNCLEAR,No se menciona su participación en proyectos o actividades específicas en la noticia.,,CARLOS FERNANDEZ GARCIA
68,La Facultad de Formación del Profesorado y Educación de la Universidad de Oviedo reconoce a los mejores proyectos de innovación docente de Asturias,https://portalinvestigacion.uniovi.es/investigadores/217511/detalle,MARLEN ALONSO CASTAÑO,UNCLEAR,No se menciona su participación en proyectos o actividades específicas en la noticia.,,MARIA ARANZAZU FERNANDEZ RODRIGUEZ
68,La Facultad de Formación del Profesorado y Educación de la Universidad de Oviedo reconoce a los mejores proyectos de innovación docente de Asturias,https://portalinvestigacion.uniovi.es/investigadores/218620/detalle,CELESTINO RODRIGUEZ PEREZ,UNCLEAR,No se menciona su participación en proyectos o actividades específicas en la noticia.,,SUSANA TORIO LOPEZ
68,La Facultad de Formación del Profesorado y Educación de la Universidad de Oviedo reconoce a los mejores proyectos de innovación docente de Asturias,https://portalinvestigacion.uniovi.es/investigadores/217045/detalle,BENJAMIN FERNANDEZ GARCIA,UNCLEAR,No se menciona su participación en proyectos o actividades específicas en la noticia.,,BENJAMIN FERNANDEZ GARCIA
68,La Facultad de Formación del Profesorado y Educación de la Universidad de Oviedo reconoce a los mejores proyectos de innovación docente de Asturias,https://portalinvestigacion.uniovi.es/investigadores/217046/detalle,MARIA LUISA FERNANDEZ SANCHEZ,UNCLEAR,No se menciona su participación en proyectos o actividades específicas en la noticia.,,CARLOS FERNANDEZ GARCIA
68,La Facultad de Formación del Profesorado y Educación de la Universidad de Oviedo reconoce a los mejores proyectos de innovación docente de Asturias,https://portalinvestigacion.uniovi.es/investigadores/217511/detalle,MARLEN ALONSO CASTAÑO,UNCLEAR,No se menciona su participación en proyectos o actividades específicas en la noticia.,,MARIA ARANZAZU FERNANDEZ RODRIGUEZ
68,La Facultad de Formación del Profesorado y Educación de la Universidad de Oviedo reconoce a los mejores proyectos de innovación docente de Asturias,https://portalinvestigacion.uniovi.es/investigadores/218620/detalle,CELESTINO RODRIGUEZ PEREZ,UNCLEAR,No se menciona su participación en proyectos o actividades específicas en la noticia.,,SUSANA TORIO LOPEZ
68,La Facultad de Formación del Profesorado y Educación de la Universidad de Oviedo reconoce a los mejores proyectos de innovación docente de Asturias,https://portalinvestigacion.uniovi.es/investigadores/217045/detalle,BENJAMIN FERNANDEZ GARCIA,UNCLEAR,No se menciona su participación en proyectos o actividades específicas en la noticia.,,BENJAMIN FERNANDEZ GARCIA
68,La Facultad de Formación del Profesorado y Educación de la Universidad de Oviedo reconoce a los mejores proyectos de innovación docente de Asturias,https://portalinvestigacion.uniovi.es/investigadores/217046/detalle,MARIA LUISA FERNANDEZ SANCHEZ,UNCLEAR,No se menciona su participación en proyectos o actividades específicas en la noticia.,,CARLOS FERNANDEZ GARCIA
68,La Facultad de Formación del Profesorado y Educación de la Universidad de Oviedo reconoce a los mejores proyectos de innovación docente de Asturias,https://portalinvestigacion.uniovi.es/investigadores/217511/detalle,MARLEN ALONSO CASTAÑO,UNCLEAR,No se menciona su participación en proyectos o actividades específicas en la noticia.,,MARIA ARANZAZU FERNANDEZ RODRIGUEZ
68,La Facultad de Formación del Profesorado y Educación de la Universidad de Oviedo reconoce a los mejores proyectos de innovación docente de Asturias,https://portalinvestigacion.uniovi.es/investigadores/218620/detalle,CELESTINO RODRIGUEZ PEREZ,UNCLEAR,No se menciona su participación en proyectos o actividades específicas en la noticia.,,SUSANA TORIO LOPEZ
68,La Facultad de Formación del Profesorado y Educación de la Universidad de Oviedo reconoce a los mejores proyectos de innovación docente de Asturias,https://portalinvestigacion.uniovi.es/investigadores/217045/detalle,BENJAMIN FERNANDEZ GARCIA,UNCLEAR,No se menciona su participación en proyectos o actividades específicas en la noticia.,,BENJAMIN FERNANDEZ GARCIA
68,La Facultad de Formación del Profesorado y Educación de la Universidad de Oviedo reconoce a los mejores proyectos de innovación docente de Asturias,https://portalinvestigacion.uniovi.es/investigadores/217046/detalle,MARIA LUISA FERNANDEZ SANCHEZ,UNCLEAR,No se menciona su participación en proyectos o actividades específicas en la noticia.,,CARLOS FERNANDEZ GARCIA
68,La Facultad de Formación del Profesorado y Educación de la Universidad de Oviedo reconoce a los mejores proyectos de innovación docente de Asturias,https://portalinvestigacion.uniovi.es/investigadores/217511/detalle,MARLEN ALONSO CASTAÑO,UNCLEAR,No se menciona su participación en proyectos o actividades específicas en la noticia.,,MARIA ARANZAZU FERNANDEZ RODRIGUEZ
68,La Facultad de Formación del Profesorado y Educación de la Universidad de Oviedo reconoce a los mejores proyectos de innovación docente de Asturias,https://portalinvestigacion.uniovi.es/investigadores/218620/detalle,CELESTINO RODRIGUEZ PEREZ,UNCLEAR,No se menciona su participación en proyectos o actividades específicas en la noticia.,,SUSANA TORIO LOPEZ
68,La Facultad de Formación del Profesorado y Educación de la Universidad de Oviedo reconoce a los mejores proyectos de innovación docente de Asturias,https://portalinvestigacion.uniovi.es/investigadores/217045/detalle,BENJAMIN FERNANDEZ GARCIA,UNCLEAR,No se menciona su participación en proyectos o actividades específicas en la noticia.,,BENJAMIN FERNANDEZ GARCIA
68,La Facultad de Formación del Profesorado y Educación de la Universidad de Oviedo reconoce a los mejores proyectos de innovación docente de Asturias,https://portalinvestigacion.uniovi.es/investigadores/217046/detalle,MARIA LUISA FERNANDEZ SANCHEZ,UNCLEAR,No se menciona su participación en proyectos o actividades específicas en la noticia.,,CARLOS FERNANDEZ GARCIA
68,La Facultad de Formación del Profesorado y Educación de la Universidad de Oviedo reconoce a los mejores proyectos de innovación docente de Asturias,https://portalinvestigacion.uniovi.es/investigadores/217511/detalle,MARLEN ALONSO CASTAÑO,UNCLEAR,No se menciona su participación en proyectos o actividades específicas en la noticia.,,MARIA ARANZAZU FERNANDEZ RODRIGUEZ
68,La Facultad de Formación del Profesorado y Educación de la Universidad de Oviedo reconoce a los mejores proyectos de innovación docente de Asturias,https://portalinvestigacion.uniovi.es/investigadores/218620/detalle,CELESTINO RODRIGUEZ PEREZ,UNCLEAR,No se menciona su participación en proyectos o actividades específicas en la noticia.,,SUSANA TORIO LOPEZ
68,La Facultad de Formación del Profesorado y Educación de la Universidad de Oviedo reconoce a los mejores proyectos de innovación docente de Asturias,https://portalinvestigacion.uniovi.es/investigadores/217045/detalle,BENJAMIN FERNANDEZ GARCIA,UNCLEAR,No se menciona su participación en proyectos o actividades específicas en la noticia.,,BENJAMIN FERNANDEZ GARCIA
68,La Facultad de Formación del Profesorado y Educación de la Universidad de Oviedo reconoce a los mejores proyectos de innovación docente de Asturias,https://portalinvestigacion.uniovi.es/investigadores/217046/detalle,MARIA LUISA FERNANDEZ SANCHEZ,UNCLEAR,No se menciona su participación en proyectos o actividades específicas en la noticia.,,CARLOS FERNANDEZ GARCIA
68,La Facultad de Formación del Profesorado y Educación de la Universidad de Oviedo reconoce a los mejores proyectos de innovación docente de Asturias,https://portalinvestigacion.uniovi.es/investigadores/217511/detalle,MARLEN ALONSO CASTAÑO,UNCLEAR,No se menciona su participación en proyectos o actividades específicas en la noticia.,,MARIA ARANZAZU FERNANDEZ RODRIGUEZ
68,La Facultad de Formación del Profesorado y Educación de la Universidad de Oviedo reconoce a los mejores proyectos de innovación docente de Asturias,https://portalinvestigacion.uniovi.es/investigadores/218620/detalle,CELESTINO RODRIGUEZ PEREZ,UNCLEAR,No se menciona su participación en proyectos o actividades específicas en la noticia.,,SUSANA TORIO LOPEZ
68,La Facultad de Formación del Profesorado y Educación de la Universidad de Oviedo reconoce a los mejores proyectos de innovación docente de Asturias,https://portalinvestigacion.uniovi.es/investigadores/217045/detalle,BENJAMIN FERNANDEZ GARCIA,UNCLEAR,No se menciona su participación en proyectos o actividades específicas en la noticia.,,BENJAMIN FERNANDEZ GARCIA
68,La Facultad de Formación del Profesorado y Educación de la Universidad de Oviedo reconoce a los mejores proyectos de innovación docente de Asturias,https://portalinvestigacion.uniovi.es/investigadores/217046/detalle,MARIA LUISA FERNANDEZ SANCHEZ,UNCLEAR,No se menciona su participación en proyectos o actividades específicas en la noticia.,,CARLOS FERNANDEZ GARCIA
68,La Facultad de Formación del Profesorado y Educación de la Universidad de Oviedo reconoce a los mejores proyectos de innovación docente de Asturias,https://portalinvestigacion.uniovi.es/investigadores/217511/detalle,MARLEN ALONSO CASTAÑO,UNCLEAR,No se menciona su participación en proyectos o actividades específicas en la noticia.,,MARIA ARANZAZU FERNANDEZ RODRIGUEZ
68,La Facultad de Formación del Profesorado y Educación de la Universidad de Oviedo reconoce a los mejores proyectos de innovación docente de Asturias,https://portalinvestigacion.uniovi.es/investigadores/218620/detalle,CELESTINO RODRIGUEZ PEREZ,UNCLEAR,No se menciona su participación en proyectos o actividades específicas en la noticia.,,SUSANA TORIO LOPEZ
68,La Facultad de Formación del Profesorado y Educación de la Universidad de Oviedo reconoce a los mejores proyectos de innovación docente de Asturias,https://portalinvestigacion.uniovi.es/investigadores/217045/detalle,BENJAMIN FERNANDEZ GARCIA,UNCLEAR,No se menciona su participación en proyectos o actividades específicas en la noticia.,,BENJAMIN FERNANDEZ GARCIA
68,La Facultad de Formación del Profesorado y Educación de la Universidad de Oviedo reconoce a los mejores proyectos de innovación docente de Asturias,https://portalinvestigacion.uniovi.es/investigadores/217046/detalle,MARIA LUISA FERNANDEZ SANCHEZ,UNCLEAR,No se menciona su participación en proyectos o actividades específicas en la noticia.,,CARLOS FERNANDEZ GARCIA
68,La Facultad de Formación del Profesorado y Educación de la Universidad de Oviedo reconoce a los mejores proyectos de innovación docente de Asturias,https://portalinvestigacion.uniovi.es/investigadores/217511/detalle,MARLEN ALONSO CASTAÑO,UNCLEAR,No se menciona su participación en proyectos o actividades específicas en la noticia.,,MARIA ARANZAZU FERNANDEZ RODRIGUEZ
68,La Facultad de Formación del Profesorado y Educación de la Universidad de Oviedo reconoce a los mejores proyectos de innovación docente de Asturias,https://portalinvestigacion.uniovi.es/investigadores/218620/detalle,CELESTINO RODRIGUEZ PEREZ,UNCLEAR,No se menciona su participación en proyectos o actividades específicas en la noticia.,,SUSANA TORIO LOPEZ
68,La Facultad de Formación del Profesorado y Educación de la Universidad de Oviedo reconoce a los mejores proyectos de innovación docente de Asturias,https://portalinvestigacion.uniovi.es/investigadores/217045/detalle,BENJAMIN FERNANDEZ GARCIA,UNCLEAR,No se menciona su participación en proyectos o actividades específicas en la noticia.,,BENJAMIN FERNANDEZ GARCIA
68,La Facultad de Formación del Profesorado y Educación de la Universidad de Oviedo reconoce a los mejores proyectos de innovación docente de Asturias,https://portalinvestigacion.uniovi.es/investigadores/217046/detalle,MARIA LUISA FERNANDEZ SANCHEZ,UNCLEAR,No se menciona su participación en proyectos o actividades específicas en la noticia.,,CARLOS FERNANDEZ GARCIA
68,La Facultad de Formación del Profesorado y Educación de la Universidad de Oviedo reconoce a los mejores proyectos de innovación docente de Asturias,https://portalinvestigacion.uniovi.es/investigadores/217511/detalle,MARLEN ALONSO CASTAÑO,UNCLEAR,No se menciona su participación en proyectos o actividades específicas en la noticia.,,MARIA ARANZAZU FERNANDEZ RODRIGUEZ
68,La Facultad de Formación del Profesorado y Educación de la Universidad de Oviedo reconoce a los mejores proyectos de innovación docente de Asturias,https://portalinvestigacion.uniovi.es/investigadores/218620/detalle,CELESTINO RODRIGUEZ PEREZ,UNCLEAR,No se menciona su participación en proyectos o actividades específicas en la noticia.,,SUSANA TORIO LOPEZ
68,La Facultad de Formación del Profesorado y Educación de la Universidad de Oviedo reconoce a los mejores proyectos de innovación docente de Asturias,https://portalinvestigacion.uniovi.es/investigadores/217045/detalle,BENJAMIN FERNANDEZ GARCIA,UNCLEAR,No se menciona su participación en proyectos o actividades específicas en la noticia.,,BENJAMIN FERNANDEZ GARCIA
68,La Facultad de Formación del Profesorado y Educación de la Universidad de Oviedo reconoce a los mejores proyectos de innovación docente de Asturias,https://portalinvestigacion.uniovi.es/investigadores/217046/detalle,MARIA LUISA FERNANDEZ SANCHEZ,UNCLEAR,No se menciona su participación en proyectos o actividades específicas en la noticia.,,CARLOS FERNANDEZ GARCIA
68,La Facultad de Formación del Profesorado y Educación de la Universidad de Oviedo reconoce a los mejores proyectos de innovación docente de Asturias,https://portalinvestigacion.uniovi.es/investigadores/217511/detalle,MARLEN ALONSO CASTAÑO,UNCLEAR,No se menciona su participación en proyectos o actividades específicas en la noticia.,,MARIA ARANZAZU FERNANDEZ RODRIGUEZ
68,La Facultad de Formación del Profesorado y Educación de la Universidad de Oviedo reconoce a los mejores proyectos de innovación docente de Asturias,https://portalinvestigacion.uniovi.es/investigadores/218620/detalle,CELESTINO RODRIGUEZ PEREZ,UNCLEAR,No se menciona su participación en proyectos o actividades específicas en la noticia.,,SUSANA TORIO LOPEZ
68,La Facultad de Formación del Profesorado y Educación de la Universidad de Oviedo reconoce a los mejores proyectos de innovación docente de Asturias,https://portalinvestigacion.uniovi.es/investigadores/217045/detalle,BENJAMIN FERNANDEZ GARCIA,UNCLEAR,No se menciona su participación en proyectos o actividades específicas en la noticia.,,BENJAMIN FERNANDEZ GARCIA
68,La Facultad de Formación del Profesorado y Educación de la Universidad de Oviedo reconoce a los mejores proyectos de innovación docente de Asturias,https://portalinvestigacion.uniovi.es/investigadores/217046/detalle,MARIA LUISA FERNANDEZ SANCHEZ,UNCLEAR,No se menciona su participación en proyectos o actividades específicas en la noticia.,,CARLOS FERNANDEZ GARCIA
68,La Facultad de Formación del Profesorado y Educación de la Universidad de Oviedo reconoce a los mejores proyectos de innovación docente de Asturias,https://portalinvestigacion.uniovi.es/investigadores/217511/detalle,MARLEN ALONSO CASTAÑO,UNCLEAR,No se menciona su participación en proyectos o actividades específicas en la noticia.,,MARIA ARANZAZU FERNANDEZ RODRIGUEZ
68,La Facultad de Formación del Profesorado y Educación de la Universidad de Oviedo reconoce a los mejores proyectos de innovación docente de Asturias,https://portalinvestigacion.uniovi.es/investigadores/218620/detalle,CELESTINO RODRIGUEZ PEREZ,UNCLEAR,No se menciona su participación en proyectos o actividades específicas en la noticia.,,SUSANA TORIO LOPEZ
69,La Universidad de Oviedo analiza los rasgos psicológicos y de personalidad en deportistas de ultrarresistencia,https://portalinvestigacion.uniovi.es/investigadores/218048/detalle,Hugo Olmedillas,RESEARCH,Hugo Olmedillas es mencionado como investigador responsable y se discuten sus contribuciones a la investigación sobre los rasgos psicológicos de los atletas de ultrarresistencia.,"Hugo Olmedillas, investigador responsable, explica que 'uno de los resultados que más nos ha hecho reflexionar es que las mismas características que permiten a estos deportistas no rendirse ante el agotamiento pueden, en algunos casos, cruzar una línea'.",HUGO OLMEDILLAS FERNANDEZ
69,La Universidad de Oviedo analiza los rasgos psicológicos y de personalidad en deportistas de ultrarresistencia,https://portalinvestigacion.uniovi.es/investigadores/218344/detalle,Miguel Ángel Rodríguez,RESEARCH,Miguel Ángel Rodríguez es mencionado como investigador principal y se discuten sus aportes a la investigación sobre los rasgos psicológicos de los atletas de ultrarresistencia.,"Miguel Ángel Rodríguez, investigador principal, destaca que 'de todos los rasgos estudiados, la responsabilidad es el que aparece de forma más consistente en estos deportistas'.",MIGUEL ANGEL RODRIGUEZ DIAZ
70,La Cátedra de HUNOSA recibe un premio EnerAgen por su labor de divulgación sobre las energías renovables y la transición energética,https://portalinvestigacion.uniovi.es/investigadores/219317/detalle,TERESA DE JESUS ALONSO SANCHEZ,INSTITUTIONAL,"Teresa Alonso es mencionada como directora de la Cátedra de Hunosa, lo que indica su rol institucional.","la directora de la Cátedra de Hunosa, Teresa Alonso",TERESA DE JESUS ALONSO SANCHEZ
70,La Cátedra de HUNOSA recibe un premio EnerAgen por su labor de divulgación sobre las energías renovables y la transición energética,https://portalinvestigacion.uniovi.es/investigadores/216970/detalle,JUAN CARLOS CAMPO RODRIGUEZ,INSTITUTIONAL,"Juan Carlos Campo es mencionado como viceconsejero de Industria, lo que indica su rol institucional.","el viceconsejero de Industria, Juan Carlos Campo",JUAN CARLOS CAMPO RODRIGUEZ
71,El Consejo de Gobierno da luz verde al Plan de Ordenación Docente para el próximo curso académico,https://portalinvestigacion.uniovi.es/investigadores/218536/detalle,Ignacio Villaverde,INSTITUTIONAL,"Ignacio Villaverde aparece como rector de la Universidad de Oviedo, destacando su papel en la organización de la actividad docente.","Ignacio Villaverde, rector de la Universidad de Oviedo, ha destacado el enorme esfuerzo que supone organizar la actividad docente de una institución como la asturiana.",IGNACIO VILLAVERDE MENENDEZ
71,El Consejo de Gobierno da luz verde al Plan de Ordenación Docente para el próximo curso académico,https://portalinvestigacion.uniovi.es/investigadores/217811/detalle,Susana Luque,INSTITUTIONAL,"Susana Luque es mencionada como vicerrectora de Transferencia y Relaciones con la Empresa, enfocándose en su rol administrativo.","El acuerdo, según ha indicado Susana Luque, vicerrectora de Transferencia y Relaciones con la Empresa, regula la preinscripción, admisión, adjudicación de plazas.",SUSANA LUQUE RODRIGUEZ
71,El Consejo de Gobierno da luz verde al Plan de Ordenación Docente para el próximo curso académico,https://portalinvestigacion.uniovi.es/investigadores/1010273/detalle,Irene Díaz,MIXED,"Irene Díaz es vicerrectora de Investigación y se menciona su papel en la convocatoria de ayudas económicas para la actividad investigadora, así como su rol administrativo.","Irene Díaz, vicerrectora de Investigación, ha explicado que la convocatoria contempla una financiación total de 225.000 euros.",IRENE DIAZ MARTINEZ
71,El Consejo de Gobierno da luz verde al Plan de Ordenación Docente para el próximo curso académico,https://portalinvestigacion.uniovi.es/investigadores/216944/detalle,Ana Isabel Álvarez González,RESEARCH,"Ana Isabel Álvarez es mencionada en el contexto de su trabajo como directora de INGENIUM, destacando su contribución a la investigación y la coordinación de sistemas universitarios.","Su periodo al frente del consorcio supuso la construcción de los fundamentos de la alianza, de sus primeras estructuras de gobernanza.",ANA ISABEL ALVAREZ GONZALEZ
71,El Consejo de Gobierno da luz verde al Plan de Ordenación Docente para el próximo curso académico,https://portalinvestigacion.uniovi.es/investigadores/216945/detalle,Agustín Nieto Alonso,RESEARCH,"Agustín Nieto es mencionado por su labor como coordinador local de INGENIUM, lo que implica una contribución a la investigación y la colaboración entre instituciones.","Durante ese tiempo, fue el responsable de que la alianza enraizara en la propia universidad coordinadora.",LUIS IGNACIO ALVAREZ GONZALEZ
71,El Consejo de Gobierno da luz verde al Plan de Ordenación Docente para el próximo curso académico,https://portalinvestigacion.uniovi.es/investigadores/217124/detalle,Susana Irene Díaz Rodríguez,UNCLEAR,No se menciona ninguna actividad específica de investigación o rol institucional en la noticia.,,SUSANA IRENE DIAZ RODRIGUEZ
71,El Consejo de Gobierno da luz verde al Plan de Ordenación Docente para el próximo curso académico,https://portalinvestigacion.uniovi.es/investigadores/217169/detalle,Ángel Espiniella,INSTITUTIONAL,"Ángel Espiniella es mencionado como secretario general, lo que indica un rol institucional.","se ha presentado el informe de Transparencia, Buen Gobierno y Protección de Datos correspondiente al año 2025.",ANGEL ESPINIELLA MENENDEZ
71,El Consejo de Gobierno da luz verde al Plan de Ordenación Docente para el próximo curso académico,https://portalinvestigacion.uniovi.es/investigadores/218955/detalle,Bárbara Álvarez González,UNCLEAR,No se menciona ninguna actividad específica de investigación o rol institucional en la noticia.,,BARBARA ALVAREZ GONZALEZ
71,El Consejo de Gobierno da luz verde al Plan de Ordenación Docente para el próximo curso académico,https://portalinvestigacion.uniovi.es/investigadores/218412/detalle,Jesús Daniel Santos Rodríguez,UNCLEAR,No se menciona ninguna actividad específica de investigación o rol institucional en la noticia.,,JESUS DANIEL SANTOS RODRIGUEZ
71,El Consejo de Gobierno da luz verde al Plan de Ordenación Docente para el próximo curso académico,https://portalinvestigacion.uniovi.es/investigadores/216870/detalle,María Isabel Álvarez Vega,UNCLEAR,No se menciona ninguna actividad específica de investigación o rol institucional en la noticia.,,MARIA ISABEL ALVAREZ VEGA
71,El Consejo de Gobierno da luz verde al Plan de Ordenación Docente para el próximo curso académico,https://portalinvestigacion.uniovi.es/investigadores/1095855/detalle,Enol Álvarez González,UNCLEAR,No se menciona ninguna actividad específica de investigación o rol institucional en la noticia.,,ENOL ALVAREZ GONZALEZ
71,El Consejo de Gobierno da luz verde al Plan de Ordenación Docente para el próximo curso académico,https://portalinvestigacion.uniovi.es/investigadores/216770/detalle,Pedro Alonso Velázquez,MIXED,"Pedro Alonso es vicerrector y se menciona su papel en la presentación de novedades del POD, así como su rol administrativo.","Pedro Alonso, vicerrector de Políticas del Profesorado y Ordenación Académica, ha hecho hincapié además en las principales novedades del POD.",PEDRO ALONSO VELAZQUEZ
72,"Claudia Cuesta González, del Colegio Internacional Meres, obtiene el primer premio de la XIX Olimpiada de Economía",https://portalinvestigacion.uniovi.es/investigadores/1931679/detalle,MARIA DEL MAR GARCIA SUAREZ,INSTITUTIONAL,"Aparece como viceconsejera de Presupuestos y Financiación Autonómica del Principado de Asturias, representando una función institucional.","la viceconsejera de Presupuestos y Financiación Autonómica del Principado de Asturias, María del Mar García Salgado",MARIA DEL MAR GARCIA SUAREZ
72,"Claudia Cuesta González, del Colegio Internacional Meres, obtiene el primer premio de la XIX Olimpiada de Economía",https://portalinvestigacion.uniovi.es/investigadores/219659/detalle,ANA SUAREZ SANCHEZ,INSTITUTIONAL,"Se menciona como vicerrectora de Internacionalización de la Universidad de Oviedo, lo que indica un rol institucional.","El acto estuvo presidido por la vicerrectora de Internacionalización de la Universidad de Oviedo, Ana Suárez",ANA SUAREZ SANCHEZ
72,"Claudia Cuesta González, del Colegio Internacional Meres, obtiene el primer premio de la XIX Olimpiada de Economía",https://portalinvestigacion.uniovi.es/investigadores/218457/detalle,ANA SUAREZ ALVAREZ,UNCLEAR,"No hay suficiente información sobre su rol en la noticia, ya que no se menciona su participación directa en el evento.",No se menciona en el texto.,ANA SUAREZ ALVAREZ
72,"Claudia Cuesta González, del Colegio Internacional Meres, obtiene el primer premio de la XIX Olimpiada de Economía",https://portalinvestigacion.uniovi.es/investigadores/217076/detalle,EDUARDO CUESTA GONZALEZ,UNCLEAR,"No se menciona en la noticia, por lo que no se puede determinar su rol.",No se menciona en el texto.,EDUARDO CUESTA GONZALEZ
72,"Claudia Cuesta González, del Colegio Internacional Meres, obtiene el primer premio de la XIX Olimpiada de Economía",https://portalinvestigacion.uniovi.es/investigadores/220164/detalle,ELENA GERVILLA GARCIA,UNCLEAR,"No se menciona en la noticia, por lo que no se puede determinar su rol.",No se menciona en el texto.,ELENA GERVILLA GARCIA
72,"Claudia Cuesta González, del Colegio Internacional Meres, obtiene el primer premio de la XIX Olimpiada de Economía",https://portalinvestigacion.uniovi.es/investigadores/1301797/detalle,JULIA GARCIA PRIETO,UNCLEAR,"No se menciona en la noticia, por lo que no se puede determinar su rol.",No se menciona en el texto.,JULIA GARCIA PRIETO
72,"Claudia Cuesta González, del Colegio Internacional Meres, obtiene el primer premio de la XIX Olimpiada de Economía",https://portalinvestigacion.uniovi.es/investigadores/218602/detalle,ANA SUAREZ VAZQUEZ,UNCLEAR,"No se menciona en la noticia, por lo que no se puede determinar su rol.",No se menciona en el texto.,ANA SUAREZ VAZQUEZ
72,"Claudia Cuesta González, del Colegio Internacional Meres, obtiene el primer premio de la XIX Olimpiada de Economía",https://portalinvestigacion.uniovi.es/investigadores/217454/detalle,MARIA JOSE GARCIA SALGADO,UNCLEAR,"No se menciona en la noticia, por lo que no se puede determinar su rol.",No se menciona en el texto.,MARIA JOSE GARCIA SALGADO
72,"Claudia Cuesta González, del Colegio Internacional Meres, obtiene el primer premio de la XIX Olimpiada de Economía",https://portalinvestigacion.uniovi.es/investigadores/217467/detalle,ELENA GARCIA VEGA,UNCLEAR,"No se menciona en la noticia, por lo que no se puede determinar su rol.",No se menciona en el texto.,ELENA GARCIA VEGA
72,"Claudia Cuesta González, del Colegio Internacional Meres, obtiene el primer premio de la XIX Olimpiada de Economía",https://portalinvestigacion.uniovi.es/investigadores/218465/detalle,ANA MARIA SUAREZ DIAZ,UNCLEAR,"No se menciona en la noticia, por lo que no se puede determinar su rol.",No se menciona en el texto.,ANA MARIA SUAREZ DIAZ
73,El uso de la inteligencia artificial generativa centra las II Jornadas de Innovación Educativa del Grupo 9 de Universidades (G-9),https://portalinvestigacion.uniovi.es/investigadores/218536/detalle,IGNACIO VILLAVERDE MENENDEZ,INSTITUTIONAL,"Ignacio Villaverde aparece como rector de la Universidad de Oviedo, participando en la apertura institucional del evento.","La delegación de la Universidad de Oviedo, como institución anfitriona, ha estado encabezada por Juan Manuel Marchante, vicerrector de Estudios y Docencia, junto con el equipo directivo del Instituto de Formación e Innovación Docente (IFID), integrado por Antonio Urbano, Álvaro Postigo y Verónica García.",IGNACIO VILLAVERDE MENENDEZ
73,El uso de la inteligencia artificial generativa centra las II Jornadas de Innovación Educativa del Grupo 9 de Universidades (G-9),https://portalinvestigacion.uniovi.es/investigadores/217928/detalle,JUAN MANUEL MARCHANTE GAYON,INSTITUTIONAL,"Juan Manuel Marchante es mencionado como vicerrector de Estudios y Docencia, participando en la clausura del evento.","Juan Manuel Marchante, vicerrector de Estudios y Docencia de la Universidad de Oviedo, ha subrayado, al término del encuentro, que las jornadas han dedicado una atención especial a dos temas de máxima actualidad.",JUAN MANUEL MARCHANTE GAYON
73,El uso de la inteligencia artificial generativa centra las II Jornadas de Innovación Educativa del Grupo 9 de Universidades (G-9),https://portalinvestigacion.uniovi.es/investigadores/218543/detalle,ANTONIO URBANO CONTRERAS,UNCLEAR,No se proporciona información suficiente sobre la actividad investigadora de Antonio Urbano en el contexto de la noticia.,"La delegación de la Universidad de Oviedo, como institución anfitriona, ha estado encabezada por Juan Manuel Marchante, vicerrector de Estudios y Docencia, junto con el equipo directivo del Instituto de Formación e Innovación Docente (IFID), integrado por Antonio Urbano, Álvaro Postigo y Verónica García.",ANTONIO URBANO CONTRERAS
73,El uso de la inteligencia artificial generativa centra las II Jornadas de Innovación Educativa del Grupo 9 de Universidades (G-9),https://portalinvestigacion.uniovi.es/investigadores/217573/detalle,VERONICA GARCIA DIAZ,UNCLEAR,No se proporciona información suficiente sobre la actividad investigadora de Verónica García en el contexto de la noticia.,"La delegación de la Universidad de Oviedo, como institución anfitriona, ha estado encabezada por Juan Manuel Marchante, vicerrector de Estudios y Docencia, junto con el equipo directivo del Instituto de Formación e Innovación Docente (IFID), integrado por Antonio Urbano, Álvaro Postigo y Verónica García.",VERONICA GARCIA DIAZ
73,El uso de la inteligencia artificial generativa centra las II Jornadas de Innovación Educativa del Grupo 9 de Universidades (G-9),https://portalinvestigacion.uniovi.es/investigadores/219256/detalle,ALVARO POSTIGO GUTIERREZ,UNCLEAR,No se proporciona información suficiente sobre la actividad investigadora de Álvaro Postigo en el contexto de la noticia.,"La delegación de la Universidad de Oviedo, como institución anfitriona, ha estado encabezada por Juan Manuel Marchante, vicerrector de Estudios y Docencia, junto con el equipo directivo del Instituto de Formación e Innovación Docente (IFID), integrado por Antonio Urbano, Álvaro Postigo y Verónica García.",ALVARO POSTIGO GUTIERREZ
74,La Universidad de Oviedo y el Ayuntamiento de Avilés celebran el 20 aniversario del Centro de Servicios,https://portalinvestigacion.uniovi.es/investigadores/218536/detalle,IGNACIO VILLAVERDE MENENDEZ,INSTITUTIONAL,Ignacio Villaverde aparece como rector y su intervención se centra en la relación institucional y cultural entre la universidad y la ciudad.,"El rector ha explicado durante su intervención que 'no se celebran solo 20 años de un edificio universitario, celebramos 20 años de una relación institucional, cultural y ciudadana'.",IGNACIO VILLAVERDE MENENDEZ
74,La Universidad de Oviedo y el Ayuntamiento de Avilés celebran el 20 aniversario del Centro de Servicios,https://portalinvestigacion.uniovi.es/investigadores/217800/detalle,MARIA DOLORES PALACIOS GONZALEZ,UNCLEAR,No se proporciona información suficiente sobre su rol en la investigación o en la institución en el contexto de la noticia.,Palacio ha explicado que fue un momento delicado en el que hubo que ir decidiendo qué actividades se retomaban y en qué condiciones.,YOLANDA LOZANO GOMEZ
74,La Universidad de Oviedo y el Ayuntamiento de Avilés celebran el 20 aniversario del Centro de Servicios,https://portalinvestigacion.uniovi.es/investigadores/217454/detalle,MARIA JOSE GARCIA SALGADO,UNCLEAR,Su mención no incluye detalles sobre actividades de investigación o contribuciones académicas específicas.,"García Salgado, ha hecho hincapié en el incremento progresivo de la programación.",MARIA JOSE GARCIA SALGADO
74,La Universidad de Oviedo y el Ayuntamiento de Avilés celebran el 20 aniversario del Centro de Servicios,https://portalinvestigacion.uniovi.es/investigadores/218363/detalle,FERMIN RODRIGUEZ GUTIERREZ,UNCLEAR,"No se menciona actividad investigadora específica, solo su papel en la gestión del centro.",Rodríguez ha apuntado que su objetivo fue convertir el centro en un 'área de servicios'.,FERMIN RODRIGUEZ GUTIERREZ
74,La Universidad de Oviedo y el Ayuntamiento de Avilés celebran el 20 aniversario del Centro de Servicios,https://portalinvestigacion.uniovi.es/investigadores/216765/detalle,MARIA ROSARIO ALONSO IBAÑEZ,UNCLEAR,No se proporciona información suficiente sobre su rol en la investigación o en la institución en el contexto de la noticia.,Alonso ha recordado los fuertes vínculos que tejió el equipo humano que puso en marcha el centro.,MARIA ROSARIO ALONSO IBAÑEZ
74,La Universidad de Oviedo y el Ayuntamiento de Avilés celebran el 20 aniversario del Centro de Servicios,https://portalinvestigacion.uniovi.es/investigadores/217419/detalle,SANTIAGO GARCIA GRANDA,INSTITUTIONAL,"Santiago García Granda es mencionado como exrector, lo que indica su rol institucional.","Entre el público se encontraban dos exrectores: Juan Vázquez, quien puso en marcha el CSU en el año 2006, y Santiago García Granda.",SANTIAGO GARCIA GRANDA
74,La Universidad de Oviedo y el Ayuntamiento de Avilés celebran el 20 aniversario del Centro de Servicios,https://portalinvestigacion.uniovi.es/investigadores/2497783/detalle,JUAN ANTONIO DE ABOL BRASON VAZQUEZ DE PRADA,UNCLEAR,No se menciona su rol o contribuciones en la noticia.,No se proporciona información sobre su participación en el evento.,JUAN ANTONIO DE ABOL BRASON VAZQUEZ DE PRADA
74,La Universidad de Oviedo y el Ayuntamiento de Avilés celebran el 20 aniversario del Centro de Servicios,https://portalinvestigacion.uniovi.es/investigadores/217123/detalle,ELENA DIAZ RODRIGUEZ,UNCLEAR,No se menciona su rol o contribuciones en la noticia.,No se proporciona información sobre su participación en el evento.,ELENA DIAZ RODRIGUEZ
74,La Universidad de Oviedo y el Ayuntamiento de Avilés celebran el 20 aniversario del Centro de Servicios,https://portalinvestigacion.uniovi.es/investigadores/217888/detalle,RODOLFO GUTIERREZ PALACIOS,INSTITUTIONAL,"Rodolfo Gutiérrez es mencionado como exdirector general de Universidades, lo que indica su rol institucional.","Entre el público se encontraban... Santiago García Granda, el exdirector general de Universidades, Rodolfo Gutiérrez.",RODOLFO GUTIERREZ PALACIOS
74,La Universidad de Oviedo y el Ayuntamiento de Avilés celebran el 20 aniversario del Centro de Servicios,https://portalinvestigacion.uniovi.es/investigadores/218790/detalle,JOSE GARCIA GARCIA,UNCLEAR,No se menciona su rol o contribuciones en la noticia.,No se proporciona información sobre su participación en el evento.,JOSE GARCIA GARCIA
74,La Universidad de Oviedo y el Ayuntamiento de Avilés celebran el 20 aniversario del Centro de Servicios,https://portalinvestigacion.uniovi.es/investigadores/217502/detalle,LUZ MAR GONZALEZ ARIAS,MIXED,"Luz Mar González Arias es mencionada como moderadora de la mesa redonda, lo que implica un rol institucional, pero también se relaciona con la programación del CSU.","La mesa redonda titulada Veinte años en La Ferrería: cuando la Universidad encontró su sitio en Avilés, moderada por la actual directora, Luz Mar González Arias.",LUZ MAR GONZALEZ ARIAS
74,La Universidad de Oviedo y el Ayuntamiento de Avilés celebran el 20 aniversario del Centro de Servicios,https://portalinvestigacion.uniovi.es/investigadores/217437/detalle,PAULINO JOSE GARCIA NIETO,UNCLEAR,No se menciona su rol o contribuciones en la noticia.,No se proporciona información sobre su participación en el evento.,PAULINO JOSE GARCIA NIETO
74,La Universidad de Oviedo y el Ayuntamiento de Avilés celebran el 20 aniversario del Centro de Servicios,https://portalinvestigacion.uniovi.es/investigadores/217546/detalle,JOSE IGNACIO GARCIA ALONSO,UNCLEAR,No se menciona su rol o contribuciones en la noticia.,No se proporciona información sobre su participación en el evento.,JOSE IGNACIO GARCIA ALONSO
74,La Universidad de Oviedo y el Ayuntamiento de Avilés celebran el 20 aniversario del Centro de Servicios,https://portalinvestigacion.uniovi.es/investigadores/217580/detalle,JOSE GARCIA FANJUL,UNCLEAR,No se menciona su rol o contribuciones en la noticia.,No se proporciona información sobre su participación en el evento.,JOSE GARCIA FERNANDEZ
74,La Universidad de Oviedo y el Ayuntamiento de Avilés celebran el 20 aniversario del Centro de Servicios,https://portalinvestigacion.uniovi.es/investigadores/218461/detalle,MARIA JOSE SUAREZ-CABAL,UNCLEAR,No se menciona su rol o contribuciones en la noticia.,No se proporciona información sobre su participación en el evento.,MARIA JOSE SUAREZ-CABAL
74,La Universidad de Oviedo y el Ayuntamiento de Avilés celebran el 20 aniversario del Centro de Servicios,https://portalinvestigacion.uniovi.es/investigadores/217949/detalle,RUBEN MARTIN PAYO,UNCLEAR,No se menciona su rol o contribuciones en la noticia.,No se proporciona información sobre su participación en el evento.,RUBEN MARTIN PAYO
74,La Universidad de Oviedo y el Ayuntamiento de Avilés celebran el 20 aniversario del Centro de Servicios,https://portalinvestigacion.uniovi.es/investigadores/217342/detalle,MARIA DEL MAR GONZALEZ CHACON,UNCLEAR,No se menciona su rol o contribuciones en la noticia.,No se proporciona información sobre su participación en el evento.,MARIA DEL MAR GONZALEZ CHACON
74,La Universidad de Oviedo y el Ayuntamiento de Avilés celebran el 20 aniversario del Centro de Servicios,https://portalinvestigacion.uniovi.es/investigadores/217416/detalle,JUAN JOSE GARCIA GONZALEZ,UNCLEAR,No se menciona su rol o contribuciones en la noticia.,No se proporciona información sobre su participación en el evento.,JUAN JOSE GARCIA GONZALEZ
74,La Universidad de Oviedo y el Ayuntamiento de Avilés celebran el 20 aniversario del Centro de Servicios,https://portalinvestigacion.uniovi.es/investigadores/217454/detalle,MARIA JOSE GARCIA SALGADO,UNCLEAR,No se menciona su rol o contribuciones en la noticia.,No se proporciona información sobre su participación en el evento.,MARIA JOSE GARCIA SALGADO
75,La Universidad de Oviedo y HUNOSA refuerzan su colaboración para impulsar la investigación y la formación en procesamiento de minerales,https://portalinvestigacion.uniovi.es/investigadores/218536/detalle,Ignacio Villaverde,MIXED,"Ignacio Villaverde actúa como rector, representando a la institución, pero también menciona la importancia de la investigación y la colaboración con HUNOSA, lo que indica su implicación en actividades investigadoras.","""La cooperación entre la Universidad de Oviedo y HUNOSA supone un ejemplo de la conexión con el sector productivo para fortalecer la investigación, la innovación y la formación especializada.""",IGNACIO VILLAVERDE MENENDEZ
76,La Universidad de Oviedo y Universal Plastic firman un convenio para impulsar la innovación tecnológica aplicada a los océanos,https://portalinvestigacion.uniovi.es/investigadores/217449/detalle,JORGE GARCIA RODRIGUEZ,INSTITUTIONAL,"El director de área de Transferencia y Empresas Basadas en el Conocimiento, Jorge García, aparece en la noticia como representante institucional en el acto de firma del convenio.","En el acto ha estado presente también el director de área de Transferencia y Empresas Basadas en el Conocimiento, Jorge García.",JORGE GARCIA RODRIGUEZ
76,La Universidad de Oviedo y Universal Plastic firman un convenio para impulsar la innovación tecnológica aplicada a los océanos,https://portalinvestigacion.uniovi.es/investigadores/218536/detalle,IGNACIO VILLAVERDE MENENDEZ,MIXED,"Ignacio Villaverde actúa como rector, representando a la institución, pero también menciona el compromiso de la universidad con la investigación y la transferencia de conocimiento.","El rector ha destacado que este convenio 'refuerza el compromiso de la Universidad de Oviedo con la transferencia de conocimiento, la innovación y la colaboración con empresas'.",IGNACIO VILLAVERDE MENENDEZ
76,La Universidad de Oviedo y Universal Plastic firman un convenio para impulsar la innovación tecnológica aplicada a los océanos,https://portalinvestigacion.uniovi.es/investigadores/219148/detalle,JORGE GARCIA GARCIA,UNCLEAR,No se proporciona información suficiente sobre la participación o rol específico de Jorge García García en la noticia.,No se menciona su actividad investigadora ni su rol institucional de manera clara.,JORGE GARCIA GARCIA
76,La Universidad de Oviedo y Universal Plastic firman un convenio para impulsar la innovación tecnológica aplicada a los océanos,https://portalinvestigacion.uniovi.es/investigadores/1205486/detalle,JORGE GARCIA PIQUERAS,UNCLEAR,"No se menciona a Jorge García Piqueras en la noticia, por lo que no hay evidencia de su rol.",No aparece en el texto.,JORGE GARCIA PIQUERAS
77,La banda metal Midriasis se impone en la final del VII Certamen Musical de la Universidad de Oviedo,https://portalinvestigacion.uniovi.es/investigadores/217753/detalle,LAUDINO LOPEZ ALVAREZ,UNCLEAR,No se menciona ninguna actividad investigadora ni institucional relacionada con Laudino López Álvarez en la noticia.,,LAUDINO LOPEZ ALVAREZ
77,La banda metal Midriasis se impone en la final del VII Certamen Musical de la Universidad de Oviedo,https://portalinvestigacion.uniovi.es/investigadores/218786/detalle,MARIA GARCIA FERNANDEZ,UNCLEAR,No se menciona ninguna actividad investigadora ni institucional relacionada con María García Fernández en la noticia.,,MARIA GARCIA FERNANDEZ
77,La banda metal Midriasis se impone en la final del VII Certamen Musical de la Universidad de Oviedo,https://portalinvestigacion.uniovi.es/investigadores/217409/detalle,MARIA SERAFINA GARCIA GARCIA,UNCLEAR,No se menciona ninguna actividad investigadora ni institucional relacionada con María Serafina García García en la noticia.,,MARIA SERAFINA GARCIA GARCIA
77,La banda metal Midriasis se impone en la final del VII Certamen Musical de la Universidad de Oviedo,https://portalinvestigacion.uniovi.es/investigadores/1095900/detalle,MARIA ISABEL GARCIA PEREZ,UNCLEAR,No se menciona ninguna actividad investigadora ni institucional relacionada con María Isabel García Pérez en la noticia.,,MARIA ISABEL GARCIA PEREZ
77,La banda metal Midriasis se impone en la final del VII Certamen Musical de la Universidad de Oviedo,https://portalinvestigacion.uniovi.es/investigadores/217547/detalle,MARIA LORENA GARCIA ALONSO,UNCLEAR,No se menciona ninguna actividad investigadora ni institucional relacionada con María Lorena García Alonso en la noticia.,,MARIA LORENA GARCIA ALONSO
77,La banda metal Midriasis se impone en la final del VII Certamen Musical de la Universidad de Oviedo,https://portalinvestigacion.uniovi.es/investigadores/217444/detalle,MARIA ANTONIA GARCIA PRIETO,UNCLEAR,No se menciona ninguna actividad investigadora ni institucional relacionada con María Antonia García Prieto en la noticia.,,MARIA ANTONIA GARCIA PRIETO
77,La banda metal Midriasis se impone en la final del VII Certamen Musical de la Universidad de Oviedo,https://portalinvestigacion.uniovi.es/investigadores/218679/detalle,ALVARO RUBIO ORDOÑEZ,UNCLEAR,No se menciona ninguna actividad investigadora ni institucional relacionada con Álvaro Rubio Ordoñez en la noticia.,,ALVARO RUBIO ORDOÑEZ
77,La banda metal Midriasis se impone en la final del VII Certamen Musical de la Universidad de Oviedo,https://portalinvestigacion.uniovi.es/investigadores/217464/detalle,MARIA DE LOS ANGELES GARCIA VALIÑAS,UNCLEAR,No se menciona ninguna actividad investigadora ni institucional relacionada con María de los Ángeles García Valiñas en la noticia.,,MARIA DE LOS ANGELES GARCIA VALIÑAS
77,La banda metal Midriasis se impone en la final del VII Certamen Musical de la Universidad de Oviedo,https://portalinvestigacion.uniovi.es/investigadores/1931679/detalle,MARIA DEL MAR GARCIA SUAREZ,UNCLEAR,No se menciona ninguna actividad investigadora ni institucional relacionada con María del Mar García Suárez en la noticia.,,MARIA DEL MAR GARCIA SUAREZ
77,La banda metal Midriasis se impone en la final del VII Certamen Musical de la Universidad de Oviedo,https://portalinvestigacion.uniovi.es/investigadores/217454/detalle,MARIA JOSE GARCIA SALGADO,UNCLEAR,No se menciona ninguna actividad investigadora ni institucional relacionada con María José García Salgado en la noticia.,,MARIA JOSE GARCIA SALGADO
77,La banda metal Midriasis se impone en la final del VII Certamen Musical de la Universidad de Oviedo,https://portalinvestigacion.uniovi.es/investigadores/217576/detalle,MARIA ISABEL GARCIA ESPEJO,UNCLEAR,No se menciona ninguna actividad investigadora ni institucional relacionada con María Isabel García Espejo en la noticia.,,MARIA ISABEL GARCIA ESPEJO
77,La banda metal Midriasis se impone en la final del VII Certamen Musical de la Universidad de Oviedo,https://portalinvestigacion.uniovi.es/investigadores/217407/detalle,MARIA ANGELES GARCIA GARCIA,UNCLEAR,No se menciona ninguna actividad investigadora ni institucional relacionada con María Ángeles García García en la noticia.,,MARIA ANGELES GARCIA GARCIA
78,Un artículo sobre el uso del término bullying en castellano y un poema de Ángel González abren los exámenes de la PAU en Asturias,https://portalinvestigacion.uniovi.es/investigadores/217775/detalle,ALFONSO JOAQUIN LOPEZ MUÑIZ,INSTITUTIONAL,"Alfonso López Muñiz aparece como vicerrector de Estudiantes y Empleabilidad, representando a la institución y no se menciona su actividad investigadora.","Alfonso López Muñiz, vicerrector de Estudiantes y Empleabilidad, ha agradecido el apoyo de todas las personas implicadas en la organización.",ALFONSO JOAQUIN LOPEZ MUÑIZ
79,Una investigación de la Universidad de Oviedo analiza el potencial de la música para reducir el estrés en pacientes críticos,https://portalinvestigacion.uniovi.es/investigadores/217019/detalle,Carmen Fernández Álvarez,RESEARCH,La noticia menciona que su trabajo forma parte de una tesis doctoral y se centra en la investigación sobre el uso de la música para reducir el estrés en pacientes críticos.,el trabajo señala la necesidad de estudios más amplios y con metodologías homogéneas para confirmar su eficacia,MARIA DEL MAR FERNANDEZ ALVAREZ
79,Una investigación de la Universidad de Oviedo analiza el potencial de la música para reducir el estrés en pacientes críticos,https://portalinvestigacion.uniovi.es/investigadores/217867/detalle,María del Pilar Mosteiro Díaz,RESEARCH,Se menciona como parte del equipo de investigación que realizó el estudio sobre el efecto de la música en pacientes críticos.,"El estudio, publicado recientemente en la revista Nursing in Critical Care, ha sido realizado por investigadoras del área de Enfermería",MARIA DEL PILAR MOSTEIRO DIAZ
79,Una investigación de la Universidad de Oviedo analiza el potencial de la música para reducir el estrés en pacientes críticos,https://portalinvestigacion.uniovi.es/investigadores/217017/detalle,Alba Maestro González,RESEARCH,"Se le cita como profesora del área de Enfermería y se refiere a su comentario sobre la investigación, lo que indica su participación activa en el estudio.","“Nuestro trabajo evidencia que existe interés y potencial en esta línea de investigación, pero también la necesidad de diseñar estudios más sólidos que permitan avanzar hacia recomendaciones clínicas fundamentadas”",JOSE PAULINO FERNANDEZ ALVAREZ
80,"Javier Fernández Teruelo, reelegido presidente de la Conferencia de Decanas y Decanos de Facultades de Derecho de España",https://portalinvestigacion.uniovi.es/investigadores/217049/detalle,Javier Fernández Teruelo,INSTITUTIONAL,"El texto se centra en su rol como decano y presidente de la Conferencia de Decanas y Decanos de Facultades de Derecho de España, sin mencionar actividades de investigación.","El decano de la Facultad de Derecho de la Universidad de Oviedo, Javier Fernández Teruelo, ha sido hoy de nuevo reelegido presidente de la Conferencia de Decanas y Decanos de Facultades de Derecho de España.",FRANCISCO JAVIER FERNANDEZ GARCIA
81,Crue - Secretarías Generales aborda los principales retos normativos en la Universidad de La Laguna,https://portalinvestigacion.uniovi.es/investigadores/218536/detalle,IGNACIO VILLAVERDE MENENDEZ,INSTITUTIONAL,"Villaverde Menéndez aparece como rector y presidente de Crue-Secretarías Generales, destacando su papel institucional.","El presidente y rector de la Universidad de Oviedo, Ignacio Villaverde, ha subrayado el papel 'esencial' de las secretarías generales como garantes de que las instituciones funcionen de manera adecuada.",IGNACIO VILLAVERDE MENENDEZ
81,Crue - Secretarías Generales aborda los principales retos normativos en la Universidad de La Laguna,https://portalinvestigacion.uniovi.es/investigadores/217780/detalle,ANTONIO MIGUEL LOPEZ RODRIGUEZ,UNCLEAR,No se menciona su actividad investigadora ni su rol institucional en la noticia.,No hay evidencia suficiente sobre su rol.,ANTONIO MIGUEL LOPEZ RODRIGUEZ
81,Crue - Secretarías Generales aborda los principales retos normativos en la Universidad de La Laguna,https://portalinvestigacion.uniovi.es/investigadores/217756/detalle,MARIA CONCEPCION LOPEZ DIAZ,UNCLEAR,No se menciona su actividad investigadora ni su rol institucional en la noticia.,No hay evidencia suficiente sobre su rol.,JOSE ANTONIO LOPEZ CEREZO
81,Crue - Secretarías Generales aborda los principales retos normativos en la Universidad de La Laguna,https://portalinvestigacion.uniovi.es/investigadores/219511/detalle,NICOLAS RODRIGUEZ GARCIA,UNCLEAR,No se menciona su actividad investigadora ni su rol institucional en la noticia.,No hay evidencia suficiente sobre su rol.,NICOLAS RODRIGUEZ GARCIA
81,Crue - Secretarías Generales aborda los principales retos normativos en la Universidad de La Laguna,https://portalinvestigacion.uniovi.es/investigadores/217405/detalle,DANIEL GARCIA GARCIA,UNCLEAR,No se menciona su actividad investigadora ni su rol institucional en la noticia.,No hay evidencia suficiente sobre su rol.,DANIEL GARCIA GARCIA
81,Crue - Secretarías Generales aborda los principales retos normativos en la Universidad de La Laguna,https://portalinvestigacion.uniovi.es/investigadores/217429/detalle,JAVIER GARCIA LUENGO,UNCLEAR,No se menciona su actividad investigadora ni su rol institucional en la noticia.,No hay evidencia suficiente sobre su rol.,JAVIER GARCIA MARTINEZ
81,Crue - Secretarías Generales aborda los principales retos normativos en la Universidad de La Laguna,https://portalinvestigacion.uniovi.es/investigadores/217451/detalle,MIGUEL GARCIA RODRIGUEZ,UNCLEAR,No se menciona su actividad investigadora ni su rol institucional en la noticia.,No hay evidencia suficiente sobre su rol.,MIGUEL GARCIA RODRIGUEZ
81,Crue - Secretarías Generales aborda los principales retos normativos en la Universidad de La Laguna,https://portalinvestigacion.uniovi.es/investigadores/217644/detalle,FRANCISCO JAVIER IGLESIAS RODRIGUEZ,UNCLEAR,No se menciona su actividad investigadora ni su rol institucional en la noticia.,No hay evidencia suficiente sobre su rol.,FRANCISCO JAVIER IGLESIAS RODRIGUEZ
81,Crue - Secretarías Generales aborda los principales retos normativos en la Universidad de La Laguna,https://portalinvestigacion.uniovi.es/investigadores/217409/detalle,MARIA SERAFINA GARCIA GARCIA,UNCLEAR,No se menciona su actividad investigadora ni su rol institucional en la noticia.,No hay evidencia suficiente sobre su rol.,MARIA SERAFINA GARCIA GARCIA
81,Crue - Secretarías Generales aborda los principales retos normativos en la Universidad de La Laguna,https://portalinvestigacion.uniovi.es/investigadores/217459/detalle,MARCO ANTONIO GARCIA TAMARGO,UNCLEAR,No se menciona su actividad investigadora ni su rol institucional en la noticia.,No hay evidencia suficiente sobre su rol.,MARCO ANTONIO GARCIA TAMARGO
81,Crue - Secretarías Generales aborda los principales retos normativos en la Universidad de La Laguna,https://portalinvestigacion.uniovi.es/investigadores/217404/detalle,BEATRIZ GARCIA GARCIA,UNCLEAR,No se menciona su actividad investigadora ni su rol institucional en la noticia.,No hay evidencia suficiente sobre su rol.,BEATRIZ GARCIA GARCIA
81,Crue - Secretarías Generales aborda los principales retos normativos en la Universidad de La Laguna,https://portalinvestigacion.uniovi.es/investigadores/217644/detalle,FRANCISCO JAVIER IGLESIAS RODRIGUEZ,UNCLEAR,No se menciona su actividad investigadora ni su rol institucional en la noticia.,No hay evidencia suficiente sobre su rol.,FRANCISCO JAVIER IGLESIAS RODRIGUEZ
81,Crue - Secretarías Generales aborda los principales retos normativos en la Universidad de La Laguna,https://portalinvestigacion.uniovi.es/investigadores/217405/detalle,DANIEL GARCIA GARCIA,UNCLEAR,No se menciona su actividad investigadora ni su rol institucional en la noticia.,No hay evidencia suficiente sobre su rol.,DANIEL GARCIA GARCIA
81,Crue - Secretarías Generales aborda los principales retos normativos en la Universidad de La Laguna,https://portalinvestigacion.uniovi.es/investigadores/217429/detalle,JAVIER GARCIA LUENGO,UNCLEAR,No se menciona su actividad investigadora ni su rol institucional en la noticia.,No hay evidencia suficiente sobre su rol.,JAVIER GARCIA MARTINEZ
81,Crue - Secretarías Generales aborda los principales retos normativos en la Universidad de La Laguna,https://portalinvestigacion.uniovi.es/investigadores/217451/detalle,MIGUEL GARCIA RODRIGUEZ,UNCLEAR,No se menciona su actividad investigadora ni su rol institucional en la noticia.,No hay evidencia suficiente sobre su rol.,MIGUEL GARCIA RODRIGUEZ
81,Crue - Secretarías Generales aborda los principales retos normativos en la Universidad de La Laguna,https://portalinvestigacion.uniovi.es/investigadores/217644/detalle,FRANCISCO JAVIER IGLESIAS RODRIGUEZ,UNCLEAR,No se menciona su actividad investigadora ni su rol institucional en la noticia.,No hay evidencia suficiente sobre su rol.,FRANCISCO JAVIER IGLESIAS RODRIGUEZ
81,Crue - Secretarías Generales aborda los principales retos normativos en la Universidad de La Laguna,https://portalinvestigacion.uniovi.es/investigadores/217409/detalle,MARIA SERAFINA GARCIA GARCIA,UNCLEAR,No se menciona su actividad investigadora ni su rol institucional en la noticia.,No hay evidencia suficiente sobre su rol.,MARIA SERAFINA GARCIA GARCIA
81,Crue - Secretarías Generales aborda los principales retos normativos en la Universidad de La Laguna,https://portalinvestigacion.uniovi.es/investigadores/217459/detalle,MARCO ANTONIO GARCIA TAMARGO,UNCLEAR,No se menciona su actividad investigadora ni su rol institucional en la noticia.,No hay evidencia suficiente sobre su rol.,MARCO ANTONIO GARCIA TAMARGO
81,Crue - Secretarías Generales aborda los principales retos normativos en la Universidad de La Laguna,https://portalinvestigacion.uniovi.es/investigadores/217404/detalle,BEATRIZ GARCIA GARCIA,UNCLEAR,No se menciona su actividad investigadora ni su rol institucional en la noticia.,No hay evidencia suficiente sobre su rol.,BEATRIZ GARCIA GARCIA
82,Un total de 5.157 estudiantes se examinan de la PAU en Asturias la próxima semana,https://portalinvestigacion.uniovi.es/investigadores/217775/detalle,Alfonso López Muñiz,MIXED,"El vicerrector menciona aspectos de la PAU y también se refiere a la competencialidad y a la implementación de sistemas de detección, lo que implica una función institucional y un enfoque en la mejora de procesos educativos.","Alfonso López Muñiz, vicerrector de Estudiantes y Empleabilidad, ha manifestado hoy durante la presentación de la PAU...",ALFONSO JOAQUIN LOPEZ MUÑIZ
84,La Universidad de Oviedo lidera un proyecto nacional para evaluar el impacto de contaminantes emergentes en los ecosistemas marinos,https://portalinvestigacion.uniovi.es/investigadores/217465/detalle,EVA GARCIA VAZQUEZ,UNCLEAR,No se menciona su actividad investigadora específica en la noticia.,,EVA GARCIA VAZQUEZ
84,La Universidad de Oviedo lidera un proyecto nacional para evaluar el impacto de contaminantes emergentes en los ecosistemas marinos,https://portalinvestigacion.uniovi.es/investigadores/216842/detalle,YAISEL JUAN BORRELL PICHS,RESEARCH,Se menciona su liderazgo en el proyecto BIOACUMAR y su explicación sobre el enfoque One Health.,"""Los genetistas Yaisel J. Borrell y Laura Miralles, que lideran el proyecto BIOACUMAR...""",YAISEL JUAN BORRELL PICHS
84,La Universidad de Oviedo lidera un proyecto nacional para evaluar el impacto de contaminantes emergentes en los ecosistemas marinos,https://portalinvestigacion.uniovi.es/investigadores/2370664/detalle,SARA FERNANDEZ GARCIA,UNCLEAR,No se menciona su actividad investigadora específica en la noticia.,,SARA FERNANDEZ GARCIA
84,La Universidad de Oviedo lidera un proyecto nacional para evaluar el impacto de contaminantes emergentes en los ecosistemas marinos,https://portalinvestigacion.uniovi.es/investigadores/218448/detalle,JAIME SOLIS MARTINEZ,UNCLEAR,No se menciona su actividad investigadora específica en la noticia.,,JAIME SOLIS MARTINEZ
84,La Universidad de Oviedo lidera un proyecto nacional para evaluar el impacto de contaminantes emergentes en los ecosistemas marinos,https://portalinvestigacion.uniovi.es/investigadores/218727/detalle,LAURA MARTINEZ CAÑAMERO,UNCLEAR,No se menciona su actividad investigadora específica en la noticia.,,LAURA MARTINEZ CAÑAMERO
84,La Universidad de Oviedo lidera un proyecto nacional para evaluar el impacto de contaminantes emergentes en los ecosistemas marinos,https://portalinvestigacion.uniovi.es/investigadores/218138/detalle,MARIA TRINIDAD PEREZ MENDEZ,UNCLEAR,No se menciona su actividad investigadora específica en la noticia.,,MARIA TRINIDAD PEREZ MENDEZ
84,La Universidad de Oviedo lidera un proyecto nacional para evaluar el impacto de contaminantes emergentes en los ecosistemas marinos,https://portalinvestigacion.uniovi.es/investigadores/219703/detalle,LAURA MIRALLES LOPEZ,RESEARCH,Se menciona su liderazgo en el proyecto BIOACUMAR y su explicación sobre el enfoque One Health.,"""Los genetistas Yaisel J. Borrell y Laura Miralles, que lideran el proyecto BIOACUMAR...""",LAURA MIRALLES LOPEZ
84,La Universidad de Oviedo lidera un proyecto nacional para evaluar el impacto de contaminantes emergentes en los ecosistemas marinos,https://portalinvestigacion.uniovi.es/investigadores/218867/detalle,SARA FERNANDEZ FERNANDEZ,UNCLEAR,No se menciona su actividad investigadora específica en la noticia.,,SARA FERNANDEZ FERNANDEZ
84,La Universidad de Oviedo lidera un proyecto nacional para evaluar el impacto de contaminantes emergentes en los ecosistemas marinos,https://portalinvestigacion.uniovi.es/investigadores/219968/detalle,LAURA MARTINEZ ARIAS,UNCLEAR,No se menciona su actividad investigadora específica en la noticia.,,LAURA MARTINEZ ARIAS
85,La Universidad de Oviedo lanza una campaña divulgativa en vídeo sobre el eclipse total de Sol con investigadores del ICTEA,https://portalinvestigacion.uniovi.es/investigadores/2355302/detalle,Noemí Pinilla-Alonso,MIXED,Noemí Pinilla-Alonso es mencionada como investigadora y también como parte de la divulgación científica organizada por la universidad.,“La ciencia tiene también la responsabilidad de despertar curiosidad y ayudar a comprender fenómenos extraordinarios como este eclipse.”,NOEMI PINILLA ALONSO
85,La Universidad de Oviedo lanza una campaña divulgativa en vídeo sobre el eclipse total de Sol con investigadores del ICTEA,https://portalinvestigacion.uniovi.es/investigadores/217133/detalle,Enrique Díez Alonso,UNCLEAR,"No se proporciona información suficiente sobre su rol específico en la noticia, solo se menciona su participación en la campaña.","Participan en la iniciativa Juan Antonio de Abol-Brasón Vázquez de Prada, Enrique Díez Alonso, Santiago Iglesias Álvarez, Daniel Lanchares Álvarez y Noemí Pinilla-Alonso.",ENRIQUE DIEZ ALONSO
85,La Universidad de Oviedo lanza una campaña divulgativa en vídeo sobre el eclipse total de Sol con investigadores del ICTEA,https://portalinvestigacion.uniovi.es/investigadores/216849/detalle,Daniel Alvarez Mantaras,UNCLEAR,"No se menciona su rol específico en la noticia, solo se indica su participación en la campaña.","Participan en la iniciativa Juan Antonio de Abol-Brasón Vázquez de Prada, Enrique Díez Alonso, Santiago Iglesias Álvarez, Daniel Lanchares Álvarez y Noemí Pinilla-Alonso.",DANIEL ALVAREZ MANTARAS
85,La Universidad de Oviedo lanza una campaña divulgativa en vídeo sobre el eclipse total de Sol con investigadores del ICTEA,https://portalinvestigacion.uniovi.es/investigadores/217196/detalle,Francisco Javier de Cos Juez,UNCLEAR,"No se proporciona información suficiente sobre su rol específico en la noticia, solo se menciona su participación en la campaña.","Participan en la iniciativa Juan Antonio de Abol-Brasón Vázquez de Prada, Enrique Díez Alonso, Santiago Iglesias Álvarez, Daniel Lanchares Álvarez y Noemí Pinilla-Alonso.",FRANCISCO JAVIER DE COS JUEZ
86,La Universidad de Oviedo y Gonvarri Metal Structures R&D crean una cátedra conjunta para impulsar la innovación y la transformación industrial en Asturias,https://portalinvestigacion.uniovi.es/investigadores/219653/detalle,Rubén Usamentiaga Fernández,MIXED,"Rubén Usamentiaga es mencionado como director de la cátedra, lo que implica un rol institucional, pero también se habla de su participación en actividades de investigación y formación, lo que añade un componente de investigación.","el director de la cátedra, Rubén Usamentiaga Fernández, catedrático del Departamento de Informática de la institución académica asturiana... los primeros pasos de la colaboración se centrarán en la puesta en marcha de actividades de investigación y formación vinculadas a tecnologías aplicadas al ámbito industrial.",RUBEN USAMENTIAGA FERNANDEZ
86,La Universidad de Oviedo y Gonvarri Metal Structures R&D crean una cátedra conjunta para impulsar la innovación y la transformación industrial en Asturias,https://portalinvestigacion.uniovi.es/investigadores/218536/detalle,Ignacio Villaverde Menéndez,INSTITUTIONAL,"Ignacio Villaverde es mencionado como rector y su participación se centra en la representación institucional y en la celebración de la cátedra, sin evidencias de actividad investigadora.","El rector, Ignacio Villaverde, ha celebrado que la nueva cátedra 'contribuye a reforzar el compromiso de la Universidad de Oviedo con el tejido industrial...'",IGNACIO VILLAVERDE MENENDEZ
86,La Universidad de Oviedo y Gonvarri Metal Structures R&D crean una cátedra conjunta para impulsar la innovación y la transformación industrial en Asturias,UNCLEAR,René Porrúa,UNCLEAR,"René Porrúa es mencionado como director general de Gonvarri Metal Structures, pero no se proporciona información suficiente sobre su rol en investigación o actividad académica.","El director general de Gonvarri Metal Structures, René Porrúa, ha destacado que 'esta cátedra supone un paso más en nuestra apuesta por acercar la investigación al entorno industrial...'",
86,La Universidad de Oviedo y Gonvarri Metal Structures R&D crean una cátedra conjunta para impulsar la innovación y la transformación industrial en Asturias,UNCLEAR,Gonvarri Metal Structures,UNCLEAR,"Gonvarri Metal Structures es una entidad y no un investigador individual, por lo que no se puede clasificar en los roles definidos.",La Universidad de Oviedo y Gonvarri MS R&D han suscrito hoy el convenio para la creación de la Cátedra Gonvarri.,
87,"La Universidad de Oviedo inviste como doctora ‘Honoris Causa’ a la científica francesa Emmanuelle Charpentier, Premio Nobel de Química en 2020",https://portalinvestigacion.uniovi.es/investigadores/217882/detalle,Ana Gutiérrez,MIXED,"Ana Gutiérrez es mencionada tanto en su rol como investigadora, al hablar de las investigaciones de Charpentier, como en su función institucional al elevar la solicitud para otorgar el título.","La profesora y directora del IUOPA, Ana Gutiérrez, ha sido la encargada de elevar la solicitud al claustro de doctores y doctoras de la institución académica asturiana para otorgar el supremo grado de doctora honoris causa a la actual directora de la Unidad de Ciencia de Patógenos del prestigioso Max Planck Institute de Berlín, considerada una de las científicas más influyentes de la actualidad.",ANA YOLANDA GUTIERREZ FERNANDEZ
87,"La Universidad de Oviedo inviste como doctora ‘Honoris Causa’ a la científica francesa Emmanuelle Charpentier, Premio Nobel de Química en 2020",https://portalinvestigacion.uniovi.es/investigadores/218536/detalle,Ignacio Villaverde,INSTITUTIONAL,"Ignacio Villaverde aparece en la noticia principalmente en su rol como rector, presidiendo la ceremonia y haciendo un discurso institucional.","La ceremonia ha contado con la presencia de la directora general de Universidad del Gobierno del Principado de Asturias, Cristina González Morán; los rectores Juan Sebastián López Arranz, Juan Vázquez, Vicente Gotor y Santiago García Granda; buena parte del equipo rectoral de la Universidad de Oviedo.",IGNACIO VILLAVERDE MENENDEZ
88,La Universidad de León acoge la cumbre nacional de decanos y decanas de facultades de Derecho para abordar la IA y el futuro de la docencia jurídica,https://portalinvestigacion.uniovi.es/investigadores/219035/detalle,JAVIER FERNANDEZ TERUELO,INSTITUTIONAL,"Javier Fernández Teruelo es mencionado como decano de la Facultad de Derecho de la Universidad de Oviedo, actuando en un rol institucional durante la conferencia.","La conferencia está presidida por Javier Fernández Teruelo, decano de la Facultad de Derecho de la Universidad de Oviedo.",JAVIER FERNANDEZ REYNES
88,La Universidad de León acoge la cumbre nacional de decanos y decanas de facultades de Derecho para abordar la IA y el futuro de la docencia jurídica,https://portalinvestigacion.uniovi.es/investigadores/217503/detalle,FRANCISCO JAVIER FERNANDEZ RIO,UNCLEAR,No se menciona su rol específico en la noticia ni se proporciona información sobre su actividad investigadora.,,FRANCISCO JAVIER FERNANDEZ RIO
88,La Universidad de León acoge la cumbre nacional de decanos y decanas de facultades de Derecho para abordar la IA y el futuro de la docencia jurídica,https://portalinvestigacion.uniovi.es/investigadores/218461/detalle,MARIA JOSE SUAREZ-CABAL,UNCLEAR,No se menciona su rol específico en la noticia ni se proporciona información sobre su actividad investigadora.,,MARIA JOSE SUAREZ-CABAL
88,La Universidad de León acoge la cumbre nacional de decanos y decanas de facultades de Derecho para abordar la IA y el futuro de la docencia jurídica,https://portalinvestigacion.uniovi.es/investigadores/218879/detalle,LUIS JAVIER FERNANDEZ MENENDEZ,UNCLEAR,No se menciona su rol específico en la noticia ni se proporciona información sobre su actividad investigadora.,,LUIS JAVIER FERNANDEZ MENENDEZ
88,La Universidad de León acoge la cumbre nacional de decanos y decanas de facultades de Derecho para abordar la IA y el futuro de la docencia jurídica,https://portalinvestigacion.uniovi.es/investigadores/219959/detalle,JAVIER FERNANDEZ GONZALEZ,UNCLEAR,No se menciona su rol específico en la noticia ni se proporciona información sobre su actividad investigadora.,,JAVIER FERNANDEZ GONZALEZ
88,La Universidad de León acoge la cumbre nacional de decanos y decanas de facultades de Derecho para abordar la IA y el futuro de la docencia jurídica,https://portalinvestigacion.uniovi.es/investigadores/217636/detalle,JAVIER FERNANDEZ MENENDEZ,UNCLEAR,No se menciona su rol específico en la noticia ni se proporciona información sobre su actividad investigadora.,,JAVIER FERNANDEZ MENENDEZ
88,La Universidad de León acoge la cumbre nacional de decanos y decanas de facultades de Derecho para abordar la IA y el futuro de la docencia jurídica,https://portalinvestigacion.uniovi.es/investigadores/218865/detalle,JAVIER FERNANDEZ FERNANDEZ,UNCLEAR,No se menciona su rol específico en la noticia ni se proporciona información sobre su actividad investigadora.,,JAVIER FERNANDEZ FERNANDEZ
88,La Universidad de León acoge la cumbre nacional de decanos y decanas de facultades de Derecho para abordar la IA y el futuro de la docencia jurídica,https://portalinvestigacion.uniovi.es/investigadores/218878/detalle,JAVIER FERNANDEZ MATEOS,UNCLEAR,No se menciona su rol específico en la noticia ni se proporciona información sobre su actividad investigadora.,,JAVIER FERNANDEZ MATEOS
88,La Universidad de León acoge la cumbre nacional de decanos y decanas de facultades de Derecho para abordar la IA y el futuro de la docencia jurídica,https://portalinvestigacion.uniovi.es/investigadores/217049/detalle,FRANCISCO JAVIER FERNANDEZ GARCIA,UNCLEAR,No se menciona su rol específico en la noticia ni se proporciona información sobre su actividad investigadora.,,FRANCISCO JAVIER FERNANDEZ GARCIA
89,Estudiantes de ocho centros escolares participan en la primera Olimpiada de Promoción de la Salud de Asturias,https://portalinvestigacion.uniovi.es/investigadores/217811/detalle,Susana Luque,INSTITUTIONAL,Susana Luque aparece como vicerrectora y su intervención se centra en la representación institucional de la Universidad de Oviedo.,"Susana Luque, vicerrectora de Transferencia y Relaciones con la Empresa, ha destacado que, con esta actividad, la Universidad de Oviedo quiere situar la promoción de la salud y la alfabetización sanitaria como una prioridad social y educativa.",SUSANA LUQUE RODRIGUEZ
89,Estudiantes de ocho centros escolares participan en la primera Olimpiada de Promoción de la Salud de Asturias,https://portalinvestigacion.uniovi.es/investigadores/217949/detalle,Rubén Martín Payo,MIXED,"Rubén Martín Payo es mencionado como director de la cátedra y también se refiere a su papel en la organización de la olimpiada, lo que implica tanto un rol institucional como una contribución a la investigación en salud.","Rubén Martín Payo, director de la cátedra, ha subrayado que esta primera olimpiada es un piloto que aspira a consolidarse en años sucesivos hasta el punto de convertir a Asturias en un referente nacional en promoción de la salud.",RUBEN MARTIN PAYO
89,Estudiantes de ocho centros escolares participan en la primera Olimpiada de Promoción de la Salud de Asturias,https://portalinvestigacion.uniovi.es/investigadores/217720/detalle,Alberto Lana,UNCLEAR,No se proporciona información suficiente sobre la actividad investigadora o institucional de Alberto Lana en el contexto de la noticia.,No se menciona su rol específico en la noticia más allá de ser subdirector de la cátedra.,ALBERTO LANA PEREZ
89,Estudiantes de ocho centros escolares participan en la primera Olimpiada de Promoción de la Salud de Asturias,https://portalinvestigacion.uniovi.es/investigadores/220064/detalle,Celia Gómez,INSTITUTIONAL,"Celia Gómez es mencionada como directora de la FINBA, lo que indica un rol institucional sin evidencia de actividad investigadora en la noticia.","Celia Gómez, directora de la Fundación para la Investigación Biosanitaria del Principado de Asturias (FINBA), ha arropado a los estudiantes en el inicio de las pruebas.",CELIA GOMEZ DE CASTRO
89,Estudiantes de ocho centros escolares participan en la primera Olimpiada de Promoción de la Salud de Asturias,https://portalinvestigacion.uniovi.es/investigadores/217019/detalle,María del Mar Fernández,UNCLEAR,No se proporciona información suficiente sobre la actividad investigadora o institucional de María del Mar Fernández en el contexto de la noticia.,No se menciona su rol específico en la noticia más allá de ser subdirectora de la cátedra.,MARIA DEL MAR FERNANDEZ ALVAREZ
89,Estudiantes de ocho centros escolares participan en la primera Olimpiada de Promoción de la Salud de Asturias,https://portalinvestigacion.uniovi.es/investigadores/217221/detalle,Verónica Cañal,UNCLEAR,No se proporciona información suficiente sobre la actividad investigadora o institucional de Verónica Cañal en el contexto de la noticia.,No se menciona su rol específico en la noticia más allá de ser directora del Área de Cátedras.,VERONICA CAÑAL FERNANDEZ
90,El grupo 9 de Universidades aborda el impacto de la inteligencia artificial en la investigación en un contexto de cambio acelerado,https://portalinvestigacion.uniovi.es/investigadores/1010273/detalle,IRENE DIAZ MARTINEZ,INSTITUTIONAL,"Irene Díaz participa como vicerrectora de Investigación, representando a la institución en la reunión del Grupo 9 de Universidades.","La vicerrectora de Investigación de la Universidad de Oviedo, Irene Díaz, participó en la sectorial.",IRENE DIAZ MARTINEZ
90,El grupo 9 de Universidades aborda el impacto de la inteligencia artificial en la investigación en un contexto de cambio acelerado,https://portalinvestigacion.uniovi.es/investigadores/217124/detalle,SUSANA IRENE DIAZ RODRIGUEZ,UNCLEAR,"No se menciona a Susana Irene Díaz Rodríguez en la noticia, por lo que no hay evidencia suficiente para clasificar su rol.",,SUSANA IRENE DIAZ RODRIGUEZ
92,"El bono social eléctrico reduce la pobreza energética, pero no llega a los hogares más vulnerables",https://portalinvestigacion.uniovi.es/investigadores/219985/detalle,Manuel Llorca,RESEARCH,El investigador presenta resultados de su estudio sobre el bono social eléctrico y su impacto en la pobreza energética.,"""Nuestro trabajo sugiere que algunos hogares vulnerables podrían enfrentarse a limitaciones estructurales que dificultan que la ayuda se traduzca en mejoras significativas de su situación energética"".",MANUEL LLORCA RIEGO
92,"El bono social eléctrico reduce la pobreza energética, pero no llega a los hogares más vulnerables",https://portalinvestigacion.uniovi.es/investigadores/218334/detalle,Ana Rodríguez-Álvarez,RESEARCH,La investigadora discute los hallazgos de su investigación sobre el acceso al bono social eléctrico y su efectividad.,"""Este resultado podría estar relacionado con la falta de información, así como con la complejidad de los trámites necesarios para solicitarla, lo que dificulta su acceso a quienes más la requieren"".",ANA MARIA RODRIGUEZ ALVAREZ
93,"Ignacio Villaverde, rector de la Universidad de Oviedo, entra en la Junta Rectora de CRUE como presidente de la sectorial de Secretarías Generales",https://portalinvestigacion.uniovi.es/investigadores/218536/detalle,Ignacio Villaverde Menéndez,INSTITUTIONAL,Ignacio Villaverde aparece en la noticia como rector de la Universidad de Oviedo y su participación en la Junta Rectora de CRUE.,"el rector de la Universidad de Oviedo, Ignacio Villaverde, pasa a formar parte de la Junta Rectora de CRUE, como presidente de la sectorial de Secretarías Generales.",IGNACIO VILLAVERDE MENENDEZ
94,"Una investigación de la Universidad de Oviedo revela que las semillas no germinan cuando pueden, sino cuando les conviene",https://portalinvestigacion.uniovi.es/investigadores/2370717/detalle,Eduardo Fernández Pascual,RESEARCH,"El profesor explica y presenta resultados de una investigación sobre la germinación de semillas, lo que indica su rol en la actividad investigadora.",Esta es la principal conclusión de una investigación liderada por la Universidad de Oviedo.,EDUARDO FERNANDEZ ALONSO
94,"Una investigación de la Universidad de Oviedo revela que las semillas no germinan cuando pueden, sino cuando les conviene",https://portalinvestigacion.uniovi.es/investigadores/2370717/detalle,Eduardo Fernández Pascual,MIXED,"Además de su rol como investigador, también participa en una carta abierta que aborda políticas ambientales, lo que muestra su función institucional.","Recientemente, Fernández Pascual ha participado en una carta abierta en la que se alerta de que los procesos de regeneración de las plantas...",EDUARDO FERNANDEZ ALONSO
95,La estrategia integral de descarbonización del proyecto ORIGEN gana el premio “Phoenix Contact Net Zero”,https://portalinvestigacion.uniovi.es/investigadores/1010383/detalle,JOSE VALERIANO ALVAREZ CABAL,INSTITUTIONAL,"Aparece como uno de los profesores que imparte la asignatura relacionada con el proyecto, sin mencionar actividad investigadora específica.","impartida por los profesores Francisco Ortega, Valeriano Álvarez, Marta Terrados y Adriano Mones, del Área de Proyectos de Ingeniería de la Universidad de Oviedo.",CRISTINA OLIVAR FERNANDEZ
95,La estrategia integral de descarbonización del proyecto ORIGEN gana el premio “Phoenix Contact Net Zero”,https://portalinvestigacion.uniovi.es/investigadores/218058/detalle,FRANCISCO DE ASIS ORTEGA FERNANDEZ,INSTITUTIONAL,"También se menciona como profesor de la asignatura, sin evidencia de actividad investigadora.","impartida por los profesores Francisco Ortega, Valeriano Álvarez, Marta Terrados y Adriano Mones, del Área de Proyectos de Ingeniería de la Universidad de Oviedo.",FRANCISCO DE ASIS ORTEGA FERNANDEZ
96,La Universidad de Oviedo logra 15 medallas en los Campeonatos de España Universitarios de 2026,https://portalinvestigacion.uniovi.es/investigadores/218536/detalle,IGNACIO VILLAVERDE MENENDEZ,INSTITUTIONAL,"Ignacio Villaverde aparece como rector en la noticia, sin mención a actividad investigadora.","el rector, Ignacio Villaverde",IGNACIO VILLAVERDE MENENDEZ
96,La Universidad de Oviedo logra 15 medallas en los Campeonatos de España Universitarios de 2026,https://portalinvestigacion.uniovi.es/investigadores/217503/detalle,FRANCISCO JAVIER FERNANDEZ RIO,INSTITUTIONAL,"Francisco Javier Fernández Río es mencionado como director de área de Deportes, sin referencia a su actividad investigadora.","director de área de Deportes, Javier Fernández Río",FRANCISCO JAVIER FERNANDEZ RIO
96,La Universidad de Oviedo logra 15 medallas en los Campeonatos de España Universitarios de 2026,https://portalinvestigacion.uniovi.es/investigadores/219959/detalle,JAVIER FERNANDEZ GONZALEZ,UNCLEAR,"No se menciona a Javier Fernández González en el texto, por lo que no hay evidencia suficiente para clasificar su rol.",,JAVIER FERNANDEZ GONZALEZ
96,La Universidad de Oviedo logra 15 medallas en los Campeonatos de España Universitarios de 2026,https://portalinvestigacion.uniovi.es/investigadores/218653/detalle,MARIA DEL CARMEN RODRIGUEZ SANCHEZ,UNCLEAR,"No se menciona a María del Carmen Rodríguez Sánchez en el texto, por lo que no hay evidencia suficiente para clasificar su rol.",,MARIA DEL CARMEN RODRIGUEZ SANCHEZ
96,La Universidad de Oviedo logra 15 medallas en los Campeonatos de España Universitarios de 2026,https://portalinvestigacion.uniovi.es/investigadores/218334/detalle,ANA MARIA RODRIGUEZ ALVAREZ,UNCLEAR,"No se menciona a Ana María Rodríguez Álvarez en el texto, por lo que no hay evidencia suficiente para clasificar su rol.",,ANA MARIA RODRIGUEZ ALVAREZ
96,La Universidad de Oviedo logra 15 medallas en los Campeonatos de España Universitarios de 2026,https://portalinvestigacion.uniovi.es/investigadores/218658/detalle,MARTA MARIA RODRIGUEZ SUAREZ,UNCLEAR,"No se menciona a Marta María Rodríguez Suárez en el texto, por lo que no hay evidencia suficiente para clasificar su rol.",,MARTA MARIA RODRIGUEZ SUAREZ
96,La Universidad de Oviedo logra 15 medallas en los Campeonatos de España Universitarios de 2026,https://portalinvestigacion.uniovi.es/investigadores/218659/detalle,MARIA DEL CAMINO RODRIGUEZ VELA,UNCLEAR,"No se menciona a María del Camino Rodríguez Vela en el texto, por lo que no hay evidencia suficiente para clasificar su rol.",,MARIA DEL CAMINO RODRIGUEZ VELA
96,La Universidad de Oviedo logra 15 medallas en los Campeonatos de España Universitarios de 2026,https://portalinvestigacion.uniovi.es/investigadores/218865/detalle,JAVIER FERNANDEZ FERNANDEZ,UNCLEAR,"No se menciona a Javier Fernández Fernández en el texto, por lo que no hay evidencia suficiente para clasificar su rol.",,JAVIER FERNANDEZ FERNANDEZ
96,La Universidad de Oviedo logra 15 medallas en los Campeonatos de España Universitarios de 2026,https://portalinvestigacion.uniovi.es/investigadores/219633/detalle,MARIA CRISTINA RODRIGUEZ GONZALEZ,UNCLEAR,"No se menciona a María Cristina Rodríguez González en el texto, por lo que no hay evidencia suficiente para clasificar su rol.",,MARIA CRISTINA RODRIGUEZ GONZALEZ
96,La Universidad de Oviedo logra 15 medallas en los Campeonatos de España Universitarios de 2026,https://portalinvestigacion.uniovi.es/investigadores/218879/detalle,LUIS JAVIER FERNANDEZ MENENDEZ,UNCLEAR,"No se menciona a Luis Javier Fernández Menéndez en el texto, por lo que no hay evidencia suficiente para clasificar su rol.",,LUIS JAVIER FERNANDEZ MENENDEZ
96,La Universidad de Oviedo logra 15 medallas en los Campeonatos de España Universitarios de 2026,https://portalinvestigacion.uniovi.es/investigadores/217636/detalle,JAVIER FERNANDEZ MENENDEZ,UNCLEAR,"No se menciona a Javier Fernández Menéndez en el texto, por lo que no hay evidencia suficiente para clasificar su rol.",,JAVIER FERNANDEZ MENENDEZ
96,La Universidad de Oviedo logra 15 medallas en los Campeonatos de España Universitarios de 2026,https://portalinvestigacion.uniovi.es/investigadores/218179/detalle,MARIA DEL CARMEN RODRIGUEZ MENENDEZ,UNCLEAR,"No se menciona a María del Carmen Rodríguez Menéndez en el texto, por lo que no hay evidencia suficiente para clasificar su rol.",,MARIA DEL CARMEN RODRIGUEZ MENENDEZ
96,La Universidad de Oviedo logra 15 medallas en los Campeonatos de España Universitarios de 2026,https://portalinvestigacion.uniovi.es/investigadores/219035/detalle,JAVIER FERNANDEZ REYNES,UNCLEAR,"No se menciona a Javier Fernández Reynes en el texto, por lo que no hay evidencia suficiente para clasificar su rol.",,JAVIER FERNANDEZ REYNES
96,La Universidad de Oviedo logra 15 medallas en los Campeonatos de España Universitarios de 2026,https://portalinvestigacion.uniovi.es/investigadores/217049/detalle,FRANCISCO JAVIER FERNANDEZ GARCIA,UNCLEAR,"No se menciona a Francisco Javier Fernández García en el texto, por lo que no hay evidencia suficiente para clasificar su rol.",,FRANCISCO JAVIER FERNANDEZ GARCIA
96,La Universidad de Oviedo logra 15 medallas en los Campeonatos de España Universitarios de 2026,https://portalinvestigacion.uniovi.es/investigadores/217866/detalle,DANIEL MORO VALLINA,UNCLEAR,"No se menciona a Daniel Moro Vallina en el texto, por lo que no hay evidencia suficiente para clasificar su rol.",,DANIEL MORO VALLINA
96,La Universidad de Oviedo logra 15 medallas en los Campeonatos de España Universitarios de 2026,https://portalinvestigacion.uniovi.es/investigadores/218644/detalle,MARIA DE LAS NIEVES RODRIGUEZ PEREZ,UNCLEAR,"No se menciona a María de las Nieves Rodríguez Pérez en el texto, por lo que no hay evidencia suficiente para clasificar su rol.",,MARIA DE LAS NIEVES RODRIGUEZ PEREZ
96,La Universidad de Oviedo logra 15 medallas en los Campeonatos de España Universitarios de 2026,https://portalinvestigacion.uniovi.es/investigadores/218878/detalle,JAVIER FERNANDEZ MATEOS,UNCLEAR,"No se menciona a Javier Fernández Mateos en el texto, por lo que no hay evidencia suficiente para clasificar su rol.",,JAVIER FERNANDEZ MATEOS
98,La Universidad de Oviedo lanza la primera formación oficial de la alianza INGENIUM,https://portalinvestigacion.uniovi.es/investigadores/217449/detalle,JORGE GARCIA RODRIGUEZ,MIXED,"Jorge García Rodríguez es mencionado como catedrático y director del Área de Transferencia del Conocimiento, lo que indica un rol institucional, pero también está coordinando un programa de formación, lo que implica actividad investigadora.","La coordinación del programa la ejerce Jorge García, catedrático y director del Área de Transferencia del Conocimiento de la Universidad de Oviedo.",JORGE GARCIA RODRIGUEZ
99,"La Universidad de Oviedo y el Colegio Oficial de Trabajo Social de Asturias renuevan su alianza en formación, investigación y promoción profesional",https://portalinvestigacion.uniovi.es/investigadores/218536/detalle,IGNACIO VILLAVERDE MENENDEZ,INSTITUTIONAL,"Ignacio Villaverde actúa como rector y representante institucional en la firma del convenio, sin mencionar actividad investigadora específica.","El rector de la Universidad de Oviedo, Ignacio Villaverde, y la presidenta del COTSA, Sara Fernández, han rubricado esta mañana el convenio.",IGNACIO VILLAVERDE MENENDEZ
99,"La Universidad de Oviedo y el Colegio Oficial de Trabajo Social de Asturias renuevan su alianza en formación, investigación y promoción profesional",https://portalinvestigacion.uniovi.es/investigadores/2370664/detalle,SARA FERNANDEZ GARCIA,INSTITUTIONAL,"Sara Fernández es mencionada como presidenta del COTSA y su intervención se centra en el convenio, sin referencia a actividad investigadora.","La presidenta del COTSA, Sara Fernández, ha coincidido en que gracias a este convenio el colegio podrá 'ofrecer orientación a los futuros especialistas'.",SARA FERNANDEZ GARCIA
99,"La Universidad de Oviedo y el Colegio Oficial de Trabajo Social de Asturias renuevan su alianza en formación, investigación y promoción profesional",https://portalinvestigacion.uniovi.es/investigadores/218512/detalle,MARTA MARIA VIDAL SUAREZ,INSTITUTIONAL,"Marta Vidal es mencionada como vicedecana y su papel es representativo en la firma del convenio, sin actividad investigadora explícita.","En representación de la Facultad Jovellanos ha asistido la vicedecana de Estudiantes y Desarrollo Profesional, Marta Vidal.",MARTA MARIA VIDAL SUAREZ
99,"La Universidad de Oviedo y el Colegio Oficial de Trabajo Social de Asturias renuevan su alianza en formación, investigación y promoción profesional",https://portalinvestigacion.uniovi.es/investigadores/217711/detalle,BEATRIZ MARTINEZ DEL FRESNO,INSTITUTIONAL,Beatriz Martínez es mencionada como gerente del COTSA y su papel es institucional en el contexto del convenio.,"Por parte del COTSA ha estado presente también la gerente de la entidad, Beatriz Martínez Fernández.",BEATRIZ MARTINEZ DEL FRESNO
100,La Universidad de Oviedo reúne diez miradas científicas sobre el eclipse solar en una exposición divulgativa abierta a toda Asturias,https://portalinvestigacion.uniovi.es/investigadores/1301842/detalle,SANDRA VILLAR CONDE,RESEARCH,Participa en la exposición aportando su conocimiento en Biología Celular.,...participan especialistas como Sandra Villar Conde... quienes aportan su conocimiento desde sus respectivas áreas de conocimiento.,SANDRA VILLAR CONDE
100,La Universidad de Oviedo reúne diez miradas científicas sobre el eclipse solar en una exposición divulgativa abierta a toda Asturias,https://portalinvestigacion.uniovi.es/investigadores/217124/detalle,ELENA DIAZ RODRIGUEZ,RESEARCH,Contribuye a la exposición desde su área de Biología Funcional.,...participan especialistas como Elena Díaz Rodríguez... quienes aportan su conocimiento desde sus respectivas áreas de conocimiento.,SUSANA IRENE DIAZ RODRIGUEZ
100,La Universidad de Oviedo reúne diez miradas científicas sobre el eclipse solar en una exposición divulgativa abierta a toda Asturias,https://portalinvestigacion.uniovi.es/investigadores/217320/detalle,MIGUEL CALLEJA PUERTA,RESEARCH,Aporta su conocimiento en Historia a la exposición.,...participan especialistas como Miguel Calleja Puerta... quienes aportan su conocimiento desde sus respectivas áreas de conocimiento.,MIGUEL CALLEJA PUERTA
100,La Universidad de Oviedo reúne diez miradas científicas sobre el eclipse solar en una exposición divulgativa abierta a toda Asturias,https://portalinvestigacion.uniovi.es/investigadores/217458/detalle,VICTOR MANUEL GARCIA SUAREZ,UNCLEAR,No se menciona su participación en la exposición ni su actividad investigadora en el texto.,,VICTOR MANUEL GARCIA SUAREZ
100,La Universidad de Oviedo reúne diez miradas científicas sobre el eclipse solar en una exposición divulgativa abierta a toda Asturias,https://portalinvestigacion.uniovi.es/investigadores/217574/detalle,VICENTE GARCIA DIAZ,UNCLEAR,No se menciona su participación en la exposición ni su actividad investigadora en el texto.,,VICENTE GARCIA DIAZ
100,La Universidad de Oviedo reúne diez miradas científicas sobre el eclipse solar en una exposición divulgativa abierta a toda Asturias,https://portalinvestigacion.uniovi.es/investigadores/2355660/detalle,JOSE MANUEL GARCIA MONTES,UNCLEAR,No se menciona su participación en la exposición ni su actividad investigadora en el texto.,,JOSE MANUEL GARCIA MONTES
100,La Universidad de Oviedo reúne diez miradas científicas sobre el eclipse solar en una exposición divulgativa abierta a toda Asturias,https://portalinvestigacion.uniovi.es/investigadores/217398/detalle,VICTOR MANUEL GARCIA FERNANDEZ,UNCLEAR,No se menciona su participación en la exposición ni su actividad investigadora en el texto.,,VICTOR MANUEL GARCIA FERNANDEZ
100,La Universidad de Oviedo reúne diez miradas científicas sobre el eclipse solar en una exposición divulgativa abierta a toda Asturias,https://portalinvestigacion.uniovi.es/investigadores/216935/detalle,MONICA ALVAREZ FERNANDEZ,UNCLEAR,No se menciona su participación en la exposición ni su actividad investigadora en el texto.,,MONICA ALVAREZ FERNANDEZ
100,La Universidad de Oviedo reúne diez miradas científicas sobre el eclipse solar en una exposición divulgativa abierta a toda Asturias,https://portalinvestigacion.uniovi.es/investigadores/217123/detalle,ELENA DIAZ RODRIGUEZ,RESEARCH,Contribuye a la exposición desde su área de Biología Funcional.,...participan especialistas como Elena Díaz Rodríguez... quienes aportan su conocimiento desde sus respectivas áreas de conocimiento.,ELENA DIAZ RODRIGUEZ
100,La Universidad de Oviedo reúne diez miradas científicas sobre el eclipse solar en una exposición divulgativa abierta a toda Asturias,https://portalinvestigacion.uniovi.es/investigadores/218506/detalle,JAVIER VERDEJO MANCHADO,RESEARCH,Aporta su conocimiento en Filología a la exposición.,...participan especialistas como Javier Verdejo Manchado... quienes aportan su conocimiento desde sus respectivas áreas de conocimiento.,JAVIER VERDEJO MANCHADO
100,La Universidad de Oviedo reúne diez miradas científicas sobre el eclipse solar en una exposición divulgativa abierta a toda Asturias,https://portalinvestigacion.uniovi.es/investigadores/218181/detalle,LUIS JOSE RODRIGUEZ MUÑIZ,UNCLEAR,No se menciona su participación en la exposición ni su actividad investigadora en el texto.,,LUIS JOSE RODRIGUEZ MUÑIZ
100,La Universidad de Oviedo reúne diez miradas científicas sobre el eclipse solar en una exposición divulgativa abierta a toda Asturias,https://portalinvestigacion.uniovi.es/investigadores/1010274/detalle,NOEMI DIAZ RODRIGUEZ,UNCLEAR,No se menciona su participación en la exposición ni su actividad investigadora en el texto.,,NOEMI DIAZ RODRIGUEZ
100,La Universidad de Oviedo reúne diez miradas científicas sobre el eclipse solar en una exposición divulgativa abierta a toda Asturias,https://portalinvestigacion.uniovi.es/investigadores/219098/detalle,DAVID ALVAREZ GARCIA,UNCLEAR,No se menciona su participación en la exposición ni su actividad investigadora en el texto.,,DAVID ALVAREZ GARCIA
100,La Universidad de Oviedo reúne diez miradas científicas sobre el eclipse solar en una exposición divulgativa abierta a toda Asturias,https://portalinvestigacion.uniovi.es/investigadores/2237800/detalle,LAURA GARCIA DIAZ,UNCLEAR,No se menciona su participación en la exposición ni su actividad investigadora en el texto.,,LAURA GARCIA DIAZ
100,La Universidad de Oviedo reúne diez miradas científicas sobre el eclipse solar en una exposición divulgativa abierta a toda Asturias,https://portalinvestigacion.uniovi.es/investigadores/218355/detalle,JOSE LUIS RODRIGUEZ GALLEGO,UNCLEAR,No se menciona su participación en la exposición ni su actividad investigadora en el texto.,,JOSE LUIS RODRIGUEZ GALLEGO
100,La Universidad de Oviedo reúne diez miradas científicas sobre el eclipse solar en una exposición divulgativa abierta a toda Asturias,https://portalinvestigacion.uniovi.es/investigadores/2353797/detalle,ENOL ALVAREZ FERNANDEZ,UNCLEAR,No se menciona su participación en la exposición ni su actividad investigadora en el texto.,,ENOL ALVAREZ FERNANDEZ
100,La Universidad de Oviedo reúne diez miradas científicas sobre el eclipse solar en una exposición divulgativa abierta a toda Asturias,https://portalinvestigacion.uniovi.es/investigadores/216932/detalle,MARIA ALVAREZ FERNANDEZ,UNCLEAR,No se menciona su participación en la exposición ni su actividad investigadora en el texto.,,MARIA ALVAREZ FERNANDEZ
100,La Universidad de Oviedo reúne diez miradas científicas sobre el eclipse solar en una exposición divulgativa abierta a toda Asturias,https://portalinvestigacion.uniovi.es/investigadores/216934/detalle,MARTINA INMACULADA ALVAREZ FERNANDEZ,UNCLEAR,No se menciona su participación en la exposición ni su actividad investigadora en el texto.,,MARTINA INMACULADA ALVAREZ FERNANDEZ
100,La Universidad de Oviedo reúne diez miradas científicas sobre el eclipse solar en una exposición divulgativa abierta a toda Asturias,https://portalinvestigacion.uniovi.es/investigadores/216929/detalle,DAVID ALVAREZ FERNANDEZ,RESEARCH,Aporta su conocimiento en Biología a la exposición.,...participan especialistas como David Álvarez Fernández... quienes aportan su conocimiento desde sus respectivas áreas de conocimiento.,DAVID ALVAREZ FERNANDEZ
100,La Universidad de Oviedo reúne diez miradas científicas sobre el eclipse solar en una exposición divulgativa abierta a toda Asturias,https://portalinvestigacion.uniovi.es/investigadores/218782/detalle,ADRIAN GARCIA DIAZ,UNCLEAR,No se menciona su participación en la exposición ni su actividad investigadora en el texto.,,ADRIAN GARCIA DIAZ
100,La Universidad de Oviedo reúne diez miradas científicas sobre el eclipse solar en una exposición divulgativa abierta a toda Asturias,https://portalinvestigacion.uniovi.es/investigadores/217573/detalle,VERONICA GARCIA DIAZ,UNCLEAR,No se menciona su participación en la exposición ni su actividad investigadora en el texto.,,VERONICA GARCIA DIAZ
100,La Universidad de Oviedo reúne diez miradas científicas sobre el eclipse solar en una exposición divulgativa abierta a toda Asturias,https://portalinvestigacion.uniovi.es/investigadores/219164/detalle,RAFAEL PEDRO GARCIA DIAZ,UNCLEAR,No se menciona su participación en la exposición ni su actividad investigadora en el texto.,,RAFAEL PEDRO GARCIA DIAZ
100,La Universidad de Oviedo reúne diez miradas científicas sobre el eclipse solar en una exposición divulgativa abierta a toda Asturias,https://portalinvestigacion.uniovi.es/investigadores/220197/detalle,Manuel García Díaz,UNCLEAR,No se menciona su participación en la exposición ni su actividad investigadora en el texto.,,Manuel García Díaz
101,"Nace Quantum Asturias, la alianza que consolida el posicionamiento de Asturias como referente en el ecosistema de tecnologías cuánticas",https://portalinvestigacion.uniovi.es/investigadores/219634/detalle,José Ranilla,MIXED,"José Ranilla es responsable del grupo de investigación Quantum and High Performance Computing y menciona su papel en la promoción de la colaboración entre la comunidad investigadora y las empresas, lo que implica tanto actividad investigadora como un rol institucional en la alianza.","José Ranilla, responsable de Quantum and High Performance Computing de la Universidad de Oviedo, subraya el papel que tendrá en la promoción de una colaboración abierta entre la comunidad investigadora y las empresas.",JOSE RANILLA PASTOR
102,Elías García Fuentes presenta su visión del territorio en la Sala de Exposiciones de la Universidad de Oviedo para rememorar la huella de su padre,https://portalinvestigacion.uniovi.es/investigadores/217570/detalle,LAURA GARCIA DE LA FUENTE,UNCLEAR,No hay evidencia suficiente sobre la actividad investigadora de Laura García de la Fuente en la noticia.,,LAURA GARCIA DE LA FUENTE
103,"Caja Rural de Asturias refuerza su compromiso con la Universidad de Oviedo con una alianza de 2,5 millones de euros",https://portalinvestigacion.uniovi.es/investigadores/218536/detalle,IGNACIO VILLAVERDE MENENDEZ,INSTITUTIONAL,"Ignacio Villaverde actúa como rector de la Universidad de Oviedo, representando a la institución en la firma del convenio.","El rector de la Universidad de Oviedo, Ignacio Villaverde, y el presidente de Caja Rural de Asturias, Fernando Martínez, han firmado hoy un convenio...",IGNACIO VILLAVERDE MENENDEZ
103,"Caja Rural de Asturias refuerza su compromiso con la Universidad de Oviedo con una alianza de 2,5 millones de euros",https://portalinvestigacion.uniovi.es/investigadores/218327/detalle,JORGE ROCES GARCIA,INSTITUTIONAL,"Jorge Roces es mencionado como director de área de Estrategia y Unidades de Investigación, lo que indica su rol institucional.","...el director de área de Estrategia y Unidades de Investigación, Jorge Roces.",JORGE ROCES GARCIA
103,"Caja Rural de Asturias refuerza su compromiso con la Universidad de Oviedo con una alianza de 2,5 millones de euros",https://portalinvestigacion.uniovi.es/investigadores/217811/detalle,SUSANA LUQUE RODRIGUEZ,INSTITUTIONAL,"Susana Luque es mencionada como vicerrectora de Transferencia y Relaciones con la Empresa, lo que indica su rol institucional.","...las vicerrectoras de Transferencia y Relaciones con la Empresa, Susana Luque...",SUSANA LUQUE RODRIGUEZ
103,"Caja Rural de Asturias refuerza su compromiso con la Universidad de Oviedo con una alianza de 2,5 millones de euros",https://portalinvestigacion.uniovi.es/investigadores/217947/detalle,JOSE FERNANDO MARTIN LOPEZ,UNCLEAR,"No se menciona a José Fernando Martín López en el contexto de la noticia, por lo que no hay evidencia suficiente para clasificar su rol.",,JOSE FERNANDO MARTIN LOPEZ
103,"Caja Rural de Asturias refuerza su compromiso con la Universidad de Oviedo con una alianza de 2,5 millones de euros",https://portalinvestigacion.uniovi.es/investigadores/219653/detalle,RUBEN USAMENTIAGA FERNANDEZ,UNCLEAR,"No se menciona a Rubén Usamentiaga Fernández en el contexto de la noticia, por lo que no hay evidencia suficiente para clasificar su rol.",,RUBEN USAMENTIAGA FERNANDEZ
104,Un egresado de la Universidad de Oviedo participa en un coloquio con los mejores talentos universitarios en la Junta General de Accionistas de Universia,https://portalinvestigacion.uniovi.es/investigadores/1010273/detalle,IRENE DIAZ MARTINEZ,INSTITUTIONAL,"Irene Díaz aparece como vicerrectora de Investigación, representando a la institución.","El egresado de la universidad asturiana ha estado acompañado por Irene Díaz, vicerrectora de Investigación.",IRENE DIAZ MARTINEZ
106,Cerca de 1.200 estudiantes participan en las Jornadas de Puertas Abiertas de la Universidad de Oviedo,https://portalinvestigacion.uniovi.es/investigadores/217775/detalle,ALFONSO JOAQUIN LOPEZ MUÑIZ,INSTITUTIONAL,"Alfonso López Muñiz aparece como vicerrector de Estudiantes y Empleabilidad, enfocándose en su rol institucional al invitar a los estudiantes a las jornadas.","El vicerrector de Estudiantes y Empleabilidad, Alfonso López Muñiz, invita al estudiantado a aprovechar esta oportunidad para descubrir la realidad universitaria.",ALFONSO JOAQUIN LOPEZ MUÑIZ
107,La Universidad de Oviedo asiste a la entrega de los restos exhumados e identificados de la fosa común de La Caridad,https://portalinvestigacion.uniovi.es/investigadores/217883/detalle,JOSE AVELINO GUTIERREZ GONZALEZ,RESEARCH,"El director del grupo Arqueos, que ha liderado la investigación histórica y científica en la exhumación.",...la excavación de la fosa común de La Caridad por parte del grupo de investigación Arqueos. Su contribución ha aportado un rigor científico al trabajo...,JOSE AVELINO GUTIERREZ GONZALEZ
107,La Universidad de Oviedo asiste a la entrega de los restos exhumados e identificados de la fosa común de La Caridad,https://portalinvestigacion.uniovi.es/investigadores/217772/detalle,BELEN LOPEZ MARTINEZ,UNCLEAR,No se menciona su actividad investigadora específica en la noticia.,"...junto a la vicerrectora de Extensión Universitaria, han acompañado a las familias los integrantes del grupo Arqueos, con su director, el catedrático José Avelino Guitérrez al frente; la exvicerrectora Pilar García Cuetos; y la decana de la Facultad de Biología, Belén López.",BELEN LOPEZ MARTINEZ
108,La Universidad de Oviedo recibe la distinción de la Red Nacional de Unidades de Cultura Científica y de la Innovación por el proyecto divulgativo ‘Los ‘por qué’ de los niños’,https://portalinvestigacion.uniovi.es/investigadores/218262/detalle,Jose Montejo,RESEARCH,Colabora en la redacción de respuestas para el libro de divulgación científica.,Para la redacción de las respuestas se cuenta con la colaboración de Jose Montejo.,JOSE MANUEL MONTEJO BERNARDO
108,La Universidad de Oviedo recibe la distinción de la Red Nacional de Unidades de Cultura Científica y de la Innovación por el proyecto divulgativo ‘Los ‘por qué’ de los niños’,https://portalinvestigacion.uniovi.es/investigadores/217058/detalle,Alfonso Fernández,RESEARCH,Participa en la redacción de respuestas para el libro de divulgación científica.,Para la redacción de las respuestas se cuenta con la colaboración de Alfonso Fernández.,ALFONSO FERNANDEZ GONZALEZ
108,La Universidad de Oviedo recibe la distinción de la Red Nacional de Unidades de Cultura Científica y de la Innovación por el proyecto divulgativo ‘Los ‘por qué’ de los niños’,https://portalinvestigacion.uniovi.es/investigadores/217998/detalle,Covadonga Huidobro,RESEARCH,Colabora en la redacción de respuestas para el libro de divulgación científica.,Para la redacción de las respuestas se cuenta con la colaboración de Covadonga Huidobro.,COVADONGA HUIDOBRO FERNANDEZ
112,Un estudio sobre ejercicio físico y cáncer en adolescentes recibe los Premios Nacionales de Investigación en Medicina del Deporte Fundación Cajastur,https://portalinvestigacion.uniovi.es/investigadores/218536/detalle,Ignacio Villaverde,INSTITUTIONAL,"Ignacio Villaverde aparece como rector de la Universidad de Oviedo, presidiendo el acto de entrega de premios.","...en un acto presidido por Ignacio Villaverde, rector de la Universidad de Oviedo...",IGNACIO VILLAVERDE MENENDEZ
113,Una egresada de la Universidad de Oviedo accede a la lista de los 111 jóvenes talentos de España,https://portalinvestigacion.uniovi.es/investigadores/2500137/detalle,Marina Dáder Suárez,MIXED,"Marina Dáder Suárez es reconocida por su excelencia académica y su potencial en investigación, además de mencionar su vinculación con la Universidad de Oviedo y su intención de continuar en el ámbito de la investigación.","Dáder pertenece a la primera promoción del Grado en Ciencia e Ingeniería de Datos de la institución académica asturiana, que se imparte en la Escuela Politécnica de Ingeniería de Gijón, a la que continúa estrechamente vinculada gracias a su actividad investigadora.",MARINA DADER SUAREZ
114,La spin-off de la Universidad de Oviedo Plexigrid inaugura el Centro de Control del Futuro que emplea la inteligencia artificial para la gestión del sistema eléctrico,https://portalinvestigacion.uniovi.es/investigadores/217811/detalle,Susana Luque,INSTITUTIONAL,"Susana Luque aparece como vicerrectora y representante institucional, hablando sobre la importancia de la universidad en la innovación.","La vicerrectora de Transferencia y Relaciones con la Empresa, Susana Luque, ha señalado que estas instalaciones 'representan un ejemplo de lo que la universidad debe ser'.",SUSANA LUQUE RODRIGUEZ
114,La spin-off de la Universidad de Oviedo Plexigrid inaugura el Centro de Control del Futuro que emplea la inteligencia artificial para la gestión del sistema eléctrico,https://portalinvestigacion.uniovi.es/investigadores/218110/detalle,Inés Peñuelas,INSTITUTIONAL,"Inés Peñuelas es mencionada como vicerrectora, representando a la universidad en un evento institucional.","la vicerrectora de Sostenibilidad y Digitalización, Inés Peñuelas.",INES PEÑUELAS SANCHEZ
114,La spin-off de la Universidad de Oviedo Plexigrid inaugura el Centro de Control del Futuro que emplea la inteligencia artificial para la gestión del sistema eléctrico,https://portalinvestigacion.uniovi.es/investigadores/217764/detalle,Hilario López,INSTITUTIONAL,"Hilario López es mencionado como director del departamento, actuando en un rol institucional.","el director del Departamento de Ingeniería Eléctrica, Electrónica, de Computadores y Sistemas (DIEECS), Hilario López.",HILARIO LOPEZ GARCIA
114,La spin-off de la Universidad de Oviedo Plexigrid inaugura el Centro de Control del Futuro que emplea la inteligencia artificial para la gestión del sistema eléctrico,https://portalinvestigacion.uniovi.es/investigadores/218110/detalle,Pablo Arboleya,MIXED,"Pablo Arboleya es catedrático y cofundador de Plexigrid, participando en la actividad investigadora y también en un rol institucional.","Pablo Arboleya, catedrático de la Universidad de Oviedo, también cofundador de Plexigrid y director tecnológico de la firma.",INES PEÑUELAS SANCHEZ
114,La spin-off de la Universidad de Oviedo Plexigrid inaugura el Centro de Control del Futuro que emplea la inteligencia artificial para la gestión del sistema eléctrico,https://portalinvestigacion.uniovi.es/investigadores/218593/detalle,Inés Suárez,INSTITUTIONAL,"Inés Suárez es mencionada como directora de la Escuela Politécnica, actuando en un rol institucional.","la directora de la Escuela Politécnica de Ingeniería de Gijón, Inés Suárez.",INES MARIA SUAREZ RAMON
116,La Universidad de Oviedo renueva la Marca Asturiana de Excelencia en Igualdad,https://portalinvestigacion.uniovi.es/investigadores/218232/detalle,MARIA DE LA PAZ MENENDEZ SEBASTIAN,INSTITUTIONAL,"Aparece como directora de la Unidad de Igualdad, pero no se menciona su actividad investigadora.","la directora de Igualdad, Paz Menéndez, ha recogido hoy la distinción en nombre de la institución académica.",MARIA DE LA PAZ MENENDEZ SEBASTIAN
116,La Universidad de Oviedo renueva la Marca Asturiana de Excelencia en Igualdad,https://portalinvestigacion.uniovi.es/investigadores/218181/detalle,LUIS JOSE RODRIGUEZ MUÑIZ,UNCLEAR,"No se menciona en la noticia, por lo que no hay evidencia suficiente para clasificar su rol.",,LUIS JOSE RODRIGUEZ MUÑIZ
116,La Universidad de Oviedo renueva la Marca Asturiana de Excelencia en Igualdad,https://portalinvestigacion.uniovi.es/investigadores/218355/detalle,JOSE LUIS RODRIGUEZ GALLEGO,UNCLEAR,"No se menciona en la noticia, por lo que no hay evidencia suficiente para clasificar su rol.",,JOSE LUIS RODRIGUEZ GALLEGO
116,La Universidad de Oviedo renueva la Marca Asturiana de Excelencia en Igualdad,https://portalinvestigacion.uniovi.es/investigadores/218231/detalle,EVA MARIA MENENDEZ SEBASTIAN,UNCLEAR,"No se menciona en la noticia, por lo que no hay evidencia suficiente para clasificar su rol.",,EVA MARIA MENENDEZ SEBASTIAN
117,La Universidad de Oviedo identifica 99 tipos de hábitats en la región ibero-atlántica,https://portalinvestigacion.uniovi.es/investigadores/219672/detalle,Borja Jiménez-Alfaro,RESEARCH,"El texto describe la actividad investigadora de Borja Jiménez-Alfaro en el desarrollo de un nuevo enfoque para la conservación de ecosistemas, así como su liderazgo en el estudio que identifica 99 tipos de hábitats.","El Laboratorio de Vegetación y Biodiversidad, coordinado por Borja Jiménez-Alfaro en la Universidad de Oviedo... ha desarrollado un nuevo enfoque para hacer frente a la conservación de los ecosistemas terrestres.",Borja Jiménez-Alfaro
118,La Universidad de Oviedo y el Principado crean la Cátedra de Políticas Públicas para impulsar su análisis y evaluación en Asturias,https://portalinvestigacion.uniovi.es/investigadores/218536/detalle,IGNACIO VILLAVERDE MENENDEZ,INSTITUTIONAL,"Ignacio Villaverde aparece como rector de la Universidad de Oviedo, representando a la institución en la firma del convenio.","La firma ha tenido lugar hoy en el Edificio Histórico de la Universidad de Oviedo y ha contado con la participación del rector, Ignacio Villaverde.",IGNACIO VILLAVERDE MENENDEZ
118,La Universidad de Oviedo y el Principado crean la Cátedra de Políticas Públicas para impulsar su análisis y evaluación en Asturias,https://portalinvestigacion.uniovi.es/investigadores/217093/detalle,FRANCISCO JOSE DELGADO RIVERO,MIXED,"Francisco José Delgado Rivero es mencionado como director de la cátedra y se habla de su rol en la investigación y actividades académicas, así como su posición institucional.","la cátedra será dirigida por Francisco José Delgado Rivero, profesor del Departamento de Economía de la universidad asturiana.",FRANCISCO JOSE DELGADO RIVERO
118,La Universidad de Oviedo y el Principado crean la Cátedra de Políticas Públicas para impulsar su análisis y evaluación en Asturias,https://portalinvestigacion.uniovi.es/investigadores/217811/detalle,SUSANA LUQUE RODRIGUEZ,INSTITUTIONAL,"Susana Luque aparece en el contexto de la firma del convenio, pero no se menciona su actividad investigadora.","ha contado con la presencia de la vicerrectora de Transferencia y Relaciones con la Empresa, Susana Luque.",SUSANA LUQUE RODRIGUEZ
118,La Universidad de Oviedo y el Principado crean la Cátedra de Políticas Públicas para impulsar su análisis y evaluación en Asturias,https://portalinvestigacion.uniovi.es/investigadores/217221/detalle,VERONICA CAÑAL FERNANDEZ,INSTITUTIONAL,"Verónica Cañal es mencionada como directora de área de Cátedras de Empresa e Institucionales, sin referencia a actividad investigadora.","ha contado con la presencia de la directora de área de Cátedras de Empresa e Institucionales, Verónica Cañal.",VERONICA CAÑAL FERNANDEZ
118,La Universidad de Oviedo y el Principado crean la Cátedra de Políticas Públicas para impulsar su análisis y evaluación en Asturias,https://portalinvestigacion.uniovi.es/investigadores/1931679/detalle,MARIA DEL MAR GARCIA SUAREZ,INSTITUTIONAL,"Mar García Salgado es mencionada como viceconsejera, sin referencia a actividad investigadora.","la viceconsejera de Presupuestos y Financiación Autonómica, Mar García Salgado.",MARIA DEL MAR GARCIA SUAREZ
118,La Universidad de Oviedo y el Principado crean la Cátedra de Políticas Públicas para impulsar su análisis y evaluación en Asturias,https://portalinvestigacion.uniovi.es/investigadores/1010272/detalle,JOSE ALBERTO DELGADO ARCOS,UNCLEAR,No se menciona a José Alberto Delgado Arcos en el contexto de la noticia.,,JOSE ALBERTO DELGADO ARCOS
118,La Universidad de Oviedo y el Principado crean la Cátedra de Políticas Públicas para impulsar su análisis y evaluación en Asturias,https://portalinvestigacion.uniovi.es/investigadores/217454/detalle,MARIA JOSE GARCIA SALGADO,UNCLEAR,No se menciona a María José García Salgado en el contexto de la noticia.,,MARIA JOSE GARCIA SALGADO
119,Europa exporta los coches usados más contaminantes hacia países con regulaciones ambientales más laxas,https://portalinvestigacion.uniovi.es/investigadores/217079/detalle,Begoña Cueto,UNCLEAR,"No se menciona actividad investigadora específica de Begoña Cueto en la noticia, solo se menciona que coordina un proyecto de investigación.","Este trabajo se enmarca en un proyecto de investigación financiado por el Programa de Subvenciones para grupos de investigación de organismos del Principado de Asturias, para el ejercicio 2024, de la Agencia de Ciencia, Competitividad Empresarial e Innovación del Principado de Asturias (Sekuens) (IDE/2024/000697), coordinado por Begoña Cueto.",MARIA BEGOÑA CUETO IGLESIAS
120,El Campus de Mieres acoge el II Encuentro de la Red DESP-OB para avanzar en el análisis del despoblamiento en España,https://portalinvestigacion.uniovi.es/investigadores/219106/detalle,Fernando Collantes,RESEARCH,"Fernando Collantes es mencionado como catedrático de Historia e Instituciones Económicas y como ponente de una conferencia sobre la despoblación rural, lo que indica su actividad investigadora.","La jornada del 29 de abril continuó con la conferencia “¿Lugares que no importan? La despoblación rural en su perspectiva histórica”, impartida por Fernando Collantes, catedrático de Historia e Instituciones Económicas de la Universidad de Oviedo.",FERNANDO COLLANTES GUTIERREZ
120,El Campus de Mieres acoge el II Encuentro de la Red DESP-OB para avanzar en el análisis del despoblamiento en España,https://portalinvestigacion.uniovi.es/investigadores/217640/detalle,María Teresa Iglesias,INSTITUTIONAL,"María Teresa Iglesias es mencionada como vicealcaldesa de Mieres, lo que indica que su rol en la noticia es principalmente institucional.","Por su parte, el coordinador de DESP-OB subrayó los objetivos de la red y la necesidad de generar conocimiento compartido en jornadas que permiten observar experiencias sobre cómo corregir la despoblación.",MARIA TERESA IGLESIAS GARCIA
120,El Campus de Mieres acoge el II Encuentro de la Red DESP-OB para avanzar en el análisis del despoblamiento en España,https://portalinvestigacion.uniovi.es/investigadores/217723/detalle,Elena Lasarte,MIXED,"Elena Lasarte es mencionada como profesora de Economía Aplicada y coordinadora de REGIOlab, lo que sugiere tanto un rol institucional como un compromiso con la investigación.","El encuentro se ha inaugurado con una bienvenida institucional celebrada en la Sala de Convenciones del Edificio de Investigación, en la que han participado Elena Lasarte, profesora de Economía Aplicada y coordinadora de REGIOlab en la Universidad de Oviedo.",ELENA LASARTE NAVAMUEL
121,La Universidad de Oviedo aprueba la convocatoria de 129 plazas de profesorado para cubrir las necesidades docentes del próximo curso,https://portalinvestigacion.uniovi.es/investigadores/216770/detalle,Pedro Alonso,INSTITUTIONAL,"Pedro Alonso actúa como vicerrector y presenta una planificación al Consejo de Gobierno, sin mencionar actividad investigadora.","El vicerrector de Políticas de Profesorado y Ordenación Académica, Pedro Alonso, ha trasladado al Consejo de Gobierno una planificación para actuar sobre las denominadas áreas críticas.",PEDRO ALONSO VELAZQUEZ
121,La Universidad de Oviedo aprueba la convocatoria de 129 plazas de profesorado para cubrir las necesidades docentes del próximo curso,https://portalinvestigacion.uniovi.es/investigadores/1010273/detalle,Irene Díaz,MIXED,"Irene Díaz es vicerrectora de Investigación y menciona el nuevo reglamento de la Escuela de Doctorado, que implica aspectos de investigación y su implementación.","La vicerrectora de Investigación, Irene Díaz, ha explicado que, con este nuevo reglamento de la Escuela de Doctorado, la Universidad de Oviedo 'busca implementar de forma efectiva estos avances, garantizando una formación doctoral de calidad'.",IRENE DIAZ MARTINEZ
121,La Universidad de Oviedo aprueba la convocatoria de 129 plazas de profesorado para cubrir las necesidades docentes del próximo curso,https://portalinvestigacion.uniovi.es/investigadores/217928/detalle,Juan Manuel Marchante,MIXED,"Juan Manuel Marchante es vicerrector y menciona el nuevo máster, que tiene un enfoque profesional e investigadora.","El vicerrector de Estudios y Docencia, Juan Manuel Marchante, ha señalado que 'este nuevo máster responde a uno de los grandes desafíos de nuestro tiempo y refleja la capacidad de la Universidad de Oviedo para adaptar su oferta académica'.",JUAN MANUEL MARCHANTE GAYON
121,La Universidad de Oviedo aprueba la convocatoria de 129 plazas de profesorado para cubrir las necesidades docentes del próximo curso,https://portalinvestigacion.uniovi.es/investigadores/217775/detalle,Alfonso Joaquín López Muñiz,MIXED,"Alfonso López Muñiz es vicerrector y habla sobre la reforma del reglamento de reconocimiento de créditos, que implica aspectos administrativos y académicos.","El vicerrector de Estudiantes y Empleabilidad, Alfonso López Muñiz, ha explicado que el texto recoge también que los estudiantes constituirán un 25% en todas las comisiones de reconocimiento.",ALFONSO JOAQUIN LOPEZ MUÑIZ
122,PlaBiTe gana los Premios EmprendeXXI en Asturias como la start-up con mayor potencial,https://portalinvestigacion.uniovi.es/investigadores/217811/detalle,Susana Luque,INSTITUTIONAL,"Susana Luque aparece en la noticia como vicerrectora de Transferencia y Relaciones con la Empresa, sin mención a su actividad investigadora.","En la entrega de premios ha estado presente la vicerrectora de Transferencia y Relaciones con la Empresa, Susana Luque.",SUSANA LUQUE RODRIGUEZ
123,Profesores y estudiantes de la Universidad de Oviedo participan en Lituania en el tercer curso piloto del proyecto europeo TEDI,https://portalinvestigacion.uniovi.es/investigadores/216776/detalle,Braulio J. Álvarez,MIXED,Participa como profesor en un proyecto educativo y también se menciona el área de especialización del grupo de investigación al que pertenece.,...área de especialización y reconocido prestigio del grupo de investigación al que pertenecen los profesores de UniOvi participantes el proyecto TEDI...,BRAULIO JOSE ALVAREZ ALVAREZ
124,Investigadores de la Universidad de Oviedo apuntan al valor de la prevención escolar para mejorar la salud mental adolescente,https://portalinvestigacion.uniovi.es/investigadores/216748/detalle,Susana Al-Halabí,RESEARCH,La profesora Susana Al-Halabí culmina su Beca Leonardo con un proyecto de investigación sobre la prevención de la conducta suicida en las aulas asturianas.,"El trabajo se ha desarrollado con la participación voluntaria de seis institutos de educación secundaria de Oviedo, Siero, Nava y Villaviciosa.",SUSANA AL-HALABI DIAZ
124,Investigadores de la Universidad de Oviedo apuntan al valor de la prevención escolar para mejorar la salud mental adolescente,https://portalinvestigacion.uniovi.es/investigadores/220163/detalle,Víctor Martínez-Loredo,RESEARCH,"Los profesores José Errasti y Víctor Martínez-Loredo, del Departamento de Psicología de la Universidad de Oviedo, participaron en el proyecto aportando asesoramiento científico y apoyo en el análisis estadístico de los datos.","Los profesores José Errasti y Víctor Martínez-Loredo, del Departamento de Psicología de la Universidad de Oviedo, participaron en el proyecto aportando asesoramiento científico y apoyo en el análisis estadístico de los datos.",VICTOR MARTINEZ LOREDO
124,Investigadores de la Universidad de Oviedo apuntan al valor de la prevención escolar para mejorar la salud mental adolescente,https://portalinvestigacion.uniovi.es/investigadores/1380611/detalle,Adriana Díez Gómez del Casal,MIXED,"La supervisión del programa fue realizada por esta profesora junto a Adriana Díez Gómez del Casal, de la Universidad de La Rioja. Ambas psicólogas son autoras del programa junto con Alicia Pérez-Albéniz y Eduardo Fonseca-Pedrero, del grupo de investigación PRISMA.","La supervisión del programa fue realizada por esta profesora junto a Adriana Díez Gómez del Casal, de la Universidad de La Rioja.",ADRIANA DIEZ GOMEZ DEL CASAL
124,Investigadores de la Universidad de Oviedo apuntan al valor de la prevención escolar para mejorar la salud mental adolescente,https://portalinvestigacion.uniovi.es/investigadores/219111/detalle,Eduardo Fonseca-Pedrero,MIXED,"Ambas psicólogas son autoras del programa junto con Alicia Pérez-Albéniz y Eduardo Fonseca-Pedrero, del grupo de investigación PRISMA.","Ambas psicólogas son autoras del programa junto con Alicia Pérez-Albéniz y Eduardo Fonseca-Pedrero, del grupo de investigación PRISMA.",ANDREA FERNANDEZ GARCIA
124,Investigadores de la Universidad de Oviedo apuntan al valor de la prevención escolar para mejorar la salud mental adolescente,https://portalinvestigacion.uniovi.es/investigadores/217162/detalle,José Errasti,RESEARCH,"Los profesores José Errasti y Víctor Martínez-Loredo, del Departamento de Psicología de la Universidad de Oviedo, participaron en el proyecto aportando asesoramiento científico y apoyo en el análisis estadístico de los datos.","Los profesores José Errasti y Víctor Martínez-Loredo, del Departamento de Psicología de la Universidad de Oviedo, participaron en el proyecto aportando asesoramiento científico y apoyo en el análisis estadístico de los datos.",JOSE MANUEL ERRASTI PEREZ
126,La Universidad de Oviedo luce la primera escultura de Pablo Serrano en la capital asturiana,https://portalinvestigacion.uniovi.es/investigadores/218536/detalle,Ignacio Villaverde,INSTITUTIONAL,"Ignacio Villaverde aparece como rector de la Universidad de Oviedo, agradeciendo la donación de la escultura y destacando su importancia para la institución y la ciudad.","Ignacio Villaverde, rector de la Universidad de Oviedo, que agradece la generosidad de la fundación, subraya que 'la incorporación de esta escultura supone un hito para nuestra institución y para la ciudad.'",IGNACIO VILLAVERDE MENENDEZ
127,Un estudio de la Universidad de Oviedo refleja que al menos un tercio de la población española no sigue pautas alimentarias saludables,https://portalinvestigacion.uniovi.es/investigadores/217118/detalle,Cecilia Díaz Méndez,RESEARCH,Cecilia Díaz Méndez es parte del grupo de investigación que ha publicado un estudio sobre hábitos alimentarios.,El grupo de investigación en Sociología de la Alimentación (SOCIALIMEN) de la Universidad de Oviedo ha publicado un estudio...,CECILIA DIAZ MENDEZ
127,Un estudio de la Universidad de Oviedo refleja que al menos un tercio de la población española no sigue pautas alimentarias saludables,https://portalinvestigacion.uniovi.es/investigadores/219954/detalle,Ana Isabel García Diez,UNCLEAR,Ana Isabel García Diez no es mencionada en la noticia ni se le atribuye ninguna actividad investigadora.,,ANA ISABEL GARCIA DIEZ
127,Un estudio de la Universidad de Oviedo refleja que al menos un tercio de la población española no sigue pautas alimentarias saludables,https://portalinvestigacion.uniovi.es/investigadores/1095900/detalle,María Isabel García Pérez,UNCLEAR,María Isabel García Pérez no es mencionada en la noticia ni se le atribuye ninguna actividad investigadora.,,MARIA ISABEL GARCIA PEREZ
127,Un estudio de la Universidad de Oviedo refleja que al menos un tercio de la población española no sigue pautas alimentarias saludables,https://portalinvestigacion.uniovi.es/investigadores/220100/detalle,Sonia Otero Estévez,RESEARCH,Sonia Otero Estévez es parte del grupo de investigación que ha publicado un estudio sobre hábitos alimentarios.,"Cecilia Díaz Méndez, Isabel García Espejo y Sonia Otero Estévez firman uno de los capítulos del II Informe Ecosocial...",SONIA OTERO ESTEVEZ
127,Un estudio de la Universidad de Oviedo refleja que al menos un tercio de la población española no sigue pautas alimentarias saludables,https://portalinvestigacion.uniovi.es/investigadores/217576/detalle,María Isabel García Espejo,RESEARCH,María Isabel García Espejo es parte del grupo de investigación que ha publicado un estudio sobre hábitos alimentarios.,"Cecilia Díaz Méndez, Isabel García Espejo y Sonia Otero Estévez firman uno de los capítulos del II Informe Ecosocial...",MARIA ISABEL GARCIA ESPEJO
128,La Universidad de Oviedo ensaya el gran eclipse total de agosto con una observación abierta a la sociedad este 29 de abril,https://portalinvestigacion.uniovi.es/investigadores/218536/detalle,IGNACIO VILLAVERDE MENENDEZ,INSTITUTIONAL,"Ignacio Villaverde aparece como rector de la Universidad de Oviedo, lo que indica su rol institucional.","El evento comenzará a las 19:00 horas, con unas palabras de bienvenida de Ignacio Villaverde, rector de la Universidad de Oviedo.",IGNACIO VILLAVERDE MENENDEZ
128,La Universidad de Oviedo ensaya el gran eclipse total de agosto con una observación abierta a la sociedad este 29 de abril,https://portalinvestigacion.uniovi.es/investigadores/1010273/detalle,IRENE DIAZ MARTINEZ,INSTITUTIONAL,"Irene Díaz es mencionada como vicerrectora de Investigación, lo que la clasifica en un rol institucional.","Irene Díaz, vicerrectora de Investigación destaca que 'este ensayo supone una excelente oportunidad para acercar la ciencia a la sociedad...'",IRENE DIAZ MARTINEZ
128,La Universidad de Oviedo ensaya el gran eclipse total de agosto con una observación abierta a la sociedad este 29 de abril,https://portalinvestigacion.uniovi.es/investigadores/217196/detalle,FRANCISCO JAVIER DE COS JUEZ,MIXED,"Javier de Cos es director del instituto y también ofrece explicaciones sobre el fenómeno astronómico, combinando roles institucionales y de investigación.",Javier de Cos subraya el valor práctico de la iniciativa: 'El 29 de abril podremos comprobar sobre el terreno aspectos fundamentales...',FRANCISCO JAVIER DE COS JUEZ
128,La Universidad de Oviedo ensaya el gran eclipse total de agosto con una observación abierta a la sociedad este 29 de abril,https://portalinvestigacion.uniovi.es/investigadores/1010273/detalle,NOEMI PINILLA-ALONSO,MIXED,"Noemí Pinilla-Alonso es investigadora y también participa en la divulgación del evento, mostrando tanto su rol investigativo como institucional.",Noemí Pinilla-Alonso incide en la importancia de la divulgación científica: 'Queremos que la gente no solo observe el eclipse...',IRENE DIAZ MARTINEZ
128,La Universidad de Oviedo ensaya el gran eclipse total de agosto con una observación abierta a la sociedad este 29 de abril,https://portalinvestigacion.uniovi.es/investigadores/218464/detalle,MARIA PAZ SUAREZ COALLA,UNCLEAR,No hay menciones específicas sobre la participación o rol de María Paz Suárez en la noticia.,,MARIA PAZ SUAREZ COALLA
128,La Universidad de Oviedo ensaya el gran eclipse total de agosto con una observación abierta a la sociedad este 29 de abril,https://portalinvestigacion.uniovi.es/investigadores/217124/detalle,SUSANA IRENE DIAZ RODRIGUEZ,UNCLEAR,No hay menciones específicas sobre la participación o rol de Susana Irene Díaz en la noticia.,,SUSANA IRENE DIAZ RODRIGUEZ
129,Villaverde defiende un cambio de modelo en la movilidad académica hacia alianzas más estructuradas y equitativas,https://portalinvestigacion.uniovi.es/investigadores/218536/detalle,Ignacio Villaverde Menéndez,MIXED,El rector aborda tanto aspectos institucionales de la movilidad académica como su impacto en la investigación y la cooperación académica.,"Villaverde ha defendido que mantener el modelo tradicional basado en intercambios bilaterales supone un estancamiento. 'Si el resultado de estos espacios es mantenernos en el estándar del siglo XX... no hemos avanzado nada'. En su opinión, la internacionalización universitaria debe apoyarse en alianzas estratégicas que permitan integrar docencia, investigación y transferencia de conocimiento.",IGNACIO VILLAVERDE MENENDEZ
130,La Universidad de Oviedo lucirá en su edificio de la calle Independencia la primera escultura de Pablo Serrano en la capital asturiana,https://portalinvestigacion.uniovi.es/investigadores/218536/detalle,Ignacio Villaverde,INSTITUTIONAL,"Ignacio Villaverde aparece como rector de la Universidad de Oviedo, agradeciendo la donación y hablando sobre el impacto cultural de la escultura en la institución.","Ignacio Villaverde, rector de la Universidad de Oviedo, que agradece la generosidad de la fundación, subraya que 'la incorporación de esta escultura supone un hito para nuestra institución y para la ciudad.'",IGNACIO VILLAVERDE MENENDEZ
131,"Las universidades del G-9 analizan en Palma cambios en la docencia, la evaluación y la ordenación académica",https://portalinvestigacion.uniovi.es/investigadores/217928/detalle,Juan Manuel Marchante,RESEARCH,Presentó los resultados del análisis de la docencia que están realizando.,"Juan Manuel Marchante, Vicerrector de Estudios y Docencia de la Universidad de Oviedo, ha presentado los resultados del análisis de la docencia que están realizando.",JUAN MANUEL MARCHANTE GAYON
132,"La Universidad de Oviedo lleva la cultura, la ciencia y el conocimiento a los concejos asturianos con su programa Cultura Cercana",https://portalinvestigacion.uniovi.es/investigadores/1010407/detalle,Enrique Rodríguez Nuño,INSTITUTIONAL,"Enrique Rodríguez Nuño aparece como director general y su intervención se centra en el acceso a la cultura y su impacto social, sin mencionar actividad investigadora.","Por su parte, Rodríguez Nuño ha explicado que el acceso a la cultura rompe barreras de aislamiento, mejora la calidad de vida y promueve un envejecimiento activo, digno y saludable.",ENRIQUE JOSE RODRIGUEZ MARTIN
132,"La Universidad de Oviedo lleva la cultura, la ciencia y el conocimiento a los concejos asturianos con su programa Cultura Cercana",https://portalinvestigacion.uniovi.es/investigadores/1010407/detalle,Marta Mateo,INSTITUTIONAL,"Marta Mateo es mencionada como vicerrectora y su discurso se enfoca en el papel de la universidad en la cultura y la cohesión social, sin referencia a su actividad investigadora.",Marta Mateo ha destacado que Cultura Cercana refleja la vocación de la Universidad de Oviedo de estar presente en el territorio y en la vida de las personas.,ENRIQUE JOSE RODRIGUEZ MARTIN
133,Las láminas didácticas de la Cátedra de Cambio Climático se alzan con un premio internacional de ilustración,https://portalinvestigacion.uniovi.es/investigadores/217570/detalle,LAURA GARCIA DE LA FUENTE,RESEARCH,Participó en la elaboración de materiales didácticos que abordan fundamentos científicos del cambio climático.,"...un equipo interdisciplinar de la Cátedra, encargado de aportar la base científica y técnica de cada tema y de validar los resultados finales.",LAURA GARCIA DE LA FUENTE
133,Las láminas didácticas de la Cátedra de Cambio Climático se alzan con un premio internacional de ilustración,https://portalinvestigacion.uniovi.es/investigadores/1301843/detalle,ISABEL MARTINEZ PEREZ,RESEARCH,Formó parte del equipo que validó los resultados finales de las láminas didácticas sobre cambio climático.,"...un equipo interdisciplinar de la Cátedra, encargado de aportar la base científica y técnica de cada tema y de validar los resultados finales.",ISABEL MARTINEZ PEREZ
133,Las láminas didácticas de la Cátedra de Cambio Climático se alzan con un premio internacional de ilustración,https://portalinvestigacion.uniovi.es/investigadores/219096/detalle,PEDRO ARCOS GONZÁLEZ,RESEARCH,Contribuyó a la base científica del proyecto de láminas didácticas sobre cambio climático.,"...un equipo interdisciplinar de la Cátedra, encargado de aportar la base científica y técnica de cada tema y de validar los resultados finales.",PEDRO ARCOS GONZÁLEZ
133,Las láminas didácticas de la Cátedra de Cambio Climático se alzan con un premio internacional de ilustración,https://portalinvestigacion.uniovi.es/investigadores/218149/detalle,JOSE MANUEL RICO ORDAS,RESEARCH,Participó en la validación de los resultados finales de las láminas didácticas sobre cambio climático.,"...un equipo interdisciplinar de la Cátedra, encargado de aportar la base científica y técnica de cada tema y de validar los resultados finales.",JOSE MANUEL RICO ORDAS
133,Las láminas didácticas de la Cátedra de Cambio Climático se alzan con un premio internacional de ilustración,https://portalinvestigacion.uniovi.es/investigadores/216996/detalle,ARTURO COLINA VUELTA,RESEARCH,Formó parte del equipo que validó los resultados finales de las láminas didácticas sobre cambio climático.,"...un equipo interdisciplinar de la Cátedra, encargado de aportar la base científica y técnica de cada tema y de validar los resultados finales.",ARTURO COLINA VUELTA
133,Las láminas didácticas de la Cátedra de Cambio Climático se alzan con un premio internacional de ilustración,https://portalinvestigacion.uniovi.es/investigadores/218040/detalle,ICARO OBESO MUÑIZ,RESEARCH,Contribuyó a la base científica del proyecto de láminas didácticas sobre cambio climático.,"...un equipo interdisciplinar de la Cátedra, encargado de aportar la base científica y técnica de cada tema y de validar los resultados finales.",ICARO OBESO MUÑIZ
133,Las láminas didácticas de la Cátedra de Cambio Climático se alzan con un premio internacional de ilustración,https://portalinvestigacion.uniovi.es/investigadores/218150/detalle,MANUEL RICO SECADES,UNCLEAR,No se menciona su contribución específica en el contexto del proyecto de láminas didácticas.,No hay evidencia suficiente sobre su rol en la noticia.,MANUEL RICO SECADES
133,Las láminas didácticas de la Cátedra de Cambio Climático se alzan con un premio internacional de ilustración,https://portalinvestigacion.uniovi.es/investigadores/217903/detalle,DANIEL HERRERA ARENAS,RESEARCH,Participó en la validación de los resultados finales de las láminas didácticas sobre cambio climático.,"...un equipo interdisciplinar de la Cátedra, encargado de aportar la base científica y técnica de cada tema y de validar los resultados finales.",DANIEL HERRERA ARENAS
133,Las láminas didácticas de la Cátedra de Cambio Climático se alzan con un premio internacional de ilustración,https://portalinvestigacion.uniovi.es/investigadores/219660/detalle,ANTONIO TORRALBA BURRIAL,RESEARCH,Contribuyó a la base científica del proyecto de láminas didácticas sobre cambio climático.,"...un equipo interdisciplinar de la Cátedra, encargado de aportar la base científica y técnica de cada tema y de validar los resultados finales.",ANTONIO TORRALBA BURRIAL
134,La Defensoría Universitaria de la Universidad de Oviedo superó las 300 actuaciones durante el año pasado,https://portalinvestigacion.uniovi.es/investigadores/218539/detalle,Isabel Viña,MIXED,"Isabel Viña actúa como defensora universitaria, presentando un informe que incluye tanto aspectos institucionales como intervenciones relacionadas con la defensa de derechos en el ámbito académico.","Según explica la defensora, Isabel Viña, “el aumento de casos responde principalmente al impacto positivo del acuerdo establecido con el Consejo de Estudiantes...""",MARIA ISABEL VIÑA OLAY
134,La Defensoría Universitaria de la Universidad de Oviedo superó las 300 actuaciones durante el año pasado,https://portalinvestigacion.uniovi.es/investigadores/217169/detalle,Ángel Espiniella,INSTITUTIONAL,"Ángel Espiniella aparece en la noticia como secretario general, explicando aspectos del nuevo reglamento, lo que lo clasifica como un rol institucional.","“El reglamento es fruto de un amplio proceso participativo de la comunidad universitaria, que ha precedido a su aprobación”, ha explicado el secretario general, Ángel Espiniella.",ANGEL ESPINIELLA MENENDEZ
135,La Universidad de Oviedo acerca el patrimonio cultural a la sociedad con visitas guiadas gratuitas en el Día Internacional de los Monumentos y los Sitios,https://portalinvestigacion.uniovi.es/investigadores/216950/detalle,PEDRO DOMINGO ALVAREZ LLORET,UNCLEAR,No se menciona ninguna actividad investigadora o institucional relacionada con Pedro Domingo Álvarez Lloret en la noticia.,No se menciona a Pedro Domingo Álvarez Lloret en el texto.,PEDRO DOMINGO ALVAREZ LLORET
136,"Alcón destaca el papel de las alianzas y la internacionalización en el futuro de la universidad en la presentación de ""Universidad 2026""",https://portalinvestigacion.uniovi.es/investigadores/218801/detalle,Francisco García Pascual,INSTITUTIONAL,"Francisco García Pascual aparece en la noticia como secretario general de Universidades, lo que indica su rol institucional.","participaron el secretario general de Universidades, Francisco García Pascual;",FRANCISCO GARCIA RIESGO
137,La Universidad de Oviedo impulsa su proyección cultural con una edición extendida del Festival musicUO,https://portalinvestigacion.uniovi.es/investigadores/2354774/detalle,Ramón Sobrino Cortizo,RESEARCH,"Se menciona como catedrático de Musicología y director del ciclo, lo que implica actividad investigadora.","Ramón Sobrino, catedrático de Musicología y director del ciclo.",RAMON SOBRINO CORTIZO
137,La Universidad de Oviedo impulsa su proyección cultural con una edición extendida del Festival musicUO,https://portalinvestigacion.uniovi.es/investigadores/218442/detalle,Ramón Sobrino Sánchez,RESEARCH,"Se menciona como guía de paseos musicales y su implicación en el festival, lo que indica actividad investigadora.",Guiado por Ramón Sobrino Sánchez.,RAMON SOBRINO SANCHEZ
137,La Universidad de Oviedo impulsa su proyección cultural con una edición extendida del Festival musicUO,https://portalinvestigacion.uniovi.es/investigadores/219637/detalle,María Sanhuesa Fonseca,RESEARCH,"Se menciona su colaboración en un homenaje a Benito Jerónimo Feijoo, lo que sugiere actividad investigadora en el contexto del festival.",con la colaboración de María Sanhuesa Fonseca.,MARIA SANHUESA FONSECA
137,La Universidad de Oviedo impulsa su proyección cultural con una edición extendida del Festival musicUO,https://portalinvestigacion.uniovi.es/investigadores/218413/detalle,Marta Mateo,INSTITUTIONAL,"Se menciona como vicerrectora de Extensión Universitaria y Proyección Cultural, representando a la institución.","Marta Mateo, vicerrectora de Extensión Universitaria y Proyección Cultural.",MARIA LETICIA SANTOS VIJANDE
137,La Universidad de Oviedo impulsa su proyección cultural con una edición extendida del Festival musicUO,https://portalinvestigacion.uniovi.es/investigadores/218311/detalle,Pedro Plasencia,UNCLEAR,No se proporciona información suficiente sobre su rol en la noticia.,No se menciona su actividad investigadora ni su rol institucional.,PEDRO PLASENCIA LOZANO
137,La Universidad de Oviedo impulsa su proyección cultural con una edición extendida del Festival musicUO,https://portalinvestigacion.uniovi.es/investigadores/218495/detalle,Pablo Zapico García,UNCLEAR,No se proporciona información suficiente sobre su rol en la noticia.,No se menciona su actividad investigadora ni su rol institucional.,PABLO ZAPICO GARCIA
137,La Universidad de Oviedo impulsa su proyección cultural con una edición extendida del Festival musicUO,https://portalinvestigacion.uniovi.es/investigadores/216887/detalle,Javier de Andrés Suárez,UNCLEAR,No se proporciona información suficiente sobre su rol en la noticia.,No se menciona su actividad investigadora ni su rol institucional.,JAVIER DE ANDRES SUAREZ
137,La Universidad de Oviedo impulsa su proyección cultural con una edición extendida del Festival musicUO,https://portalinvestigacion.uniovi.es/investigadores/216929/detalle,David Álvarez Fernández,UNCLEAR,No se proporciona información suficiente sobre su rol en la noticia.,No se menciona su actividad investigadora ni su rol institucional.,DAVID ALVAREZ FERNANDEZ
137,La Universidad de Oviedo impulsa su proyección cultural con una edición extendida del Festival musicUO,https://portalinvestigacion.uniovi.es/investigadores/219098/detalle,David Álvarez García,UNCLEAR,No se proporciona información suficiente sobre su rol en la noticia.,No se menciona su actividad investigadora ni su rol institucional.,DAVID ALVAREZ GARCIA
138,La alianza INGENIUM supera su primera evaluación internacional que destaca su potencial transformador y solidez cultural,https://portalinvestigacion.uniovi.es/investigadores/218536/detalle,Ignacio Villaverde,MIXED,"Villaverde actúa como rector y también menciona el enfoque de la alianza y las líneas de financiación, lo que implica un rol institucional, pero también se refiere a la mejora de la gestión y el futuro reglamento, lo que sugiere un interés en la investigación y desarrollo académico.","Villaverde ha explicado que las recomendaciones 'van en sintonía con el nuevo enfoque que hemos dado a la alianza, con las recientes líneas de financiación presentadas, con el plan de transformación y con el futuro reglamento INGENIUM de la Universidad.'",IGNACIO VILLAVERDE MENENDEZ
139,La Sala de Exposiciones de la Universidad de Oviedo invita a la reflexión a través del arte contemporáneo brasileño,https://portalinvestigacion.uniovi.es/investigadores/1095823/detalle,RODRIGO CUETO GARCIA,UNCLEAR,No se menciona su actividad investigadora ni su rol institucional en la noticia.,No se menciona en el texto.,RODRIGO CUETO GARCIA
139,La Sala de Exposiciones de la Universidad de Oviedo invita a la reflexión a través del arte contemporáneo brasileño,https://portalinvestigacion.uniovi.es/investigadores/219413/detalle,PEDRO GONZALEZ MENENDEZ,UNCLEAR,No se menciona su actividad investigadora ni su rol institucional en la noticia.,No se menciona en el texto.,PEDRO GONZALEZ MENENDEZ
139,La Sala de Exposiciones de la Universidad de Oviedo invita a la reflexión a través del arte contemporáneo brasileño,https://portalinvestigacion.uniovi.es/investigadores/219809/detalle,SILVIA MEDINA QUINTANA,MIXED,"Silvia Medina es mencionada como galerista y coordinadora local, lo que implica un rol institucional, pero también está involucrada en la producción del proyecto artístico, lo que sugiere una dimensión investigadora.","la galerista y coordinadora local, Silvia Medina, y la productora ejecutiva del proyecto, Malu da Cunha, que interviene en nombre de los artistas.",SILVIA MEDINA QUINTANA
140,Una investigación de la Universidad de Oviedo revela que las empresas europeas aún ocultan gran parte de su impacto ambiental,https://portalinvestigacion.uniovi.es/investigadores/217791/detalle,Pedro Lorca Fernández,RESEARCH,"El investigador menciona el marco regulatorio y su impacto en la divulgación ambiental, lo que indica su participación en la investigación.","""El marco regulatorio ha supuesto un impulso relevante, pero no garantiza por sí solo niveles elevados de divulgación"".",PEDRO LORCA FERNANDEZ
140,Una investigación de la Universidad de Oviedo revela que las empresas europeas aún ocultan gran parte de su impacto ambiental,https://portalinvestigacion.uniovi.es/investigadores/216887/detalle,Javier de Andrés Suárez,RESEARCH,"El investigador discute las diferencias entre países y su influencia en la divulgación ambiental, lo que refleja su implicación en el estudio.","""Las diferencias entre países ponen de manifiesto que la regulación común convive con realidades institucionales diversas que siguen influyendo en el comportamiento empresarial"".",JAVIER DE ANDRES SUAREZ
141,La alianza INGENIUM se somete en Oviedo a su primera evaluación internacional,https://portalinvestigacion.uniovi.es/investigadores/218536/detalle,Ignacio Villaverde,INSTITUTIONAL,Ignacio Villaverde participa como rector en actividades institucionales relacionadas con la evaluación de la alianza INGENIUM.,El rector Ignacio Villaverde participará en varias de las actividades diseñadas a lo largo de la semana.,IGNACIO VILLAVERDE MENENDEZ
142,Ingenieros españoles y británicos prueban con éxito un sistema híbrido de energía solar y fuentes nucleares para alimentar misiones espaciales,https://portalinvestigacion.uniovi.es/investigadores/217321/detalle,Pablo Fernández Miaja,RESEARCH,"Pablo Fernández Miaja explica el desarrollo de un sistema híbrido de energía, lo que indica su participación en la actividad investigadora.","Pablo Fernández Miaja, profesor de la Universidad de Oviedo, explica que, al agrupar la experiencia del Reino Unido en generadores termoeléctricos de radioisótopos (RTGs) con la de la Universidad de Oviedo en electrónica de potencia...",PABLO FERNANDEZ MIAJA
143,El Museo de la Ciencia de Valladolid instala en su exposición permanente la primera tabla periódica del mundo en lengua de signos,https://portalinvestigacion.uniovi.es/investigadores/218778/detalle,Javier Martín Antón,RESEARCH,"El texto menciona que Javier Martín Antón es responsable de la traducción de la tabla periódica a lengua de signos, lo que implica una actividad investigadora.","...los investigadores del Departamento de Ciencias de la Educación de la Universidad de Oviedo y responsables de la traducción, Aránzazu Valdés González y Javier Martín Antón...",JAVIER MARTIN SANCHEZ
144,La alianza europea INGENIUM pondrá en marcha el próximo curso académico su primer máster oficial,https://portalinvestigacion.uniovi.es/investigadores/218536/detalle,IGNACIO VILLAVERDE MENENDEZ,INSTITUTIONAL,Ignacio Villaverde aparece como rector y su intervención se centra en la representación institucional y la aprobación de un nuevo máster.,El rector Ignacio Villaverde destaca que la aprobación de este título conjunto marca un hito estratégico.,IGNACIO VILLAVERDE MENENDEZ
144,La alianza europea INGENIUM pondrá en marcha el próximo curso académico su primer máster oficial,https://portalinvestigacion.uniovi.es/investigadores/217928/detalle,JUAN MANUEL MARCHANTE GAYON,MIXED,"Juan Manuel Marchante actúa como vicerrector y también proporciona detalles sobre el máster, lo que implica tanto un rol institucional como investigativo.","El vicerrector de Estudios y Docencia, Juan Manuel Marchante, ""está en la actualidad siendo evaluado por la agencia de calidad rumana"".",JUAN MANUEL MARCHANTE GAYON
144,La alianza europea INGENIUM pondrá en marcha el próximo curso académico su primer máster oficial,https://portalinvestigacion.uniovi.es/investigadores/1010273/detalle,IRENE DIAZ MARTINEZ,MIXED,"Irene Díaz es vicerrectora y menciona iniciativas que involucran la investigación, lo que muestra su rol tanto institucional como en el ámbito de la investigación.","“Esta iniciativa permitirá la incorporación de nuevos investigadores e investigadoras en formación, que desarrollarán sus tesis doctorales en el seno de la institución durante cuatro años"".",IRENE DIAZ MARTINEZ
144,La alianza europea INGENIUM pondrá en marcha el próximo curso académico su primer máster oficial,https://portalinvestigacion.uniovi.es/investigadores/217775/detalle,ALFONSO JOAQUIN LOPEZ MUÑIZ,INSTITUTIONAL,"Alfonso López Muñiz actúa como vicerrector y su intervención se centra en la regulación del acceso del estudiantado, lo que es un rol institucional.","El vicerrector de Estudiantes y Empleabilidad, Alfonso López Muñiz, ha señalado que, en la convocatoria ordinaria (Fase A)...",ALFONSO JOAQUIN LOPEZ MUÑIZ
144,La alianza europea INGENIUM pondrá en marcha el próximo curso académico su primer máster oficial,https://portalinvestigacion.uniovi.es/investigadores/216770/detalle,PEDRO ALONSO VELAZQUEZ,INSTITUTIONAL,"Pedro Alonso actúa como vicerrector y su intervención se centra en la propuesta de reglamento, lo que es un rol institucional.","Tal y como ha explicado el vicerrector de Políticas de Profesorado y Ordenación Académica, Pedro Alonso, ""en este marco normativo, la universidad podrá nombrar..."".",PEDRO ALONSO VELAZQUEZ
146,CRUE celebra su primera Asamblea General del año en Baleares con el reto de redefinir la financiación de las universidades públicas,https://portalinvestigacion.uniovi.es/investigadores/218536/detalle,IGNACIO VILLAVERDE MENENDEZ,INSTITUTIONAL,"Ignacio Villaverde aparece como rector de la Universidad de Oviedo, sin mención a su actividad investigadora.","En nombre de la Universidad de Oviedo ha asistido Ignacio Villaverde, el rector.",IGNACIO VILLAVERDE MENENDEZ
146,CRUE celebra su primera Asamblea General del año en Baleares con el reto de redefinir la financiación de las universidades públicas,https://portalinvestigacion.uniovi.es/investigadores/218481/detalle,JOSE ANTONIO VEGA ALVAREZ,UNCLEAR,"No se menciona a Jose Antonio Vega en la noticia, por lo que no hay evidencia suficiente para clasificar su rol.",,JOSE ANTONIO VEGA ALVAREZ
147,Nueve de cada diez adolescentes asturianos consumen bebidas azucaradas de forma habitual u ocasional,https://portalinvestigacion.uniovi.es/investigadores/1010280/detalle,Lucia Fernández Arce,RESEARCH,"La investigadora está asociada a un estudio sobre el consumo de bebidas azucaradas entre adolescentes, lo que implica actividad investigadora real.",El estudio revela además que el consumo comienza a edades muy tempranas y aumenta progresivamente con la edad hasta el punto de convertirse en un problema emergente de salud pública.,LUCIA FERNANDEZ ARCE
147,Nueve de cada diez adolescentes asturianos consumen bebidas azucaradas de forma habitual u ocasional,https://portalinvestigacion.uniovi.es/investigadores/217949/detalle,Rubén Martín Payo,RESEARCH,"El investigador es parte del equipo que realizó el estudio sobre el consumo de bebidas azucaradas, lo que indica su participación en actividad investigadora.","Los resultados ponen de manifiesto la urgencia de actuar de forma coordinada desde el ámbito educativo, sanitario e institucional para frenar una tendencia que ya está ampliamente extendida entre los jóvenes.",RUBEN MARTIN PAYO
147,Nueve de cada diez adolescentes asturianos consumen bebidas azucaradas de forma habitual u ocasional,https://portalinvestigacion.uniovi.es/investigadores/217019/detalle,María del Mar Fernández Álvarez,RESEARCH,"La investigadora está involucrada en el estudio que analiza el consumo de bebidas azucaradas, lo que refleja su actividad investigadora.","El trabajo evidencia que el consumo de este tipo de productos no se limita a momentos puntuales, sino que está plenamente integrado en la vida cotidiana de los adolescentes.",MARIA DEL MAR FERNANDEZ ALVAREZ
147,Nueve de cada diez adolescentes asturianos consumen bebidas azucaradas de forma habitual u ocasional,https://portalinvestigacion.uniovi.es/investigadores/217505/detalle,Carolina Fernández Rodríguez,UNCLEAR,No hay evidencia suficiente en la noticia que indique su rol específico en la investigación o en la institución.,,CAROLINA FERNANDEZ RODRIGUEZ
149,Un estudio internacional revela que las aves de montaña son únicas y especialmente vulnerables al cambio climático,https://portalinvestigacion.uniovi.es/investigadores/219065/detalle,TERESA MORAN LOPEZ,UNCLEAR,"No se menciona a Teresa Moran López en el texto de la noticia, por lo que no hay evidencia suficiente para clasificar su rol.",,TERESA MORAN LOPEZ
151,La Universidad de Oviedo avanza en su nuevo modelo de docencia para afrontar los desafíos formativos del siglo XXI,https://portalinvestigacion.uniovi.es/investigadores/218536/detalle,IGNACIO VILLAVERDE MENENDEZ,INSTITUTIONAL,Ignacio Villaverde aparece como rector y representante institucional en el contexto de la presentación del informe.,...el compromiso adquirido por el equipo de gobierno que encabeza el rector Ignacio Villaverde para su segundo mandato.,IGNACIO VILLAVERDE MENENDEZ
151,La Universidad de Oviedo avanza en su nuevo modelo de docencia para afrontar los desafíos formativos del siglo XXI,https://portalinvestigacion.uniovi.es/investigadores/217928/detalle,JUAN MANUEL MARCHANTE GAYON,MIXED,"Juan Manuel Marchante es vicerrector y también destaca la importancia de la calidad de la docencia, lo que implica un enfoque en la innovación educativa.","Marchante ha subrayado que el objetivo es 'consolidar un modelo docente más flexible, innovador y centrado en el aprendizaje del estudiantado...'.",JUAN MANUEL MARCHANTE GAYON
153,La mayoría de los universitarios fallan al distinguir noticias científicas verdaderas y falsas publicadas en redes sociales,https://portalinvestigacion.uniovi.es/investigadores/218756/detalle,Nerea López Bouzas,RESEARCH,"La investigadora menciona la necesidad de reforzar la alfabetización mediática y científica, lo que indica su implicación en la investigación sobre el tema.",la difusión de información científica en redes sociales y medios digitales exige reforzar la alfabetización mediática y científica del alumnado,NEREA LOPEZ BOUZAS
153,La mayoría de los universitarios fallan al distinguir noticias científicas verdaderas y falsas publicadas en redes sociales,https://portalinvestigacion.uniovi.es/investigadores/219556/detalle,M. Carmen Bellver Moreno,RESEARCH,"La investigadora subraya la importancia de incorporar estrategias en la enseñanza de las ciencias, lo que refleja su participación en la investigación.",los resultados ponen de manifiesto la importancia de incorporar en la enseñanza de las ciencias estrategias que ayuden al alumnado a analizar críticamente la información,MARIA CARMEN BELLVER MORENO
153,La mayoría de los universitarios fallan al distinguir noticias científicas verdaderas y falsas publicadas en redes sociales,https://portalinvestigacion.uniovi.es/investigadores/217246/detalle,Jonathan Castañeda Fernández,RESEARCH,"El investigador comenta sobre la persuasión de argumentos coherentes sin respaldo científico, lo que indica su rol en la investigación.","la apariencia de un argumento coherente puede resultar muy persuasiva, incluso cuando la información no está respaldada por evidencias científicas",JONATHAN CASTAÑEDA FERNANDEZ
154,Las insignias de oro y plata de la Universidad de Oviedo reconocen el compromiso del personal que alcanza la jubilación tras varias décadas de trabajo,https://portalinvestigacion.uniovi.es/investigadores/218536/detalle,IGNACIO VILLAVERDE MENENDEZ,INSTITUTIONAL,Ignacio Villaverde aparece como rector y representante institucional en la ceremonia de reconocimiento al personal jubilado.,El rector Ignacio Villaverde ha querido agradecer el compromiso de las 93 personas reconocidas este lunes en el acto Marita Aragón.,IGNACIO VILLAVERDE MENENDEZ
154,Las insignias de oro y plata de la Universidad de Oviedo reconocen el compromiso del personal que alcanza la jubilación tras varias décadas de trabajo,https://portalinvestigacion.uniovi.es/investigadores/217463/detalle,PABLO GARCIA VALDES,UNCLEAR,No hay evidencia suficiente en la noticia que relacione a Pablo García Valdés con la actividad investigadora o institucional en el contexto de la ceremonia.,,PABLO GARCIA VALDES
155,"El rector inaugura la exposición “Lángara, el señor de los goles”",https://portalinvestigacion.uniovi.es/investigadores/218536/detalle,IGNACIO VILLAVERDE MENENDEZ,INSTITUTIONAL,"Ignacio Villaverde aparece como rector inaugurando una exposición, sin mención a actividad investigadora.","El rector de la Universidad de Oviedo, Ignacio Villaverde, ha inaugurado esta mañana la exposición Lángara, el señor de los goles.",IGNACIO VILLAVERDE MENENDEZ
155,"El rector inaugura la exposición “Lángara, el señor de los goles”",https://portalinvestigacion.uniovi.es/investigadores/217503/detalle,FRANCISCO JAVIER FERNANDEZ RIO,INSTITUTIONAL,"Francisco Javier Fernández Río es mencionado como director del área de Deportes, lo que indica un rol institucional.","Villaverde, acompañado por el director del área de Deportes de la Universidad, Javier Fernández Río.",FRANCISCO JAVIER FERNANDEZ RIO
156,Investigadores de la Universidad de Oviedo revelan la falta de programas para abordar el tabaquismo en personas con discapacidad intelectual,https://portalinvestigacion.uniovi.es/investigadores/1301794/detalle,ELENA AMALIA UDEANU,MIXED,La investigadora participa en la investigación sobre el tabaquismo en personas con discapacidad intelectual y también se menciona su rol en la coautoría de los estudios.,"...la investigadora de la Universidad de Oviedo Amalia Udeanu, cofirmante de los estudios, subraya que...",ELENA AMALIA UDEANU
156,Investigadores de la Universidad de Oviedo revelan la falta de programas para abordar el tabaquismo en personas con discapacidad intelectual,https://portalinvestigacion.uniovi.es/investigadores/217579/detalle,GLORIA GARCIA FERNANDEZ,MIXED,"La investigadora principal del proyecto, que aporta datos y recomendaciones, también representa a la institución al ser mencionada en el contexto de la investigación.","...indica la investigadora principal del proyecto, Gloria García Fernández, de la Universidad de Oviedo.",GLORIA GARCIA FERNANDEZ
157,"La estudiante asturiana Raquel Hidalgo Suárez, del IES Aramo (Oviedo), logra la medalla de bronce en la Olimpiada Española de Biología",https://portalinvestigacion.uniovi.es/investigadores/217704/detalle,Eva Martínez,INSTITUTIONAL,Coordina la fase local de la Olimpiada de Biología en la Universidad de Oviedo.,"La fase local de la Olimpiada de Biología está coordinada en la Universidad de Oviedo por los profesores Eva Martínez, Candela Cuesta y Eduardo Cires.",EVA MARTINEZ PINILLA
157,"La estudiante asturiana Raquel Hidalgo Suárez, del IES Aramo (Oviedo), logra la medalla de bronce en la Olimpiada Española de Biología",https://portalinvestigacion.uniovi.es/investigadores/217078/detalle,Candela Cuesta,INSTITUTIONAL,Coordina la fase local de la Olimpiada de Biología en la Universidad de Oviedo.,"La fase local de la Olimpiada de Biología está coordinada en la Universidad de Oviedo por los profesores Eva Martínez, Candela Cuesta y Eduardo Cires.",CANDELA CUESTA MOLINER
157,"La estudiante asturiana Raquel Hidalgo Suárez, del IES Aramo (Oviedo), logra la medalla de bronce en la Olimpiada Española de Biología",https://portalinvestigacion.uniovi.es/investigadores/216992/detalle,Eduardo Cires,INSTITUTIONAL,Coordina la fase local de la Olimpiada de Biología en la Universidad de Oviedo.,"La fase local de la Olimpiada de Biología está coordinada en la Universidad de Oviedo por los profesores Eva Martínez, Candela Cuesta y Eduardo Cires.",EDUARDO CIRES RODRIGUEZ
158,Los profesores de la Universidad de Oviedo Celestino Rodríguez y Marisol Cueli logran el premio Samuel Kirk al mejor artículo internacional sobre dificultades de aprendizaje,https://portalinvestigacion.uniovi.es/investigadores/218643/detalle,Celestino Rodríguez,RESEARCH,"El profesor Celestino Rodríguez es reconocido por su trabajo de investigación que ha sido premiado, lo que indica su actividad investigadora.","Los profesores de la Universidad de Oviedo Celestino Rodríguez y Marisol Cueli, integrantes del grupo de investigación en Aprendizaje Escolar, Dificultades y Rendimiento Académico (ADIR), han sido distinguidos con el premio Samuel Kirk al mejor artículo de investigación.",CELESTINO RODRIGUEZ PEREZ
159,La Universidad de Oviedo registra un récord de ofertas laborales en el Foro de Empleo con 175 puestos para 44 empresas,https://portalinvestigacion.uniovi.es/investigadores/218536/detalle,IGNACIO VILLAVERDE MENENDEZ,INSTITUTIONAL,Villaverde aparece como rector y su intervención se centra en el papel institucional del Foro de Empleo.,El rector asegura en la inauguración que este encuentro es una herramienta clave para conectar al alumnado universitario con oportunidades reales.,IGNACIO VILLAVERDE MENENDEZ
159,La Universidad de Oviedo registra un récord de ofertas laborales en el Foro de Empleo con 175 puestos para 44 empresas,https://portalinvestigacion.uniovi.es/investigadores/217775/detalle,ALFONSO JOAQUIN LOPEZ MUÑIZ,INSTITUTIONAL,López Muñiz es mencionado como vicerrector y su papel es representativo en el evento.,"ha participado esta mañana en la inauguración acompañado por el vicerrector de Estudiantes y Empleabilidad, Alfonso López Muñiz.",ALFONSO JOAQUIN LOPEZ MUÑIZ
159,La Universidad de Oviedo registra un récord de ofertas laborales en el Foro de Empleo con 175 puestos para 44 empresas,https://portalinvestigacion.uniovi.es/investigadores/220173/detalle,SANTIAGO ALFONSO LOPEZ NAVIA,UNCLEAR,No se menciona su rol ni contribuciones en la noticia.,,SANTIAGO ALFONSO LOPEZ NAVIA
159,La Universidad de Oviedo registra un récord de ofertas laborales en el Foro de Empleo con 175 puestos para 44 empresas,https://portalinvestigacion.uniovi.es/investigadores/218056/detalle,LUIS OREA SANCHEZ,UNCLEAR,No se menciona su rol ni contribuciones en la noticia.,,LUIS OREA SANCHEZ
159,La Universidad de Oviedo registra un récord de ofertas laborales en el Foro de Empleo con 175 puestos para 44 empresas,https://portalinvestigacion.uniovi.es/investigadores/219789/detalle,CLARA ILHAM ALVAREZ DOPICO,UNCLEAR,No se menciona su rol ni contribuciones en la noticia.,,CLARA ILHAM ALVAREZ DOPICO
161,"El investigador Jorge González-Rodríguez, del Departamento de Química Orgánica e Inorgánica de la Universidad de Oviedo, se alza con el Premio AsturChem2025",https://portalinvestigacion.uniovi.es/investigadores/218536/detalle,IGNACIO VILLAVERDE MENENDEZ,INSTITUTIONAL,El rector ha presidido el acto de entrega y ha hecho declaraciones sobre la importancia de la ciencia.,"El rector, Ignacio Villaverde, ha presidido el acto de entrega...",IGNACIO VILLAVERDE MENENDEZ
161,"El investigador Jorge González-Rodríguez, del Departamento de Química Orgánica e Inorgánica de la Universidad de Oviedo, se alza con el Premio AsturChem2025",https://portalinvestigacion.uniovi.es/investigadores/220003/detalle,JUAN MANGAS SANCHEZ,RESEARCH,El profesor Juan Mangas es responsable de la investigación relacionada con el artículo premiado.,"El profesor Juan Mangas, responsable de la investigación, ha recogido en su nombre el diploma...",JUAN ALFONSO FERNANDEZ GARCIA
161,"El investigador Jorge González-Rodríguez, del Departamento de Química Orgánica e Inorgánica de la Universidad de Oviedo, se alza con el Premio AsturChem2025",https://portalinvestigacion.uniovi.es/investigadores/217981/detalle,VICENTE GOTOR FERNANDEZ,INSTITUTIONAL,"Vicente Gotor es mencionado como coordinador del premio, lo que indica un rol institucional.","el coordinador del premio, el catedrático Vicente Gotor Fernández.",VICENTE GOTOR FERNANDEZ
161,"El investigador Jorge González-Rodríguez, del Departamento de Química Orgánica e Inorgánica de la Universidad de Oviedo, se alza con el Premio AsturChem2025",https://portalinvestigacion.uniovi.es/investigadores/218170/detalle,FELIX RODRIGUEZ IGLESIAS,INSTITUTIONAL,"Félix Rodríguez Iglesias es mencionado como presidente de la Sección Territorial, lo que indica un rol institucional.","el presidente de la Sección Territorial de Asturias de la Real Sociedad Española de Química, Félix Rodríguez Iglesias.",FELIX RODRIGUEZ IGLESIAS
161,"El investigador Jorge González-Rodríguez, del Departamento de Química Orgánica e Inorgánica de la Universidad de Oviedo, se alza con el Premio AsturChem2025",https://portalinvestigacion.uniovi.es/investigadores/218536/detalle,IGNACIO VILLAVERDE MENENDEZ,INSTITUTIONAL,El rector ha presidido el acto de entrega y ha hecho declaraciones sobre la importancia de la ciencia.,El rector ha explicado que 'es necesario seguir construyendo una cultura que valore la ciencia...',IGNACIO VILLAVERDE MENENDEZ
163,La Universidad de Oviedo pone en valor el legado de Aurora de Albornoz en el centenario de su nacimiento,https://portalinvestigacion.uniovi.es/investigadores/219833/detalle,ALBA GONZALEZ SANZ,RESEARCH,Alba González Sanz es mencionada como investigadora del Instituto de Género y Diversidad y se destaca su actividad investigadora en la reivindicación de figuras literarias y su contribución a la memoria democrática.,"Alba González Sanz ha subrayado la importancia de investigar, documentar y reivindicar a escritoras e investigadoras referenciales que avanzaron caminos pioneros en todas sus facetas.",ALBA GONZALEZ SANZ
163,La Universidad de Oviedo pone en valor el legado de Aurora de Albornoz en el centenario de su nacimiento,https://portalinvestigacion.uniovi.es/investigadores/219833/detalle,ALBA GONZALEZ SANZ,MIXED,"Alba González Sanz es mencionada tanto en su rol de investigadora como en su participación en la organización del ciclo de conferencias, lo que muestra su implicación institucional y su actividad investigadora.","Alba González Sanz impartirá la conferencia Aurora de Albornoz: poeta, estudiosa y cronista de un tiempo.",ALBA GONZALEZ SANZ
163,La Universidad de Oviedo pone en valor el legado de Aurora de Albornoz en el centenario de su nacimiento,https://portalinvestigacion.uniovi.es/investigadores/218536/detalle,IGNACIO VILLAVERDE MENENDEZ,INSTITUTIONAL,"Ignacio Villaverde aparece en la noticia como rector de la Universidad de Oviedo, agradeciendo la implicación de las investigadoras en la iniciativa, lo que lo clasifica como un rol institucional.","Durante la rueda de prensa, el rector, Ignacio Villaverde, ha agradecido la implicación de Begoña Camblor Pandiella y Alba González Sanz para poner en marcha esta iniciativa.",IGNACIO VILLAVERDE MENENDEZ
163,La Universidad de Oviedo pone en valor el legado de Aurora de Albornoz en el centenario de su nacimiento,https://portalinvestigacion.uniovi.es/investigadores/218536/detalle,IGNACIO VILLAVERDE MENENDEZ,UNCLEAR,"Aunque Ignacio Villaverde es mencionado como rector, no se proporciona información suficiente sobre su actividad investigadora o su contribución académica en el contexto de la noticia.",No se menciona ninguna actividad investigadora específica de Ignacio Villaverde en el texto.,IGNACIO VILLAVERDE MENENDEZ
163,La Universidad de Oviedo pone en valor el legado de Aurora de Albornoz en el centenario de su nacimiento,https://portalinvestigacion.uniovi.es/investigadores/219833/detalle,ALBA GONZALEZ SANZ,RESEARCH,Alba González Sanz es mencionada como investigadora del Instituto de Género y Diversidad y se destaca su actividad investigadora en la reivindicación de figuras literarias y su contribución a la memoria democrática.,"Alba González Sanz ha subrayado la importancia de investigar, documentar y reivindicar a escritoras e investigadoras referenciales que avanzaron caminos pioneros en todas sus facetas.",ALBA GONZALEZ SANZ
163,La Universidad de Oviedo pone en valor el legado de Aurora de Albornoz en el centenario de su nacimiento,https://portalinvestigacion.uniovi.es/investigadores/219833/detalle,ALBA GONZALEZ SANZ,MIXED,"Alba González Sanz es mencionada tanto en su rol de investigadora como en su participación en la organización del ciclo de conferencias, lo que muestra su implicación institucional y su actividad investigadora.","Alba González Sanz impartirá la conferencia Aurora de Albornoz: poeta, estudiosa y cronista de un tiempo.",ALBA GONZALEZ SANZ
163,La Universidad de Oviedo pone en valor el legado de Aurora de Albornoz en el centenario de su nacimiento,https://portalinvestigacion.uniovi.es/investigadores/218536/detalle,IGNACIO VILLAVERDE MENENDEZ,INSTITUTIONAL,"Ignacio Villaverde aparece en la noticia como rector de la Universidad de Oviedo, agradeciendo la implicación de las investigadoras en la iniciativa, lo que lo clasifica como un rol institucional.","Durante la rueda de prensa, el rector, Ignacio Villaverde, ha agradecido la implicación de Begoña Camblor Pandiella y Alba González Sanz para poner en marcha esta iniciativa.",IGNACIO VILLAVERDE MENENDEZ
163,La Universidad de Oviedo pone en valor el legado de Aurora de Albornoz en el centenario de su nacimiento,https://portalinvestigacion.uniovi.es/investigadores/218536/detalle,IGNACIO VILLAVERDE MENENDEZ,UNCLEAR,"Aunque Ignacio Villaverde es mencionado como rector, no se proporciona información suficiente sobre su actividad investigadora o su contribución académica en el contexto de la noticia.",No se menciona ninguna actividad investigadora específica de Ignacio Villaverde en el texto.,IGNACIO VILLAVERDE MENENDEZ
164,Un estudio sobre ejercicio físico y cáncer en adolescentes gana los Premios Nacionales de Investigación en Medicina del Deporte Fundación Cajastur,https://portalinvestigacion.uniovi.es/investigadores/218896/detalle,MIGUEL ENRIQUE DEL VALLE SOTO,INSTITUTIONAL,"Aparece como secretario del jurado, destacando la calidad de los trabajos presentados, sin mencionar actividad investigadora específica.","Miguel del Valle, catedrático de la Facultad de Medicina de la Universidad de Oviedo y secretario del jurado, ha destacado la altísima calidad de los trabajos presentados al premio.",MIGUEL ENRIQUE DEL VALLE SOTO
164,Un estudio sobre ejercicio físico y cáncer en adolescentes gana los Premios Nacionales de Investigación en Medicina del Deporte Fundación Cajastur,https://portalinvestigacion.uniovi.es/investigadores/219836/detalle,NICOLAS TERRADOS CEPEDA,INSTITUTIONAL,"Se menciona como director del Centro Regional de Medicina Deportiva en Asturias, sin referencia a su actividad investigadora.","Nicolás Terrados Cepeda, director del Centro Regional de Medicina Deportiva en Asturias; y José Antonio Vega Álvarez, exdecano de la Facultad de Medicina y Ciencias de la Salud, como vocales.",NICOLAS TERRADOS CEPEDA
164,Un estudio sobre ejercicio físico y cáncer en adolescentes gana los Premios Nacionales de Investigación en Medicina del Deporte Fundación Cajastur,https://portalinvestigacion.uniovi.es/investigadores/218481/detalle,JOSE ANTONIO VEGA ALVAREZ,INSTITUTIONAL,"Se menciona como exdecano de la Facultad de Medicina, sin referencia a su actividad investigadora.","José Antonio Vega Álvarez, exdecano de la Facultad de Medicina y Ciencias de la Salud, como vocales.",JOSE ANTONIO VEGA ALVAREZ
164,Un estudio sobre ejercicio físico y cáncer en adolescentes gana los Premios Nacionales de Investigación en Medicina del Deporte Fundación Cajastur,https://portalinvestigacion.uniovi.es/investigadores/1010273/detalle,IRENE DIAZ MARTINEZ,INSTITUTIONAL,"Aparece como vicerrectora de Investigación de la Universidad de Oviedo, sin mención a su actividad investigadora.","Irene Díaz, vicerrectora de Investigación de la Universidad de Oviedo, en calidad de presidenta.",IRENE DIAZ MARTINEZ
167,El laboratorio MediaLab de la Universidad de Oviedo obtiene el premio Ingeniería para las Personas por el diseño y fabricación de prótesis impresas en 3D,https://portalinvestigacion.uniovi.es/investigadores/2355544/detalle,Claudia García,MIXED,"Claudia García es mencionada como ingeniera mecánica en el proyecto, lo que indica su rol en la investigación y desarrollo de prótesis, pero también se menciona su participación en la entrega del premio, lo que sugiere un rol institucional.","“Diseñamos las prótesis a medida, para cubrir las necesidades específicas de cada persona”, explica Claudia García, ingeniera mecánica en MediaLab.",CLAUDIA GARCIA GONZALEZ
168,El equipo de la Universidad de Extremadura gana la XVI Liga de Debate Interuniversitario del Grupo 9 de Universidades,https://portalinvestigacion.uniovi.es/investigadores/1095869/detalle,Ana Fernández Cantero,UNCLEAR,"No se menciona su actividad investigadora ni su rol institucional, solo se indica que es parte del equipo ganador.","El equipo de la Universidad de Extremadura, compuesto por los estudiantes Guillermo González Mimbrero, José Briegas Hernández, Abraham de Lucas Díaz, Ana Fernández Cantero e Iván Bonilla Cáceres, se ha proclamado vencedor...",ANA FERNÁNDEZ VICIANA
169,El seguimiento por GPS de la fauna silvestre revela carencias clave en la evaluación ambiental de los parques eólicos,https://portalinvestigacion.uniovi.es/investigadores/218998/detalle,Carlos Cabo,RESEARCH,"Carlos Cabo subraya la necesidad de mejorar los seguimientos de fauna siniestrada en los parques eólicos, lo que indica su participación activa en la investigación sobre el impacto ambiental.","Carlos Cabo, otro de los investigadores principales del proyecto, subraya la necesidad de mejorar los seguimientos de fauna siniestrada en los parques eólicos.",CARLOS CABO GOMEZ
170,La Universidad de Oviedo potencia el Foro de Empleo con más empresas y nuevos espacios para quienes buscan trabajo,https://portalinvestigacion.uniovi.es/investigadores/217775/detalle,ALFONSO JOAQUIN LOPEZ MUÑIZ,INSTITUTIONAL,"Aparece como vicerrector de Estudiantes y Empleabilidad, invitando a los estudiantes a participar en el foro.",el vicerrector ha invitado al estudiantado de la Universidad de Oviedo a participar de forma activa.,ALFONSO JOAQUIN LOPEZ MUÑIZ
170,La Universidad de Oviedo potencia el Foro de Empleo con más empresas y nuevos espacios para quienes buscan trabajo,https://portalinvestigacion.uniovi.es/investigadores/218536/detalle,IGNACIO VILLAVERDE MENENDEZ,INSTITUTIONAL,"Se menciona como rector de la universidad, presentando el programa del evento y agradeciendo a las empresas.","El rector de la institución académica, Ignacio Villaverde, ha presentado este miércoles el programa.",IGNACIO VILLAVERDE MENENDEZ
170,La Universidad de Oviedo potencia el Foro de Empleo con más empresas y nuevos espacios para quienes buscan trabajo,https://portalinvestigacion.uniovi.es/investigadores/220173/detalle,SANTIAGO ALFONSO LOPEZ NAVIA,UNCLEAR,No se proporciona información suficiente sobre su rol en la noticia.,No se menciona su contribución específica en el contexto del evento.,SANTIAGO ALFONSO LOPEZ NAVIA
170,La Universidad de Oviedo potencia el Foro de Empleo con más empresas y nuevos espacios para quienes buscan trabajo,https://portalinvestigacion.uniovi.es/investigadores/219653/detalle,RUBEN USAMENTIAGA FERNANDEZ,UNCLEAR,No se menciona su participación o rol en la noticia.,No se menciona su contribución específica en el contexto del evento.,RUBEN USAMENTIAGA FERNANDEZ
171,España y Perú refuerzan la cooperación universitaria en un encuentro bilateral de rectores y rectoras en Lima,https://portalinvestigacion.uniovi.es/investigadores/219659/detalle,ANA SUAREZ SANCHEZ,INSTITUTIONAL,"Ana Suárez aparece como vicerrectora de Internacionalización de la Universidad de Oviedo, sin mención a su actividad investigadora.","La vicerrectora de Internacionalización de la Universidad de Oviedo, Ana Suárez, ha formado parte de la delegación española.",ANA SUAREZ SANCHEZ
172,La Universidad de Oviedo celebra 25 años impulsando la transferencia de conocimiento y la divulgación científica,https://portalinvestigacion.uniovi.es/investigadores/1010273/detalle,IRENE DIAZ MARTINEZ,MIXED,"Irene Díaz aparece como vicerrectora de Investigación, pero también habla sobre la importancia de la divulgación científica y su relación con la investigación.","La vicerrectora de Investigación, Irene Díaz, ha reconocido que “la investigación que se realiza en las universidades tiene sentido pleno cuando llega a la sociedad.",IRENE DIAZ MARTINEZ
172,La Universidad de Oviedo celebra 25 años impulsando la transferencia de conocimiento y la divulgación científica,https://portalinvestigacion.uniovi.es/investigadores/217124/detalle,SUSANA IRENE DIAZ RODRIGUEZ,UNCLEAR,"No se menciona a Susana Irene Díaz Rodríguez en el texto, por lo que no hay evidencia suficiente para clasificar su rol.",,SUSANA IRENE DIAZ RODRIGUEZ
173,La Universidad de Oviedo visibiliza 20 investigaciones con perspectiva de género en su acto institucional por el 8M,https://portalinvestigacion.uniovi.es/investigadores/218536/detalle,IGNACIO VILLAVERDE MENENDEZ,INSTITUTIONAL,"Ignacio Villaverde aparece como rector de la Universidad de Oviedo, representando a la institución en el acto.","La apertura del acto contará con la participación del rector de la Universidad de Oviedo, Ignacio Villaverde.",IGNACIO VILLAVERDE MENENDEZ
173,La Universidad de Oviedo visibiliza 20 investigaciones con perspectiva de género en su acto institucional por el 8M,https://portalinvestigacion.uniovi.es/investigadores/218232/detalle,MARIA DE LA PAZ MENENDEZ SEBASTIAN,INSTITUTIONAL,"Paz Menéndez Sebastián es mencionada como directora del Área de Igualdad, actuando en un rol institucional.","La apertura del acto contará con la participación de la directora del Área de Igualdad de la universidad, Paz Menéndez Sebastián.",MARIA DE LA PAZ MENENDEZ SEBASTIAN
173,La Universidad de Oviedo visibiliza 20 investigaciones con perspectiva de género en su acto institucional por el 8M,https://portalinvestigacion.uniovi.es/investigadores/217052/detalle,MARIA PAZ FERNANDEZ GARCIA,UNCLEAR,No se proporciona información suficiente sobre su participación en el acto o su rol específico en la investigación.,No se menciona su participación directa en el acto.,MARIA PAZ FERNANDEZ GARCIA
173,La Universidad de Oviedo visibiliza 20 investigaciones con perspectiva de género en su acto institucional por el 8M,https://portalinvestigacion.uniovi.es/investigadores/217053/detalle,MIGUEL FERNANDEZ GARCIA,UNCLEAR,No se proporciona información suficiente sobre su participación en el acto o su rol específico en la investigación.,No se menciona su participación directa en el acto.,MIGUEL FERNANDEZ GARCIA
173,La Universidad de Oviedo visibiliza 20 investigaciones con perspectiva de género en su acto institucional por el 8M,https://portalinvestigacion.uniovi.es/investigadores/452981/detalle,TANIA FERNANDEZ GARCIA,UNCLEAR,No se proporciona información suficiente sobre su participación en el acto o su rol específico en la investigación.,No se menciona su participación directa en el acto.,TANIA FERNANDEZ GARCIA
173,La Universidad de Oviedo visibiliza 20 investigaciones con perspectiva de género en su acto institucional por el 8M,https://portalinvestigacion.uniovi.es/investigadores/217047/detalle,CARMEN MARIA FERNANDEZ GARCIA,UNCLEAR,No se proporciona información suficiente sobre su participación en el acto o su rol específico en la investigación.,No se menciona su participación directa en el acto.,CARMEN MARIA FERNANDEZ GARCIA
173,La Universidad de Oviedo visibiliza 20 investigaciones con perspectiva de género en su acto institucional por el 8M,https://portalinvestigacion.uniovi.es/investigadores/217046/detalle,CARLOS FERNANDEZ GARCIA,UNCLEAR,No se proporciona información suficiente sobre su participación en el acto o su rol específico en la investigación.,No se menciona su participación directa en el acto.,CARLOS FERNANDEZ GARCIA
173,La Universidad de Oviedo visibiliza 20 investigaciones con perspectiva de género en su acto institucional por el 8M,https://portalinvestigacion.uniovi.es/investigadores/217045/detalle,BENJAMIN FERNANDEZ GARCIA,UNCLEAR,No se proporciona información suficiente sobre su participación en el acto o su rol específico en la investigación.,No se menciona su participación directa en el acto.,BENJAMIN FERNANDEZ GARCIA
173,La Universidad de Oviedo visibiliza 20 investigaciones con perspectiva de género en su acto institucional por el 8M,https://portalinvestigacion.uniovi.es/investigadores/217044/detalle,BEATRIZ FERNANDEZ GARCIA,UNCLEAR,No se proporciona información suficiente sobre su participación en el acto o su rol específico en la investigación.,No se menciona su participación directa en el acto.,BEATRIZ FERNANDEZ GARCIA
173,La Universidad de Oviedo visibiliza 20 investigaciones con perspectiva de género en su acto institucional por el 8M,https://portalinvestigacion.uniovi.es/investigadores/218231/detalle,EVA MARIA MENENDEZ SEBASTIAN,UNCLEAR,No se proporciona información suficiente sobre su participación en el acto o su rol específico en la investigación.,No se menciona su participación directa en el acto.,EVA MARIA MENENDEZ SEBASTIAN
173,La Universidad de Oviedo visibiliza 20 investigaciones con perspectiva de género en su acto institucional por el 8M,https://portalinvestigacion.uniovi.es/investigadores/217599/detalle,ALFREDO FERNANDEZ OJANGUREN GARCIA COMAS,UNCLEAR,No se proporciona información suficiente sobre su participación en el acto o su rol específico en la investigación.,No se menciona su participación directa en el acto.,ALFREDO FERNANDEZ OJANGUREN GARCIA COMAS
173,La Universidad de Oviedo visibiliza 20 investigaciones con perspectiva de género en su acto institucional por el 8M,https://portalinvestigacion.uniovi.es/investigadores/219111/detalle,ANDREA FERNANDEZ GARCIA,UNCLEAR,No se proporciona información suficiente sobre su participación en el acto o su rol específico en la investigación.,No se menciona su participación directa en el acto.,ANDREA FERNANDEZ GARCIA
173,La Universidad de Oviedo visibiliza 20 investigaciones con perspectiva de género en su acto institucional por el 8M,https://portalinvestigacion.uniovi.es/investigadores/220003/detalle,JUAN ALFONSO FERNANDEZ GARCIA,UNCLEAR,No se proporciona información suficiente sobre su participación en el acto o su rol específico en la investigación.,No se menciona su participación directa en el acto.,JUAN ALFONSO FERNANDEZ GARCIA
173,La Universidad de Oviedo visibiliza 20 investigaciones con perspectiva de género en su acto institucional por el 8M,https://portalinvestigacion.uniovi.es/investigadores/217049/detalle,FRANCISCO JAVIER FERNANDEZ GARCIA,UNCLEAR,No se proporciona información suficiente sobre su participación en el acto o su rol específico en la investigación.,No se menciona su participación directa en el acto.,FRANCISCO JAVIER FERNANDEZ GARCIA
173,La Universidad de Oviedo visibiliza 20 investigaciones con perspectiva de género en su acto institucional por el 8M,https://portalinvestigacion.uniovi.es/investigadores/217048/detalle,FELIPE FERNANDEZ GARCIA,UNCLEAR,No se proporciona información suficiente sobre su participación en el acto o su rol específico en la investigación.,No se menciona su participación directa en el acto.,FELIPE FERNANDEZ GARCIA
173,La Universidad de Oviedo visibiliza 20 investigaciones con perspectiva de género en su acto institucional por el 8M,https://portalinvestigacion.uniovi.es/investigadores/217050/detalle,JOSE FRANCISCO FERNANDEZ GARCIA,UNCLEAR,No se proporciona información suficiente sobre su participación en el acto o su rol específico en la investigación.,No se menciona su participación directa en el acto.,JOSE FRANCISCO FERNANDEZ GARCIA
173,La Universidad de Oviedo visibiliza 20 investigaciones con perspectiva de género en su acto institucional por el 8M,https://portalinvestigacion.uniovi.es/investigadores/218869/detalle,MARIA FERNANDEZ GARCIA,UNCLEAR,No se proporciona información suficiente sobre su participación en el acto o su rol específico en la investigación.,No se menciona su participación directa en el acto.,MARIA FERNANDEZ GARCIA
173,La Universidad de Oviedo visibiliza 20 investigaciones con perspectiva de género en su acto institucional por el 8M,https://portalinvestigacion.uniovi.es/investigadores/1301773/detalle,ANDREA FERNANDEZ GARCÍA,UNCLEAR,No se proporciona información suficiente sobre su participación en el acto o su rol específico en la investigación.,No se menciona su participación directa en el acto.,ANDREA FERNANDEZ GARCÍA
173,La Universidad de Oviedo visibiliza 20 investigaciones con perspectiva de género en su acto institucional por el 8M,https://portalinvestigacion.uniovi.es/investigadores/217051/detalle,MARIA PAULA FERNANDEZ GARCIA,UNCLEAR,No se proporciona información suficiente sobre su participación en el acto o su rol específico en la investigación.,No se menciona su participación directa en el acto.,MARIA PAULA FERNANDEZ GARCIA
173,La Universidad de Oviedo visibiliza 20 investigaciones con perspectiva de género en su acto institucional por el 8M,https://portalinvestigacion.uniovi.es/investigadores/217043/detalle,ANA MARIA FERNANDEZ GARCIA,UNCLEAR,No se proporciona información suficiente sobre su participación en el acto o su rol específico en la investigación.,No se menciona su participación directa en el acto.,ANA MARIA FERNANDEZ GARCIA
173,La Universidad de Oviedo visibiliza 20 investigaciones con perspectiva de género en su acto institucional por el 8M,https://portalinvestigacion.uniovi.es/investigadores/2370664/detalle,SARA FERNANDEZ GARCIA,UNCLEAR,No se proporciona información suficiente sobre su participación en el acto o su rol específico en la investigación.,No se menciona su participación directa en el acto.,SARA FERNANDEZ GARCIA
174,La Universidad de Oviedo visibiliza 20 investigaciones con perspectiva de género en su acto institucional por el 8M,https://portalinvestigacion.uniovi.es/investigadores/217023/detalle,MANES FERNANDEZ CABANAS,RESEARCH,Participa en la iniciativa explicando su línea de investigación sobre género e igualdad.,cada participante explica su línea de investigación y su contribución al avance del conocimiento en materia de igualdad y género.,MANES FERNANDEZ CABANAS
174,La Universidad de Oviedo visibiliza 20 investigaciones con perspectiva de género en su acto institucional por el 8M,https://portalinvestigacion.uniovi.es/investigadores/218536/detalle,IGNACIO VILLAVERDE MENENDEZ,INSTITUTIONAL,Aparece como rector de la Universidad de Oviedo en el acto institucional.,"El acto ha contado con la presencia del rector de la Universidad de Oviedo, Ignacio Villaverde.",IGNACIO VILLAVERDE MENENDEZ
174,La Universidad de Oviedo visibiliza 20 investigaciones con perspectiva de género en su acto institucional por el 8M,https://portalinvestigacion.uniovi.es/investigadores/218231/detalle,EVA MARIA MENENDEZ SEBASTIAN,UNCLEAR,No se menciona su rol específico en la investigación ni en la institución en el texto.,No hay evidencia suficiente sobre su participación en la investigación o en un rol institucional.,EVA MARIA MENENDEZ SEBASTIAN
174,La Universidad de Oviedo visibiliza 20 investigaciones con perspectiva de género en su acto institucional por el 8M,https://portalinvestigacion.uniovi.es/investigadores/218232/detalle,MARIA DE LA PAZ MENENDEZ SEBASTIAN,UNCLEAR,No se menciona su rol específico en la investigación ni en la institución en el texto.,No hay evidencia suficiente sobre su participación en la investigación o en un rol institucional.,MARIA DE LA PAZ MENENDEZ SEBASTIAN
175,Noelia López Souto gana el Premio de Investigación Instituto Feijoo de Estudios del Siglo XVIII 2026,https://portalinvestigacion.uniovi.es/investigadores/217525/detalle,MARTA FRIERA ALVAREZ,UNCLEAR,No se menciona actividad investigadora de Marta Friera Álvarez en la noticia.,,MARTA FRIERA ALVAREZ
175,Noelia López Souto gana el Premio de Investigación Instituto Feijoo de Estudios del Siglo XVIII 2026,https://portalinvestigacion.uniovi.es/investigadores/217113/detalle,JUAN DIAZ GONZALEZ,UNCLEAR,No se menciona actividad investigadora de Juan Díaz González en la noticia.,,JUAN DIAZ GONZALEZ
175,Noelia López Souto gana el Premio de Investigación Instituto Feijoo de Estudios del Siglo XVIII 2026,https://portalinvestigacion.uniovi.es/investigadores/218046/detalle,RODRIGO OLAY VALDES,INSTITUTIONAL,"Rodrigo Olay Valdés es mencionado como secretario del jurado, sin evidencia de actividad investigadora.",Ha actuado como secretario Rodrigo Olay Valdés.,RODRIGO OLAY VALDES
175,Noelia López Souto gana el Premio de Investigación Instituto Feijoo de Estudios del Siglo XVIII 2026,https://portalinvestigacion.uniovi.es/investigadores/217096/detalle,JUAN DIAZ ALVAREZ,INSTITUTIONAL,"Juan Díaz Álvarez es mencionado como miembro del Consejo Rector, sin evidencia de actividad investigadora.","tres miembros del Consejo Rector del Instituto (Juan Díaz Álvarez, Marta Friera Álvarez y María Jesús García Garrosa)",JUAN DIAZ ALVAREZ
176,Un estudio de la Universidad de Oviedo identifica un biomarcador clave para entender el entrenamiento en medallistas olímpicos,https://portalinvestigacion.uniovi.es/investigadores/2237794/detalle,David Fernández Vivero,RESEARCH,El texto menciona que es el primer autor del estudio y describe su actividad investigadora relacionada con los microRNA y el entrenamiento en deportistas olímpicos.,"""...señala David Fernández Vivero, primer autor del estudio e investigador predoctoral Severo Ochoa en la Universidad de Oviedo.""",DAVID FERNANDEZ VIVERO
176,Un estudio de la Universidad de Oviedo identifica un biomarcador clave para entender el entrenamiento en medallistas olímpicos,https://portalinvestigacion.uniovi.es/investigadores/219836/detalle,Nicolás Terrados,MIXED,"Aparece como médico responsable y también menciona la integración de investigación en la planificación del alto rendimiento, lo que implica un rol institucional y de investigación.","""...subraya que 'este trabajo demuestra que es posible integrar investigación molecular de vanguardia en la planificación real del alto rendimiento...'""",NICOLAS TERRADOS CEPEDA
176,Un estudio de la Universidad de Oviedo identifica un biomarcador clave para entender el entrenamiento en medallistas olímpicos,https://portalinvestigacion.uniovi.es/investigadores/1095853/detalle,Manuel Fernández Sanjurjo,RESEARCH,Se menciona como coordinador del estudio y se discuten sus contribuciones a la investigación sobre los microRNA y su relación con el ejercicio.,"""...explican Manuel Fernández-Sanjurjo y Eduardo Iglesias-Gutiérrez, coordinadores del estudio y profesores de Fisiología en la Universidad de Oviedo.""",MANUEL FERNANDEZ SANJURJO
176,Un estudio de la Universidad de Oviedo identifica un biomarcador clave para entender el entrenamiento en medallistas olímpicos,https://portalinvestigacion.uniovi.es/investigadores/217641/detalle,Eduardo Iglesias Gutiérrez,RESEARCH,"Al igual que Manuel Fernández Sanjurjo, se menciona su rol como coordinador del estudio y su contribución a la investigación.","""...explican Manuel Fernández-Sanjurjo y Eduardo Iglesias-Gutiérrez, coordinadores del estudio y profesores de Fisiología en la Universidad de Oviedo.""",EDUARDO IGLESIAS GUTIERREZ
178,Alcón aboga por la cooperación institucional y la inversión sostenida para fortalecer la docencia universitaria en las V Jornadas de Crue-Docencia en la UJI,https://portalinvestigacion.uniovi.es/investigadores/218801/detalle,Francisco García Pascual,INSTITUTIONAL,"Francisco García Pascual aparece como secretario general de Universidades, representando una función institucional en el evento.","el secretario general de Universidades del Ministerio de Ciencia, Innovación y Universidades, Francisco García Pascual",FRANCISCO GARCIA RIESGO
178,Alcón aboga por la cooperación institucional y la inversión sostenida para fortalecer la docencia universitaria en las V Jornadas de Crue-Docencia en la UJI,https://portalinvestigacion.uniovi.es/investigadores/219832/detalle,María Esther Gómez Martín,INSTITUTIONAL,"María Esther Gómez Martín es mencionada como secretaria autonómica de Universidades, lo que indica su rol institucional.","la secretaria autonómica de Universidades de la Conselleria de Educación, Cultura y Universidades, María Esther Gómez Martín",MARIA GOMEZ MARTIN
179,La Cátedra de Evaluación de las Políticas de Empleo presenta un modelo estadístico para mejorar la empleabilidad en Asturias,https://portalinvestigacion.uniovi.es/investigadores/218284/detalle,MATIAS MAYOR FERNANDEZ,RESEARCH,Participa en la elaboración del informe sobre el mercado laboral asturiano.,"con la participación de los investigadores Juan Francisco Canal, Matías Mayor y César Rodríguez.",MATIAS MAYOR FERNANDEZ
179,La Cátedra de Evaluación de las Políticas de Empleo presenta un modelo estadístico para mejorar la empleabilidad en Asturias,https://portalinvestigacion.uniovi.es/investigadores/216972/detalle,JUAN FRANCISCO CANAL DOMINGUEZ,RESEARCH,Participa en la elaboración del informe sobre el mercado laboral asturiano.,"con la participación de los investigadores Juan Francisco Canal, Matías Mayor y César Rodríguez.",JUAN FRANCISCO CANAL DOMINGUEZ
179,La Cátedra de Evaluación de las Políticas de Empleo presenta un modelo estadístico para mejorar la empleabilidad en Asturias,https://portalinvestigacion.uniovi.es/investigadores/218362/detalle,CESAR RODRIGUEZ GUTIERREZ,RESEARCH,Participa en la elaboración del informe sobre el mercado laboral asturiano.,"con la participación de los investigadores Juan Francisco Canal, Matías Mayor y César Rodríguez.",CESAR RODRIGUEZ GUTIERREZ
179,La Cátedra de Evaluación de las Políticas de Empleo presenta un modelo estadístico para mejorar la empleabilidad en Asturias,https://portalinvestigacion.uniovi.es/investigadores/217079/detalle,MARIA BEGOÑA CUETO IGLESIAS,MIXED,"Dirige la Cátedra y participa en la investigación, además de ser mencionada en un contexto institucional.","dirigida por la catedrática de Economía Aplicada, Begoña Cueto.",MARIA BEGOÑA CUETO IGLESIAS
180,El equipo Divergencia representará a la Universidad de Oviedo en la XVI Liga de Debate Interuniversitario del G-9,https://portalinvestigacion.uniovi.es/investigadores/1301778/detalle,Cristián Pérez,INSTITUTIONAL,"Cristián Pérez es mencionado como parte del jurado, lo que indica un rol institucional en el evento.","Con el equipo de la institución académica asturiana, viajarán a Zaragoza Roger Campione, director del Grupo de debate, y Cristián Pérez, que formará parte del jurado.",CRISTIAN PEREZ GARCIA
180,El equipo Divergencia representará a la Universidad de Oviedo en la XVI Liga de Debate Interuniversitario del G-9,https://portalinvestigacion.uniovi.es/investigadores/216870/detalle,Roger Campione,INSTITUTIONAL,"Roger Campione es mencionado como director del Grupo de debate, lo que indica un rol institucional.","Con el equipo de la institución académica asturiana, viajarán a Zaragoza Roger Campione, director del Grupo de debate.",MARIA ISABEL ALVAREZ VEGA
180,El equipo Divergencia representará a la Universidad de Oviedo en la XVI Liga de Debate Interuniversitario del G-9,https://portalinvestigacion.uniovi.es/investigadores/216966/detalle,Toni Roger Campione,INSTITUTIONAL,"Toni Roger Campione es mencionado como director del Grupo de investigación, lo que indica un rol institucional.","Con el equipo de la institución académica asturiana, viajarán a Zaragoza Roger Campione, director del Grupo de debate.",TONI ROGER CAMPIONE
180,El equipo Divergencia representará a la Universidad de Oviedo en la XVI Liga de Debate Interuniversitario del G-9,https://portalinvestigacion.uniovi.es/investigadores/216767/detalle,Gonzalo Alonso Jara,UNCLEAR,No se proporciona información suficiente sobre su rol en la investigación o en la institución.,"El equipo Divergencia está formado por Carolina Vega Álvarez, estudiante del grado en Derecho, Gonzalo Alonso Jara, también del grado en Derecho.",GONZALO ARTURO ALONSO ORCAJO
180,El equipo Divergencia representará a la Universidad de Oviedo en la XVI Liga de Debate Interuniversitario del G-9,https://portalinvestigacion.uniovi.es/investigadores/216870/detalle,Vanessa Pérez González,UNCLEAR,No se proporciona información suficiente sobre su rol en la investigación o en la institución.,"El equipo Divergencia está formado por Carolina Vega Álvarez, estudiante del grado en Derecho, Gonzalo Alonso Jara, también del grado en Derecho, Vanessa Pérez González, del doble grado Derecho y Criminología.",MARIA ISABEL ALVAREZ VEGA
180,El equipo Divergencia representará a la Universidad de Oviedo en la XVI Liga de Debate Interuniversitario del G-9,https://portalinvestigacion.uniovi.es/investigadores/218481/detalle,Andrés Panduro Hoyos,UNCLEAR,No se proporciona información suficiente sobre su rol en la investigación o en la institución.,"El equipo Divergencia está formado por Carolina Vega Álvarez, estudiante del grado en Derecho, Gonzalo Alonso Jara, también del grado en Derecho, Vanessa Pérez González, del doble grado Derecho y Criminología y Andrés Panduro Hoyos, del doble grado ADE y Derecho.",JOSE ANTONIO VEGA ALVAREZ
181,"Coral Garrido, del IES Padre Feijóo, gana la Olimpiada Asturiana de Geología",https://portalinvestigacion.uniovi.es/investigadores/1283427/detalle,Sara Suárez Fernández,RESEARCH,"La noticia menciona a los finalistas de la Olimpiada Asturiana de Geología, donde Sara Suárez Fernández es una de las participantes destacadas.","La lista de 10 finalistas estuvo liderada por Coral Garrido García, del IES Padre Feijóo (Gijón). Completaron el cuadro de honor Adrián Solís Alonso (IES Carreño Miranda, Avilés), Jaime Fernández Alonso (IES César Rodríguez, Grado), Candela Micalizzi Quevedo (IES La Corredoria, Oviedo), Noa Iglesias Da Cruz (IES Padre Feijóo, Gijón), Ainara García González (IES La Corredoria, Oviedo), Sara Suárez Benito (IES Aramo, Oviedo)...",SARA SUAREZ FERNANDEZ
181,"Coral Garrido, del IES Padre Feijóo, gana la Olimpiada Asturiana de Geología",https://portalinvestigacion.uniovi.es/investigadores/218362/detalle,Cesar Rodriguez Gutierrez,UNCLEAR,No hay evidencia suficiente en la noticia que relacione a César Rodríguez con la Olimpiada o con actividades investigadoras específicas.,,CESAR RODRIGUEZ GUTIERREZ
181,"Coral Garrido, del IES Padre Feijóo, gana la Olimpiada Asturiana de Geología",https://portalinvestigacion.uniovi.es/investigadores/217014/detalle,Ruben Fernandez Alonso,UNCLEAR,No hay evidencia suficiente en la noticia que relacione a Rubén Fernández con la Olimpiada o con actividades investigadoras específicas.,,RUBEN FERNANDEZ ALONSO
181,"Coral Garrido, del IES Padre Feijóo, gana la Olimpiada Asturiana de Geología",https://portalinvestigacion.uniovi.es/investigadores/2370717/detalle,Eduardo Fernandez Alonso,UNCLEAR,No hay evidencia suficiente en la noticia que relacione a Eduardo Fernández con la Olimpiada o con actividades investigadoras específicas.,,EDUARDO FERNANDEZ ALONSO
181,"Coral Garrido, del IES Padre Feijóo, gana la Olimpiada Asturiana de Geología",https://portalinvestigacion.uniovi.es/investigadores/217012/detalle,Daniel Fernandez Alonso,UNCLEAR,No hay evidencia suficiente en la noticia que relacione a Daniel Fernández con la Olimpiada o con actividades investigadoras específicas.,,DANIEL FERNANDEZ ALONSO
181,"Coral Garrido, del IES Padre Feijóo, gana la Olimpiada Asturiana de Geología",https://portalinvestigacion.uniovi.es/investigadores/217416/detalle,Juan Jose Garcia Gonzalez,UNCLEAR,No hay evidencia suficiente en la noticia que relacione a Juan José García con la Olimpiada o con actividades investigadoras específicas.,,JUAN JOSE GARCIA GONZALEZ
181,"Coral Garrido, del IES Padre Feijóo, gana la Olimpiada Asturiana de Geología",https://portalinvestigacion.uniovi.es/investigadores/217414/detalle,Enol Garcia Gonzalez,UNCLEAR,No hay evidencia suficiente en la noticia que relacione a Enol García con la Olimpiada o con actividades investigadoras específicas.,,ENOL GARCIA GONZALEZ
181,"Coral Garrido, del IES Padre Feijóo, gana la Olimpiada Asturiana de Geología",https://portalinvestigacion.uniovi.es/investigadores/217015/detalle,Sergio Fernandez Alonso,UNCLEAR,No hay evidencia suficiente en la noticia que relacione a Sergio Fernández con la Olimpiada o con actividades investigadoras específicas.,,SERGIO FERNANDEZ ALONSO
181,"Coral Garrido, del IES Padre Feijóo, gana la Olimpiada Asturiana de Geología",https://portalinvestigacion.uniovi.es/investigadores/220003/detalle,Juan Alfonso Fernandez Garcia,UNCLEAR,No hay evidencia suficiente en la noticia que relacione a Juan Alfonso Fernández con la Olimpiada o con actividades investigadoras específicas.,,JUAN ALFONSO FERNANDEZ GARCIA
181,"Coral Garrido, del IES Padre Feijóo, gana la Olimpiada Asturiana de Geología",https://portalinvestigacion.uniovi.es/investigadores/2354615/detalle,Cristina Garcia Gonzalez,UNCLEAR,No hay evidencia suficiente en la noticia que relacione a Cristina García con la Olimpiada o con actividades investigadoras específicas.,,CRISTINA GARCIA GONZALEZ
181,"Coral Garrido, del IES Padre Feijóo, gana la Olimpiada Asturiana de Geología",https://portalinvestigacion.uniovi.es/investigadores/218867/detalle,Sara Fernandez Fernandez,UNCLEAR,No hay evidencia suficiente en la noticia que relacione a Sara Fernández con la Olimpiada o con actividades investigadoras específicas.,,SARA FERNANDEZ FERNANDEZ
181,"Coral Garrido, del IES Padre Feijóo, gana la Olimpiada Asturiana de Geología",https://portalinvestigacion.uniovi.es/investigadores/2355544/detalle,Claudia Garcia Gonzalez,UNCLEAR,No hay evidencia suficiente en la noticia que relacione a Claudia García con la Olimpiada o con actividades investigadoras específicas.,,CLAUDIA GARCIA GONZALEZ
182,"El G-9 registra 9.673 inscripciones en el XIII Plan PTGAS 2026, que comienza este lunes 2 de marzo",https://portalinvestigacion.uniovi.es/investigadores/218536/detalle,Ignacio Villaverde,INSTITUTIONAL,"Ignacio Villaverde aparece como rector y su intervención se centra en la colaboración interuniversitaria, sin mencionar actividades de investigación específicas.","El rector presidente, Ignacio Villaverde, rector de la Universidad de Oviedo, ha incidido en que 'la colaboración interuniversitaria es una herramienta estratégica para fortalecer el sistema público'.",IGNACIO VILLAVERDE MENENDEZ
183,La Universidad de Oviedo aprueba su Plan de Transformación Institucional para consolidar el Campus Europeo INGENIUM,https://portalinvestigacion.uniovi.es/investigadores/218536/detalle,IGNACIO VILLAVERDE MENENDEZ,INSTITUTIONAL,Ignacio Villaverde aparece como rector y su intervención se centra en el liderazgo institucional del proceso de transformación.,"“Como universidad coordinadora de la alianza, la Universidad de Oviedo asume el liderazgo de este proceso” que, según ha explicado el rector, Ignacio Villaverde...",IGNACIO VILLAVERDE MENENDEZ
183,La Universidad de Oviedo aprueba su Plan de Transformación Institucional para consolidar el Campus Europeo INGENIUM,https://portalinvestigacion.uniovi.es/investigadores/218412/detalle,JESUS DANIEL SANTOS RODRIGUEZ,INSTITUTIONAL,Jesús Daniel Santos actúa como delegado del rector y su intervención se enfoca en aspectos organizativos y normativos de la institución.,"Tal y como ha explicado el delegado del rector para las Alianzas Internacionales, Daniel Santos, “la transformación institucional implica cambios concretos y medibles...",JESUS DANIEL SANTOS RODRIGUEZ
184,Comunicado de la Universidad de Oviedo sobre las informaciones aparecidas en relación al traslado de la Facultad de Ciencias al futuro Campus de El Cristo,https://portalinvestigacion.uniovi.es/investigadores/2370717/detalle,EDUARDO FERNANDEZ ALONSO,UNCLEAR,No se menciona ninguna actividad investigadora o científica relacionada con Eduardo Fernández Alonso en la noticia.,La noticia se centra en un comunicado institucional de la Universidad de Oviedo.,EDUARDO FERNANDEZ ALONSO
186,La Universidad de Oviedo incorpora a su herbario más de 1.600 pliegos micológicos donados por el naturalista Alberto Román,https://portalinvestigacion.uniovi.es/investigadores/219706/detalle,MIGUEL ANTONIO FERNANDEZ MARQUEZ,UNCLEAR,No se menciona explícitamente su actividad investigadora en la noticia.,"La noticia se centra en la donación de Alberto Román y su impacto en el herbario, sin mencionar a Miguel Antonio Fernández Márquez en un contexto de investigación específico.",MIGUEL ANTONIO FERNANDEZ MARQUEZ
186,La Universidad de Oviedo incorpora a su herbario más de 1.600 pliegos micológicos donados por el naturalista Alberto Román,https://portalinvestigacion.uniovi.es/investigadores/217593/detalle,LUIS ANTONIO FERNANDEZ VILLAZON,UNCLEAR,No se menciona explícitamente su actividad investigadora en la noticia.,"La noticia se centra en la donación de Alberto Román y su impacto en el herbario, sin mencionar a Luis Antonio Fernández Villazón en un contexto de investigación específico.",LUIS ANTONIO FERNANDEZ VILLAZON
186,La Universidad de Oviedo incorpora a su herbario más de 1.600 pliegos micológicos donados por el naturalista Alberto Román,https://portalinvestigacion.uniovi.es/investigadores/216992/detalle,EDUARDO CIRES RODRIGUEZ,UNCLEAR,No se menciona explícitamente su actividad investigadora en la noticia.,"La noticia se centra en la donación de Alberto Román y su impacto en el herbario, sin mencionar a Eduardo Cires Rodríguez en un contexto de investigación específico.",EDUARDO CIRES RODRIGUEZ
186,La Universidad de Oviedo incorpora a su herbario más de 1.600 pliegos micológicos donados por el naturalista Alberto Román,https://portalinvestigacion.uniovi.es/investigadores/1116426/detalle,JOSE ANTONIO FERNANDEZ ALVAREZ,UNCLEAR,No se menciona explícitamente su actividad investigadora en la noticia.,"La noticia se centra en la donación de Alberto Román y su impacto en el herbario, sin mencionar a José Antonio Fernández Álvarez en un contexto de investigación específico.",JOSE ANTONIO FERNANDEZ ALVAREZ
186,La Universidad de Oviedo incorpora a su herbario más de 1.600 pliegos micológicos donados por el naturalista Alberto Román,https://portalinvestigacion.uniovi.es/investigadores/1931688/detalle,ANTONIO FERNANDEZ FERNANDEZ,UNCLEAR,No se menciona explícitamente su actividad investigadora en la noticia.,"La noticia se centra en la donación de Alberto Román y su impacto en el herbario, sin mencionar a Antonio Fernández Fernández en un contexto de investigación específico.",ANTONIO FERNANDEZ FERNANDEZ
186,La Universidad de Oviedo incorpora a su herbario más de 1.600 pliegos micológicos donados por el naturalista Alberto Román,https://portalinvestigacion.uniovi.es/investigadores/217632/detalle,OSCAR LUIS FERNANDEZ MARQUEZ,UNCLEAR,No se menciona explícitamente su actividad investigadora en la noticia.,"La noticia se centra en la donación de Alberto Román y su impacto en el herbario, sin mencionar a Oscar Luis Fernández Márquez en un contexto de investigación específico.",OSCAR LUIS FERNANDEZ MARQUEZ
187,"El rector de la Universidad de Oviedo, Ignacio Villaverde, recibirá el doctorado Honoris Causa por la Universidad de Rouen Normandía",https://portalinvestigacion.uniovi.es/investigadores/218536/detalle,Ignacio Villaverde,MIXED,"Ignacio Villaverde es mencionado como rector, pero también se destaca su contribución académica y científica como catedrático de Derecho Constitucional y su papel en la Alianza INGENIUM.","Villaverde recibirá la máxima distinción académica junto a la profesora brasileña Nilda Guimaraes Alves, el estadounidense Thomas Kelly y la belga Laure Bindels... reconoce la aportación científica del rector, Ignacio Villaverde, como catedrático de Derecho Constitucional.",IGNACIO VILLAVERDE MENENDEZ
188,La Universidad de Oviedo analiza cómo la protección marina afecta a la pesca artesanal en el Cantábrico,https://portalinvestigacion.uniovi.es/investigadores/219310/detalle,EMMA ZAPICO FERNANDEZ,RESEARCH,"Emma Zapico está involucrada en el proyecto ESPARDE, que analiza el impacto de la protección marina en la pesca artesanal, lo que indica su actividad investigadora.","El equipo está integrado por los profesores Emma Zapico, Ana Belén Ramos e Ícaro Obeso, adscritos al INDUROT...",EMMA ZAPICO FERNANDEZ
188,La Universidad de Oviedo analiza cómo la protección marina afecta a la pesca artesanal en el Cantábrico,https://portalinvestigacion.uniovi.es/investigadores/217570/detalle,LAURA GARCIA DE LA FUENTE,RESEARCH,"Laura García de la Fuente forma parte del equipo del proyecto ESPARDE, que se centra en la investigación sobre la pesca artesanal y su relación con la protección marina.","El equipo está integrado por... Laura García de la Fuente y Arturo Colina Vuelta, ambos PTGAS del INDUROT...",LAURA GARCIA DE LA FUENTE
188,La Universidad de Oviedo analiza cómo la protección marina afecta a la pesca artesanal en el Cantábrico,https://portalinvestigacion.uniovi.es/investigadores/216996/detalle,ARTURO COLINA VUELTA,RESEARCH,"Arturo Colina Vuelta es parte del equipo del proyecto ESPARDE, que investiga el impacto de las medidas de conservación en la pesca artesanal.","El equipo está integrado por... Arturo Colina Vuelta, ambos PTGAS del INDUROT...",ARTURO COLINA VUELTA
188,La Universidad de Oviedo analiza cómo la protección marina afecta a la pesca artesanal en el Cantábrico,https://portalinvestigacion.uniovi.es/investigadores/218040/detalle,ICARO OBESO MUÑIZ,RESEARCH,"Ícaro Obeso Muñiz es mencionado como parte del equipo del proyecto ESPARDE, que se dedica a investigar la relación entre la protección marina y la pesca artesanal.","El equipo está integrado por... Ícaro Obeso, adscritos al INDUROT...",ICARO OBESO MUÑIZ
188,La Universidad de Oviedo analiza cómo la protección marina afecta a la pesca artesanal en el Cantábrico,https://portalinvestigacion.uniovi.es/investigadores/218038/detalle,ANA BELEN RAMOS GUAJARDO,RESEARCH,"Ana Belén Ramos Guajardo es parte del equipo del proyecto ESPARDE, que investiga el impacto de las restricciones en la pesca artesanal.","El equipo está integrado por... Ana Belén Ramos e Ícaro Obeso, adscritos al INDUROT...",ANA BELEN RAMOS GUAJARDO
189,España e India refuerzan la cooperación universitaria con una cumbre bilateral en Nueva Delhi,https://portalinvestigacion.uniovi.es/investigadores/218110/detalle,Inés Peñuelas,INSTITUTIONAL,"Inés Peñuelas es mencionada como vicerrectora de Sostenibilidad y Digitalización, participando en un encuentro institucional.","La vicerrectora de Sostenibilidad y Digitalización, Inés Peñuelas, forma parte de la delegación de la CRUE que participa en el encuentro.",INES PEÑUELAS SANCHEZ
190,Biología entrega los premios de la XIX edición de su olimpiada asturiana,https://portalinvestigacion.uniovi.es/investigadores/1095884/detalle,CECILIA LOPEZ MARTINEZ,UNCLEAR,No se menciona su actividad investigadora ni su rol institucional en la noticia.,,CECILIA LOPEZ MARTINEZ
190,Biología entrega los premios de la XIX edición de su olimpiada asturiana,https://portalinvestigacion.uniovi.es/investigadores/217773/detalle,SERGIO LOPEZ MARTINEZ,UNCLEAR,No se menciona su actividad investigadora ni su rol institucional en la noticia.,,SERGIO LOPEZ MARTINEZ
190,Biología entrega los premios de la XIX edición de su olimpiada asturiana,https://portalinvestigacion.uniovi.es/investigadores/217772/detalle,BELEN LOPEZ MARTINEZ,INSTITUTIONAL,"Aparece como decana de la Facultad de Biología, representando a la institución.","La entrega de premios contó con la asistencia de Belén López Martínez, nueva decana de la Facultad de Biología.",BELEN LOPEZ MARTINEZ
191,La Cátedra de Innovación de la Universidad de Oviedo y el Principado identificará sectores estratégicos para el futuro económico y tecnológico de Asturias,https://portalinvestigacion.uniovi.es/investigadores/219668/detalle,Fernando Rubiera Morollon,RESEARCH,Dirige el equipo de investigación de la Cátedra y se menciona su trabajo en áreas estratégicas para el futuro económico y tecnológico de la región.,"el equipo de investigación de la Cátedra, dirigida por el catedrático de Economía Aplicada Fernando Rubiera, profundizará en áreas estratégicas para el futuro económico y tecnológico de la región.",FERNANDO RUBIERA MOROLLON
191,La Cátedra de Innovación de la Universidad de Oviedo y el Principado identificará sectores estratégicos para el futuro económico y tecnológico de Asturias,https://portalinvestigacion.uniovi.es/investigadores/218536/detalle,Ignacio Villaverde Menendez,INSTITUTIONAL,"Se menciona como rector de la Universidad de Oviedo en el contexto de la presentación de la Cátedra, sin referencia a actividad investigadora.","El rector de la Universidad de Oviedo, Ignacio Villaverde, y el consejero de Ciencia, Industria y Empleo, Borja Sánchez, han participado esta mañana en la presentación de la renovación de la Cátedra.",IGNACIO VILLAVERDE MENENDEZ
191,La Cátedra de Innovación de la Universidad de Oviedo y el Principado identificará sectores estratégicos para el futuro económico y tecnológico de Asturias,https://portalinvestigacion.uniovi.es/investigadores/218056/detalle,Luis Orea Sanchez,UNCLEAR,"No se menciona a Luis Orea en el texto, por lo que no hay evidencia suficiente para clasificar su rol.",,LUIS OREA SANCHEZ
192,El ceisIA abandona Lugones ante el bloqueo del Ayuntamiento de Siero,https://portalinvestigacion.uniovi.es/investigadores/217124/detalle,IRENE DIAZ MARTINEZ,INSTITUTIONAL,"Irene Díaz aparece como vicerrectora de Investigación, representando a la institución en la comparecencia.","Irene Díaz, vicerrectora de Investigación, y Noelia Rico, directora del ceisIA, para detallar las causas que obligan a la institución académica a abandonar la sede de Lugones.",SUSANA IRENE DIAZ RODRIGUEZ
192,El ceisIA abandona Lugones ante el bloqueo del Ayuntamiento de Siero,https://portalinvestigacion.uniovi.es/investigadores/218536/detalle,IGNACIO VILLAVERDE MENENDEZ,INSTITUTIONAL,"Ignacio Villaverde es mencionado como rector de la Universidad de Oviedo, actuando en un rol institucional.","Ignacio Villaverde, rector de la Universidad de Oviedo, ha comparecido esta mañana.",IGNACIO VILLAVERDE MENENDEZ
192,El ceisIA abandona Lugones ante el bloqueo del Ayuntamiento de Siero,https://portalinvestigacion.uniovi.es/investigadores/219278/detalle,NOELIA RICO PACHON,MIXED,"Noelia Rico es directora del ceisIA y presenta una aplicación, lo que indica actividad investigadora, pero también representa a la institución.","Noelia Rico, directora del ceiSIA, ha presentado hoy esta aplicación, que está prácticamente finalizada.",NOELIA RICO PACHON
194,La Universidad de Oviedo caracteriza las lesiones inguinales deportivas con el mayor estudio realizado hasta la fecha,https://portalinvestigacion.uniovi.es/investigadores/218048/detalle,Hugo Olmedillas,RESEARCH,Hugo Olmedillas destaca la importancia de los hallazgos de la investigación y su aplicación en la prevención de lesiones deportivas.,"“Estos hallazgos, que muestran una consistencia clara tanto en niveles de élite como en el deporte amateur, permiten implementar modelos de prevención adecuados a cada deportista, según su perfil de riesgo lesional”.",HUGO OLMEDILLAS FERNANDEZ
194,La Universidad de Oviedo caracteriza las lesiones inguinales deportivas con el mayor estudio realizado hasta la fecha,https://portalinvestigacion.uniovi.es/investigadores/218896/detalle,Miguel del Valle Soto,RESEARCH,"Miguel del Valle Soto comenta sobre la validación de la necesidad de priorizar programas de fuerza específicos para la musculatura aductora, lo que refleja su implicación en la investigación.",“este nuevo metaanálisis global valida la necesidad de priorizar programas de fuerza específicos para esta musculatura”.,MIGUEL ENRIQUE DEL VALLE SOTO
195,"La Universidad de Oviedo recibe a Pete Worden, una de las figuras más influyentes del ámbito espacial internacional",https://portalinvestigacion.uniovi.es/investigadores/218536/detalle,IGNACIO VILLAVERDE MENENDEZ,INSTITUTIONAL,Villaverde aparece en la noticia como rector y participa en actos institucionales.,Recepción institucional con el rector Ignacio Villaverde (12:30 horas),IGNACIO VILLAVERDE MENENDEZ
197,La Universidad de Oviedo arranca unas jornadas de orientación en las que participan 126 centros educativos asturianos,https://portalinvestigacion.uniovi.es/investigadores/217775/detalle,ALFONSO JOAQUIN LOPEZ MUÑIZ,INSTITUTIONAL,"Aparece como vicerrector de Estudiantes y Empleabilidad, representando a la institución en la inauguración de las jornadas.","El rector, Ignacio Villaverde, ha participado este lunes en la inauguración junto a... el vicerrector de Estudiantes y Empleabilidad, Alfonso López Muñiz.",ALFONSO JOAQUIN LOPEZ MUÑIZ
197,La Universidad de Oviedo arranca unas jornadas de orientación en las que participan 126 centros educativos asturianos,https://portalinvestigacion.uniovi.es/investigadores/218536/detalle,IGNACIO VILLAVERDE MENENDEZ,INSTITUTIONAL,"Se menciona como rector de la Universidad de Oviedo, participando en la inauguración de las jornadas.","El rector, Ignacio Villaverde, ha participado este lunes en la inauguración...",IGNACIO VILLAVERDE MENENDEZ
197,La Universidad de Oviedo arranca unas jornadas de orientación en las que participan 126 centros educativos asturianos,https://portalinvestigacion.uniovi.es/investigadores/220173/detalle,SANTIAGO ALFONSO LOPEZ NAVIA,UNCLEAR,"No se menciona su participación ni su rol en la noticia, por lo que no hay evidencia suficiente para clasificarlo.",,SANTIAGO ALFONSO LOPEZ NAVIA
197,La Universidad de Oviedo arranca unas jornadas de orientación en las que participan 126 centros educativos asturianos,https://portalinvestigacion.uniovi.es/investigadores/219186/detalle,LUIS ANGEL LOPEZ GARCIA,UNCLEAR,"No se menciona su participación ni su rol en la noticia, por lo que no hay evidencia suficiente para clasificarlo.",,LUIS ANGEL LOPEZ GARCIA
198,Materiales ultraestables del CINN listos para analizar la atmósfera de Marte,https://portalinvestigacion.uniovi.es/investigadores/218596/detalle,Marta Suárez,RESEARCH,"Marta Suárez es mencionada en el contexto de su trabajo en el desarrollo de materiales para sistemas LiDAR, lo que indica su actividad investigadora.","“Cualquier desajuste comprometería la calidad de los datos”, señala Marta Suárez, científica titular del CSIC en el CINN.",MARIA EUGENIA SUAREZ SERRANO
198,Materiales ultraestables del CINN listos para analizar la atmósfera de Marte,https://portalinvestigacion.uniovi.es/investigadores/218464/detalle,Adolfo Fernández,RESEARCH,"Adolfo Fernández es mencionado como investigador principal en el proyecto, lo que indica su rol en la actividad investigadora.","“Se trataba de desarrollar un prototipo innovador que eliminase la necesidad de complejos sistemas de control térmico”, explica Adolfo Fernández, investigador principal del CINN en el proyecto.",MARIA PAZ SUAREZ COALLA
198,Materiales ultraestables del CINN listos para analizar la atmósfera de Marte,https://portalinvestigacion.uniovi.es/investigadores/218596/detalle,Noemí López,RESEARCH,"Noemí López es mencionada en el contexto de su trabajo en la fabricación de componentes críticos para el sistema LiDAR, lo que indica su actividad investigadora.","“Era un proceso especialmente exigente por las tolerancias y los diseños requeridos”, indica Noemí López, investigadora predoctoral del CSIC en el CINN.",MARIA EUGENIA SUAREZ SERRANO
199,Más de 60 investigadoras de la Universidad de Oviedo participarán en la conmemoración del Día Internacional de la Mujer y la Niña en la Ciencia,https://portalinvestigacion.uniovi.es/investigadores/1010273/detalle,IRENE DIAZ MARTINEZ,MIXED,"Irene Díaz aparece como vicerrectora de Investigación, representando a la institución, pero también menciona las líneas de trabajo de las investigadoras, lo que indica su implicación en la actividad investigadora.","La vicerrectora de Investigación de la Universidad de Oviedo, Irene Díaz, ha asegurado que este programa busca 'reivindicar el papel de la mujer en la ciencia, romper con la brecha de género y ofrecer referentes reales y cercanos a las niñas y adolescentes, así como mostrar las principales líneas en las que trabajan nuestras investigadoras'.",IRENE DIAZ MARTINEZ
201,El G-9 valora la confirmación del Ministerio sobre la estabilidad económica de las plazas del programa María Goyri,https://portalinvestigacion.uniovi.es/investigadores/216770/detalle,Pedro Alonso,INSTITUTIONAL,"Pedro Alonso aparece como vicerrector y participa en la reunión de la Comisión Sectorial, lo que indica su rol institucional.","El vicerrector de Políticas de Profesorado y Ordenación Académica de la Universidad de Oviedo, Pedro Alonso, ha estado presente en la sectorial.",PEDRO ALONSO VELAZQUEZ
201,El G-9 valora la confirmación del Ministerio sobre la estabilidad económica de las plazas del programa María Goyri,https://portalinvestigacion.uniovi.es/investigadores/217370/detalle,Carlos González,INSTITUTIONAL,"Carlos González es mencionado como director del Plan de Formación, lo que indica un rol institucional en la reunión.","la intervención de su director, Carlos González.",CARLOS GONZALEZ GUTIERREZ
201,El G-9 valora la confirmación del Ministerio sobre la estabilidad económica de las plazas del programa María Goyri,https://portalinvestigacion.uniovi.es/investigadores/219135/detalle,Jesús Ángel del Brío,UNCLEAR,No se proporciona información suficiente sobre su rol en la reunión o su actividad investigadora.,"El director de área de Políticas de Profesorado, Jesús Ángel del Brío.",JESUS ANGEL DEL BRIO GONZALEZ
203,Más de 10.000 estudiantes preuniversitarios conocerán la oferta académica de la Universidad de Oviedo en unas jornadas de orientación de récord,https://portalinvestigacion.uniovi.es/investigadores/217775/detalle,ALFONSO JOAQUIN LOPEZ MUÑIZ,INSTITUTIONAL,"Aparece como vicerrector de Estudiantes y Empleabilidad, representando a la institución en el evento.","“Las JOU son una oportunidad clave para que el estudiantado preuniversitario conozca de primera mano la amplia y diversa oferta académica de la Universidad de Oviedo”, asegura el vicerrector de Estudiantes y Empleabilidad.",ALFONSO JOAQUIN LOPEZ MUÑIZ
204,Dos monografías del Servicio de Publicaciones de la Universidad de Oviedo obtienen el sello de calidad en edición académica CEA-APQ 2025,https://portalinvestigacion.uniovi.es/investigadores/217362/detalle,ANA ISABEL GONZALEZ GONZALEZ,INSTITUTIONAL,"Aparece como catedrática de Escuela de Derecho Financiero y Tributario de la Universidad de Oviedo, pero no se menciona su actividad investigadora en la noticia.","Ana Isabel González, catedrática de Escuela de Derecho Financiero y Tributario de la Universidad de Oviedo.",MARTA ISABEL GONZALEZ GARCIA
204,Dos monografías del Servicio de Publicaciones de la Universidad de Oviedo obtienen el sello de calidad en edición académica CEA-APQ 2025,https://portalinvestigacion.uniovi.es/investigadores/217362/detalle,ANA ISABEL GONZALEZ GONZALEZ,RESEARCH,"Aunque se menciona su rol institucional, también se destaca su participación en la evaluación de las monografías, lo que implica una actividad investigadora.","Ana Isabel González, catedrática de Escuela de Derecho Financiero y Tributario de la Universidad de Oviedo.",MARTA ISABEL GONZALEZ GARCIA
207,Un estudio de la Universidad de Oviedo identifica una amplia diversidad de hongos asociados a las raíces del roble albar cantábrico,https://portalinvestigacion.uniovi.es/investigadores/216782/detalle,Pedro Álvarez,RESEARCH,"El investigador está involucrado en un estudio sobre la diversidad de hongos en las raíces del roble albar, lo que implica actividad investigadora y contribuciones académicas.","Pedro Álvarez, investigador del Departamento de Biología de Organismos y Sistemas de la Universidad de Oviedo, destaca que 'este trabajo demuestra que bajo nuestros bosques existe una gran diversidad, con comunidades de hongos específicas que varían de un bosque a otro'.",PEDRO ALVAREZ ALVAREZ
207,Un estudio de la Universidad de Oviedo identifica una amplia diversidad de hongos asociados a las raíces del roble albar cantábrico,https://portalinvestigacion.uniovi.es/investigadores/219930/detalle,Norma Alas Gutiérrez,RESEARCH,"La doctora es cofirmante del trabajo y su declaración se centra en los hallazgos del estudio, lo que indica su participación en la investigación.","'Conocer la diversidad y función de estos hongos es imprescindible para gestionar y conservar los bosques atlánticos, especialmente en escenarios de calentamiento...,' afirma Norma Alas Gutiérrez.",COVADONGA DEL CAMINO FERNANDEZ-MIRANDA
209,Los IX Premios EDUCA ABANCA a los mejores docentes de 2025 distinguen al profesor de la Universidad de Oviedo Andrés Meana Fernández,https://portalinvestigacion.uniovi.es/investigadores/218286/detalle,Andrés Meana Fernández,INSTITUTIONAL,"Andrés Meana Fernández es mencionado como profesor y finalista en un premio, pero no se describe actividad investigadora o contribuciones académicas específicas en la noticia.","Andrés Meana Fernández, profesor permanente laboral en el Área de Máquinas y Motores Térmicos.",ANDRES MEANA FERNANDEZ
210,"La Universidad de Oviedo aprueba una oferta de 1.774 plazas de Máster Universitario para el curso 2026-2027, con dos nuevas titulaciones",https://portalinvestigacion.uniovi.es/investigadores/1010273/detalle,IRENE DIAZ MARTINEZ,MIXED,"Irene Díaz aparece como vicerrectora de Investigación, lo que indica un rol institucional, pero también se menciona su participación en la promoción de un Código de Buenas Prácticas en Investigación, lo que refleja su implicación en actividades investigadoras.","Irene Díaz ha explicado que “su objetivo principal es promover una investigación íntegra, honesta, rigurosa y responsable...""",IRENE DIAZ MARTINEZ
210,"La Universidad de Oviedo aprueba una oferta de 1.774 plazas de Máster Universitario para el curso 2026-2027, con dos nuevas titulaciones",https://portalinvestigacion.uniovi.es/investigadores/217124/detalle,SUSANA IRENE DIAZ RODRIGUEZ,UNCLEAR,"No se menciona a Susana Irene Díaz Rodríguez en el texto, por lo que no hay evidencia suficiente para clasificar su rol.",,SUSANA IRENE DIAZ RODRIGUEZ
210,"La Universidad de Oviedo aprueba una oferta de 1.774 plazas de Máster Universitario para el curso 2026-2027, con dos nuevas titulaciones",https://portalinvestigacion.uniovi.es/investigadores/217928/detalle,JUAN MANUEL MARCHANTE GAYON,MIXED,"Juan Manuel Marchante es mencionado como vicerrector de Estudios y Docencia, lo que indica un rol institucional, pero también se refiere a su explicación sobre el proceso de admisión en los másteres, lo que implica una función relacionada con la investigación y la docencia.","Juan Manuel Marchante, “de garantizar un proceso de admisión transparente...""",JUAN MANUEL MARCHANTE GAYON
211,Investigadores de la Universidad de Oviedo copan las convocatorias científicas del Principado,https://portalinvestigacion.uniovi.es/investigadores/216776/detalle,EDUARDO ALVAREZ ALVAREZ,RESEARCH,Aparece como líder de un proyecto de investigación en el programa de Misiones Científicas.,los equipos de la Universidad de Oviedo forman parte de dos de los cinco consorcios que han logrado ayudas. Los proyectos están liderados por Ignacio Rodríguez Larrad y Eduardo Álvarez Álvarez.,BRAULIO JOSE ALVAREZ ALVAREZ
211,Investigadores de la Universidad de Oviedo copan las convocatorias científicas del Principado,https://portalinvestigacion.uniovi.es/investigadores/219685/detalle,ALVARO FERNANDEZ VAQUERO,RESEARCH,Es mencionado como responsable de uno de los proyectos financiados en la convocatoria de Redes.,la Universidad de Oviedo ha obtenido financiación para diez de los doce proyectos aprobados en el Principado. Los investigadores responsables son Álvaro Fernández Vaquero.,ALVARO FERNANDEZ VAQUERO
211,Investigadores de la Universidad de Oviedo copan las convocatorias científicas del Principado,https://portalinvestigacion.uniovi.es/investigadores/218165/detalle,MONTSERRAT RIVAS ARDISANA,RESEARCH,Aparece como responsable de un proyecto en la convocatoria de Redes.,Los investigadores responsables son... Montserrat Rivas Ardisana.,MONTSERRAT RIVAS ARDISANA
211,Investigadores de la Universidad de Oviedo copan las convocatorias científicas del Principado,https://portalinvestigacion.uniovi.es/investigadores/219298/detalle,IGNACIO RODRIGUEZ,RESEARCH,Es mencionado como líder de un proyecto de investigación en el programa de Misiones Científicas.,Los proyectos están liderados por Ignacio Rodríguez Larrad y Eduardo Álvarez Álvarez.,IGNACIO RODRIGUEZ
211,Investigadores de la Universidad de Oviedo copan las convocatorias científicas del Principado,https://portalinvestigacion.uniovi.es/investigadores/219981/detalle,MARINA MARIA RAMOS MARTIN,RESEARCH,Es mencionada como beneficiaria de la convocatoria Margarita Salas.,Han resultado beneficiados... María Marina Ramos Martín.,INMACULADA CONCEPCION ALVAREZ AYUSO
211,Investigadores de la Universidad de Oviedo copan las convocatorias científicas del Principado,https://portalinvestigacion.uniovi.es/investigadores/218360/detalle,PABLO RODRIGUEZ GONZALEZ,RESEARCH,Es mencionado como responsable de un proyecto en la convocatoria de Redes.,Los investigadores responsables son... Pablo Rodríguez González.,PABLO RODRIGUEZ GONZALEZ
211,Investigadores de la Universidad de Oviedo copan las convocatorias científicas del Principado,https://portalinvestigacion.uniovi.es/investigadores/219633/detalle,NOEMI PINILLA ALONSO,RESEARCH,Es mencionada como responsable de un proyecto en la convocatoria de Redes.,Los investigadores responsables son... Noemí Pinilla.,MARIA CRISTINA RODRIGUEZ GONZALEZ
211,Investigadores de la Universidad de Oviedo copan las convocatorias científicas del Principado,https://portalinvestigacion.uniovi.es/investigadores/218062/detalle,PAULA OULEGO BLANCO,RESEARCH,Es mencionada como responsable de un proyecto en la convocatoria de Redes.,Los investigadores responsables son... Paula Oulego Blanco.,PAULA OULEGO BLANCO
211,Investigadores de la Universidad de Oviedo copan las convocatorias científicas del Principado,https://portalinvestigacion.uniovi.es/investigadores/1010273/detalle,IRENE DIAZ MARTINEZ,MIXED,Aparece como vicerrectora y también destaca la fortaleza del sistema investigador.,"“El excelente resultado refleja la fortaleza, madurez y competitividad del sistema investigador de la Universidad de Oviedo...”, ha destacado Irene Díaz, vicerrectora de Investigación.",IRENE DIAZ MARTINEZ
212,Las Secretarías Generales del G-9 analizan sus estructuras y comparten experiencias organizativas y de desarrollo normativo,https://portalinvestigacion.uniovi.es/investigadores/217169/detalle,Ángel Espiniella,INSTITUTIONAL,"Ángel Espiniella aparece en la noticia como secretario general de la Universidad de Oviedo, representando a la institución en un encuentro sobre estructuras organizativas.","La Universidad de Oviedo ha estado representada por Ángel Espiniella, su secretario general.",ANGEL ESPINIELLA MENENDEZ
213,La Facultad de Psicología de la Universidad de Oviedo ofrece tratamientos novedosos para dejar de fumar tabaco y cannabis,https://portalinvestigacion.uniovi.es/investigadores/218421/detalle,ROBERTO SECADES VILLA,RESEARCH,"El investigador está asociado a un grupo que impulsa programas de tratamiento para dejar de fumar, lo que implica actividad investigadora y contribuciones académicas.",El Grupo de Conductas Adictivas (GCA) de la Facultad de Psicología de la Universidad de Oviedo impulsa dos programas innovadores para ayudar a dejar de fumar.,ROBERTO SECADES VILLA
213,La Facultad de Psicología de la Universidad de Oviedo ofrece tratamientos novedosos para dejar de fumar tabaco y cannabis,https://portalinvestigacion.uniovi.es/investigadores/217966/detalle,ALBA GONZALEZ DE LA ROZ,RESEARCH,"La investigadora forma parte del grupo que desarrolla tratamientos para dejar de fumar, lo que indica su participación en actividades de investigación.",El grupo ha desarrollado y evaluado herramientas digitales basadas en tecnologías de autorregistro.,ALBA GONZALEZ DE LA ROZ
213,La Facultad de Psicología de la Universidad de Oviedo ofrece tratamientos novedosos para dejar de fumar tabaco y cannabis,https://portalinvestigacion.uniovi.es/investigadores/219646/detalle,SARA EVA WEIDBERG LOPEZ,RESEARCH,"La investigadora está involucrada en el grupo que ofrece tratamientos para dejar de fumar, lo que refleja su actividad investigadora.","Los profesionales ofrecen tratamientos presenciales, online o combinados para dejar de fumar cannabis.",SARA EVA WEIDBERG LOPEZ
213,La Facultad de Psicología de la Universidad de Oviedo ofrece tratamientos novedosos para dejar de fumar tabaco y cannabis,https://portalinvestigacion.uniovi.es/investigadores/1116432/detalle,LAYLA ALEMAN MOUSSA,RESEARCH,"La investigadora es parte del grupo que impulsa programas de tratamiento, lo que implica su participación en la investigación.",El Grupo de Conductas Adictivas ha atendido con éxito a cientos de personas fumadoras.,LAYLA ALEMAN MOUSSA
213,La Facultad de Psicología de la Universidad de Oviedo ofrece tratamientos novedosos para dejar de fumar tabaco y cannabis,https://portalinvestigacion.uniovi.es/investigadores/219607/detalle,ANGEL GARCIA PEREZ,RESEARCH,"El investigador es parte del grupo que desarrolla tratamientos para dejar de fumar, lo que indica su actividad investigadora.",El grupo ha desarrollado y evaluado herramientas digitales basadas en tecnologías de autorregistro.,ANGEL GARCIA PEREZ
213,La Facultad de Psicología de la Universidad de Oviedo ofrece tratamientos novedosos para dejar de fumar tabaco y cannabis,https://portalinvestigacion.uniovi.es/investigadores/219833/detalle,ALBA GONZALEZ SANZ,UNCLEAR,No hay evidencia suficiente en la noticia que relacione a esta investigadora con la actividad descrita.,,ALBA GONZALEZ SANZ
213,La Facultad de Psicología de la Universidad de Oviedo ofrece tratamientos novedosos para dejar de fumar tabaco y cannabis,https://portalinvestigacion.uniovi.es/investigadores/217442/detalle,OMAR GARCIA PEREZ,UNCLEAR,No hay evidencia suficiente en la noticia que relacione a este investigador con la actividad descrita.,,OMAR GARCIA PEREZ
213,La Facultad de Psicología de la Universidad de Oviedo ofrece tratamientos novedosos para dejar de fumar tabaco y cannabis,https://portalinvestigacion.uniovi.es/investigadores/217440/detalle,DIEGO GARCIA PEREZ,UNCLEAR,No hay evidencia suficiente en la noticia que relacione a este investigador con la actividad descrita.,,DIEGO GARCIA PEREZ
213,La Facultad de Psicología de la Universidad de Oviedo ofrece tratamientos novedosos para dejar de fumar tabaco y cannabis,https://portalinvestigacion.uniovi.es/investigadores/452930/detalle,NICOLAS FELIPE WEIDBERG LOPEZ,UNCLEAR,No hay evidencia suficiente en la noticia que relacione a este investigador con la actividad descrita.,,NICOLAS FELIPE WEIDBERG LOPEZ
213,La Facultad de Psicología de la Universidad de Oviedo ofrece tratamientos novedosos para dejar de fumar tabaco y cannabis,https://portalinvestigacion.uniovi.es/investigadores/1010307/detalle,ANGEL GARCIA MENENDEZ,UNCLEAR,No hay evidencia suficiente en la noticia que relacione a este investigador con la actividad descrita.,,ANGEL GARCIA MENENDEZ
214,La Alianza INGENIUM acuerda en Rumanía los pasos clave para su consolidación como universidad europea,https://portalinvestigacion.uniovi.es/investigadores/218536/detalle,IGNACIO VILLAVERDE MENENDEZ,MIXED,"Ignacio Villaverde actúa como rector, representando a la institución, pero también se menciona su papel en la toma de decisiones estratégicas relacionadas con la educación conjunta, lo que implica una dimensión investigadora.","En su intervención como presidente del Consejo de la Alianza INGENIUM, el rector de la Universidad de Oviedo, Ignacio Villaverde ha subrayado el alcance político y estratégico de los acuerdos adoptados.",IGNACIO VILLAVERDE MENENDEZ
214,La Alianza INGENIUM acuerda en Rumanía los pasos clave para su consolidación como universidad europea,https://portalinvestigacion.uniovi.es/investigadores/218412/detalle,JESUS DANIEL SANTOS RODRIGUEZ,UNCLEAR,"No se menciona a Jesús Daniel Santos en un contexto que aclare su rol en la noticia, por lo que no hay suficiente información para clasificarlo.",,JESUS DANIEL SANTOS RODRIGUEZ
215,La doctora por la Universidad de Oviedo Nerea López Bouzas recibe el premio Fundación ONCE a la Investigación por una tesis sobre comunicación en personas con autismo,https://portalinvestigacion.uniovi.es/investigadores/218756/detalle,Nerea López Bouzas,RESEARCH,"La noticia describe la actividad investigadora de Nerea López Bouzas, centrándose en su tesis doctoral y los resultados de su investigación sobre la comunicación en personas con autismo.",la tesis galardonada analiza el uso de un Entorno de Aprendizaje Gamificado y Aumentado (EGA) en la mejora de la comunicación del alumnado con TEA,NEREA LOPEZ BOUZAS
216,La Sala de Exposiciones de la Universidad de Oviedo se abre a la atmósfera pictórica de Paz Banciella,https://portalinvestigacion.uniovi.es/investigadores/219562/detalle,María Pilar García Cuetos,RESEARCH,"La catedrática destaca la producción artística de Paz Banciella y su investigación en torno a la atmósfera, el color y la materia pictórica.","en el catálogo de la muestra, María Pilar García Cuetos, catedrática de Historia del Arte... destaca que 'si algo define la pintura de Paz Banciella... es la vida y la evocación cósmica que nos trasmite'.",MARIA PILAR GARCES GARCIA
217,Una investigación de la Universidad de Oviedo reconstruye la evolución del estuario del Nalón desde el Pleistoceno hasta la actualidad,https://portalinvestigacion.uniovi.es/investigadores/217438/detalle,Efrén García Ordiales,MIXED,"Efrén García Ordiales es mencionado tanto en el contexto de su actividad investigadora como profesor, así como en su rol institucional en el Departamento de Explotación y Prospección de Minas.","...explica Efrén García Ordiales, profesor del Departamento de Explotación y Prospección de Minas... este estudio ha permitido refrendar trabajos previos realizados en colaboración...",EFREN GARCIA ORDIALES
217,Una investigación de la Universidad de Oviedo reconstruye la evolución del estuario del Nalón desde el Pleistoceno hasta la actualidad,https://portalinvestigacion.uniovi.es/investigadores/217614/detalle,Germán Flor Blanco,MIXED,"Germán Flor Blanco es mencionado en el contexto de su investigación sobre el estuario del Nalón y también se le identifica como investigador del Departamento de Geología, lo que muestra su rol tanto en la investigación como en la institución.","...explica Germán Flor Blanco, investigador del Departamento de Geología de la Universidad de Oviedo...",GERMAN FLOR BLANCO
218,El rector defiende la universidad pública como un servicio al bien común durante su intervención en la festividad de Santo Tomás de Aquino,https://portalinvestigacion.uniovi.es/investigadores/218536/detalle,IGNACIO VILLAVERDE MENENDEZ,MIXED,Villaverde actúa como rector defendiendo la universidad pública y también menciona el trabajo de investigación de los premiados.,"El rector ha defendido que, como otros servicios públicos esenciales, las universidades públicas estén financiadas por el erario público.",IGNACIO VILLAVERDE MENENDEZ
218,El rector defiende la universidad pública como un servicio al bien común durante su intervención en la festividad de Santo Tomás de Aquino,https://portalinvestigacion.uniovi.es/investigadores/218801/detalle,FRANCISCO GARCIA RIESGO,UNCLEAR,No se menciona a Francisco García Riesgo en el contexto de la actividad investigadora o institucional en la noticia.,No hay evidencia suficiente sobre su rol.,FRANCISCO GARCIA RIESGO
218,El rector defiende la universidad pública como un servicio al bien común durante su intervención en la festividad de Santo Tomás de Aquino,https://portalinvestigacion.uniovi.es/investigadores/219221/detalle,MARIA ANGELES PASCUAL SEVILLANO,UNCLEAR,No se menciona a María Ángeles Pascual Sevillano en el contexto de la actividad investigadora o institucional en la noticia.,No hay evidencia suficiente sobre su rol.,MARIA ANGELES PASCUAL SEVILLANO
220,El rector reivindica la Extensión Universitaria como seña de identidad de la Universidad de Oviedo en la toma de posesión de Marta Mateo como vicerrectora,https://portalinvestigacion.uniovi.es/investigadores/218536/detalle,Ignacio Villaverde,INSTITUTIONAL,Villaverde actúa como rector y su intervención se centra en la gestión institucional y el reconocimiento de otros miembros de la universidad.,"El rector de la Universidad de Oviedo, Ignacio Villaverde, ha reivindicado la Extensión Universitaria como uno de los pilares históricos y estratégicos de la Universidad de Oviedo en el acto de toma de posesión de Marta Mateo como vicerrectora.",IGNACIO VILLAVERDE MENENDEZ
220,El rector reivindica la Extensión Universitaria como seña de identidad de la Universidad de Oviedo en la toma de posesión de Marta Mateo como vicerrectora,https://portalinvestigacion.uniovi.es/investigadores/219562/detalle,María Pilar García Cuetos,MIXED,"García Cuetos es mencionada en el contexto de su trabajo en el vicerrectorado, pero también se hace referencia a su trayectoria académica y logros en investigación.","En su discurso, ha hecho un repaso por los objetivos alcanzados, como los ejes de acción UO Territorio y Casa Abierta.",MARIA PILAR GARCES GARCIA
221,La Universidad de Oviedo refuerza su presencia en el medio rural asturiano con la creación de una red de embajadores y embajadoras,https://portalinvestigacion.uniovi.es/investigadores/218536/detalle,IGNACIO VILLAVERDE MENENDEZ,INSTITUTIONAL,"Ignacio Villaverde aparece como rector y su participación se centra en la presentación del proyecto, sin mencionar actividad investigadora.","El rector, Ignacio Villaverde, ha participado este jueves en la presentación oficial del proyecto.",IGNACIO VILLAVERDE MENENDEZ
221,La Universidad de Oviedo refuerza su presencia en el medio rural asturiano con la creación de una red de embajadores y embajadoras,https://portalinvestigacion.uniovi.es/investigadores/219562/detalle,MARIA PILAR GARCES GARCIA,INSTITUTIONAL,"María Pilar García Cuetos es mencionada como vicerrectora y su intervención se enfoca en la presentación del programa, sin alusión a su actividad investigadora.","la vicerrectora de Extensión Universitaria y Proyección Cultural, María Pilar García Cuetos, ha participado en la presentación oficial del proyecto.",MARIA PILAR GARCES GARCIA
221,La Universidad de Oviedo refuerza su presencia en el medio rural asturiano con la creación de una red de embajadores y embajadoras,https://portalinvestigacion.uniovi.es/investigadores/1095823/detalle,RODRIGO CUETO GARCIA,UNCLEAR,"Rodrigo Cueto García no es mencionado en la noticia, por lo que no hay evidencia suficiente para clasificar su rol.",,RODRIGO CUETO GARCIA
222,La Cátedra de Cultura Científica pulsará la opinión de la sociedad asturiana sobre el valor de la ciencia,https://portalinvestigacion.uniovi.es/investigadores/217465/detalle,EVA GARCIA VAZQUEZ,RESEARCH,Participa como catedrática de Genética y referente en proyectos de ciencia ciudadana.,"Han participado en este encuentro Eva García Vázquez, catedrática de Genética de la Universidad de Oviedo y referente en proyectos de ciencia ciudadana.",EVA GARCIA VAZQUEZ
222,La Cátedra de Cultura Científica pulsará la opinión de la sociedad asturiana sobre el valor de la ciencia,https://portalinvestigacion.uniovi.es/investigadores/218536/detalle,IGNACIO VILLAVERDE MENENDEZ,INSTITUTIONAL,Se menciona como rector de la Universidad de Oviedo y su papel en la promoción de la cultura científica.,"Ignacio Villaverde, rector de la Universidad de Oviedo, ha subrayado, durante la presentación de las actividades, el papel que desempeña la institución académica en la promoción de la cultura científica.",IGNACIO VILLAVERDE MENENDEZ
222,La Cátedra de Cultura Científica pulsará la opinión de la sociedad asturiana sobre el valor de la ciencia,https://portalinvestigacion.uniovi.es/investigadores/217756/detalle,JOSE ANTONIO LOPEZ CEREZO,INSTITUTIONAL,"Se menciona como director de la cátedra, representando una función institucional.","José Antonio López Cerezo, director de esta entidad.",JOSE ANTONIO LOPEZ CEREZO
222,La Cátedra de Cultura Científica pulsará la opinión de la sociedad asturiana sobre el valor de la ciencia,https://portalinvestigacion.uniovi.es/investigadores/218181/detalle,LUIS JOSE RODRIGUEZ MUÑIZ,RESEARCH,Participa como catedrático de Didáctica de la Matemática y vicepresidente de la Real Sociedad Matemática Española.,"Han participado en este encuentro Luis Rodríguez Muñiz, catedrático de Didáctica de la Matemática y vicepresidente de la Real Sociedad Matemática Española.",LUIS JOSE RODRIGUEZ MUÑIZ
222,La Cátedra de Cultura Científica pulsará la opinión de la sociedad asturiana sobre el valor de la ciencia,https://portalinvestigacion.uniovi.es/investigadores/218613/detalle,LUIGI TOFFOLATTI BALLARIN,RESEARCH,Se menciona como catedrático de Astrofísica y miembro de la colaboración internacional Planck.,"Han intervenido Luigi Toffolatti, catedrático de Astrofísica de la Universidad de Oviedo y miembro de la colaboración internacional Planck de la Agencia Espacial Europea.",LUIGI TOFFOLATTI BALLARIN
223,Seis revistas del Servicio de Publicaciones de la Universidad de Oviedo renuevan su sello de calidad nacional,https://portalinvestigacion.uniovi.es/investigadores/219514/detalle,MARIA TERESA MARTINEZ RODRIGUEZ,UNCLEAR,No se menciona su actividad investigadora ni su rol institucional en la noticia.,No hay evidencia suficiente para clasificarla.,MARIA TERESA MARTINEZ RODRIGUEZ
223,Seis revistas del Servicio de Publicaciones de la Universidad de Oviedo renuevan su sello de calidad nacional,https://portalinvestigacion.uniovi.es/investigadores/217698/detalle,MARIA VERONICA MARTINEZ LOPEZ,UNCLEAR,No se menciona su actividad investigadora ni su rol institucional en la noticia.,No hay evidencia suficiente para clasificarla.,MARIA VERONICA MARTINEZ LOPEZ
223,Seis revistas del Servicio de Publicaciones de la Universidad de Oviedo renuevan su sello de calidad nacional,https://portalinvestigacion.uniovi.es/investigadores/219902/detalle,MARIA CARMEN MARTINEZ RODRIGUEZ,UNCLEAR,No se menciona su actividad investigadora ni su rol institucional en la noticia.,No hay evidencia suficiente para clasificarla.,MARIA CARMEN MARTINEZ RODRIGUEZ
223,Seis revistas del Servicio de Publicaciones de la Universidad de Oviedo renuevan su sello de calidad nacional,https://portalinvestigacion.uniovi.es/investigadores/217691/detalle,MARIA LINDSAY MARTINEZ GARCIA,UNCLEAR,No se menciona su actividad investigadora ni su rol institucional en la noticia.,No hay evidencia suficiente para clasificarla.,MARIA LINDSAY MARTINEZ GARCIA
223,Seis revistas del Servicio de Publicaciones de la Universidad de Oviedo renuevan su sello de calidad nacional,https://portalinvestigacion.uniovi.es/investigadores/1095910/detalle,MARIA VICTORIA MARTINEZ LOPEZ,UNCLEAR,No se menciona su actividad investigadora ni su rol institucional en la noticia.,No hay evidencia suficiente para clasificarla.,MARIA VICTORIA MARTINEZ LOPEZ
223,Seis revistas del Servicio de Publicaciones de la Universidad de Oviedo renuevan su sello de calidad nacional,https://portalinvestigacion.uniovi.es/investigadores/217692/detalle,MARIA MARTINEZ GOMEZ,UNCLEAR,No se menciona su actividad investigadora ni su rol institucional en la noticia.,No hay evidencia suficiente para clasificarla.,MARIA MARTINEZ GOMEZ
224,"La Universidad de Oviedo impulsa la conexión entre ciencia, empresa y sociedad con la Segunda Semana de la Transferencia",https://portalinvestigacion.uniovi.es/investigadores/217811/detalle,SUSANA LUQUE RODRIGUEZ,MIXED,"Susana Luque aparece como vicerrectora, pero también se menciona su papel en la promoción de la investigación y la colaboración con empresas.","Por su parte, Susana Luque, vicerrectora de Transferencia y Relaciones con la Empresa, señala que esta semana 'es una oportunidad para que empresas, administraciones y entidades conozcan de primera mano el potencial investigador de la Universidad de Oviedo'.",SUSANA LUQUE RODRIGUEZ
224,"La Universidad de Oviedo impulsa la conexión entre ciencia, empresa y sociedad con la Segunda Semana de la Transferencia",https://portalinvestigacion.uniovi.es/investigadores/218536/detalle,IGNACIO VILLAVERDE MENENDEZ,MIXED,"Ignacio Villaverde es mencionado como rector y también habla sobre la importancia de la transferencia del conocimiento, lo que implica un rol en la investigación.","Ignacio Villaverde, rector de la Universidad de Oviedo, subraya que 'la transferencia del conocimiento es una de las grandes responsabilidades de la universidad pública'.",IGNACIO VILLAVERDE MENENDEZ
225,El rector renueva su equipo de gobierno con la incorporación de Marta Mateo como nueva vicerrectora de Extensión Universitaria y Proyección Cultural,https://portalinvestigacion.uniovi.es/investigadores/218536/detalle,Ignacio Villaverde,INSTITUTIONAL,Villaverde actúa como rector y representante institucional en la noticia.,"Ignacio Villaverde, rector de la Universidad de Oviedo, ha renovado su equipo de gobierno con la incorporación de Marta Mateo.",IGNACIO VILLAVERDE MENENDEZ
225,El rector renueva su equipo de gobierno con la incorporación de Marta Mateo como nueva vicerrectora de Extensión Universitaria y Proyección Cultural,https://portalinvestigacion.uniovi.es/investigadores/219562/detalle,Marta Mateo,MIXED,Mateo es mencionada tanto en su rol como vicerrectora institucional como en su actividad investigadora en estudios de traducción.,Mateo ha centrado su investigación en el campo de los estudios de traducción en el ámbito de las lenguas inglesa y española.,MARIA PILAR GARCES GARCIA
226,Un proyecto europeo con participación de la Universidad de Oviedo impulsará la igualdad de género y la diversidad en las carreras científicas,https://portalinvestigacion.uniovi.es/investigadores/217800/detalle,Yolanda Lozano,MIXED,"Yolanda Lozano es mencionada como coordinadora de la iniciativa y también se refiere a su papel en la mejora de la calidad de la investigación, lo que implica actividad investigadora.","""Proyectos como GENERA-COPA permiten avanzar hacia una formación científica más inclusiva y mejor preparada para los retos globales"".",YOLANDA LOZANO GOMEZ
226,Un proyecto europeo con participación de la Universidad de Oviedo impulsará la igualdad de género y la diversidad en las carreras científicas,https://portalinvestigacion.uniovi.es/investigadores/218955/detalle,Bárbara Álvarez,MIXED,"Bárbara Álvarez es mencionada como coordinadora de la iniciativa y también se refiere a su papel en la mejora de la calidad de la investigación, lo que implica actividad investigadora.","""Proyectos como GENERA-COPA permiten avanzar hacia una formación científica más inclusiva y mejor preparada para los retos globales"".",BARBARA ALVAREZ GONZALEZ
227,La rectora de la Universidad de Zaragoza asume la presidencia del Grupo G9 de Universidades durante el primer semestre de 2026,https://portalinvestigacion.uniovi.es/investigadores/218536/detalle,Ignacio Villaverde,INSTITUTIONAL,"Ignacio Villaverde es mencionado como rector de la Universidad de Oviedo, participando en un encuentro institucional.","El encuentro de rectoras y rectores del G9, que ha contado con la participación de Ignacio Villaverde, rector de la Universidad de Oviedo.",IGNACIO VILLAVERDE MENENDEZ
227,La rectora de la Universidad de Zaragoza asume la presidencia del Grupo G9 de Universidades durante el primer semestre de 2026,https://portalinvestigacion.uniovi.es/investigadores/1301906/detalle,Ana Maria Lopez Fernandez,UNCLEAR,"No se menciona a Ana Maria Lopez Fernandez en la noticia, por lo que no hay evidencia suficiente para clasificar su rol.",,ANA MARIA LOPEZ FERNANDEZ
227,La rectora de la Universidad de Zaragoza asume la presidencia del Grupo G9 de Universidades durante el primer semestre de 2026,https://portalinvestigacion.uniovi.es/investigadores/217770/detalle,Jose Maria Lopez Lopez,UNCLEAR,"No se menciona a Jose Maria Lopez Lopez en la noticia, por lo que no hay evidencia suficiente para clasificar su rol.",,JOSE MARIA LOPEZ LOPEZ
227,La rectora de la Universidad de Zaragoza asume la presidencia del Grupo G9 de Universidades durante el primer semestre de 2026,https://portalinvestigacion.uniovi.es/investigadores/1116408/detalle,Eva Maria López Álvarez,UNCLEAR,"No se menciona a Eva Maria López Álvarez en la noticia, por lo que no hay evidencia suficiente para clasificar su rol.",,EVA MARIA LÓPEZ ÁLVAREZ
227,La rectora de la Universidad de Zaragoza asume la presidencia del Grupo G9 de Universidades durante el primer semestre de 2026,https://portalinvestigacion.uniovi.es/investigadores/1010350/detalle,Paula Maria Lopez Perez,UNCLEAR,"No se menciona a Paula Maria Lopez Perez en la noticia, por lo que no hay evidencia suficiente para clasificar su rol.",,PAULA MARIA LOPEZ PEREZ
227,La rectora de la Universidad de Zaragoza asume la presidencia del Grupo G9 de Universidades durante el primer semestre de 2026,https://portalinvestigacion.uniovi.es/investigadores/217758/detalle,Maria Concepcion Lopez Diaz,UNCLEAR,"No se menciona a Maria Concepcion Lopez Diaz en la noticia, por lo que no hay evidencia suficiente para clasificar su rol.",,MARIA CONCEPCION LOPEZ DIAZ
228,La Universidad de Oviedo supera por primera vez el millar de matrículas en el Programa Universitario de Mayores,https://portalinvestigacion.uniovi.es/investigadores/219562/detalle,María Pilar García Cuetos,INSTITUTIONAL,"La vicerrectora destaca el valor social y cultural del programa, actuando como representante institucional.",subraya que 'alcanzar por primera vez el millar de matrículas es un hito que confirma el enorme valor social y cultural de este programa'.,MARIA PILAR GARCES GARCIA
228,La Universidad de Oviedo supera por primera vez el millar de matrículas en el Programa Universitario de Mayores,https://portalinvestigacion.uniovi.es/investigadores/218586/detalle,Pedro Manuel Suárez Martínez,MIXED,"El catedrático menciona su implicación en el programa y también describe su actividad docente, lo que muestra ambas dimensiones.",Él se encarga de impartir el curso titulado Cultura Clásica y Mundo Contemporáneo.,PEDRO MANUEL SUAREZ MARTINEZ
228,La Universidad de Oviedo supera por primera vez el millar de matrículas en el Programa Universitario de Mayores,https://portalinvestigacion.uniovi.es/investigadores/217767/detalle,José Manuel López García,MIXED,"El catedrático destaca su experiencia docente en el programa y su satisfacción personal, mostrando tanto su rol como investigador como docente.",José Manuel López García imparte tres asignaturas relacionadas con la biomedicina desde hace ocho años.,JOSE MANUEL LOPEZ GARCIA
228,La Universidad de Oviedo supera por primera vez el millar de matrículas en el Programa Universitario de Mayores,https://portalinvestigacion.uniovi.es/investigadores/219226/detalle,Set Pérez González,MIXED,"El profesor menciona su participación en el programa y cómo esto le ayuda a difundir su trabajo, mostrando tanto su rol docente como investigador.",para nosotros es un foro en el que difundir el valor de nuestro trabajo.,SET PEREZ GONZALEZ
228,La Universidad de Oviedo supera por primera vez el millar de matrículas en el Programa Universitario de Mayores,https://portalinvestigacion.uniovi.es/investigadores/218121/detalle,Raquel Pérez Díaz,MIXED,"La profesora expresa su satisfacción por la enseñanza en el programa y su aprendizaje, lo que refleja ambas dimensiones.","Es una docencia que me encanta y me proporciona mucha alegría, porque la que aprendo con ellos soy yo.",RAQUEL PEREZ DIAZ
230,El Campus de Gijón de la Universidad de Oviedo incorpora una red privada 5G pionera en Asturias,https://portalinvestigacion.uniovi.es/investigadores/218536/detalle,Ignacio Villaverde Menendez,INSTITUTIONAL,"Ignacio Villaverde aparece como rector de la Universidad de Oviedo, destacando su papel institucional en la presentación de la red 5G.","Ignacio Villaverde, rector de la Universidad de Oviedo, ha destacado que esta red 5G supone un 'salto cualitativo' para la Universidad de Oviedo y para Asturias.",IGNACIO VILLAVERDE MENENDEZ
230,El Campus de Gijón de la Universidad de Oviedo incorpora una red privada 5G pionera en Asturias,https://portalinvestigacion.uniovi.es/investigadores/217735/detalle,Germán León Fernández,RESEARCH,"Germán León es mencionado como parte del equipo responsable de la nueva red 5G, que se utiliza en proyectos de investigación.","El equipo responsable de esta nueva red está formado por los profesores de la institución académica Rafael González Ayestarán, Ignacio Rodríguez Larrad y Luis Fernando Herrán Ontañón.",GERMAN LEON FERNANDEZ
230,El Campus de Gijón de la Universidad de Oviedo incorpora una red privada 5G pionera en Asturias,https://portalinvestigacion.uniovi.es/investigadores/217902/detalle,Luis Fernando Herrán Ontañón,RESEARCH,"Luis Fernando es parte del equipo responsable de la red 5G, que se utiliza en proyectos de investigación.","El equipo responsable de esta nueva red está formado por los profesores de la institución académica Rafael González Ayestarán, Ignacio Rodríguez Larrad y Luis Fernando Herrán Ontañón.",LUIS FERNANDO HERRAN ONTAÑON
230,El Campus de Gijón de la Universidad de Oviedo incorpora una red privada 5G pionera en Asturias,https://portalinvestigacion.uniovi.es/investigadores/217335/detalle,Rafael González Ayestarán,RESEARCH,"Rafael González es mencionado como parte del equipo responsable de la nueva red 5G, que se utiliza en proyectos de investigación.","El equipo responsable de esta nueva red está formado por los profesores de la institución académica Rafael González Ayestarán, Ignacio Rodríguez Larrad y Luis Fernando Herrán Ontañón.",RAFAEL GONZALEZ AYESTARAN
230,El Campus de Gijón de la Universidad de Oviedo incorpora una red privada 5G pionera en Asturias,https://portalinvestigacion.uniovi.es/investigadores/219298/detalle,Ignacio Rodríguez,RESEARCH,"Ignacio Rodríguez es parte del equipo responsable de la nueva red 5G, que se utiliza en proyectos de investigación.","El equipo responsable de esta nueva red está formado por los profesores de la institución académica Rafael González Ayestarán, Ignacio Rodríguez Larrad y Luis Fernando Herrán Ontañón.",IGNACIO RODRIGUEZ
230,El Campus de Gijón de la Universidad de Oviedo incorpora una red privada 5G pionera en Asturias,https://portalinvestigacion.uniovi.es/investigadores/217762/detalle,Jesús Alberto López Fernández,RESEARCH,"Jesús Alberto es parte del equipo responsable de la nueva red 5G, que se utiliza en proyectos de investigación.","El equipo responsable de esta nueva red está formado por los profesores de la institución académica Rafael González Ayestarán, Ignacio Rodríguez Larrad y Luis Fernando Herrán Ontañón.",JESUS ALBERTO LOPEZ FERNANDEZ
233,La Universidad de Oviedo y el Ayuntamiento de Avilés firman una alianza estratégica,https://portalinvestigacion.uniovi.es/investigadores/218536/detalle,IGNACIO VILLAVERDE MENENDEZ,MIXED,"Ignacio Villaverde actúa como rector, pero también menciona la importancia de la investigación y la transferencia de conocimiento en su discurso.","""Este convenio no solo refuerza la apuesta por modelos industriales sostenibles y digitales, sino que también sitúa a la Universidad de Oviedo en el centro de la transferencia de conocimiento y la investigación aplicada"".",IGNACIO VILLAVERDE MENENDEZ
233,La Universidad de Oviedo y el Ayuntamiento de Avilés firman una alianza estratégica,https://portalinvestigacion.uniovi.es/investigadores/217811/detalle,SUSANA LUQUE RODRIGUEZ,UNCLEAR,No se menciona ninguna actividad específica de investigación o contribución académica de Susana Luque en el texto.,,SUSANA LUQUE RODRIGUEZ
233,La Universidad de Oviedo y el Ayuntamiento de Avilés firman una alianza estratégica,https://portalinvestigacion.uniovi.es/investigadores/219825/detalle,ROBERTO GARCIA GARCIA,UNCLEAR,No se menciona ninguna actividad específica de investigación o contribución académica de Roberto García en el texto.,,ROBERTO GARCIA GARCIA
233,La Universidad de Oviedo y el Ayuntamiento de Avilés firman una alianza estratégica,https://portalinvestigacion.uniovi.es/investigadores/217409/detalle,MARIA SERAFINA GARCIA GARCIA,UNCLEAR,No se menciona ninguna actividad específica de investigación o contribución académica de María Serafina García en el texto.,,MARIA SERAFINA GARCIA GARCIA
233,La Universidad de Oviedo y el Ayuntamiento de Avilés firman una alianza estratégica,https://portalinvestigacion.uniovi.es/investigadores/218790/detalle,JOSE GARCIA GARCIA,UNCLEAR,No se menciona ninguna actividad específica de investigación o contribución académica de José García en el texto.,,JOSE GARCIA GARCIA
233,La Universidad de Oviedo y el Ayuntamiento de Avilés firman una alianza estratégica,https://portalinvestigacion.uniovi.es/investigadores/217404/detalle,BEATRIZ GARCIA GARCIA,UNCLEAR,No se menciona ninguna actividad específica de investigación o contribución académica de Beatriz García en el texto.,,BEATRIZ GARCIA GARCIA
233,La Universidad de Oviedo y el Ayuntamiento de Avilés firman una alianza estratégica,https://portalinvestigacion.uniovi.es/investigadores/1205486/detalle,JORGE GARCIA PIQUERAS,UNCLEAR,No se menciona ninguna actividad específica de investigación o contribución académica de Jorge García en el texto.,,JORGE GARCIA PIQUERAS
233,La Universidad de Oviedo y el Ayuntamiento de Avilés firman una alianza estratégica,https://portalinvestigacion.uniovi.es/investigadores/219675/detalle,ISMAEL GARCIA GARCIA,UNCLEAR,No se menciona ninguna actividad específica de investigación o contribución académica de Ismael García en el texto.,,ISMAEL GARCIA GARCIA
233,La Universidad de Oviedo y el Ayuntamiento de Avilés firman una alianza estratégica,https://portalinvestigacion.uniovi.es/investigadores/217410/detalle,RAQUEL GARCIA GARCIA,UNCLEAR,No se menciona ninguna actividad específica de investigación o contribución académica de Raquel García en el texto.,,RAQUEL GARCIA GARCIA
233,La Universidad de Oviedo y el Ayuntamiento de Avilés firman una alianza estratégica,https://portalinvestigacion.uniovi.es/investigadores/217405/detalle,DANIEL GARCIA GARCIA,UNCLEAR,No se menciona ninguna actividad específica de investigación o contribución académica de Daniel García en el texto.,,DANIEL GARCIA GARCIA
233,La Universidad de Oviedo y el Ayuntamiento de Avilés firman una alianza estratégica,https://portalinvestigacion.uniovi.es/investigadores/217449/detalle,JORGE GARCIA RODRIGUEZ,UNCLEAR,No se menciona ninguna actividad específica de investigación o contribución académica de Jorge García en el texto.,,JORGE GARCIA RODRIGUEZ
233,La Universidad de Oviedo y el Ayuntamiento de Avilés firman una alianza estratégica,https://portalinvestigacion.uniovi.es/investigadores/217407/detalle,MARIA ANGELES GARCIA GARCIA,UNCLEAR,No se menciona ninguna actividad específica de investigación o contribución académica de María Ángeles García en el texto.,,MARIA ANGELES GARCIA GARCIA
233,La Universidad de Oviedo y el Ayuntamiento de Avilés firman una alianza estratégica,https://portalinvestigacion.uniovi.es/investigadores/219148/detalle,JORGE GARCIA GARCIA,UNCLEAR,No se menciona ninguna actividad específica de investigación o contribución académica de Jorge García en el texto.,,JORGE GARCIA GARCIA
234,Un estudio de la Universidad de Oviedo gana el premio Lola Martínez a la mejor investigación en Igualdad y Género,https://portalinvestigacion.uniovi.es/investigadores/217461/detalle,Alba García Torres,RESEARCH,"La profesora Alba García Torres ha sido reconocida por una investigación sobre la regulación del tiempo desde una perspectiva feminista, lo que indica su actividad investigadora.","La profesora de la Universidad de Oviedo Alba García Torres ha sido distinguida con el VIII Premio Lola Martínez a la mejor investigación en Igualdad y Género 2025, otorgado por el Aula de Igualdad y Género Lola Martínez de la Universidad de Castilla-La Mancha.",ALBA GARCIA TORRES
235,Un equipo de la Universidad de Oviedo lidera un estudio que define las reglas para el control de la nanoluz en la escala atómica,https://portalinvestigacion.uniovi.es/investigadores/216763/detalle,PABLO ALONSO GONZALEZ,RESEARCH,El profesor Pablo Alonso González lidera un proyecto de investigación y se menciona su actividad investigadora en el contexto de un estudio publicado.,...liderado por el profesor de la Universidad de Oviedo Pablo Alonso González y financiado por una ERC Consolidator Grant del Consejo Europeo de Investigación.,PABLO ALONSO GONZALEZ
235,Un equipo de la Universidad de Oviedo lidera un estudio que define las reglas para el control de la nanoluz en la escala atómica,https://portalinvestigacion.uniovi.es/investigadores/1095859/detalle,AITANA TARAZAGA MARTIN-LUENGO,UNCLEAR,No se proporciona información suficiente sobre la actividad investigadora de Aitana Tarazaga Martin-Luengo en la noticia.,,AITANA TARAZAGA MARTIN-LUENGO
235,Un equipo de la Universidad de Oviedo lidera un estudio que define las reglas para el control de la nanoluz en la escala atómica,https://portalinvestigacion.uniovi.es/investigadores/220311/detalle,PABLO ALONSO GONZALEZ,UNCLEAR,No se proporciona información suficiente sobre la actividad investigadora de Pablo Alonso González en la noticia.,,PABLO ALONSO GONZALEZ
236,Los pesticidas son tan importantes como la pérdida de hábitats en el declive global de las abejas silvestres en los cultivos,https://portalinvestigacion.uniovi.es/investigadores/217405/detalle,Daniel García García,RESEARCH,"Participa en un estudio sobre el efecto de pesticidas y pérdida de hábitats en abejas silvestres, lo que implica actividad investigadora.",...miembros del grupo de investigación de Biodiversidad y Servicios de los Ecosistemas (BESLab) de la Universidad de Oviedo... han analizado el declive de las abejas silvestres... en relación con dos factores... el uso de pesticidas... y la pérdida de hábitats naturales.,DANIEL GARCIA GARCIA
236,Los pesticidas son tan importantes como la pérdida de hábitats en el declive global de las abejas silvestres en los cultivos,https://portalinvestigacion.uniovi.es/investigadores/217471/detalle,Daniel García Vivo,UNCLEAR,No se menciona su participación en la investigación ni se proporciona información sobre su rol en el contexto de la noticia.,,DANIEL GARCIA VIVO
236,Los pesticidas son tan importantes como la pérdida de hábitats en el declive global de las abejas silvestres en los cultivos,https://portalinvestigacion.uniovi.es/investigadores/217428/detalle,Daniel Fernando García Martínez,UNCLEAR,No se menciona su participación en la investigación ni se proporciona información sobre su rol en el contexto de la noticia.,,DANIEL FERNANDO GARCIA MARTINEZ
236,Los pesticidas son tan importantes como la pérdida de hábitats en el declive global de las abejas silvestres en los cultivos,https://portalinvestigacion.uniovi.es/investigadores/1116395/detalle,Marcos Miñarro Prado,RESEARCH,"Participa en el estudio y proporciona datos sobre el impacto de pesticidas en las abejas, lo que implica actividad investigadora.","...como indica Marcos Miñarro, investigador del SERIDA, 'el análisis global incorpora datos de 36 sistemas de cultivo diferentes...'",MARCOS MIÑARRO PRADO
236,Los pesticidas son tan importantes como la pérdida de hábitats en el declive global de las abejas silvestres en los cultivos,https://portalinvestigacion.uniovi.es/investigadores/217469/detalle,Daniel García Velasco,UNCLEAR,No se menciona su participación en la investigación ni se proporciona información sobre su rol en el contexto de la noticia.,,Daniel García Velasco
238,La Cátedra de Salud Comunitaria y Promoción de la Salud entrega sus premios a los mejores trabajos fin de titulación,https://portalinvestigacion.uniovi.es/investigadores/217921/detalle,RAQUEL MARIA GONZALEZ SOENGAS,RESEARCH,"Se menciona su trabajo sobre el impacto de los desastres naturales en la salud mental de la población joven, lo que indica actividad investigadora.",María González García ha sido reconocida con el premio al mejor TFM gracias a su trabajo sobre el impacto de los desastres naturales en la salud mental de la población joven.,RAQUEL MARIA GONZALEZ SOENGAS
238,La Cátedra de Salud Comunitaria y Promoción de la Salud entrega sus premios a los mejores trabajos fin de titulación,https://portalinvestigacion.uniovi.es/investigadores/217362/detalle,MARTA ISABEL GONZALEZ GARCIA,RESEARCH,"Se menciona su trabajo titulado Epidemiología de las Enfermedades Cardiovasculares en Emergencias Complejas, lo que indica actividad investigadora.","El premio al mejor TFG fue para Aída Sotomayor Centeno, por su trabajo titulado Epidemiología de las Enfermedades Cardiovasculares en Emergencias Complejas.",MARTA ISABEL GONZALEZ GARCIA
239,25 tesis doctorales leídas en el curso 2023-2024 recibirán el Premio Extraordinario de Doctorado,https://portalinvestigacion.uniovi.es/investigadores/1010273/detalle,IRENE DIAZ MARTINEZ,MIXED,"Irene Díaz aparece como vicerrectora de Investigación, lo que indica un rol institucional, pero también destaca la importancia del Plan Propio de Investigación, que está relacionado con la actividad investigadora.","La vicerrectora Irene Díaz ha subrayado que “el Plan Propio sigue siendo una herramienta fundamental para sostener la actividad investigadora en todas sus fases...""",IRENE DIAZ MARTINEZ
239,25 tesis doctorales leídas en el curso 2023-2024 recibirán el Premio Extraordinario de Doctorado,https://portalinvestigacion.uniovi.es/investigadores/218536/detalle,IGNACIO VILLAVERDE MENENDEZ,INSTITUTIONAL,"Ignacio Villaverde es mencionado como rector y su intervención se centra en el valor institucional de los premios, sin referencia a actividad investigadora específica.","El rector de la Universidad de Oviedo, Ignacio Villaverde, ha señalado que estos premios “ponen en valor el enorme esfuerzo y la calidad del trabajo desarrollado...""",IGNACIO VILLAVERDE MENENDEZ
239,25 tesis doctorales leídas en el curso 2023-2024 recibirán el Premio Extraordinario de Doctorado,https://portalinvestigacion.uniovi.es/investigadores/218464/detalle,MARIA PAZ SUAREZ COALLA,UNCLEAR,"No se menciona a María Paz Suárez en el contexto de la noticia, por lo que no hay evidencia suficiente para clasificar su rol.",,MARIA PAZ SUAREZ COALLA
239,25 tesis doctorales leídas en el curso 2023-2024 recibirán el Premio Extraordinario de Doctorado,https://portalinvestigacion.uniovi.es/investigadores/217124/detalle,SUSANA IRENE DIAZ RODRIGUEZ,UNCLEAR,"No se menciona a Susana Irene Díaz en el contexto de la noticia, por lo que no hay evidencia suficiente para clasificar su rol.",,SUSANA IRENE DIAZ RODRIGUEZ
240,El lienzo ‘Cristo presentado al pueblo’ recupera su valor artístico original tras ser sometido a una restauración integral,https://portalinvestigacion.uniovi.es/investigadores/219685/detalle,Álvaro Fernández Castañón,RESEARCH,"El texto menciona que Álvaro Fernández Castañón es restaurador de pintura del Museo del Prado y coordinó la intervención de restauración, lo que implica una actividad investigadora en el ámbito de la conservación del arte.","...la intervención, llevada a cabo por la especialista Ana Isabel Ortega Díaz y coordinada por Álvaro Fernández Castañón, restaurador de pintura del Museo del Prado...",ALVARO FERNANDEZ VAQUERO
243,El Principado y la Universidad de Oviedo ponen en marcha el primer Erasmus Rural,https://portalinvestigacion.uniovi.es/investigadores/218536/detalle,IGNACIO VILLAVERDE MENENDEZ,INSTITUTIONAL,"Ignacio Villaverde aparece como rector de la Universidad de Oviedo, destacando su papel institucional en la presentación del programa Erasmus Rural.",El rector Ignacio Villaverde señala que este programa refuerza 'nuestra esencia como universidad pública: estar al servicio del territorio...'.,IGNACIO VILLAVERDE MENENDEZ
243,El Principado y la Universidad de Oviedo ponen en marcha el primer Erasmus Rural,https://portalinvestigacion.uniovi.es/investigadores/218643/detalle,CELESTINO RODRIGUEZ PEREZ,INSTITUTIONAL,"Celestino Rodríguez es mencionado como decano de la Facultad de Formación del Profesorado y Educación, expresando su satisfacción por el programa desde una perspectiva institucional.","Celestino Rodríguez, decano de la Facultad de Formación del Profesorado y Educación, ha expresado su orgullo y satisfacción por la puesta en marcha del programa.",CELESTINO RODRIGUEZ PEREZ
244,La Universidad de Oviedo entrega los Premios a los Mejores Trabajos Fin de Grado de las Cátedras AACSB de la Facultad de Economía y Empresa,https://portalinvestigacion.uniovi.es/investigadores/219231/detalle,DAVID RODRIGUEZ MARTINEZ,RESEARCH,El premio otorgado a David Rodríguez Suárez por su TFG está relacionado con su actividad investigadora en finanzas sostenibles.,Premio otorgado a David Rodríguez Suárez por el TFG Inversiones Financieras Sostenibles: resultados de los fondos ESG en Europa.,DAVID RODRIGUEZ MARTINEZ
244,La Universidad de Oviedo entrega los Premios a los Mejores Trabajos Fin de Grado de las Cátedras AACSB de la Facultad de Economía y Empresa,https://portalinvestigacion.uniovi.es/investigadores/217511/detalle,MARIA ARANZAZU FERNANDEZ RODRIGUEZ,UNCLEAR,No se menciona ninguna actividad investigadora o institucional relacionada con ella en la noticia.,,MARIA ARANZAZU FERNANDEZ RODRIGUEZ
244,La Universidad de Oviedo entrega los Premios a los Mejores Trabajos Fin de Grado de las Cátedras AACSB de la Facultad de Economía y Empresa,https://portalinvestigacion.uniovi.es/investigadores/217811/detalle,SUSANA LUQUE RODRIGUEZ,INSTITUTIONAL,Susana Luque aparece como vicerrectora y su intervención se centra en el papel institucional de las cátedras.,"La apertura ha corrido a cargo de la vicerrectora de Transferencia y Relaciones con la Empresa, Susana Luque.",SUSANA LUQUE RODRIGUEZ
244,La Universidad de Oviedo entrega los Premios a los Mejores Trabajos Fin de Grado de las Cátedras AACSB de la Facultad de Economía y Empresa,https://portalinvestigacion.uniovi.es/investigadores/217560/detalle,ESTEBAN GARCIA CANAL,UNCLEAR,No se menciona ninguna actividad investigadora o institucional relacionada con él en la noticia.,,ESTEBAN GARCIA CANAL
244,La Universidad de Oviedo entrega los Premios a los Mejores Trabajos Fin de Grado de las Cátedras AACSB de la Facultad de Economía y Empresa,https://portalinvestigacion.uniovi.es/investigadores/219959/detalle,JAVIER FERNANDEZ GONZALEZ,UNCLEAR,No se menciona ninguna actividad investigadora o institucional relacionada con él en la noticia.,,JAVIER FERNANDEZ GONZALEZ
244,La Universidad de Oviedo entrega los Premios a los Mejores Trabajos Fin de Grado de las Cátedras AACSB de la Facultad de Economía y Empresa,https://portalinvestigacion.uniovi.es/investigadores/217503/detalle,FRANCISCO JAVIER FERNANDEZ RIO,UNCLEAR,No se menciona ninguna actividad investigadora o institucional relacionada con él en la noticia.,,FRANCISCO JAVIER FERNANDEZ RIO
244,La Universidad de Oviedo entrega los Premios a los Mejores Trabajos Fin de Grado de las Cátedras AACSB de la Facultad de Economía y Empresa,https://portalinvestigacion.uniovi.es/investigadores/217686/detalle,FRANCISCO JAVIER MARTINEZ GARCIA,UNCLEAR,No se menciona ninguna actividad investigadora o institucional relacionada con él en la noticia.,,FRANCISCO JAVIER MARTINEZ GARCIA
244,La Universidad de Oviedo entrega los Premios a los Mejores Trabajos Fin de Grado de las Cátedras AACSB de la Facultad de Economía y Empresa,https://portalinvestigacion.uniovi.es/investigadores/217505/detalle,FRANCISCO JOSE FERNANDEZ RODRIGUEZ,UNCLEAR,No se menciona ninguna actividad investigadora o institucional relacionada con él en la noticia.,,CAROLINA FERNANDEZ RODRIGUEZ
244,La Universidad de Oviedo entrega los Premios a los Mejores Trabajos Fin de Grado de las Cátedras AACSB de la Facultad de Economía y Empresa,https://portalinvestigacion.uniovi.es/investigadores/218656/detalle,JULIO RODRIGUEZ SUAREZ,UNCLEAR,No se menciona ninguna actividad investigadora o institucional relacionada con él en la noticia.,,JULIO RODRIGUEZ SUAREZ
244,La Universidad de Oviedo entrega los Premios a los Mejores Trabajos Fin de Grado de las Cátedras AACSB de la Facultad de Economía y Empresa,https://portalinvestigacion.uniovi.es/investigadores/218879/detalle,LUIS JAVIER FERNANDEZ MENENDEZ,UNCLEAR,No se menciona ninguna actividad investigadora o institucional relacionada con él en la noticia.,,LUIS JAVIER FERNANDEZ MENENDEZ
244,La Universidad de Oviedo entrega los Premios a los Mejores Trabajos Fin de Grado de las Cátedras AACSB de la Facultad de Economía y Empresa,https://portalinvestigacion.uniovi.es/investigadores/218865/detalle,JAVIER FERNANDEZ FERNANDEZ,UNCLEAR,No se menciona ninguna actividad investigadora o institucional relacionada con él en la noticia.,,JAVIER FERNANDEZ FERNANDEZ
244,La Universidad de Oviedo entrega los Premios a los Mejores Trabajos Fin de Grado de las Cátedras AACSB de la Facultad de Economía y Empresa,https://portalinvestigacion.uniovi.es/investigadores/218658/detalle,MARTA MARIA RODRIGUEZ SUAREZ,UNCLEAR,No se menciona ninguna actividad investigadora o institucional relacionada con ella en la noticia.,,MARTA MARIA RODRIGUEZ SUAREZ
244,La Universidad de Oviedo entrega los Premios a los Mejores Trabajos Fin de Grado de las Cátedras AACSB de la Facultad de Economía y Empresa,https://portalinvestigacion.uniovi.es/investigadores/219966/detalle,CARMEN RODRIGUEZ SUAREZ,UNCLEAR,No se menciona ninguna actividad investigadora o institucional relacionada con ella en la noticia.,,CARMEN RODRIGUEZ SUAREZ
244,La Universidad de Oviedo entrega los Premios a los Mejores Trabajos Fin de Grado de las Cátedras AACSB de la Facultad de Economía y Empresa,https://portalinvestigacion.uniovi.es/investigadores/217636/detalle,JAVIER FERNANDEZ MENENDEZ,UNCLEAR,No se menciona ninguna actividad investigadora o institucional relacionada con él en la noticia.,,JAVIER FERNANDEZ MENENDEZ
244,La Universidad de Oviedo entrega los Premios a los Mejores Trabajos Fin de Grado de las Cátedras AACSB de la Facultad de Economía y Empresa,https://portalinvestigacion.uniovi.es/investigadores/220157/detalle,MARIA ESTEBAN GARCIA,UNCLEAR,No se menciona ninguna actividad investigadora o institucional relacionada con ella en la noticia.,,MARIA ESTEBAN GARCIA
244,La Universidad de Oviedo entrega los Premios a los Mejores Trabajos Fin de Grado de las Cátedras AACSB de la Facultad de Economía y Empresa,https://portalinvestigacion.uniovi.es/investigadores/217688/detalle,JOSE CARLOS MARTINEZ GARCIA,UNCLEAR,No se menciona ninguna actividad investigadora o institucional relacionada con él en la noticia.,,JOSE CARLOS MARTINEZ GARCIA
244,La Universidad de Oviedo entrega los Premios a los Mejores Trabajos Fin de Grado de las Cátedras AACSB de la Facultad de Economía y Empresa,https://portalinvestigacion.uniovi.es/investigadores/218594/detalle,DIMAS SUAREZ RODRIGUEZ,UNCLEAR,No se menciona ninguna actividad investigadora o institucional relacionada con él en la noticia.,,DIMAS SUAREZ RODRIGUEZ
244,La Universidad de Oviedo entrega los Premios a los Mejores Trabajos Fin de Grado de las Cátedras AACSB de la Facultad de Economía y Empresa,https://portalinvestigacion.uniovi.es/investigadores/1010290/detalle,VICTORIA VEGA FERNANDEZ RODRIGUEZ,UNCLEAR,No se menciona ninguna actividad investigadora o institucional relacionada con ella en la noticia.,,VICTORIA VEGA FERNANDEZ RODRIGUEZ
244,La Universidad de Oviedo entrega los Premios a los Mejores Trabajos Fin de Grado de las Cátedras AACSB de la Facultad de Economía y Empresa,https://portalinvestigacion.uniovi.es/investigadores/218878/detalle,JAVIER FERNANDEZ MATEOS,UNCLEAR,No se menciona ninguna actividad investigadora o institucional relacionada con él en la noticia.,,JAVIER FERNANDEZ MATEOS
244,La Universidad de Oviedo entrega los Premios a los Mejores Trabajos Fin de Grado de las Cátedras AACSB de la Facultad de Economía y Empresa,https://portalinvestigacion.uniovi.es/investigadores/217687/detalle,IRMA MARTINEZ GARCIA,UNCLEAR,No se menciona ninguna actividad investigadora o institucional relacionada con ella en la noticia.,,IRMA MARTINEZ GARCIA
244,La Universidad de Oviedo entrega los Premios a los Mejores Trabajos Fin de Grado de las Cátedras AACSB de la Facultad de Economía y Empresa,https://portalinvestigacion.uniovi.es/investigadores/217691/detalle,MARIA LINDSAY MARTINEZ GARCIA,UNCLEAR,No se menciona ninguna actividad investigadora o institucional relacionada con ella en la noticia.,,MARIA LINDSAY MARTINEZ GARCIA
244,La Universidad de Oviedo entrega los Premios a los Mejores Trabajos Fin de Grado de las Cátedras AACSB de la Facultad de Economía y Empresa,https://portalinvestigacion.uniovi.es/investigadores/1010357/detalle,JAIME MARTINEZ GARCIA,UNCLEAR,No se menciona ninguna actividad investigadora o institucional relacionada con él en la noticia.,,JAIME MARTINEZ GARCIA
244,La Universidad de Oviedo entrega los Premios a los Mejores Trabajos Fin de Grado de las Cátedras AACSB de la Facultad de Economía y Empresa,https://portalinvestigacion.uniovi.es/investigadores/218656/detalle,JULIO RODRIGUEZ SUAREZ,UNCLEAR,No se menciona ninguna actividad investigadora o institucional relacionada con él en la noticia.,,JULIO RODRIGUEZ SUAREZ
244,La Universidad de Oviedo entrega los Premios a los Mejores Trabajos Fin de Grado de las Cátedras AACSB de la Facultad de Economía y Empresa,https://portalinvestigacion.uniovi.es/investigadores/217509/detalle,FRANCISCO JOSE FERNANDEZ RODRIGUEZ,UNCLEAR,No se menciona ninguna actividad investigadora o institucional relacionada con él en la noticia.,,FRANCISCO JOSE FERNANDEZ RODRIGUEZ
244,La Universidad de Oviedo entrega los Premios a los Mejores Trabajos Fin de Grado de las Cátedras AACSB de la Facultad de Economía y Empresa,https://portalinvestigacion.uniovi.es/investigadores/217512/detalle,MARIA DEL ROCIO FERNANDEZ RODRIGUEZ,UNCLEAR,No se menciona ninguna actividad investigadora o institucional relacionada con ella en la noticia.,,MARIA DEL ROCIO FERNANDEZ RODRIGUEZ
244,La Universidad de Oviedo entrega los Premios a los Mejores Trabajos Fin de Grado de las Cátedras AACSB de la Facultad de Economía y Empresa,https://portalinvestigacion.uniovi.es/investigadores/218879/detalle,LUIS JAVIER FERNANDEZ MENENDEZ,UNCLEAR,No se menciona ninguna actividad investigadora o institucional relacionada con él en la noticia.,,LUIS JAVIER FERNANDEZ MENENDEZ
244,La Universidad de Oviedo entrega los Premios a los Mejores Trabajos Fin de Grado de las Cátedras AACSB de la Facultad de Economía y Empresa,https://portalinvestigacion.uniovi.es/investigadores/219906/detalle,CRISTINA MARTINEZ GARCIA,UNCLEAR,No se menciona ninguna actividad investigadora o institucional relacionada con ella en la noticia.,,CRISTINA MARTINEZ GARCIA
244,La Universidad de Oviedo entrega los Premios a los Mejores Trabajos Fin de Grado de las Cátedras AACSB de la Facultad de Economía y Empresa,https://portalinvestigacion.uniovi.es/investigadores/217691/detalle,MARIA LINDSAY MARTINEZ GARCIA,UNCLEAR,No se menciona ninguna actividad investigadora o institucional relacionada con ella en la noticia.,,MARIA LINDSAY MARTINEZ GARCIA
244,La Universidad de Oviedo entrega los Premios a los Mejores Trabajos Fin de Grado de las Cátedras AACSB de la Facultad de Economía y Empresa,https://portalinvestigacion.uniovi.es/investigadores/1010357/detalle,JAIME MARTINEZ GARCIA,UNCLEAR,No se menciona ninguna actividad investigadora o institucional relacionada con él en la noticia.,,JAIME MARTINEZ GARCIA
245,La Universidad de Oviedo rinde homenaje a ‘La Regenta’ con una exposición de más de 80 publicaciones que invitan a redescubrir la obra cumbre de Clarín,https://portalinvestigacion.uniovi.es/investigadores/218536/detalle,IGNACIO VILLAVERDE MENENDEZ,INSTITUTIONAL,Ignacio Villaverde aparece como rector y representante institucional en el acto inaugural de la exposición.,"El rector, Ignacio Villaverde, ha presidido este miércoles el acto inaugural.",IGNACIO VILLAVERDE MENENDEZ
245,La Universidad de Oviedo rinde homenaje a ‘La Regenta’ con una exposición de más de 80 publicaciones que invitan a redescubrir la obra cumbre de Clarín,https://portalinvestigacion.uniovi.es/investigadores/219833/detalle,ALBA GONZALEZ SANZ,RESEARCH,"Alba González Sanz es mencionada como investigadora y comisaria de la muestra, destacando su trabajo en la investigación sobre La Regenta.","la comisaria de la muestra, Alba González Sanz, pone en valor el 'excelente' fondo histórico de la institución académica asturiana.",ALBA GONZALEZ SANZ
245,La Universidad de Oviedo rinde homenaje a ‘La Regenta’ con una exposición de más de 80 publicaciones que invitan a redescubrir la obra cumbre de Clarín,https://portalinvestigacion.uniovi.es/investigadores/218536/detalle,IGNACIO VILLAVERDE MENENDEZ,INSTITUTIONAL,Ignacio Villaverde aparece como rector y representante institucional en el acto inaugural de la exposición.,"El rector, Ignacio Villaverde, ha presidido este miércoles el acto inaugural.",IGNACIO VILLAVERDE MENENDEZ
245,La Universidad de Oviedo rinde homenaje a ‘La Regenta’ con una exposición de más de 80 publicaciones que invitan a redescubrir la obra cumbre de Clarín,https://portalinvestigacion.uniovi.es/investigadores/219833/detalle,ALBA GONZALEZ SANZ,RESEARCH,"Alba González Sanz es mencionada como investigadora y comisaria de la muestra, destacando su trabajo en la investigación sobre La Regenta.","la comisaria de la muestra, Alba González Sanz, pone en valor el 'excelente' fondo histórico de la institución académica asturiana.",ALBA GONZALEZ SANZ
246,La Universidad de Oviedo ‘exporta’ su experiencia con el túnel del viento a la Universidad de Princeton,https://portalinvestigacion.uniovi.es/investigadores/218207/detalle,Antonio Navarro,RESEARCH,"El texto menciona que Antonio Navarro estableció vínculos con Princeton y construyó el túnel de viento, lo que indica su actividad investigadora.",...el profesor de la EPM Antonio Navarro estableció los primeros vínculos con el Departamento de Ingeniería Civil y Medioambiental de la Universidad de Princeton y construyó el túnel de viento CRUE20-oWT...,ANTONIO NAVARRO MANSO
248,La Universidad de Oviedo inaugura la Escuela Internacional de Doctorado Paz Suárez Rendueles,https://portalinvestigacion.uniovi.es/investigadores/218536/detalle,IGNACIO VILLAVERDE MENENDEZ,INSTITUTIONAL,"Ignacio Villaverde aparece como rector y su participación se centra en la inauguración del centro, sin mencionar actividad investigadora.","El rector, Ignacio Villaverde, ha celebrado la puesta en marcha del centro durante su inauguración como una herramienta clave...",IGNACIO VILLAVERDE MENENDEZ
249,El IUOPA destaca en su gala del 25º aniversario que los avances contra el cáncer solo son posibles gracias a la investigación,https://portalinvestigacion.uniovi.es/investigadores/217882/detalle,ANA YOLANDA GUTIERREZ FERNANDEZ,RESEARCH,Ana Gutiérrez reivindicó el espíritu del IUOPA y destacó la importancia de la investigación en el avance contra el cáncer.,...los avances logrados han sido posibles gracias a 'la visión y compromiso' de los profesores que impulsaron el proyecto.,ANA YOLANDA GUTIERREZ FERNANDEZ
249,El IUOPA destaca en su gala del 25º aniversario que los avances contra el cáncer solo son posibles gracias a la investigación,https://portalinvestigacion.uniovi.es/investigadores/218536/detalle,IGNACIO VILLAVERDE MENENDEZ,INSTITUTIONAL,Ignacio Villaverde aparece como rector y su intervención se centra en el papel institucional de la universidad.,"El rector de la Universidad de Oviedo, Ignacio Villaverde, destacó en su intervención que 'el IUOPA nació de una conclusión sencilla y profunda...'",IGNACIO VILLAVERDE MENENDEZ
249,El IUOPA destaca en su gala del 25º aniversario que los avances contra el cáncer solo son posibles gracias a la investigación,https://portalinvestigacion.uniovi.es/investigadores/218458/detalle,CARLOS MANUEL SUAREZ ALVAREZ,MIXED,"Carlos Suárez es mencionado como fundador y director, lo que implica tanto su rol institucional como su contribución a la investigación.","Uno de los fundadores del Instituto y director durante once años, Carlos Suárez, subrayó el impacto que la institución ha tenido en su trayectoria profesional.",CARLOS MANUEL SUAREZ ALVAREZ
250,La Universidad de Oviedo y la Fundación Alimerka renuevan su colaboración para impulsar proyectos de interés social,https://portalinvestigacion.uniovi.es/investigadores/218536/detalle,IGNACIO VILLAVERDE MENENDEZ,INSTITUTIONAL,"Ignacio Villaverde aparece como rector de la Universidad de Oviedo, destacando su papel institucional en la firma del convenio.","Ignacio Villaverde, rector de la Universidad de Oviedo, ha destacado que este convenio refuerza la visión que ambas instituciones comparten...",IGNACIO VILLAVERDE MENENDEZ
251,Tres egresados de la Universidad de Oviedo logran los Premios Nacionales Fin de Carrera,https://portalinvestigacion.uniovi.es/investigadores/218886/detalle,DAVID ROIZ DEL VALLE,RESEARCH,"David Roiz del Valle es mencionado como investigador postdoctoral y se describe su trabajo en el grupo de Genomas, Cáncer y Envejecimiento, así como su defensa de tesis doctoral.","Actualmente, trabaja como investigador postdoctoral en el grupo de Genomas, Cáncer y Envejecimiento de la institución académica asturiana.",DAVID ROIZ DEL VALLE
251,Tres egresados de la Universidad de Oviedo logran los Premios Nacionales Fin de Carrera,https://portalinvestigacion.uniovi.es/investigadores/218138/detalle,MARIA TRINIDAD PEREZ MENDEZ,UNCLEAR,"No se menciona a María Trinidad Pérez Méndez en la noticia, por lo que no hay evidencia suficiente para clasificar su rol.",,MARIA TRINIDAD PEREZ MENDEZ
251,Tres egresados de la Universidad de Oviedo logran los Premios Nacionales Fin de Carrera,https://portalinvestigacion.uniovi.es/investigadores/218128/detalle,JOSE MARIA PEREZ FREIJE,UNCLEAR,"No se menciona a José María Pérez Freije en la noticia, por lo que no hay evidencia suficiente para clasificar su rol.",,JOSE MARIA PEREZ FREIJE
251,Tres egresados de la Universidad de Oviedo logran los Premios Nacionales Fin de Carrera,https://portalinvestigacion.uniovi.es/investigadores/219224/detalle,MARIA JOSE PEREZ FERNANDEZ,UNCLEAR,"No se menciona a María José Pérez Fernández en la noticia, por lo que no hay evidencia suficiente para clasificar su rol.",,MARIA JOSE PEREZ FERNANDEZ
251,Tres egresados de la Universidad de Oviedo logran los Premios Nacionales Fin de Carrera,https://portalinvestigacion.uniovi.es/investigadores/219253/detalle,ALEJANDRO PIÑEIRO UGALDE,UNCLEAR,"No se menciona a Alejandro Piñeiro Ugalde en la noticia, por lo que no hay evidencia suficiente para clasificar su rol.",,ALEJANDRO PIÑEIRO UGALDE
251,Tres egresados de la Universidad de Oviedo logran los Premios Nacionales Fin de Carrera,https://portalinvestigacion.uniovi.es/investigadores/218297/detalle,MARIA JOSE PEREZ VILLADONIGA,UNCLEAR,"No se menciona a María José Pérez Villadoniga en la noticia, por lo que no hay evidencia suficiente para clasificar su rol.",,MARIA JOSE PEREZ VILLADONIGA
251,Tres egresados de la Universidad de Oviedo logran los Premios Nacionales Fin de Carrera,https://portalinvestigacion.uniovi.es/investigadores/220087/detalle,JOSE LUIS CALVO ROLLE,UNCLEAR,"No se menciona a José Luis Calvo Rolle en la noticia, por lo que no hay evidencia suficiente para clasificar su rol.",,JOSE LUIS CALVO ROLLE
251,Tres egresados de la Universidad de Oviedo logran los Premios Nacionales Fin de Carrera,https://portalinvestigacion.uniovi.es/investigadores/217789/detalle,CARLOS LOPEZ-COLINA PEREZ,UNCLEAR,"No se menciona a Carlos López-Colina Pérez en la noticia, por lo que no hay evidencia suficiente para clasificar su rol.",,CARLOS LOPEZ-COLINA PEREZ
251,Tres egresados de la Universidad de Oviedo logran los Premios Nacionales Fin de Carrera,https://portalinvestigacion.uniovi.es/investigadores/219225/detalle,MARIA DEL ROCIO PEREZ GAÑAN,UNCLEAR,"No se menciona a María del Rocío Pérez Gañán en la noticia, por lo que no hay evidencia suficiente para clasificar su rol.",,MARIA DEL ROCIO PEREZ GAÑAN
251,Tres egresados de la Universidad de Oviedo logran los Premios Nacionales Fin de Carrera,https://portalinvestigacion.uniovi.es/investigadores/219245/detalle,MARIA ISABEL PEREZ RAMOS,UNCLEAR,"No se menciona a María Isabel Pérez Ramos en la noticia, por lo que no hay evidencia suficiente para clasificar su rol.",,MARIA ISABEL PEREZ RAMOS
251,Tres egresados de la Universidad de Oviedo logran los Premios Nacionales Fin de Carrera,https://portalinvestigacion.uniovi.es/investigadores/218142/detalle,MARIA DEL CARMEN PEREZ RIU,UNCLEAR,"No se menciona a María del Carmen Pérez Riu en la noticia, por lo que no hay evidencia suficiente para clasificar su rol.",,MARIA DEL CARMEN PEREZ RIU
251,Tres egresados de la Universidad de Oviedo logran los Premios Nacionales Fin de Carrera,https://portalinvestigacion.uniovi.es/investigadores/218133/detalle,MARIA DEL HENAR PEREZ HERRERO,UNCLEAR,"No se menciona a María del Henar Pérez Herrero en la noticia, por lo que no hay evidencia suficiente para clasificar su rol.",,MARIA DEL HENAR PEREZ HERRERO
252,Un estudio del Serida y la Universidad de Oviedo revela el impacto de la fauna silvestre en el control de las plagas y en la sostenibilidad de los frutales asturianos,https://portalinvestigacion.uniovi.es/investigadores/1116395/detalle,MARCOS MIÑARRO PRADO,RESEARCH,"Lidera la investigación sobre el impacto de la fauna silvestre en cultivos, aportando resultados y análisis científicos.",destaca el investigador Marcos Miñarro.,MARCOS MIÑARRO PRADO
252,Un estudio del Serida y la Universidad de Oviedo revela el impacto de la fauna silvestre en el control de las plagas y en la sostenibilidad de los frutales asturianos,https://portalinvestigacion.uniovi.es/investigadores/217405/detalle,DANIEL GARCIA GARCIA,RESEARCH,"Forma parte del equipo investigador que estudia los efectos de la fauna en los cultivos, contribuyendo a la investigación.","El proyecto, liderado por Marcos Miñarro, investigador del Serida, y por Daniel García.",DANIEL GARCIA GARCIA
252,Un estudio del Serida y la Universidad de Oviedo revela el impacto de la fauna silvestre en el control de las plagas y en la sostenibilidad de los frutales asturianos,https://portalinvestigacion.uniovi.es/investigadores/219148/detalle,JUAN CARLOS ILLERA COBO,RESEARCH,Participa en el proyecto de investigación sobre la biodiversidad y su impacto en la agricultura.,Juan Carlos Illera Cobo. Universidad de Oviedo.,JORGE GARCIA GARCIA
252,Un estudio del Serida y la Universidad de Oviedo revela el impacto de la fauna silvestre en el control de las plagas y en la sostenibilidad de los frutales asturianos,https://portalinvestigacion.uniovi.es/investigadores/219065/detalle,TERESA MORAN LOPEZ,RESEARCH,Es parte del equipo que investiga los servicios ecosistémicos en cultivos frutales.,Teresa Morán López. Universidad de Oviedo.,TERESA MORAN LOPEZ
253,Un equipo de investigación revela detalles inéditos de las colonias de cría de paíños europeos y cormoranes moñudos,https://portalinvestigacion.uniovi.es/investigadores/216929/detalle,David Álvarez,RESEARCH,"El texto describe explícitamente la actividad científica de David Álvarez en el proyecto CORMIÑOS, donde se detallan sus contribuciones a la investigación sobre las colonias de cría de paíños europeos y cormoranes moñudos.",“Nuestros resultados con el cormorán moñudo muestran como una parte de los jóvenes realiza una dispersión que puede alcanzar varios centenares de kilómetros...”,DAVID ALVAREZ FERNANDEZ
254,La Universidad de Oviedo acoge la exposición ‘39 miradas y una esperanza’ en el Día de los Derechos Humanos’,https://portalinvestigacion.uniovi.es/investigadores/216790/detalle,FRANCISCO JAVIER BARON THAIDIGSMANN,UNCLEAR,No se menciona ninguna actividad investigadora o contribución académica de este investigador en la noticia.,No hay evidencia suficiente para clasificar su rol.,FRANCISCO JAVIER BARON THAIDIGSMANN
254,La Universidad de Oviedo acoge la exposición ‘39 miradas y una esperanza’ en el Día de los Derechos Humanos’,https://portalinvestigacion.uniovi.es/investigadores/216733/detalle,ESTEBAN AGULLO TOMAS,INSTITUTIONAL,"Esteban Agulló aparece en la noticia como director de Área de Cooperación y destaca el compromiso institucional de la universidad, sin mencionar actividad investigadora.",Agulló ha manifestado además su satisfacción por acoger esta exposición y ha abierto las puertas de la universidad para seguir colaborando.,ESTEBAN AGULLO TOMAS
255,El seguimiento con dispositivos GPS de especies silvestres identifica limitaciones en la planificación para instalar energías renovables como la eólica,https://portalinvestigacion.uniovi.es/investigadores/218144/detalle,MARISELA DEL CARMEN PEREZ RODRIGUEZ,UNCLEAR,No hay evidencia suficiente de la participación de Marisela del Carmen Pérez Rodríguez en la investigación mencionada en la noticia.,,MARISELA DEL CARMEN PEREZ RODRIGUEZ
256,"El Consejo de Gobierno aprueba un presupuesto de 271,3 millones para 2026, con un refuerzo para la investigación y para los centros y departamentos",https://portalinvestigacion.uniovi.es/investigadores/218536/detalle,Ignacio Villaverde,MIXED,"Ignacio Villaverde aparece como rector, representando a la institución, pero también menciona la importancia de la investigación en el presupuesto, lo que indica su implicación en actividades investigadoras.","“este presupuesto aprobado consolida la estabilidad institucional y permite profundizar en las líneas prioritarias del equipo de gobierno: investigación, calidad docente...”",IGNACIO VILLAVERDE MENENDEZ
257,El rector propondrá a Emma Ramos para la gerencia de la Universidad de Oviedo tras la jubilación de José Antonio Díaz Lago,https://portalinvestigacion.uniovi.es/investigadores/218037/detalle,MARIA DEL CARMEN RAMOS CARVAJAL,UNCLEAR,No se menciona actividad investigadora de María del Carmen Ramos Carvajal en la noticia.,No se menciona a María del Carmen Ramos Carvajal en el texto de la noticia.,MARIA DEL CARMEN RAMOS CARVAJAL
257,El rector propondrá a Emma Ramos para la gerencia de la Universidad de Oviedo tras la jubilación de José Antonio Díaz Lago,https://portalinvestigacion.uniovi.es/investigadores/218536/detalle,IGNACIO VILLAVERDE MENENDEZ,INSTITUTIONAL,Ignacio Villaverde aparece como rector y su papel es institucional al proponer a Emma Ramos para la gerencia.,"El rector, Ignacio Villaverde, propondrá al Consejo Social el nombramiento de Emma Ramos Carvajal.",IGNACIO VILLAVERDE MENENDEZ
258,Investigadores de la Universidad de Oviedo estudian cómo las grandes presas impactan en la conservación del desmán ibérico,https://portalinvestigacion.uniovi.es/investigadores/216902/detalle,ALBA ARDURA GUTIERREZ,RESEARCH,"Lidera el proyecto AQUAMAM, que estudia el impacto de las presas en el desmán ibérico y desarrolla herramientas científicas para su conservación.","El proyecto, denominado AQUAMAM, liderado por la profesora de la Universidad de Oviedo Alba Ardura, nace con el objetivo de entender cómo las grandes presas están afectando a la conectividad y salud genética de las poblaciones de desmán.",ALBA ARDURA GUTIERREZ
258,Investigadores de la Universidad de Oviedo estudian cómo las grandes presas impactan en la conservación del desmán ibérico,https://portalinvestigacion.uniovi.es/investigadores/2370664/detalle,SARA FERNANDEZ GARCIA,RESEARCH,Participa en el proyecto AQUAMAM y proporciona información sobre los resultados esperados y acciones de conservación.,"“Con esta información podremos proponer acciones de restauración ecológica y medidas correctoras para reducir los efectos de las presas y mejorar la conectividad de los ríos”, añade Sara Fernández Fernández, profesora de Biología Funcional.",SARA FERNANDEZ GARCIA
258,Investigadores de la Universidad de Oviedo estudian cómo las grandes presas impactan en la conservación del desmán ibérico,https://portalinvestigacion.uniovi.es/investigadores/218264/detalle,MARIA MONTES BAYON,UNCLEAR,No se menciona su rol específico en el proyecto ni se proporciona información sobre su actividad investigadora.,"Pie de foto: de izquierda a derecha, Luis Royo, María Montes, Alba Ardura y Sara Fernández.",MARIA MONTES BAYON
259,Interculturalidad y educación financiera: concluyen en Oviedo los primeros proyectos de INGENIUM liderados por estudiantes,https://portalinvestigacion.uniovi.es/investigadores/217410/detalle,Raquel Macía,RESEARCH,"Raquel Macía es mencionada como una de las coordinadoras del proyecto 'Speaking from the Heart', que implica actividad investigadora en el ámbito educativo.","Con Raquel, Valentina y la gente de ‘Speaking from the Heart’, lo que ha llegado han sido investigadoras reales.",RAQUEL GARCIA GARCIA
259,Interculturalidad y educación financiera: concluyen en Oviedo los primeros proyectos de INGENIUM liderados por estudiantes,https://portalinvestigacion.uniovi.es/investigadores/217490/detalle,Silvia Gómez Ansón,INSTITUTIONAL,"Silvia Gómez Ansón es mencionada como presidenta de un panel de expertos en un taller, lo que indica su rol institucional en la actividad.",presentaron sus prototipos en formato TED Talk ante un panel de expertos presidido por la catedrática Silvia Gómez Ansón.,SILVIA GOMEZ ANSON
259,Interculturalidad y educación financiera: concluyen en Oviedo los primeros proyectos de INGENIUM liderados por estudiantes,https://portalinvestigacion.uniovi.es/investigadores/1010295/detalle,Marta Fernández Vilar,UNCLEAR,No hay evidencia suficiente en la noticia que relacione a Marta Fernández Vilar con actividades específicas mencionadas en el texto.,,MARTA FERNANDEZ VILAR
260,Inserta Empleo y La Universidad de Oviedo acercan la discapacidad al ámbito universitario en la jornada ‘Accesibilidad e inclusión: compromiso de tod@s’,https://portalinvestigacion.uniovi.es/investigadores/218897/detalle,EVA MARIA DEL VALLE SUAREZ,INSTITUTIONAL,"Eva María del Valle aparece como directora de área de Participación y Apoyo al Estudiantado, lo que indica su rol institucional en la organización del evento.","La apertura del encuentro ha corrido a cargo de Eva María del Valle, directora de área de Participación y Apoyo al Estudiantado de la Universidad de Oviedo.",EVA MARIA DEL VALLE SUAREZ
260,Inserta Empleo y La Universidad de Oviedo acercan la discapacidad al ámbito universitario en la jornada ‘Accesibilidad e inclusión: compromiso de tod@s’,https://portalinvestigacion.uniovi.es/investigadores/218536/detalle,IGNACIO VILLAVERDE MENENDEZ,INSTITUTIONAL,"Ignacio Villaverde es mencionado como rector de la Universidad de Oviedo, lo que lo clasifica claramente en un rol institucional.","Esta actividad, que ha contado también con la participación de Ignacio Villaverde, rector de la Universidad de Oviedo.",IGNACIO VILLAVERDE MENENDEZ
263,"La empleabilidad, la calidad científica y la financiación centran las conclusiones de la nueva edición de La Universidad Española en Cifras",https://portalinvestigacion.uniovi.es/investigadores/1301778/detalle,FRANCISCO GARCIA PASCUAL,INSTITUTIONAL,"Francisco García Pascual aparece como secretario general de Universidades, lo que indica su rol institucional.","...acompañada por el secretario general de Universidades, Francisco García Pascual...",CRISTIAN PEREZ GARCIA
264,El profesor Roger Campione presenta en la Universidad de Florencia el documental ‘La guerra de las máquinas’,https://portalinvestigacion.uniovi.es/investigadores/216966/detalle,Roger Campione,MIXED,"El profesor Roger Campione es mencionado como líder del proyecto de investigación y también se le identifica como catedrático, lo que implica un rol institucional.",...liderado por el catedrático de Filosofía del Derecho Roger Campione.,TONI ROGER CAMPIONE
264,El profesor Roger Campione presenta en la Universidad de Florencia el documental ‘La guerra de las máquinas’,https://portalinvestigacion.uniovi.es/investigadores/218095/detalle,Lucía Payero López,RESEARCH,"Lucía Payero es mencionada como parte del proyecto de investigación, lo que indica su actividad investigadora.",...han formado parte profesores de la Universidad de Oviedo... Lucía Payero y Davide de Pietri.,LUCIA PAYERO LOPEZ
264,El profesor Roger Campione presenta en la Universidad de Florencia el documental ‘La guerra de las máquinas’,https://portalinvestigacion.uniovi.es/investigadores/217454/detalle,María José García Salgado,RESEARCH,"María José García Salgado es mencionada como parte del proyecto de investigación, lo que indica su actividad investigadora.",...han formado parte profesores de la Universidad de Oviedo... María José García Salgado.,MARIA JOSE GARCIA SALGADO
264,El profesor Roger Campione presenta en la Universidad de Florencia el documental ‘La guerra de las máquinas’,https://portalinvestigacion.uniovi.es/investigadores/218790/detalle,Marta Rodríguez-Fouz,RESEARCH,"Marta Rodríguez-Fouz es mencionada como parte del proyecto de investigación, lo que indica su actividad investigadora.",...han formado parte profesores de la Universidad Pública de Navarra (Marta Rodríguez-Fouz...,JOSE GARCIA GARCIA
265,La Universidad de Oviedo aprueba la modificación sustancial de los planes de estudios de cinco másteres universitarios,https://portalinvestigacion.uniovi.es/investigadores/218536/detalle,IGNACIO VILLAVERDE MENENDEZ,INSTITUTIONAL,Villaverde actúa como rector y presenta informes de gestión y planes estratégicos.,"el rector, Ignacio Villaverde, ha presentado el informe de gestión del curso 2024-2025",IGNACIO VILLAVERDE MENENDEZ
265,La Universidad de Oviedo aprueba la modificación sustancial de los planes de estudios de cinco másteres universitarios,https://portalinvestigacion.uniovi.es/investigadores/217928/detalle,JUAN MANUEL MARCHANTE GAYON,MIXED,"Marchante es vicerrector y también menciona la importancia de la actualización de los planes de estudio, lo que implica actividad investigadora.","el vicerrector de Estudios y Docencia, Juan Manuel Marchante, el objetivo de tales cambios es 'mantener una actualización constante de los planes de estudio'.",JUAN MANUEL MARCHANTE GAYON
266,Micaela Moya Cedrola obtiene el XI Premio Internacional de Investigación Literaria “Ángel González” con una obra sobre el amor y el erotismo en cinco poetas españolas,https://portalinvestigacion.uniovi.es/investigadores/219562/detalle,MARIA PILAR GARCES GARCIA,INSTITUTIONAL,"Aparece como vicerrectora de Extensión Universitaria y Proyección Cultural, representando a la institución en el acto de entrega del premio.","El jurado encargado de fallar el premio ha estado presidido por María Pilar García Cuestos, vicerrectora de Extensión Universitaria y Proyección Cultural.",MARIA PILAR GARCES GARCIA
267,El G-9 distingue con su Premio de Investigación en Estudios de Género un TFM de la Universidad de Oviedo sobre la violencia obstétrica en Nigeria,https://portalinvestigacion.uniovi.es/investigadores/1301906/detalle,Olubukola Oyedeji,RESEARCH,"El trabajo de Olubukola Oyedeji se centra en la investigación sobre la violencia obstétrica en Nigeria, lo que refleja su actividad investigadora.","En su investigación, examinó críticamente la violencia obstétrica en el estado de Lagos, Nigeria, lo que refleja su compromiso de mejorar la salud materna y promover la equidad de género en los sistemas de salud.",ANA MARIA LOPEZ FERNANDEZ
268,Tres investigadores de la Universidad de Oviedo reciben distinciones en el XXI Certamen Universitario Arquímedes,https://portalinvestigacion.uniovi.es/investigadores/219324/detalle,YURI ALVAREZ LOPEZ,RESEARCH,"El investigador está involucrado en la dirección de un trabajo de investigación que ha sido premiado, lo que indica su actividad investigadora.",dirigido por los profesores Jaime Laviada Martínez y Yuri Álvarez López.,YURI ALVAREZ LOPEZ
268,Tres investigadores de la Universidad de Oviedo reciben distinciones en el XXI Certamen Universitario Arquímedes,https://portalinvestigacion.uniovi.es/investigadores/217730/detalle,JAIME LAVIADA,RESEARCH,"El investigador está involucrado en la dirección de un trabajo de investigación que ha sido premiado, lo que indica su actividad investigadora.",dirigido por los profesores Jaime Laviada Martínez y Yuri Álvarez López.,Jaime Laviada
268,Tres investigadores de la Universidad de Oviedo reciben distinciones en el XXI Certamen Universitario Arquímedes,https://portalinvestigacion.uniovi.es/investigadores/2014345/detalle,ANTONIO GARCIA-BERNARDO TARTIERE,RESEARCH,"El investigador ha sido galardonado por su trabajo de investigación, lo que indica su actividad investigadora.",Antonio García-Bernardo cursó el grado en Biología y el máster en Biomedicina y Oncología Molecular en la Universidad de Oviedo.,ANTONIO GARCIA-BERNARDO TARTIERE
268,Tres investigadores de la Universidad de Oviedo reciben distinciones en el XXI Certamen Universitario Arquímedes,https://portalinvestigacion.uniovi.es/investigadores/2353845/detalle,SAMUEL PIS VIGIL,RESEARCH,"El investigador ha sido galardonado por su trabajo de investigación, lo que indica su actividad investigadora.",Samuel Pis Vigil cursó el grado en Biología en la Universidad de Oviedo y el máster en Genética y Evolución.,SAMUEL PIS VIGIL
268,Tres investigadores de la Universidad de Oviedo reciben distinciones en el XXI Certamen Universitario Arquímedes,https://portalinvestigacion.uniovi.es/investigadores/218128/detalle,JOSE MARIA PEREZ FREIJE,RESEARCH,"El investigador está involucrado en la dirección de un trabajo de investigación que ha sido premiado, lo que indica su actividad investigadora.",dirigido por los doctores José María Pérez Freije y David Roiz del Valle.,JOSE MARIA PEREZ FREIJE
268,Tres investigadores de la Universidad de Oviedo reciben distinciones en el XXI Certamen Universitario Arquímedes,https://portalinvestigacion.uniovi.es/investigadores/219253/detalle,ALEJANDRO PIÑEIRO UGALDE,RESEARCH,"El investigador está involucrado en la dirección de un trabajo de investigación que ha sido premiado, lo que indica su actividad investigadora.",dirigido por los doctores José María Pérez Freije y David Roiz del Valle.,ALEJANDRO PIÑEIRO UGALDE
269,La Sala de Exposiciones de la Universidad de Oviedo se abre a las emociones de Marcos Tamargo para cerrar el año,https://portalinvestigacion.uniovi.es/investigadores/218536/detalle,IGNACIO VILLAVERDE MENENDEZ,INSTITUTIONAL,"Ignacio Villaverde aparece como rector de la Universidad de Oviedo, hablando sobre la importancia cultural de la universidad y la obra de Marcos Tamargo.","El rector de la Universidad de Oviedo, Ignacio Villaverde, asegura en el catálogo de la exposición que Marcos Tamargo 'pertenece a esa estirpe de creadores que hacen de la materia un lenguaje y del color una forma de pensamiento'.",IGNACIO VILLAVERDE MENENDEZ
269,La Sala de Exposiciones de la Universidad de Oviedo se abre a las emociones de Marcos Tamargo para cerrar el año,https://portalinvestigacion.uniovi.es/investigadores/219562/detalle,MARIA PILAR GARCES GARCIA,INSTITUTIONAL,"María Pilar García Cuetos es mencionada como vicerrectora de Extensión Universitaria y Proyección Cultural, inaugurando la exposición y hablando sobre la obra de Marcos Tamargo.","La vicerrectora de Extensión Universitaria y Proyección Cultural, María Pilar García Cuetos, inaugura esta tarde (19:00 horas) la muestra junto al artista.",MARIA PILAR GARCES GARCIA
270,La Asamblea General de CRUE aborda los principales retos del sistema universitario,https://portalinvestigacion.uniovi.es/investigadores/218536/detalle,IGNACIO VILLAVERDE MENENDEZ,INSTITUTIONAL,"Ignacio Villaverde aparece en la noticia como rector de la Universidad de Oviedo, participando en un encuentro institucional.","El rector de la Universidad de Oviedo, Ignacio Villaverde, ha participado en el encuentro celebrado hoy en la Universidad de Castilla-La Mancha.",IGNACIO VILLAVERDE MENENDEZ
271,Día Internacional de la Eliminación de la Violencia contra la Mujer,https://portalinvestigacion.uniovi.es/investigadores/218536/detalle,IGNACIO VILLAVERDE MENENDEZ,INSTITUTIONAL,"Ignacio Villaverde aparece como rector en un acto institucional, sin mención a su actividad investigadora.","El rector, Ignacio Villaverde, y la directora de área de Igualdad, Paz Menéndez Sebastián reproducirán los manifiestos por la Eliminación de la Violencia contra las Mujeres.",IGNACIO VILLAVERDE MENENDEZ
271,Día Internacional de la Eliminación de la Violencia contra la Mujer,https://portalinvestigacion.uniovi.es/investigadores/218231/detalle,EVA MARIA MENENDEZ SEBASTIAN,UNCLEAR,"No se menciona a Eva María Menéndez Sebastián en el texto, por lo que no hay evidencia suficiente para clasificar su rol.",,EVA MARIA MENENDEZ SEBASTIAN
271,Día Internacional de la Eliminación de la Violencia contra la Mujer,https://portalinvestigacion.uniovi.es/investigadores/218232/detalle,MARIA DE LA PAZ MENENDEZ SEBASTIAN,UNCLEAR,"No se menciona a María de la Paz Menéndez Sebastián en el texto, por lo que no hay evidencia suficiente para clasificar su rol.",,MARIA DE LA PAZ MENENDEZ SEBASTIAN
272,La Universidad de Oviedo y la empresa china Sino-Foundry Refractory crean una cátedra para impulsar la investigación en sostenibilidad de materiales refractarios,https://portalinvestigacion.uniovi.es/investigadores/218536/detalle,IGNACIO VILLAVERDE MENENDEZ,INSTITUTIONAL,"Ignacio Villaverde aparece como rector de la Universidad de Oviedo, destacando su papel institucional en la creación de la cátedra.",Ignacio Villaverde ha destacado que esta nueva cátedra nace con el propósito de impulsar el conocimiento científico y tecnológico...,IGNACIO VILLAVERDE MENENDEZ
273,El rector defiende la capacidad de la universidad para cambiar las vidas y mejorar el mundo con motivo de la festividad de Santa Catalina de Alejandría,https://portalinvestigacion.uniovi.es/investigadores/218536/detalle,IGNACIO VILLAVERDE MENENDEZ,INSTITUTIONAL,Villaverde actúa como rector y su discurso se centra en la misión institucional de la universidad.,El rector ha comenzado su intervención felicitando a los 62 estudiantes premiados en esta edición... Villaverde subraya que la confluencia y la relación entre el entorno socioeconómico y la universidad es 'indispensable'.,IGNACIO VILLAVERDE MENENDEZ
273,El rector defiende la capacidad de la universidad para cambiar las vidas y mejorar el mundo con motivo de la festividad de Santa Catalina de Alejandría,https://portalinvestigacion.uniovi.es/investigadores/217429/detalle,JAVIER GARCIA MARTINEZ,UNCLEAR,No se menciona ninguna actividad investigadora o institucional relacionada con Javier García Martínez en la noticia.,,JAVIER GARCIA MARTINEZ
273,El rector defiende la capacidad de la universidad para cambiar las vidas y mejorar el mundo con motivo de la festividad de Santa Catalina de Alejandría,https://portalinvestigacion.uniovi.es/investigadores/217553/detalle,JAVIER GARCIA AMEZ,UNCLEAR,No se menciona ninguna actividad investigadora o institucional relacionada con Javier García Amez en la noticia.,,JAVIER GARCIA AMEZ
273,El rector defiende la capacidad de la universidad para cambiar las vidas y mejorar el mundo con motivo de la festividad de Santa Catalina de Alejandría,https://portalinvestigacion.uniovi.es/investigadores/219790/detalle,ALFONSO PALACIO ALVAREZ,RESEARCH,"Palacio es mencionado como el encargado de ofrecer la conferencia magistral, lo que implica una actividad académica y de investigación.","Alfonso Palacio, director adjunto del Museo del Prado, ha sido este año el encargado de ofrecer la conferencia magistral.",ALFONSO PALACIO ALVAREZ
273,El rector defiende la capacidad de la universidad para cambiar las vidas y mejorar el mundo con motivo de la festividad de Santa Catalina de Alejandría,https://portalinvestigacion.uniovi.es/investigadores/217425/detalle,JAVIER GARCIA LUENGO,UNCLEAR,No se menciona ninguna actividad investigadora o institucional relacionada con Javier García Luengo en la noticia.,,JAVIER GARCIA LUENGO
273,El rector defiende la capacidad de la universidad para cambiar las vidas y mejorar el mundo con motivo de la festividad de Santa Catalina de Alejandría,https://portalinvestigacion.uniovi.es/investigadores/217419/detalle,SANTIAGO GARCIA GRANDA,UNCLEAR,No se menciona ninguna actividad investigadora o institucional relacionada con Santiago García Granda en la noticia.,,SANTIAGO GARCIA GRANDA
273,El rector defiende la capacidad de la universidad para cambiar las vidas y mejorar el mundo con motivo de la festividad de Santa Catalina de Alejandría,https://portalinvestigacion.uniovi.es/investigadores/217981/detalle,VICENTE GOTOR FERNANDEZ,UNCLEAR,No se menciona ninguna actividad investigadora o institucional relacionada con Vicente Gotor Fernández en la noticia.,,VICENTE GOTOR FERNANDEZ
273,El rector defiende la capacidad de la universidad para cambiar las vidas y mejorar el mundo con motivo de la festividad de Santa Catalina de Alejandría,https://portalinvestigacion.uniovi.es/investigadores/219166/detalle,JAVIER GARCIA FERNANDEZ,UNCLEAR,No se menciona ninguna actividad investigadora o institucional relacionada con Javier García Fernández en la noticia.,,JAVIER GARCIA FERNANDEZ
274,"El flamenco, las poetas del 27, las comparsas de Cádiz y el repentismo se unen en los enCOHENtros 2025 de la Cátedra Leonard Cohen",https://portalinvestigacion.uniovi.es/investigadores/218220/detalle,FAUSTINO JOSE NUÑEZ BATALLA,RESEARCH,Se menciona su actividad como musicólogo y su contribución a la investigación sobre flamenco.,"Núñez, creador de flamencopolis.com, un lugar de referencia sobre el flamenco en internet, fue director musical de la compañía de Antonio Gades y director del sello Deutsche Grammophon.",FAUSTINO JOSE NUÑEZ BATALLA
274,"El flamenco, las poetas del 27, las comparsas de Cádiz y el repentismo se unen en los enCOHENtros 2025 de la Cátedra Leonard Cohen",https://portalinvestigacion.uniovi.es/investigadores/218112/detalle,MIRIAM PERANDONES LOZANO,INSTITUTIONAL,"Se menciona como coordinadora de un diálogo en el evento, sin evidencia de actividad investigadora.",El diálogo que coordinará la profesora Miriam Perandones.,MIRIAM PERANDONES LOZANO
274,"El flamenco, las poetas del 27, las comparsas de Cádiz y el repentismo se unen en los enCOHENtros 2025 de la Cátedra Leonard Cohen",https://portalinvestigacion.uniovi.es/investigadores/220157/detalle,MARIA ESTEBAN GARCIA,UNCLEAR,No se proporciona información suficiente sobre su rol en la noticia.,Acompañada en el diálogo titulado Un traficante de rimas: la ruta décima-canción.,MARIA ESTEBAN GARCIA
274,"El flamenco, las poetas del 27, las comparsas de Cádiz y el repentismo se unen en los enCOHENtros 2025 de la Cátedra Leonard Cohen",https://portalinvestigacion.uniovi.es/investigadores/217429/detalle,JAVIER GARCIA MARTINEZ,UNCLEAR,No se menciona su actividad en la noticia.,No se menciona.,JAVIER GARCIA MARTINEZ
274,"El flamenco, las poetas del 27, las comparsas de Cádiz y el repentismo se unen en los enCOHENtros 2025 de la Cátedra Leonard Cohen",https://portalinvestigacion.uniovi.es/investigadores/1010293/detalle,MIGUEL FERNANDEZ TURUELO,UNCLEAR,No se menciona su actividad en la noticia.,No se menciona.,MIGUEL FERNANDEZ TURUELO
274,"El flamenco, las poetas del 27, las comparsas de Cádiz y el repentismo se unen en los enCOHENtros 2025 de la Cátedra Leonard Cohen",https://portalinvestigacion.uniovi.es/investigadores/217162/detalle,JOSE MANUEL ERRASTI PEREZ,INSTITUTIONAL,"Se menciona como moderador de un evento, sin evidencia de actividad investigadora.",El moderador de este diálogo será el crítico musical Miguel A. Fernández.,JOSE MANUEL ERRASTI PEREZ
274,"El flamenco, las poetas del 27, las comparsas de Cádiz y el repentismo se unen en los enCOHENtros 2025 de la Cátedra Leonard Cohen",https://portalinvestigacion.uniovi.es/investigadores/217553/detalle,JAVIER GARCIA AMEZ,UNCLEAR,No se menciona su actividad en la noticia.,No se menciona.,JAVIER GARCIA AMEZ
274,"El flamenco, las poetas del 27, las comparsas de Cádiz y el repentismo se unen en los enCOHENtros 2025 de la Cátedra Leonard Cohen",https://portalinvestigacion.uniovi.es/investigadores/217425/detalle,JAVIER GARCIA LUENGO,UNCLEAR,No se menciona su actividad en la noticia.,No se menciona.,JAVIER GARCIA LUENGO
274,"El flamenco, las poetas del 27, las comparsas de Cádiz y el repentismo se unen en los enCOHENtros 2025 de la Cátedra Leonard Cohen",https://portalinvestigacion.uniovi.es/investigadores/217451/detalle,MIGUEL GARCIA RODRIGUEZ,UNCLEAR,No se menciona su actividad en la noticia.,No se menciona.,MIGUEL GARCIA RODRIGUEZ
274,"El flamenco, las poetas del 27, las comparsas de Cádiz y el repentismo se unen en los enCOHENtros 2025 de la Cátedra Leonard Cohen",https://portalinvestigacion.uniovi.es/investigadores/217982/detalle,JAVIER GRACIA RODRIGUEZ,UNCLEAR,No se menciona su actividad en la noticia.,No se menciona.,JAVIER GRACIA RODRIGUEZ
274,"El flamenco, las poetas del 27, las comparsas de Cádiz y el repentismo se unen en los enCOHENtros 2025 de la Cátedra Leonard Cohen",https://portalinvestigacion.uniovi.es/investigadores/219166/detalle,JAVIER GARCIA FERNANDEZ,UNCLEAR,No se menciona su actividad en la noticia.,No se menciona.,JAVIER GARCIA FERNANDEZ
274,"El flamenco, las poetas del 27, las comparsas de Cádiz y el repentismo se unen en los enCOHENtros 2025 de la Cátedra Leonard Cohen",https://portalinvestigacion.uniovi.es/investigadores/217449/detalle,JORGE GARCIA RODRIGUEZ,UNCLEAR,No se menciona su actividad en la noticia.,No se menciona.,JORGE GARCIA RODRIGUEZ
274,"El flamenco, las poetas del 27, las comparsas de Cádiz y el repentismo se unen en los enCOHENtros 2025 de la Cátedra Leonard Cohen",https://portalinvestigacion.uniovi.es/investigadores/219152/detalle,MARTA SOLEDAD GARCIA RODRIGUEZ,UNCLEAR,No se menciona su actividad en la noticia.,No se menciona.,MARTA SOLEDAD GARCIA RODRIGUEZ
274,"El flamenco, las poetas del 27, las comparsas de Cádiz y el repentismo se unen en los enCOHENtros 2025 de la Cátedra Leonard Cohen",https://portalinvestigacion.uniovi.es/investigadores/219706/detalle,MIGUEL ANTONIO FERNANDEZ MARQUEZ,UNCLEAR,No se menciona su actividad en la noticia.,No se menciona.,MIGUEL ANTONIO FERNANDEZ MARQUEZ
274,"El flamenco, las poetas del 27, las comparsas de Cádiz y el repentismo se unen en los enCOHENtros 2025 de la Cátedra Leonard Cohen",https://portalinvestigacion.uniovi.es/investigadores/217053/detalle,MIGUEL FERNANDEZ GARCIA,UNCLEAR,No se menciona su actividad en la noticia.,No se menciona.,MIGUEL FERNANDEZ GARCIA
275,La Universidad de Oviedo renueva su Consejo Asesor de Políticas Universitarias con 11 perfiles vinculados a la investigación y a la empresa,https://portalinvestigacion.uniovi.es/investigadores/218536/detalle,IGNACIO VILLAVERDE MENENDEZ,INSTITUTIONAL,"Ignacio Villaverde aparece como rector de la Universidad de Oviedo, agradeciendo y reconociendo el trabajo de los miembros del Consejo Asesor.","el rector de la Universidad de Oviedo, Ignacio Villaverde, ha querido agradecer el trabajo de 'las personas que, durante todo este tiempo, nos han brindado su experiencia'.",IGNACIO VILLAVERDE MENENDEZ
275,La Universidad de Oviedo renueva su Consejo Asesor de Políticas Universitarias con 11 perfiles vinculados a la investigación y a la empresa,https://portalinvestigacion.uniovi.es/investigadores/217283/detalle,JOSE MIGUEL ARIAS BLANCO,RESEARCH,"José Miguel Arias es mencionado como profesor del área de Métodos de Investigación y Diagnóstico en Educación, lo que indica su rol en la investigación.","José Miguel Arias, profesor del área de Métodos de Investigación y Diagnóstico en Educación de la Universidad de Oviedo.",JOSE MIGUEL ARIAS BLANCO
275,La Universidad de Oviedo renueva su Consejo Asesor de Políticas Universitarias con 11 perfiles vinculados a la investigación y a la empresa,https://portalinvestigacion.uniovi.es/investigadores/1010273/detalle,IRENE DIAZ MARTINEZ,INSTITUTIONAL,"Irene Díaz es mencionada como vicerrectora de Investigación, lo que la clasifica como un rol institucional.","la vicerrectora de Investigación, Irene Díaz;",IRENE DIAZ MARTINEZ
275,La Universidad de Oviedo renueva su Consejo Asesor de Políticas Universitarias con 11 perfiles vinculados a la investigación y a la empresa,https://portalinvestigacion.uniovi.es/investigadores/217419/detalle,SANTIAGO GARCIA GRANDA,INSTITUTIONAL,"Santiago García Granda es mencionado como miembro permanente del Consejo Asesor, lo que indica su rol institucional.",continúan formando parte del Consejo Asesor como miembros permanentes los rectores Santiago García Granda.,SANTIAGO GARCIA GRANDA
275,La Universidad de Oviedo renueva su Consejo Asesor de Políticas Universitarias con 11 perfiles vinculados a la investigación y a la empresa,https://portalinvestigacion.uniovi.es/investigadores/217981/detalle,VICENTE GOTOR FERNANDEZ,INSTITUTIONAL,"Vicente Gotor es mencionado como miembro permanente del Consejo Asesor, lo que indica su rol institucional.",continúan formando parte del Consejo Asesor como miembros permanentes los rectores Vicente Gotor.,VICENTE GOTOR FERNANDEZ
275,La Universidad de Oviedo renueva su Consejo Asesor de Políticas Universitarias con 11 perfiles vinculados a la investigación y a la empresa,https://portalinvestigacion.uniovi.es/investigadores/218210/detalle,MARIA DEL ROSARIO NEIRA PIÑEIRO,INSTITUTIONAL,"María Neira es mencionada como directora del Departamento de Salud Pública y Medio Ambiente de la OMS, lo que la clasifica como un rol institucional.","María Neira, directora del Departamento de Salud Pública y Medio Ambiente de la OMS.",MARIA DEL ROSARIO NEIRA PIÑEIRO
275,La Universidad de Oviedo renueva su Consejo Asesor de Políticas Universitarias con 11 perfiles vinculados a la investigación y a la empresa,https://portalinvestigacion.uniovi.es/investigadores/217169/detalle,ANGEL ESPINIELLA MENENDEZ,INSTITUTIONAL,"Ángel Espiniella es mencionado como secretario general, lo que indica su rol institucional.","el secretario general, Ángel Espiniella.",ANGEL ESPINIELLA MENENDEZ
275,La Universidad de Oviedo renueva su Consejo Asesor de Políticas Universitarias con 11 perfiles vinculados a la investigación y a la empresa,https://portalinvestigacion.uniovi.es/investigadores/217811/detalle,SUSANA LUQUE RODRIGUEZ,INSTITUTIONAL,"Susana Luque es mencionada como vicerrectora de Transferencia y Relaciones con la Empresa, lo que la clasifica como un rol institucional.","la vicerrectora de Transferencia y Relaciones con la Empresa, Susana Luque.",SUSANA LUQUE RODRIGUEZ
276,El G9 analiza su estrategia conjunta de internacionalización en la reunión celebrada en Toledo,https://portalinvestigacion.uniovi.es/investigadores/219659/detalle,ANA SUAREZ SANCHEZ,INSTITUTIONAL,"Ana Suárez aparece como vicerrectora de Internacionalización, lo que indica su rol institucional en la reunión.","Al encuentro asisitió Ana Suárez, vicerrectora de Internacionalización de la Universidad de Oviedo.",ANA SUAREZ SANCHEZ
276,El G9 analiza su estrategia conjunta de internacionalización en la reunión celebrada en Toledo,https://portalinvestigacion.uniovi.es/investigadores/217047/detalle,CARMEN MARIA FERNANDEZ GARCIA,UNCLEAR,"No se menciona a Carmen María Fernández García en la noticia, por lo que no hay evidencia suficiente para clasificar su rol.",,CARMEN MARIA FERNANDEZ GARCIA
276,El G9 analiza su estrategia conjunta de internacionalización en la reunión celebrada en Toledo,https://portalinvestigacion.uniovi.es/investigadores/217511/detalle,MARIA ARANZAZU FERNANDEZ RODRIGUEZ,UNCLEAR,"No se menciona a María Aranzazú Fernández Rodríguez en la noticia, por lo que no hay evidencia suficiente para clasificar su rol.",,MARIA ARANZAZU FERNANDEZ RODRIGUEZ
276,El G9 analiza su estrategia conjunta de internacionalización en la reunión celebrada en Toledo,https://portalinvestigacion.uniovi.es/investigadores/217019/detalle,MARIA DEL MAR FERNANDEZ ALVAREZ,UNCLEAR,"No se menciona a María del Mar Fernández Álvarez en la noticia, por lo que no hay evidencia suficiente para clasificar su rol.",,MARIA DEL MAR FERNANDEZ ALVAREZ
276,El G9 analiza su estrategia conjunta de internacionalización en la reunión celebrada en Toledo,https://portalinvestigacion.uniovi.es/investigadores/218860/detalle,MARIA FERNANDEZ DEL VALLE,UNCLEAR,"No se menciona a María Fernández del Valle en la noticia, por lo que no hay evidencia suficiente para clasificar su rol.",,MARIA FERNANDEZ DEL VALLE
276,El G9 analiza su estrategia conjunta de internacionalización en la reunión celebrada en Toledo,https://portalinvestigacion.uniovi.es/investigadores/218457/detalle,ANA SUAREZ ALVAREZ,UNCLEAR,"No se menciona a Ana Suárez Álvarez en la noticia, por lo que no hay evidencia suficiente para clasificar su rol.",,ANA SUAREZ ALVAREZ
276,El G9 analiza su estrategia conjunta de internacionalización en la reunión celebrada en Toledo,https://portalinvestigacion.uniovi.es/investigadores/218465/detalle,ANA MARIA SUAREZ DIAZ,UNCLEAR,"No se menciona a Ana María Suárez Díaz en la noticia, por lo que no hay evidencia suficiente para clasificar su rol.",,ANA MARIA SUAREZ DIAZ
276,El G9 analiza su estrategia conjunta de internacionalización en la reunión celebrada en Toledo,https://portalinvestigacion.uniovi.es/investigadores/219850/detalle,MARIA FERNANDEZ DIAZ,UNCLEAR,"No se menciona a María Fernández Díaz en la noticia, por lo que no hay evidencia suficiente para clasificar su rol.",,MARIA FERNANDEZ DIAZ
276,El G9 analiza su estrategia conjunta de internacionalización en la reunión celebrada en Toledo,https://portalinvestigacion.uniovi.es/investigadores/217038/detalle,MARIA FERNANDEZ FERREIRO,UNCLEAR,"No se menciona a María Fernández Ferreiro en la noticia, por lo que no hay evidencia suficiente para clasificar su rol.",,MARIA FERNANDEZ FERREIRO
276,El G9 analiza su estrategia conjunta de internacionalización en la reunión celebrada en Toledo,https://portalinvestigacion.uniovi.es/investigadores/218869/detalle,MARIA FERNANDEZ GARCIA,UNCLEAR,"No se menciona a María Fernández García en la noticia, por lo que no hay evidencia suficiente para clasificar su rol.",,MARIA FERNANDEZ GARCIA
276,El G9 analiza su estrategia conjunta de internacionalización en la reunión celebrada en Toledo,https://portalinvestigacion.uniovi.es/investigadores/219110/detalle,MARIA TERESA FERNANDEZ FERNANDEZ-ARGUELLES,UNCLEAR,"No se menciona a María Teresa Fernández Fernández-Argüelles en la noticia, por lo que no hay evidencia suficiente para clasificar su rol.",,MARIA TERESA FERNANDEZ FERNANDEZ-ARGUELLES
276,El G9 analiza su estrategia conjunta de internacionalización en la reunión celebrada en Toledo,https://portalinvestigacion.uniovi.es/investigadores/217179/detalle,MARIA TERESA FERNANDEZ ABEDUL,UNCLEAR,"No se menciona a María Teresa Fernández Abedul en la noticia, por lo que no hay evidencia suficiente para clasificar su rol.",,MARIA TERESA FERNANDEZ ABEDUL
276,El G9 analiza su estrategia conjunta de internacionalización en la reunión celebrada en Toledo,https://portalinvestigacion.uniovi.es/investigadores/1095919/detalle,MARIA ATENEA FERNANDEZ HIGUERO,UNCLEAR,"No se menciona a María Atenea Fernández Higuero en la noticia, por lo que no hay evidencia suficiente para clasificar su rol.",,MARIA ATENEA FERNANDEZ HIGUERO
276,El G9 analiza su estrategia conjunta de internacionalización en la reunión celebrada en Toledo,https://portalinvestigacion.uniovi.es/investigadores/217518/detalle,MARIA LUISA FERNANDEZ SANCHEZ,UNCLEAR,"No se menciona a María Luisa Fernández Sánchez en la noticia, por lo que no hay evidencia suficiente para clasificar su rol.",,MARIA LUISA FERNANDEZ SANCHEZ
276,El G9 analiza su estrategia conjunta de internacionalización en la reunión celebrada en Toledo,https://portalinvestigacion.uniovi.es/investigadores/217043/detalle,ANA MARIA FERNANDEZ GARCIA,UNCLEAR,"No se menciona a Ana María Fernández García en la noticia, por lo que no hay evidencia suficiente para clasificar su rol.",,ANA MARIA FERNANDEZ GARCIA
276,El G9 analiza su estrategia conjunta de internacionalización en la reunión celebrada en Toledo,https://portalinvestigacion.uniovi.es/investigadores/217051/detalle,MARIA PAULA FERNANDEZ GARCIA,UNCLEAR,"No se menciona a María Paula Fernández García en la noticia, por lo que no hay evidencia suficiente para clasificar su rol.",,MARIA PAULA FERNANDEZ GARCIA
276,El G9 analiza su estrategia conjunta de internacionalización en la reunión celebrada en Toledo,https://portalinvestigacion.uniovi.es/investigadores/217062/detalle,MARIA DE LOS ANGELES FERNANDEZ GONZALEZ,UNCLEAR,"No se menciona a María de los Ángeles Fernández González en la noticia, por lo que no hay evidencia suficiente para clasificar su rol.",,MARIA DE LOS ANGELES FERNANDEZ GONZALEZ
276,El G9 analiza su estrategia conjunta de internacionalización en la reunión celebrada en Toledo,https://portalinvestigacion.uniovi.es/investigadores/217512/detalle,MARIA DEL ROCIO FERNANDEZ RODRIGUEZ,UNCLEAR,"No se menciona a María del Rocío Fernández Rodríguez en la noticia, por lo que no hay evidencia suficiente para clasificar su rol.",,MARIA DEL ROCIO FERNANDEZ RODRIGUEZ
276,El G9 analiza su estrategia conjunta de internacionalización en la reunión celebrada en Toledo,https://portalinvestigacion.uniovi.es/investigadores/217059/detalle,ELENA MARIA FERNANDEZ GONZALEZ,UNCLEAR,"No se menciona a Elena María Fernández González en la noticia, por lo que no hay evidencia suficiente para clasificar su rol.",,ELENA MARIA FERNANDEZ GONZALEZ
276,El G9 analiza su estrategia conjunta de internacionalización en la reunión celebrada en Toledo,https://portalinvestigacion.uniovi.es/investigadores/217519/detalle,MARIA TERESA FERNANDEZ SANCHEZ,UNCLEAR,"No se menciona a María Teresa Fernández Sánchez en la noticia, por lo que no hay evidencia suficiente para clasificar su rol.",,MARIA TERESA FERNANDEZ SANCHEZ
276,El G9 analiza su estrategia conjunta de internacionalización en la reunión celebrada en Toledo,https://portalinvestigacion.uniovi.es/investigadores/217181/detalle,MARIA ISABEL FERNANDEZ QUESADA,UNCLEAR,"No se menciona a María Isabel Fernández Quesada en la noticia, por lo que no hay evidencia suficiente para clasificar su rol.",,MARIA ISABEL FERNANDEZ QUESADA
276,El G9 analiza su estrategia conjunta de internacionalización en la reunión celebrada en Toledo,https://portalinvestigacion.uniovi.es/investigadores/220227/detalle,MARIA FERNANDEZ FERNANDEZ,UNCLEAR,"No se menciona a María Fernández Fernández en la noticia, por lo que no hay evidencia suficiente para clasificar su rol.",,MARIA FERNANDEZ FERNANDEZ
276,El G9 analiza su estrategia conjunta de internacionalización en la reunión celebrada en Toledo,https://portalinvestigacion.uniovi.es/investigadores/2356382/detalle,JULIA MARIA FERNANDEZ DIAZ,UNCLEAR,"No se menciona a Julia María Fernández Díaz en la noticia, por lo que no hay evidencia suficiente para clasificar su rol.",,JULIA MARIA FERNANDEZ DIAZ
276,El G9 analiza su estrategia conjunta de internacionalización en la reunión celebrada en Toledo,https://portalinvestigacion.uniovi.es/investigadores/217011/detalle,MARIA ESTRELLA FERNANDEZ ALBA,UNCLEAR,"No se menciona a María Estrella Fernández Alba en la noticia, por lo que no hay evidencia suficiente para clasificar su rol.",,MARIA ESTRELLA FERNANDEZ ALBA
276,El G9 analiza su estrategia conjunta de internacionalización en la reunión celebrada en Toledo,https://portalinvestigacion.uniovi.es/investigadores/217322/detalle,MARIA MARGARITA FERNANDEZ MIER,UNCLEAR,"No se menciona a María Margarita Fernández Mier en la noticia, por lo que no hay evidencia suficiente para clasificar su rol.",,MARIA MARGARITA FERNANDEZ MIER
277,La Fundación la Caixa otorga una ayuda de casi un millón de euros a un proyecto en el que participa la Universidad de Oviedo,https://portalinvestigacion.uniovi.es/investigadores/218309/detalle,Jorge Pisonero,RESEARCH,Participa en un proyecto de investigación sobre el entorno tumoral en cáncer colorrectal.,"En el estudio también participan investigadores de la Universidad de Oviedo, del Consorcio para la Explotación del Centro Nacional de Análisis Genómica (CNAG) de Barcelona, y de la Universidad de Granada.",JORGE PISONERO CASTRO
277,La Fundación la Caixa otorga una ayuda de casi un millón de euros a un proyecto en el que participa la Universidad de Oviedo,https://portalinvestigacion.uniovi.es/investigadores/217842/detalle,Ana Méndez,UNCLEAR,No se proporciona información suficiente sobre su rol específico en el proyecto.,"Los investigadores de la Universidad de Oviedo que han participado en el estudio son Jorge Pisonero, catedrático del Área de Física Atómica, Molecular y Nuclear, y Ana Méndez, de los SCTs del Departamento de Física.",ROSA ANA MENENDEZ DUARTE
278,Los premios IPfest reconocen la labor de investigadora y de transferencia de la Universidad de Oviedo,https://portalinvestigacion.uniovi.es/investigadores/219264/detalle,Isabel Quirós,RESEARCH,"Isabel Quirós es reconocida por el desarrollo de un método in vitro para identificar radicales libres en sangre, lo que implica una actividad investigadora clara.","el galardón fue para la investigadora Isabel Quirós, profesora del área de Biología Celular de la Universidad de Oviedo, por el desarrollo de un método in vitro para identificar radicales libres en sangre y su uso en diagnóstico de patologías.",ISABEL QUIROS GONZALEZ
278,Los premios IPfest reconocen la labor de investigadora y de transferencia de la Universidad de Oviedo,https://portalinvestigacion.uniovi.es/investigadores/217922/detalle,Sonia González Solares,RESEARCH,"Sonia González Solares es reconocida por su trayectoria y labor investigadora, lo que indica su implicación en actividades de investigación.","el premio ‘Da Vinci’ reconoció la trayectoria y la labor investigadora de Sonia González Solares, catedrática del área de Fisiología de la Universidad de Oviedo.",SONIA GONZALEZ SOLARES
279,Un estudio de la Universidad de Oviedo y el Ayuntamiento de Gijón revela que los solares vacíos pueden impulsar la biodiversidad urbana,https://portalinvestigacion.uniovi.es/investigadores/2370717/detalle,Eduardo Fernández Pascual,RESEARCH,"El profesor Fernández Pascual lidera un estudio sobre la biodiversidad urbana, analizando comunidades biológicas y sus implicaciones para la renaturalización de espacios urbanos.","El estudio, liderado por el profesor de la Universidad de Oviedo Eduardo Fernández Pascual, junto con la bióloga municipal Zuzana Ferencova, analiza la 'novedad ecológica' de comunidades de plantas, hongos y bacterias del suelo en distintos hábitats urbanos de Gijón/Xixón.",EDUARDO FERNANDEZ ALONSO
280,Alcón reivindica la necesidad del sexenio de transferencia en las Jornadas de Investigación que acoge la Universidade de Vigo,https://portalinvestigacion.uniovi.es/investigadores/1010273/detalle,IRENE DIAZ MARTINEZ,INSTITUTIONAL,"Irene Díaz aparece como vicerrectora de Investigación, lo que indica su rol institucional.","La vicerrectora de Investigación de la Universidad de Oviedo, Irene Díaz, participa en la Comisión Sectorial de Crue I+D+i.",IRENE DIAZ MARTINEZ
280,Alcón reivindica la necesidad del sexenio de transferencia en las Jornadas de Investigación que acoge la Universidade de Vigo,https://portalinvestigacion.uniovi.es/investigadores/217124/detalle,SUSANA IRENE DIAZ RODRIGUEZ,UNCLEAR,"No se menciona a Susana Irene Díaz Rodríguez en la noticia, por lo que no hay evidencia suficiente para clasificar su rol.",,SUSANA IRENE DIAZ RODRIGUEZ
280,Alcón reivindica la necesidad del sexenio de transferencia en las Jornadas de Investigación que acoge la Universidade de Vigo,https://portalinvestigacion.uniovi.es/investigadores/217101/detalle,ALBERTO DIAZ DAPENA,UNCLEAR,"No se menciona a Alberto Díaz Dapena en la noticia, por lo que no hay evidencia suficiente para clasificar su rol.",,ALBERTO DIAZ DAPENA
281,La Universidad de Oviedo y el Ayuntamiento de Langreo refundan La Casa de la Buelga como un eje dinamizador del Valle del Nalón,https://portalinvestigacion.uniovi.es/investigadores/218536/detalle,IGNACIO VILLAVERDE MENENDEZ,MIXED,"Ignacio Villaverde actúa como rector, representando a la institución, pero también menciona la importancia de la Extensión Universitaria y su compromiso con la difusión del conocimiento, lo que indica una actividad investigadora.",Ignacio Villaverde ha recordado que la Extensión Universitaria es una actividad fundamental para la Universidad de Oviedo que fue pionera en su desarrollo en España.,IGNACIO VILLAVERDE MENENDEZ
281,La Universidad de Oviedo y el Ayuntamiento de Langreo refundan La Casa de la Buelga como un eje dinamizador del Valle del Nalón,https://portalinvestigacion.uniovi.es/investigadores/219825/detalle,ROBERTO GARCIA GARCIA,UNCLEAR,"No se menciona a Roberto García García en el contexto de la noticia, por lo que no hay evidencia suficiente para clasificar su rol.",,ROBERTO GARCIA GARCIA
281,La Universidad de Oviedo y el Ayuntamiento de Langreo refundan La Casa de la Buelga como un eje dinamizador del Valle del Nalón,https://portalinvestigacion.uniovi.es/investigadores/217585/detalle,ROBERTO GARCIA FERNANDEZ,UNCLEAR,"No se menciona a Roberto García Fernández en el contexto de la noticia, por lo que no hay evidencia suficiente para clasificar su rol.",,ROBERTO GARCIA FERNANDEZ
284,La UNE elige nueva junta directiva para el bienio 2025-2027,https://portalinvestigacion.uniovi.es/investigadores/217793/detalle,Marcos Loredo,INSTITUTIONAL,"Marcos Loredo aparece como vocal en la nueva Junta Directiva, sin mención a su actividad investigadora.",Marcos Loredo (Publicaciones Universidad de Oviedo),MARCOS LOREDO COLUNGA
285,Las universidades del G-9 reclaman mayor claridad en la normativa a la ANECA,https://portalinvestigacion.uniovi.es/investigadores/217758/detalle,MARIA CONCEPCION LOPEZ DIAZ,INSTITUTIONAL,"La rectora de la Universidad de Cantabria, Concepción López, aparece en la noticia principalmente en su rol institucional como presidenta de la Comisión Sectorial de Ordenación Académica.","La Comisión Sectorial de Ordenación Académica del Grupo 9 de Universidades (G-9), presidida por la rectora de la Universidad de Cantabria, Concepción López.",MARIA CONCEPCION LOPEZ DIAZ
286,La Universidad de Oviedo y el Ayuntamiento de Salas firman un convenio para dar continuidad al Aula Valdés-Salas,https://portalinvestigacion.uniovi.es/investigadores/218536/detalle,Ignacio Villaverde,INSTITUTIONAL,"Ignacio Villaverde aparece como rector y su participación se centra en la firma del convenio, sin mencionar actividad investigadora.","El rector, Ignacio Villaverde, y el alcalde, Sergio Hidalgo Alonso, han firmado en el Edificio Histórico un convenio de colaboración...",IGNACIO VILLAVERDE MENENDEZ
287,La Universidad de Oviedo recibe el Premio Nacional de Edición Universitaria a la mejor monografía en Artes y Humanidades,https://portalinvestigacion.uniovi.es/investigadores/217793/detalle,Marcos Loredo,INSTITUTIONAL,"Marcos Loredo fue el encargado de recoger el galardón, actuando en su rol como director del Servicio de Publicaciones de la Universidad de Oviedo.","Su director, Marcos Loredo, fue el encargado de recoger el galardón.",MARCOS LOREDO COLUNGA
288,El rector presenta ante el Claustro de la Universidad de Oviedo el informe de gestión del pasado curso,https://portalinvestigacion.uniovi.es/investigadores/218536/detalle,Ignacio Villaverde,MIXED,"Ignacio Villaverde actúa como rector, presentando informes y estrategias institucionales, pero también menciona medidas para mejorar la gestión de la investigación, lo que indica su implicación en la actividad investigadora.",ha subrayado también el acuerdo alcanzado con el Consejo de Estudiantes para incrementar su presencia en los órganos de decisión y la celebración del Año Canella... en materia de infraestructuras ha destacado la presentación del anteproyecto de ampliación del campus de El Cristo... y ha firmado 339 contratos FUO entre enero y agosto de este año.,IGNACIO VILLAVERDE MENENDEZ
290,La Universidad de Oviedo y FICYT crean la Cátedra de Cultura Científica para impulsar la divulgación y analizar la percepción de la ciencia en Asturias,https://portalinvestigacion.uniovi.es/investigadores/217811/detalle,SUSANA LUQUE RODRIGUEZ,INSTITUTIONAL,Susana Luque aparece como vicerrectora y su intervención se centra en el papel institucional en la creación de la cátedra.,"Susana Luque, vicerrectora de Transferencia y Relaciones con la Empresa, ha agradecido el compromiso de FICYT... esta iniciativa pretende analizar la percepción que la sociedad asturiana tiene de la ciencia...",SUSANA LUQUE RODRIGUEZ
290,La Universidad de Oviedo y FICYT crean la Cátedra de Cultura Científica para impulsar la divulgación y analizar la percepción de la ciencia en Asturias,https://portalinvestigacion.uniovi.es/investigadores/217756/detalle,JOSE ANTONIO LOPEZ CEREZO,MIXED,"José Antonio López Cerezo es mencionado como director de la cátedra y también como investigador en el grupo de Estudios Sociales de la Ciencia, lo que implica tanto un rol institucional como investigativo.","...el director de la cátedra, José Antonio López Cerezo, catedrático de Lógica y Filosofía de la Ciencia e integrante del grupo de investigación de Estudios Sociales de la Ciencia (CTS)...",JOSE ANTONIO LOPEZ CEREZO
291,Estudiantes de la Universidad de Oviedo ganan un hackathon en México con su propuesta para transformar residuos de la producción de tequila en bioplásticos,https://portalinvestigacion.uniovi.es/investigadores/217019/detalle,IRENE FERNANDEZ ÁLVAREZ,UNCLEAR,No se menciona actividad investigadora específica de Irene Fernández Álvarez en la noticia.,No hay evidencia suficiente sobre su rol.,MARIA DEL MAR FERNANDEZ ALVAREZ
291,Estudiantes de la Universidad de Oviedo ganan un hackathon en México con su propuesta para transformar residuos de la producción de tequila en bioplásticos,https://portalinvestigacion.uniovi.es/investigadores/218058/detalle,FRANCISCO DE ASIS ORTEGA FERNANDEZ,UNCLEAR,No se menciona actividad investigadora específica de Francisco de Asis Ortega Fernández en la noticia.,No hay evidencia suficiente sobre su rol.,FRANCISCO DE ASIS ORTEGA FERNANDEZ
292,La Cátedra Cogersa inaugura su IV Semana de la Circularidad,https://portalinvestigacion.uniovi.es/investigadores/218516/detalle,José Luis Viesca,MIXED,"José Luis Viesca es el director de la cátedra y detalla el programa de la Semana de la Circularidad, lo que implica su rol en la investigación y su representación institucional.","El director de la cátedra, el profesor José Luis Viesca, fue el encargado de detallar, durante el acto inaugural, un programa que busca una 'participación amplia y transversal' en torno a la circularidad.",JOSE LUIS VIESCA RODRIGUEZ
292,La Cátedra Cogersa inaugura su IV Semana de la Circularidad,https://portalinvestigacion.uniovi.es/investigadores/218062/detalle,Paula Oulego,RESEARCH,"Paula Oulego imparte un taller sobre compostaje urbano, lo que indica su actividad investigadora en el ámbito de la economía circular.","El martes, 11 de noviembre (11.00 h.), el campus de El Cristo. Facultad de Química, Aula 24 (Oviedo) acogerá el taller Compostaje urbano: transforma tus residuos en recurso, impartido por la profesora Paula Oulego.",PAULA OULEGO BLANCO
292,La Cátedra Cogersa inaugura su IV Semana de la Circularidad,https://portalinvestigacion.uniovi.es/investigadores/217768/detalle,Fernando López Gayarre,RESEARCH,"Fernando López Gayarre imparte una conferencia sobre sostenibilidad en el hormigón, lo que refleja su actividad investigadora en el área.","El miércoles 12 (12.00 h.) el campus de Gijón. EPI, Aulario Sur, Sala de Juntas (Gijón), acoge la conferencia Caminando hacia la Sostenibilidad del Hormigón a partir de Materiales Circulares, impartida por Fernando López Gayarre.",FERNANDO LOPEZ GAYARRE
292,La Cátedra Cogersa inaugura su IV Semana de la Circularidad,https://portalinvestigacion.uniovi.es/investigadores/218417/detalle,Luis Sañudo Fontaneda,RESEARCH,"Luis Sañudo Fontaneda imparte una conferencia sobre sistemas urbanos de drenaje sostenible, lo que indica su actividad investigadora.","El jueves 13 (12.00 h.), el campus de Mieres, Edificio de Investigación, será el lugar donde se ofrecerá la conferencia: Circularidad del Agua. Sistemas Urbanos de Drenaje Sostenible, por Luis Sañudo Fontaneda.",LUIS ANGEL SAÑUDO FONTANEDA
292,La Cátedra Cogersa inaugura su IV Semana de la Circularidad,https://portalinvestigacion.uniovi.es/investigadores/217811/detalle,Susana Luque,INSTITUTIONAL,"Susana Luque es vicerrectora y su participación se centra en su rol institucional, sin evidencia de actividad investigadora en la noticia.","La vicerrectora de Transferencia, Susana Luque, fue la encargada de cerrar el acto y coincidió en destacar que la economía circular es 'una apuesta colectiva'.",SUSANA LUQUE RODRIGUEZ
294,Un equipo de investigación de la Universidad de Oviedo prueba técnicas para detectar a simple vista fraudes en la comercialización de invertebrados marinos,https://portalinvestigacion.uniovi.es/investigadores/216842/detalle,Yaisel Borrell Pich,MIXED,"Yaisel Borrell Pich es mencionado como catedrático de Genética e investigador principal del proyecto, lo que indica su rol en la investigación, pero también se le presenta en un contexto que implica su posición académica.","“Precisamente por ello, se impone como prioridad el desarrollo de técnicas de detección del fraude alimentario que permitan identificar los productos comercializados incluso cuando ya están cocinados...”, explican Yaisel Borrell Pich, catedrático de Genética e investigador principal del proyecto.",YAISEL JUAN BORRELL PICHS
294,Un equipo de investigación de la Universidad de Oviedo prueba técnicas para detectar a simple vista fraudes en la comercialización de invertebrados marinos,https://portalinvestigacion.uniovi.es/investigadores/1301692/detalle,María Celenza,RESEARCH,"María Celenza es mencionada como investigadora predoctoral implicada en el proyecto, lo que indica su participación activa en la investigación.","“Precisamente por ello, se impone como prioridad el desarrollo de técnicas de detección del fraude alimentario que permitan identificar los productos comercializados incluso cuando ya están cocinados...”, explican Yaisel Borrell Pich, catedrático de Genética e investigador principal del proyecto, y María Celenza, investigadora predoctoral implicada en el mismo.",MARIA CELENZA
295,TotalEnergies da la bienvenida a 25 estudiantes de la Universidad de Oviedo en la quinta edición de su programa de becas,https://portalinvestigacion.uniovi.es/investigadores/217775/detalle,ALFONSO JOAQUIN LOPEZ MUÑIZ,INSTITUTIONAL,"Alfonso López Muñiz aparece como Vicerrector de Estudiantes y Empleabilidad, agradeciendo el compromiso de TotalEnergies y hablando sobre el programa de becas.","Alfonso López Muñiz, Vicerrector de Estudiantes y Empleabilidad de la Universidad de Oviedo, ha agradecido el compromiso de la compañía con la captación de talento en la institución académica asturiana.",ALFONSO JOAQUIN LOPEZ MUÑIZ
297,El Máster en Género y Diversidad de la Universidad de Oviedo recibe el premio Menina 2025 de la Delegación del Gobierno en Asturias,https://portalinvestigacion.uniovi.es/investigadores/216988/detalle,ROSA MARIA CID LOPEZ,MIXED,"Se menciona su trayectoria profesional y compromiso en la promoción de la igualdad y la lucha contra la violencia de género, lo que implica actividad investigadora y un rol institucional.","...la trayectoria profesional y el compromiso de sus impulsoras, pioneras en la creación y consolidación de este programa...",ROSA MARIA CID LOPEZ
298,Decanas y decanos de Facultades de Derecho de España reclaman pruebas presenciales y territoriales de acceso a la abogacía y procura,https://portalinvestigacion.uniovi.es/investigadores/2355223/detalle,ALFONSO ORTEGA DE LA PUENTE,INSTITUTIONAL,"Aparece como parte del Grupo de Trabajo sobre la revisión del modelo actual de Másteres en Abogacía y Procura, pero no se menciona actividad investigadora específica.","El Grupo de Trabajo sobre la revisión del modelo actual de Másteres en Abogacía y Procura, integrado por... Alfonso Ortega Giménez (UMH)...",ALFONSO ORTEGA DE LA PUENTE
298,Decanas y decanos de Facultades de Derecho de España reclaman pruebas presenciales y territoriales de acceso a la abogacía y procura,https://portalinvestigacion.uniovi.es/investigadores/218461/detalle,MARIA JOSE SUAREZ-CABAL,INSTITUTIONAL,"Mencionada como parte del Grupo de Trabajo, sin evidencia de actividad investigadora.","El Grupo de Trabajo sobre la revisión del modelo actual de Másteres en Abogacía y Procura, integrado por... María José Moral Moro (UVa)...",MARIA JOSE SUAREZ-CABAL
298,Decanas y decanos de Facultades de Derecho de España reclaman pruebas presenciales y territoriales de acceso a la abogacía y procura,https://portalinvestigacion.uniovi.es/investigadores/217636/detalle,JAVIER FERNANDEZ MENENDEZ,INSTITUTIONAL,"Mencionado como parte del Grupo de Trabajo, sin evidencia de actividad investigadora.","El Grupo de Trabajo sobre la revisión del modelo actual de Másteres en Abogacía y Procura, integrado por... Javier Fernández Menéndez (Física)...",JAVIER FERNANDEZ MENENDEZ
298,Decanas y decanos de Facultades de Derecho de España reclaman pruebas presenciales y territoriales de acceso a la abogacía y procura,https://portalinvestigacion.uniovi.es/investigadores/217503/detalle,FRANCISCO JAVIER FERNANDEZ RIO,INSTITUTIONAL,"Mencionado como parte del Grupo de Trabajo, sin evidencia de actividad investigadora.","El Grupo, que ha estado integrado por Francisca María Ferrando García (UMU), Manuel de Peralta Carrasco (UNEX), Dulce Cairós Barreto (ULl) y Laura Salamero Teixidó (UdL)...",FRANCISCO JAVIER FERNANDEZ RIO
298,Decanas y decanos de Facultades de Derecho de España reclaman pruebas presenciales y territoriales de acceso a la abogacía y procura,https://portalinvestigacion.uniovi.es/investigadores/218801/detalle,FRANCISCO GARCIA RIESGO,INSTITUTIONAL,"Mencionado como parte del Grupo de Trabajo, sin evidencia de actividad investigadora.","El Grupo, que ha estado integrado por Francisca María Ferrando García (UMU), Manuel de Peralta Carrasco (UNEX), Dulce Cairós Barreto (ULl) y Laura Salamero Teixidó (UdL)...",FRANCISCO GARCIA RIESGO
298,Decanas y decanos de Facultades de Derecho de España reclaman pruebas presenciales y territoriales de acceso a la abogacía y procura,https://portalinvestigacion.uniovi.es/investigadores/218878/detalle,JAVIER FERNANDEZ MATEOS,INSTITUTIONAL,"Mencionado como parte del Grupo de Trabajo, sin evidencia de actividad investigadora.","El Grupo, que ha estado integrado por Francisca María Ferrando García (UMU), Manuel de Peralta Carrasco (UNEX), Dulce Cairós Barreto (ULl) y Laura Salamero Teixidó (UdL)...",JAVIER FERNANDEZ MATEOS
298,Decanas y decanos de Facultades de Derecho de España reclaman pruebas presenciales y territoriales de acceso a la abogacía y procura,https://portalinvestigacion.uniovi.es/investigadores/1095840/detalle,INES MARTIN PEREZ,UNCLEAR,"No se menciona su rol específico en la noticia, por lo que no hay suficiente información para clasificar.",,INES MARTIN PEREZ
298,Decanas y decanos de Facultades de Derecho de España reclaman pruebas presenciales y territoriales de acceso a la abogacía y procura,https://portalinvestigacion.uniovi.es/investigadores/219035/detalle,JAVIER FERNANDEZ REYNES,UNCLEAR,"No se menciona su rol específico en la noticia, por lo que no hay suficiente información para clasificar.",,JAVIER FERNANDEZ REYNES
298,Decanas y decanos de Facultades de Derecho de España reclaman pruebas presenciales y territoriales de acceso a la abogacía y procura,https://portalinvestigacion.uniovi.es/investigadores/219959/detalle,JAVIER FERNANDEZ GONZALEZ,UNCLEAR,"No se menciona su rol específico en la noticia, por lo que no hay suficiente información para clasificar.",,JAVIER FERNANDEZ GONZALEZ
298,Decanas y decanos de Facultades de Derecho de España reclaman pruebas presenciales y territoriales de acceso a la abogacía y procura,https://portalinvestigacion.uniovi.es/investigadores/218879/detalle,LUIS JAVIER FERNANDEZ MENENDEZ,UNCLEAR,"No se menciona su rol específico en la noticia, por lo que no hay suficiente información para clasificar.",,LUIS JAVIER FERNANDEZ MENENDEZ
298,Decanas y decanos de Facultades de Derecho de España reclaman pruebas presenciales y territoriales de acceso a la abogacía y procura,https://portalinvestigacion.uniovi.es/investigadores/217951/detalle,JUAN ANTONIO MARTIN RAMOS,UNCLEAR,"No se menciona su rol específico en la noticia, por lo que no hay suficiente información para clasificar.",,JUAN ANTONIO MARTIN RAMOS
298,Decanas y decanos de Facultades de Derecho de España reclaman pruebas presenciales y territoriales de acceso a la abogacía y procura,https://portalinvestigacion.uniovi.es/investigadores/218865/detalle,JAVIER FERNANDEZ FERNANDEZ,UNCLEAR,"No se menciona su rol específico en la noticia, por lo que no hay suficiente información para clasificar.",,JAVIER FERNANDEZ FERNANDEZ
298,Decanas y decanos de Facultades de Derecho de España reclaman pruebas presenciales y territoriales de acceso a la abogacía y procura,https://portalinvestigacion.uniovi.es/investigadores/217049/detalle,FRANCISCO JAVIER FERNANDEZ GARCIA,UNCLEAR,"No se menciona su rol específico en la noticia, por lo que no hay suficiente información para clasificar.",,FRANCISCO JAVIER FERNANDEZ GARCIA
299,La Semana de la Ciencia y la Innovación de la Universidad de Oviedo cumple 25 años y se consolida como el mayor evento de divulgación de Asturias,https://portalinvestigacion.uniovi.es/investigadores/1301754/detalle,IRENE DIAZ MARTINEZ,MIXED,"Irene Díaz aparece como vicerrectora de Investigación, lo que indica un rol institucional, pero también destaca la importancia de la divulgación científica y el trabajo de los investigadores, lo que sugiere su implicación en actividades de investigación.","“Durante el mes de noviembre la universidad se convierte en un escaparate que sirve tanto para mostrar el inmenso trabajo que se lleva a cabo en todos los centros y laboratorios, como para atraer talento y estimular el interés científico entre las nuevas generaciones”.",PALOMA SANCHEZ BROCH
299,La Semana de la Ciencia y la Innovación de la Universidad de Oviedo cumple 25 años y se consolida como el mayor evento de divulgación de Asturias,https://portalinvestigacion.uniovi.es/investigadores/217915/detalle,SEGUNDO GONZALEZ RODRIGUEZ,RESEARCH,"Segundo González es mencionado como catedrático que impartirá una conferencia sobre un tema de actualidad científica, lo que indica su actividad investigadora.",“El descubrimiento de las células que previenen la autoinmunidad. (Conferencia sobre la temática del Premio Nobel de Medicina 2025).”,SEGUNDO GONZALEZ RODRIGUEZ
299,La Semana de la Ciencia y la Innovación de la Universidad de Oviedo cumple 25 años y se consolida como el mayor evento de divulgación de Asturias,https://portalinvestigacion.uniovi.es/investigadores/218786/detalle,MARIA GARCIA FERNANDEZ,UNCLEAR,No se proporciona información suficiente sobre la participación de María García en actividades específicas dentro de la noticia.,No se menciona en el texto.,MARIA GARCIA FERNANDEZ
299,La Semana de la Ciencia y la Innovación de la Universidad de Oviedo cumple 25 años y se consolida como el mayor evento de divulgación de Asturias,https://portalinvestigacion.uniovi.es/investigadores/217047/detalle,CARMEN MARIA FERNANDEZ GARCIA,UNCLEAR,No se proporciona información suficiente sobre la participación de Carmen María en actividades específicas dentro de la noticia.,No se menciona en el texto.,CARMEN MARIA FERNANDEZ GARCIA
299,La Semana de la Ciencia y la Innovación de la Universidad de Oviedo cumple 25 años y se consolida como el mayor evento de divulgación de Asturias,https://portalinvestigacion.uniovi.es/investigadores/217046/detalle,CARLOS FERNANDEZ GARCIA,UNCLEAR,No se proporciona información suficiente sobre la participación de Carlos en actividades específicas dentro de la noticia.,No se menciona en el texto.,CARLOS FERNANDEZ GARCIA
299,La Semana de la Ciencia y la Innovación de la Universidad de Oviedo cumple 25 años y se consolida como el mayor evento de divulgación de Asturias,https://portalinvestigacion.uniovi.es/investigadores/1301773/detalle,ANDREA FERNANDEZ GARCÍA,UNCLEAR,No se proporciona información suficiente sobre la participación de Andrea en actividades específicas dentro de la noticia.,No se menciona en el texto.,ANDREA FERNANDEZ GARCÍA
299,La Semana de la Ciencia y la Innovación de la Universidad de Oviedo cumple 25 años y se consolida como el mayor evento de divulgación de Asturias,https://portalinvestigacion.uniovi.es/investigadores/217384/detalle,ANA MARIA GONZALEZ MENENDEZ,UNCLEAR,No se proporciona información suficiente sobre la participación de Ana María en actividades específicas dentro de la noticia.,No se menciona en el texto.,ANA MARIA GONZALEZ MENENDEZ
299,La Semana de la Ciencia y la Innovación de la Universidad de Oviedo cumple 25 años y se consolida como el mayor evento de divulgación de Asturias,https://portalinvestigacion.uniovi.es/investigadores/217599/detalle,ALFREDO FERNANDEZ OJANGUREN GARCIA COMAS,UNCLEAR,No se proporciona información suficiente sobre la participación de Alfredo en actividades específicas dentro de la noticia.,No se menciona en el texto.,ALFREDO FERNANDEZ OJANGUREN GARCIA COMAS
299,La Semana de la Ciencia y la Innovación de la Universidad de Oviedo cumple 25 años y se consolida como el mayor evento de divulgación de Asturias,https://portalinvestigacion.uniovi.es/investigadores/217048/detalle,FELIPE FERNANDEZ GARCIA,UNCLEAR,No se proporciona información suficiente sobre la participación de Felipe en actividades específicas dentro de la noticia.,No se menciona en el texto.,FELIPE FERNANDEZ GARCIA
299,La Semana de la Ciencia y la Innovación de la Universidad de Oviedo cumple 25 años y se consolida como el mayor evento de divulgación de Asturias,https://portalinvestigacion.uniovi.es/investigadores/217051/detalle,MARIA PAULA FERNANDEZ GARCIA,UNCLEAR,No se proporciona información suficiente sobre la participación de María Paula en actividades específicas dentro de la noticia.,No se menciona en el texto.,MARIA PAULA FERNANDEZ GARCIA
299,La Semana de la Ciencia y la Innovación de la Universidad de Oviedo cumple 25 años y se consolida como el mayor evento de divulgación de Asturias,https://portalinvestigacion.uniovi.es/investigadores/217049/detalle,FRANCISCO JAVIER FERNANDEZ GARCIA,UNCLEAR,No se proporciona información suficiente sobre la participación de Francisco Javier en actividades específicas dentro de la noticia.,No se menciona en el texto.,FRANCISCO JAVIER FERNANDEZ GARCIA
299,La Semana de la Ciencia y la Innovación de la Universidad de Oviedo cumple 25 años y se consolida como el mayor evento de divulgación de Asturias,https://portalinvestigacion.uniovi.es/investigadores/217882/detalle,ANA YOLANDA GUTIERREZ FERNANDEZ,UNCLEAR,No se proporciona información suficiente sobre la participación de Ana Yolanda en actividades específicas dentro de la noticia.,No se menciona en el texto.,ANA YOLANDA GUTIERREZ FERNANDEZ
299,La Semana de la Ciencia y la Innovación de la Universidad de Oviedo cumple 25 años y se consolida como el mayor evento de divulgación de Asturias,https://portalinvestigacion.uniovi.es/investigadores/217045/detalle,BENJAMIN FERNANDEZ GARCIA,UNCLEAR,No se proporciona información suficiente sobre la participación de Benjamín en actividades específicas dentro de la noticia.,No se menciona en el texto.,BENJAMIN FERNANDEZ GARCIA
299,La Semana de la Ciencia y la Innovación de la Universidad de Oviedo cumple 25 años y se consolida como el mayor evento de divulgación de Asturias,https://portalinvestigacion.uniovi.es/investigadores/219111/detalle,ANDREA FERNANDEZ GARCIA,UNCLEAR,No se proporciona información suficiente sobre la participación de Andrea en actividades específicas dentro de la noticia.,No se menciona en el texto.,ANDREA FERNANDEZ GARCIA
299,La Semana de la Ciencia y la Innovación de la Universidad de Oviedo cumple 25 años y se consolida como el mayor evento de divulgación de Asturias,https://portalinvestigacion.uniovi.es/investigadores/220003/detalle,JUAN ALFONSO FERNANDEZ GARCIA,UNCLEAR,No se proporciona información suficiente sobre la participación de Juan Alfonso en actividades específicas dentro de la noticia.,No se menciona en el texto.,JUAN ALFONSO FERNANDEZ GARCIA
299,La Semana de la Ciencia y la Innovación de la Universidad de Oviedo cumple 25 años y se consolida como el mayor evento de divulgación de Asturias,https://portalinvestigacion.uniovi.es/investigadores/217599/detalle,ALFREDO FERNANDEZ OJANGUREN GARCIA COMAS,UNCLEAR,No se proporciona información suficiente sobre la participación de Alfredo en actividades específicas dentro de la noticia.,No se menciona en el texto.,ALFREDO FERNANDEZ OJANGUREN GARCIA COMAS
299,La Semana de la Ciencia y la Innovación de la Universidad de Oviedo cumple 25 años y se consolida como el mayor evento de divulgación de Asturias,https://portalinvestigacion.uniovi.es/investigadores/217384/detalle,ANA MARIA GONZALEZ MENENDEZ,UNCLEAR,No se proporciona información suficiente sobre la participación de Ana María en actividades específicas dentro de la noticia.,No se menciona en el texto.,ANA MARIA GONZALEZ MENENDEZ
299,La Semana de la Ciencia y la Innovación de la Universidad de Oviedo cumple 25 años y se consolida como el mayor evento de divulgación de Asturias,https://portalinvestigacion.uniovi.es/investigadores/217882/detalle,ANA YOLANDA GUTIERREZ FERNANDEZ,UNCLEAR,No se proporciona información suficiente sobre la participación de Ana Yolanda en actividades específicas dentro de la noticia.,No se menciona en el texto.,ANA YOLANDA GUTIERREZ FERNANDEZ
299,La Semana de la Ciencia y la Innovación de la Universidad de Oviedo cumple 25 años y se consolida como el mayor evento de divulgación de Asturias,https://portalinvestigacion.uniovi.es/investigadores/217915/detalle,SEGUNDO GONZALEZ RODRIGUEZ,RESEARCH,"Segundo González es mencionado como catedrático que impartirá una conferencia sobre un tema de actualidad científica, lo que indica su actividad investigadora.",“El descubrimiento de las células que previenen la autoinmunidad. (Conferencia sobre la temática del Premio Nobel de Medicina 2025).”,SEGUNDO GONZALEZ RODRIGUEZ
300,La Universidad de Oviedo y el Principado crean una cátedra para afrontar los principales desafíos demográficos de Asturias,https://portalinvestigacion.uniovi.es/investigadores/218648/detalle,Óscar Rodríguez Buznego,RESEARCH,"Óscar Rodríguez Buznego es mencionado como el director de la nueva cátedra, lo que implica su rol en la actividad investigadora relacionada con las dinámicas demográficas.","la cátedra desarrollará también estudios que contribuyan a afrontar los principales retos del territorio... La cátedra impulsará, además, la generación de conocimiento útil para las políticas públicas, con un enfoque sociológico integral.",OSCAR RODRIGUEZ PRIETO
300,La Universidad de Oviedo y el Principado crean una cátedra para afrontar los principales desafíos demográficos de Asturias,https://portalinvestigacion.uniovi.es/investigadores/218536/detalle,Ignacio Villaverde Menéndez,INSTITUTIONAL,"Ignacio Villaverde es mencionado como rector de la Universidad de Oviedo y su participación se centra en la firma del convenio, representando a la institución.","El convenio para la constitución de esta nueva cátedra ha sido suscrito esta mañana en el Edificio Histórico de la Universidad de Oviedo, por Ignacio Villaverde, rector de la institución académica asturiana.",IGNACIO VILLAVERDE MENENDEZ
301,"La actividad emprendedora continúa creciendo en Asturias, según el informe GEM 2024-2025",https://portalinvestigacion.uniovi.es/investigadores/217775/detalle,Alfonso López Muñiz,INSTITUTIONAL,Presidió el acto de presentación del Informe GEM.,"El vicerrector de Estudiantes y Empleabilidad, Alfonso López Muñiz, ha presidido este miércoles el acto de presentación del Informe GEM.",ALFONSO JOAQUIN LOPEZ MUÑIZ
301,"La actividad emprendedora continúa creciendo en Asturias, según el informe GEM 2024-2025",https://portalinvestigacion.uniovi.es/investigadores/217348/detalle,Manuel González Díaz,MIXED,"Dirigió el informe y está asociado a la Cátedra de Emprendimiento, lo que implica actividad investigadora.","El informe, dirigido por los profesores Manuel González y Vanesa Solís.",MANUEL GONZALEZ DIAZ
301,"La actividad emprendedora continúa creciendo en Asturias, según el informe GEM 2024-2025",https://portalinvestigacion.uniovi.es/investigadores/219642/detalle,Vanesa Agustina Solís Rodríguez,MIXED,"Dirigió el informe y está asociada a la Cátedra de Emprendimiento, lo que implica actividad investigadora.","El informe, dirigido por los profesores Manuel González y Vanesa Solís.",VANESA AGUSTINA SOLIS RODRIGUEZ
301,"La actividad emprendedora continúa creciendo en Asturias, según el informe GEM 2024-2025",https://portalinvestigacion.uniovi.es/investigadores/217811/detalle,Susana Luque Rodríguez,INSTITUTIONAL,Aparece como vicerrectora de Transferencia y Relaciones con la Empresa.,"Susana Luque, vicerrectora de Transferencia y Relaciones con la Empresa.",SUSANA LUQUE RODRIGUEZ
