investigador_id,nombre_investigador,relacion,topico,evidencia,noticia_index
https://portalinvestigacion.uniovi.es/investigadores/218536/detalle,IGNACIO VILLAVERDE MENENDEZ,COLABORA_EN,financiación pública de las universidades,"El encuentro ha permitido abordar cuestiones como la financiación pública de las universidades, el problema del alojamiento universitario, la inteligencia artificial y su impacto en las universidades y la necesidad de continuar con programas de apoyo a la transformación digital de las universidades.",0
https://portalinvestigacion.uniovi.es/investigadores/218536/detalle,IGNACIO VILLAVERDE MENENDEZ,COLABORA_EN,inteligencia artificial,"se han abordado algunos de los principales desafíos que afronta la universidad española: la financiación pública de las universidades, el nuevo marco financiero plurianual de la UE y el peso que debe tener en la financiación de las universidades y la ciencia, el problema del alojamiento universitario, y la inteligencia artificial y su impacto en las universidades.",0
https://portalinvestigacion.uniovi.es/investigadores/218536/detalle,IGNACIO VILLAVERDE MENENDEZ,COLABORA_EN,transformación digital de las universidades,la necesidad de continuar con programas de apoyo a la transformación digital de las universidades.,0
https://portalinvestigacion.uniovi.es/investigadores/216887/detalle,JAVIER DE ANDRES SUAREZ,INVESTIGA_SOBRE,contabilidad de la Real Compañía Asturiana de Minas,"La investigación, realizada por el Departamento de Contabilidad de la Universidad de Oviedo, ha sido publicada en la revista científica Revista de Contabilidad - Spanish Accounting Review.",1
https://portalinvestigacion.uniovi.es/investigadores/217791/detalle,PEDRO LORCA FERNANDEZ,INVESTIGA_SOBRE,contabilidad de la Real Compañía Asturiana de Minas,"“La conservación de sus registros contables nos permite observar con gran detalle la realidad económica de una empresa pionera en pleno proceso de industrialización”, añade el investigador.",1
https://portalinvestigacion.uniovi.es/investigadores/216887/detalle,JAVIER DE ANDRES SUAREZ,INVESTIGA_SOBRE,sistema de contabilidad por partida simple,"“Lo más llamativo es comprobar que, con un sistema contable aparentemente simple, la compañía era capaz de generar información suficiente para supervisar la actividad y rendir cuentas a sus propietarios”, explica Javier de Andrés.",1
https://portalinvestigacion.uniovi.es/investigadores/217791/detalle,PEDRO LORCA FERNANDEZ,INVESTIGA_SOBRE,sistema de contabilidad por partida simple,"“La recuperación y análisis de esta documentación ha supuesto un importante reto metodológico”, destaca Manuel Fuente Bayón.",1
https://portalinvestigacion.uniovi.es/investigadores/217909/detalle,XOSE ANTON GONZALEZ RIAÑO,COLABORA_EN,inteligencia artificial,un tercero que versa sobre inteligencia artificial para aplicar en el aula de llingua asturiana,2
https://portalinvestigacion.uniovi.es/investigadores/217844/detalle,CLAUDIA ELENA MENENDEZ FERNANDEZ,COLABORA_EN,inteligencia artificial,un tercero que versa sobre inteligencia artificial para aplicar en el aula de llingua asturiana,2
https://portalinvestigacion.uniovi.es/investigadores/217322/detalle,MARIA MARGARITA FERNANDEZ MIER,LIDERA,arqueología,"“La presencia de visitantes no solo contribuye a difundir el conocimiento sobre el pasado de la comarca, sino que también ayuda a valorar y proteger un patrimonio que forma parte de la memoria colectiva del territorio”",3
https://portalinvestigacion.uniovi.es/investigadores/217322/detalle,MARIA MARGARITA FERNANDEZ MIER,INVESTIGA_SOBRE,historia de Cueiru,"“La invitación está abierta a todo el público. Quienes se acerquen a Cueiru podrán contemplar de cerca una investigación que está revelando la importancia histórica de este lugar y que, campaña tras campaña, sigue sacando a la luz nuevas páginas de la historia de Asturias”",3
https://portalinvestigacion.uniovi.es/investigadores/217592/detalle,GABRIELA FERNANDEZ VIEJO,LIDERA,amortiguador geológico natural,"El trabajo ha sido desarrollado por seis investigadores del Departamento de Geología, liderados por los catedráticos Sergio Llana-Fúnez y Gabriela Fernández-Viejo.",5
https://portalinvestigacion.uniovi.es/investigadores/217592/detalle,GABRIELA FERNANDEZ VIEJO,INVESTIGA_SOBRE,silencio sísmico,"El estudio identifica materiales poco rígidos bajo las grandes masas calizas del macizo que absorben y disipan los esfuerzos tectónicos, lo que evita la generación de terremotos.",5
https://portalinvestigacion.uniovi.es/investigadores/217762/detalle,JESUS ALBERTO LOPEZ FERNANDEZ,LIDERA,amortiguador geológico natural,"El trabajo ha sido desarrollado por seis investigadores del Departamento de Geología, liderados por los catedráticos Sergio Llana-Fúnez y Gabriela Fernández-Viejo.",5
https://portalinvestigacion.uniovi.es/investigadores/217762/detalle,JESUS ALBERTO LOPEZ FERNANDEZ,INVESTIGA_SOBRE,silencio sísmico,"El estudio identifica materiales poco rígidos bajo las grandes masas calizas del macizo que absorben y disipan los esfuerzos tectónicos, lo que evita la generación de terremotos.",5
https://portalinvestigacion.uniovi.es/investigadores/217592/detalle,GABRIELA FERNANDEZ VIEJO,COLABORA_EN,sismicidad de la zona,"Los resultados del trabajo, publicados en la revista científica internacional Tectonophysics, ayudan a explicar por qué esta zona constituye uno de los sectores con menor actividad sísmica de toda la Cordillera Cantábrica.",5
https://portalinvestigacion.uniovi.es/investigadores/217762/detalle,JESUS ALBERTO LOPEZ FERNANDEZ,COLABORA_EN,sismicidad de la zona,"Los resultados del trabajo, publicados en la revista científica internacional Tectonophysics, ayudan a explicar por qué esta zona constituye uno de los sectores con menor actividad sísmica de toda la Cordillera Cantábrica.",5
https://portalinvestigacion.uniovi.es/investigadores/217085/detalle,FRANCISCO JAVIER CUEVAS MAESTRO,LIDERA,acoplamiento del quark top y el bosón de Higgs,su contribución pionera al estudio experimental del acoplamiento del quark top y el bosón de Higgs,6
https://portalinvestigacion.uniovi.es/investigadores/217085/detalle,FRANCISCO JAVIER CUEVAS MAESTRO,COLABORA_EN,Grupo de Física Experimental de Altas Energías,agradece la implicación de sus directores y del Grupo de Física Experimental de Altas Energías del ICTEA,6
https://portalinvestigacion.uniovi.es/investigadores/217636/detalle,JAVIER FERNANDEZ MENENDEZ,LIDERA,acoplamiento del quark top y el bosón de Higgs,su contribución pionera al estudio experimental del acoplamiento del quark top y el bosón de Higgs,6
https://portalinvestigacion.uniovi.es/investigadores/217636/detalle,JAVIER FERNANDEZ MENENDEZ,COLABORA_EN,Grupo de Física Experimental de Altas Energías,agradece la implicación de sus directores y del Grupo de Física Experimental de Altas Energías del ICTEA,6
https://portalinvestigacion.uniovi.es/investigadores/218536/detalle,IGNACIO VILLAVERDE MENENDEZ,COLABORA_EN,formación práctica,la colaboración con EDP es un ejemplo de la importancia que tiene la relación entre universidad y empresa,8
https://portalinvestigacion.uniovi.es/investigadores/217944/detalle,SANTIAGO MARTIN GONZALEZ,DESARROLLA,becas Martín González del Valle,Las becas Martín González del Valle son fruto de la colaboración entre EDP y la Universidad de Oviedo.,8
https://portalinvestigacion.uniovi.es/investigadores/217678/detalle,ANA CRISTINA LAHUERTA MARTINEZ,COLABORA_EN,internacionalización,La Universidad de Oviedo ha participado en las II Jornadas de Buenas Prácticas en Internacionalización en Casa.,9
https://portalinvestigacion.uniovi.es/investigadores/217678/detalle,ANA CRISTINA LAHUERTA MARTINEZ,LIDERA,internacionalización,"la participación de la Universidad de Oviedo en estas jornadas 'reafirma el compromiso con un modelo de internacionalización abierto, integrador y accesible'.",9
https://portalinvestigacion.uniovi.es/investigadores/217577/detalle,JOSE GARCIA FANJUL,COLABORA_EN,internacionalización,"La Universidad de Oviedo ha estado representada por la directora de la Casa de las Lenguas, Ana Cristina Lahuerta, y por el subdirector de la Sección de Lenguas y Traducción, José García.",9
https://portalinvestigacion.uniovi.es/investigadores/218536/detalle,IGNACIO VILLAVERDE MENENDEZ,LIDERA,alianza INGENIUM,"la Universidad de Oviedo, la alianza de diez universidades europeas que coordina la Universidad de Oviedo",10
https://portalinvestigacion.uniovi.es/investigadores/217221/detalle,VERONICA CAÑAL FERNANDEZ,LIDERA,Cátedra de Demografía,"El director de la Cátedra de Demografía de la Universidad de Oviedo, Óscar Rodríguez Buznego, ha presentado los principales resultados...",12
https://portalinvestigacion.uniovi.es/investigadores/217221/detalle,VERONICA CAÑAL FERNANDEZ,COLABORA_EN,ASTURDEMO25,"ASTURDEMO25 nace para cubrir una carencia relevante: 'Suple la falta de datos objetivos, sólidos y representativos...'",12
https://portalinvestigacion.uniovi.es/investigadores/217221/detalle,VERONICA CAÑAL FERNANDEZ,INVESTIGA_SOBRE,reto demográfico,el reto demográfico se sitúa entre las grandes preocupaciones de la ciudadanía de la región.,12
https://portalinvestigacion.uniovi.es/investigadores/216978/detalle,JOSE ANTONIO CECCHINI ESTRADA,LIDERA,"Educación, Actividad Física, Deporte y Salud","su aportación al impulso de la investigación en actividad física, educación y medicina del deporte",14
https://portalinvestigacion.uniovi.es/investigadores/218896/detalle,MIGUEL ENRIQUE DEL VALLE SOTO,LIDERA,"Grupo de Investigación en Rendimiento, Readaptación Físico-deportiva, Entrenamiento y Salud","su aportación al impulso de la investigación en actividad física, educación y medicina del deporte",14
https://portalinvestigacion.uniovi.es/investigadores/217029/detalle,ALBERTO FERNANDEZ COSTALES,LIDERA,inteligencia artificial en la enseñanza de lenguas,"El CIICEL 2026 nace con el objetivo de fortalecer la colaboración entre investigadores y docentes, fomentar el intercambio de experiencias y generar nuevas redes internacionales en torno a la innovación en la enseñanza de lenguas.",16
https://portalinvestigacion.uniovi.es/investigadores/217029/detalle,ALBERTO FERNANDEZ COSTALES,COLABORA_EN,innovación educativa,"El congreso mantiene su carácter internacional y bilingüe, con presentaciones en español e inglés, y forma parte de una iniciativa impulsada conjuntamente por las universidades de Oviedo, Granada y Málaga para promover la investigación y la innovación educativa en este ámbito.",16
https://portalinvestigacion.uniovi.es/investigadores/217029/detalle,ALBERTO FERNANDEZ COSTALES,INVESTIGA_SOBRE,metodologías educativas,destacó la trayectoria investigadora e innovadora de este centro universitario en la formación del profesorado y en el desarrollo de nuevas metodologías educativas.,16
https://portalinvestigacion.uniovi.es/investigadores/219672/detalle,Borja Jiménez-Alfaro,INVESTIGA_SOBRE,restauración ecológica de espacios urbanos degradados,"Una investigación de la institución académica determina qué especies de plantas nativas son especialmente adecuadas para la restauración ecológica de solares, espacios industriales abandonados y otros terrenos degradados de las ciudades.",17
https://portalinvestigacion.uniovi.es/investigadores/219672/detalle,Borja Jiménez-Alfaro,INVESTIGA_SOBRE,biodiversidad local,Queremos que las actuaciones de restauración puedan apoyarse cada vez más en la biodiversidad local y menos en mezclas comerciales diseñadas para otros territorios.,17
https://portalinvestigacion.uniovi.es/investigadores/219672/detalle,Borja Jiménez-Alfaro,INVESTIGA_SOBRE,especies nativas adaptadas al territorio,"Este planteamiento resulta especialmente relevante en regiones postindustriales como Asturias, donde existen numerosos solares vacíos, áreas industriales abandonadas y otros espacios susceptibles de ser restaurados.",17
https://portalinvestigacion.uniovi.es/investigadores/219672/detalle,Borja Jiménez-Alfaro,INVESTIGA_SOBRE,renaturalización urbana,"Este estudio forma parte de una línea de investigación más amplia desarrollada por la Universidad de Oviedo sobre el uso de semillas nativas en conservación, restauración ecológica y renaturalización urbana.",17
https://portalinvestigacion.uniovi.es/investigadores/219672/detalle,Borja Jiménez-Alfaro,COLABORA_EN,restauración basada en semillas,"La investigación se enmarca en una línea de trabajo centrada en la restauración basada en semillas, un enfoque que busca utilizar especies nativas adaptadas al territorio para recuperar terrenos alterados por la actividad humana.",17
https://portalinvestigacion.uniovi.es/investigadores/219672/detalle,Borja Jiménez-Alfaro,DESARROLLA,mezclas de semillas adaptadas a las condiciones de las ciudades,"El estudio, publicado en la revista Urban Forestry & Urban Greening, aporta nuevas herramientas para diseñar mezclas de semillas adaptadas a las condiciones de las ciudades y favorecer procesos de renaturalización con especies locales.",17
https://portalinvestigacion.uniovi.es/investigadores/218353/detalle,ALFONSO CARLOS RODRIGUEZ FERNANDEZ-PEÑA,DESARROLLA,plataforma de traducción audiovisual,"DubbiOvi ha sido desarrollada por el profesor Alfonso Carlos Rodríguez Fernández-Peña, del Departamento de Filología Inglesa, Francesa y Alemana.",18
https://portalinvestigacion.uniovi.es/investigadores/218353/detalle,ALFONSO CARLOS RODRIGUEZ FERNANDEZ-PEÑA,INVESTIGA_SOBRE,traducción audiovisual,la plataforma constituye una herramienta de apoyo para proyectos de investigación relacionados con la traducción audiovisual.,18
https://portalinvestigacion.uniovi.es/investigadores/218536/detalle,IGNACIO VILLAVERDE MENENDEZ,LIDERA,fortalecimiento de la universidad pública,"Villaverde ha destacado la receptividad del presidente y su “mejor disposición” para analizar los asuntos planteados, todos ellos vinculados al fortalecimiento de la universidad pública asturiana.",19
https://portalinvestigacion.uniovi.es/investigadores/218536/detalle,IGNACIO VILLAVERDE MENENDEZ,INVESTIGA_SOBRE,financiación universitaria,El rector ha subrayado que la financiación universitaria debe quedar garantizada por una norma con rango de ley.,19
https://portalinvestigacion.uniovi.es/investigadores/218536/detalle,IGNACIO VILLAVERDE MENENDEZ,DESARROLLA,plan de infraestructuras universitarias,"Villaverde ha planteado la conveniencia de poner en marcha un plan plurianual, también con un horizonte de diez años.",19
https://portalinvestigacion.uniovi.es/investigadores/218536/detalle,IGNACIO VILLAVERDE MENENDEZ,COLABORA_EN,sostenibilidad energética,El rector ha explicado que este plan debería convivir con las actuaciones ya iniciadas en materia de sostenibilidad energética.,19
https://portalinvestigacion.uniovi.es/investigadores/218536/detalle,IGNACIO VILLAVERDE MENENDEZ,INVESTIGA_SOBRE,condiciones salariales del personal investigador,"Villaverde ha defendido que, si Asturias quiere retener talento, también la Universidad debe ser la primera en reconocerlo adecuadamente.",19
https://portalinvestigacion.uniovi.es/investigadores/219300/detalle,MIGUEL RODRIGUEZ MONTEAVARO,LIDERA,alimentación de GPUs,“Retos y oportunidades en la alimentación de las GPUs de NVIDIA” — Miguel Rodríguez (NVIDIA),20
https://portalinvestigacion.uniovi.es/investigadores/1205486/detalle,JORGE GARCIA PIQUERAS,COLABORA_EN,transferencia tecnológica,"mesa redonda sobre emprendimiento y transferencia tecnológica, en la que investigadores, emprendedores y representantes del sector empresarial debatirán sobre la creación de empresas de base tecnológica",20
https://portalinvestigacion.uniovi.es/investigadores/217584/detalle,PABLO GARCIA FERNANDEZ,COLABORA_EN,transferencia tecnológica,"mesa redonda sobre emprendimiento y transferencia tecnológica, en la que investigadores, emprendedores y representantes del sector empresarial debatirán sobre la creación de empresas de base tecnológica",20
https://portalinvestigacion.uniovi.es/investigadores/1010304/detalle,PABLO GARCIA MARCOS,COLABORA_EN,transferencia tecnológica,"mesa redonda sobre emprendimiento y transferencia tecnológica, en la que investigadores, emprendedores y representantes del sector empresarial debatirán sobre la creación de empresas de base tecnológica",20
https://portalinvestigacion.uniovi.es/investigadores/219148/detalle,JORGE GARCIA GARCIA,COLABORA_EN,transferencia tecnológica,"mesa redonda sobre emprendimiento y transferencia tecnológica, en la que investigadores, emprendedores y representantes del sector empresarial debatirán sobre la creación de empresas de base tecnológica",20
https://portalinvestigacion.uniovi.es/investigadores/217463/detalle,PABLO GARCIA VALDES,COLABORA_EN,transferencia tecnológica,"mesa redonda sobre emprendimiento y transferencia tecnológica, en la que investigadores, emprendedores y representantes del sector empresarial debatirán sobre la creación de empresas de base tecnológica",20
https://portalinvestigacion.uniovi.es/investigadores/217426/detalle,PATRICIA GARCIA MAJADO,COLABORA_EN,transferencia tecnológica,"mesa redonda sobre emprendimiento y transferencia tecnológica, en la que investigadores, emprendedores y representantes del sector empresarial debatirán sobre la creación de empresas de base tecnológica",20
https://portalinvestigacion.uniovi.es/investigadores/1010245/detalle,MARINA BARGON GARCIA,LIDERA,conservación de carreteras históricas,"El seminario, dirigido por las profesoras Rita Ruiz Fernández y Marina Bargón García y por el profesor Pedro Plasencia Lozano...",21
https://portalinvestigacion.uniovi.es/investigadores/218311/detalle,PEDRO PLASENCIA LOZANO,LIDERA,recuperación de vías de transporte históricas,"El seminario, dirigido por las profesoras Rita Ruiz Fernández y Marina Bargón García y por el profesor Pedro Plasencia Lozano...",21
https://portalinvestigacion.uniovi.es/investigadores/218311/detalle,PEDRO PLASENCIA LOZANO,INVESTIGA_SOBRE,patrimonio viario,...explorar nuevas estrategias para su conservación y aprovechamiento como recurso cultural y turístico.,21
https://portalinvestigacion.uniovi.es/investigadores/218311/detalle,PEDRO PLASENCIA LOZANO,INVESTIGA_SOBRE,turismo cultural,...conservan un importante potencial para el desarrollo de iniciativas vinculadas al turismo cultural y al disfrute del paisaje.,21
https://portalinvestigacion.uniovi.es/investigadores/217678/detalle,ANA CRISTINA LAHUERTA MARTINEZ,COLABORA_EN,Interculturalidad y comunicación multimodal,"la lección inaugural, titulada «Interculturalidad, plurilingüismo y comunicación multimodal», a cargo de Rosabel San Segundo Cachero, profesora del Área de Lengua Española del Departamento de Filología Española.",22
https://portalinvestigacion.uniovi.es/investigadores/218536/detalle,IGNACIO VILLAVERDE MENENDEZ,LIDERA,Cursos intensivos de español para extranjeros,La Universidad de Oviedo ha inaugurado hoy los cursos intensivos de verano de español para extranjeros.,22
https://portalinvestigacion.uniovi.es/investigadores/218536/detalle,IGNACIO VILLAVERDE MENENDEZ,COLABORA_EN,divulgación científica,"El astrónomo Orlando A. Naranjo, descubridor del objeto astronómico, participa en el homenaje con una conferencia impulsada por la investigadora Noemí Pinilla Alonso.",23
https://portalinvestigacion.uniovi.es/investigadores/2355302/detalle,NOEMI PINILLA ALONSO,INVESTIGA_SOBRE,divulgación científica,"a propuesta de Noemí Pinilla Alonso, investigadora ATRAE de la Universidad de Oviedo.",23
https://portalinvestigacion.uniovi.es/investigadores/218536/detalle,IGNACIO VILLAVERDE MENENDEZ,LIDERA,homenaje a José González Alegre,Villaverde ha agradecido la presencia de la familia de González Alegre.,23
https://portalinvestigacion.uniovi.es/investigadores/219153/detalle,JOSE LUIS GARCIA SUAREZ,COLABORA_EN,cooperación al desarrollo,"ASATA refuerza su compromiso con la cooperación al desarrollo, la economía social y la educación como herramienta de transformación social.",24
https://portalinvestigacion.uniovi.es/investigadores/219153/detalle,JOSE LUIS GARCIA SUAREZ,COLABORA_EN,economía social,"ASATA refuerza su compromiso con la cooperación al desarrollo, la economía social y la educación como herramienta de transformación social.",24
https://portalinvestigacion.uniovi.es/investigadores/219153/detalle,JOSE LUIS GARCIA SUAREZ,COLABORA_EN,educación,"ASATA refuerza su compromiso con la cooperación al desarrollo, la economía social y la educación como herramienta de transformación social.",24
https://portalinvestigacion.uniovi.es/investigadores/218536/detalle,IGNACIO VILLAVERDE MENENDEZ,LIDERA,PUMUO,Ignacio Villaverde ha subrayado en su intervención que PUMUO representa de una forma muy clara la vocación de servicio público de la Universidad de Oviedo.,26
https://portalinvestigacion.uniovi.es/investigadores/218536/detalle,IGNACIO VILLAVERDE MENENDEZ,COLABORA_EN,PUMUO,El rector y la vicerrectora han coincidido en elogiar el compromiso del claustro de profesores y el apoyo de la Fundación Caja Rural de Asturias.,26
https://portalinvestigacion.uniovi.es/investigadores/218536/detalle,IGNACIO VILLAVERDE MENENDEZ,INVESTIGA_SOBRE,educación para mayores,El programa universitario para mayores está diseñado como un espacio de encuentro y participación destinado a personas mayores de 50 años con interés por ampliar sus conocimientos.,26
https://portalinvestigacion.uniovi.es/investigadores/1010273/detalle,IRENE DIAZ MARTINEZ,COLABORA_EN,supercomputación,"Irene Díaz, han puesto de relieve el avance que supone para la ciencia asturiana contar con equipamientos singulares en el ámbito de la supercomputación.",27
https://portalinvestigacion.uniovi.es/investigadores/218536/detalle,IGNACIO VILLAVERDE MENENDEZ,LIDERA,supercomputación,"El rector, Ignacio Villaverde, ha celebrado que la entrada en la red de supercomputación 'es un avance enorme para la Universidad de Oviedo...'",27
https://portalinvestigacion.uniovi.es/investigadores/218536/detalle,IGNACIO VILLAVERDE MENENDEZ,COLABORA_EN,supercomputación,...se pondrá a disposición de los grupos de investigación una herramienta esencial para seguir haciendo ciencia de vanguardia.,27
https://portalinvestigacion.uniovi.es/investigadores/217775/detalle,ALFONSO JOAQUIN LOPEZ MUÑIZ,COLABORA_EN,Prueba de Acceso a la Universidad (PAU),"el vicerrector de Estudiantes y Empleabilidad, Alfonso López Muñiz, atenderá el lunes 6 de julio a los medios de comunicación",28
https://portalinvestigacion.uniovi.es/investigadores/217370/detalle,CARLOS GONZALEZ GUTIERREZ,DESARROLLA,soluciones basadas en inteligencia artificial,"el avance del Campus Digital Compartido, que continúa desarrollando herramientas tecnológicas comunes para las universidades del consorcio, con nuevos proyectos relacionados con la automatización de procesos, la gestión académica y el desarrollo de soluciones basadas en inteligencia artificial en entornos seguros para la comunidad universitaria.",29
https://portalinvestigacion.uniovi.es/investigadores/1010415/detalle,SAUL SAL SARRIA,LIDERA,neurociencia de la toma de decisiones,El artículo explica este patrón mediante dos mecanismos de la neurociencia de la decisión: el sesgo de disponibilidad y el descuento temporal hiperbólico.,30
https://portalinvestigacion.uniovi.es/investigadores/1010415/detalle,SAUL SAL SARRIA,INVESTIGA_SOBRE,riesgos tecnológicos,"el artículo traza un paralelismo entre dos episodios separados por casi 80 años: la carta de Szilard y Einstein a Roosevelt en 1939, que dio origen al Proyecto Manhattan, y la carta de 2023 firmada por más de 1.000 investigadores en IA pidiendo una pausa en su desarrollo.",30
https://portalinvestigacion.uniovi.es/investigadores/217233/detalle,ANDRE CARRASCAL INCERA,COLABORA_EN,Cátedra de Innovación Sekuens,"El director de la Cátedra de Innovación, Fernando Rubiera, y profesor de la universidad e investigador de la Cátedra André Carrascal han presentado el informe junto con el consejero de Ciencia, Industria y Empleo, Borja Sánchez.",32
https://portalinvestigacion.uniovi.es/investigadores/219668/detalle,FERNANDO RUBIERA MOROLLON,COLABORA_EN,Cátedra de Innovación Sekuens,"El director de la Cátedra de Innovación, Fernando Rubiera, y profesor de la universidad e investigador de la Cátedra André Carrascal han presentado el informe junto con el consejero de Ciencia, Industria y Empleo, Borja Sánchez.",32
https://portalinvestigacion.uniovi.es/investigadores/217233/detalle,ANDRE CARRASCAL INCERA,INVESTIGA_SOBRE,industria de defensa,La Cátedra Sekuens profundizará en próximos informes en dos ámbitos considerados estratégicos para el futuro económico de Asturias: la industria de defensa y el impacto de la inteligencia artificial y la digitalización sobre los servicios avanzados y el conjunto del sistema productivo.,32
https://portalinvestigacion.uniovi.es/investigadores/219668/detalle,FERNANDO RUBIERA MOROLLON,INVESTIGA_SOBRE,industria de defensa,La Cátedra Sekuens profundizará en próximos informes en dos ámbitos considerados estratégicos para el futuro económico de Asturias: la industria de defensa y el impacto de la inteligencia artificial y la digitalización sobre los servicios avanzados y el conjunto del sistema productivo.,32
https://portalinvestigacion.uniovi.es/investigadores/217233/detalle,ANDRE CARRASCAL INCERA,INVESTIGA_SOBRE,inteligencia artificial,La Cátedra Sekuens profundizará en próximos informes en dos ámbitos considerados estratégicos para el futuro económico de Asturias: la industria de defensa y el impacto de la inteligencia artificial y la digitalización sobre los servicios avanzados y el conjunto del sistema productivo.,32
https://portalinvestigacion.uniovi.es/investigadores/219668/detalle,FERNANDO RUBIERA MOROLLON,INVESTIGA_SOBRE,inteligencia artificial,La Cátedra Sekuens profundizará en próximos informes en dos ámbitos considerados estratégicos para el futuro económico de Asturias: la industria de defensa y el impacto de la inteligencia artificial y la digitalización sobre los servicios avanzados y el conjunto del sistema productivo.,32
https://portalinvestigacion.uniovi.es/investigadores/217949/detalle,RUBEN MARTIN PAYO,DESARROLLA,LOT (Learning Outcomes Tool),"El primer puesto ha correspondido al proyecto LOT (Learning Outcomes Tool), que crea una herramienta para que el estudiantado evalúe su conocimiento de una materia y sepa cómo afrontar un problema en un contexto real relacionado con esa área, promoviendo la autonomía.",34
https://portalinvestigacion.uniovi.es/investigadores/217019/detalle,MARIA DEL MAR FERNANDEZ ALVAREZ,DESARROLLA,DEVA – Desarrollo de videojuegos orientados al aprendizaje en enseñanzas técnicas,"El segundo ha distinguido a DEVA – Desarrollo de videojuegos orientados al aprendizaje en enseñanzas técnicas, una iniciativa conjunta de las universidades de Oviedo, Las Palmas de Gran Canaria y Cádiz que aplica la metodología de juego en asignaturas de ingeniería térmica.",34
https://portalinvestigacion.uniovi.es/investigadores/217932/detalle,IRENE MARIÑAS DEL COLLADO,COLABORA_EN,Uso responsable y reflexivo de la inteligencia artificial en el aprendizaje universitario,"El tercero que ha conseguido financiación es un programa sobre el uso responsable y reflexivo de la inteligencia artificial en el aprendizaje universitario, con especial atención al impacto de la IA en la autoestima del estudiantado y con perspectiva de género y que gestionan Laura Calzada Infante e Irene Mariñas del Collado.",34
https://portalinvestigacion.uniovi.es/investigadores/218536/detalle,IGNACIO VILLAVERDE MENENDEZ,LIDERA,Congreso científico internacional sobre innovación docente,"El rector Ignacio Villaverde defiende que 'la IA no sustituirá al profesorado porque enseñar es acompañar, orientar, detectar dificultades y construir criterio'.",34
https://portalinvestigacion.uniovi.es/investigadores/218571/detalle,FRANCISCO JOSE SUAREZ DOMINGUEZ,COLABORA_EN,Innovación docente universitaria,El congreso también se ha convertido en una oportunidad para reconocer la labor innovadora del profesorado de la Universidad de Oviedo.,34
https://portalinvestigacion.uniovi.es/investigadores/218536/detalle,IGNACIO VILLAVERDE MENENDEZ,LIDERA,Escuela Internacional de Doctorado ‘Paz Suárez Rendueles’,"la vicerrectora de Investigación, Irene Díaz, y la directora del centro, Susana Montes",35
https://portalinvestigacion.uniovi.es/investigadores/218536/detalle,IGNACIO VILLAVERDE MENENDEZ,COLABORA_EN,Jornada de Doctorado,Un total de 224 investigadores e investigadoras participan hoy martes en la XV Jornada de Doctorado de la Universidad de Oviedo,35
https://portalinvestigacion.uniovi.es/investigadores/218536/detalle,IGNACIO VILLAVERDE MENENDEZ,INVESTIGA_SOBRE,transferencia de resultados de investigación,la conferencia inaugural titulada “Vida después de la Tesis: transferencia de resultados de investigación”,35
https://portalinvestigacion.uniovi.es/investigadores/218662/detalle,LUCIA RODRIGUEZ NORIEGA GUILLEN,COLABORA_EN,Ciclo intergeneracional de la pobreza,"La Red Europea de Lucha contra la Pobreza y la Exclusión Social en el Estado Español (EAPN España) celebra el 1, 2 y 3 de julio el ‘Encuentro Estatal de Participación Juvenil: Rompiendo el ciclo de la pobreza’, en colaboración con EAPN Asturias.",36
https://portalinvestigacion.uniovi.es/investigadores/218391/detalle,PABLO SANCHEZ LORDA,INVESTIGA_SOBRE,finanzas universitarias,"Las cuentas anuales, aprobadas esta mañana por el Consejo de Gobierno, reflejan un superávit de 2,47 millones de euros.",37
https://portalinvestigacion.uniovi.es/investigadores/218391/detalle,PABLO SANCHEZ LORDA,INVESTIGA_SOBRE,gestión de recursos,"La Fundación Universidad de Oviedo alcanza en 2025 el mayor volumen de ingresos gestionados de su historia, con más de 9,1 millones de euros.",37
https://portalinvestigacion.uniovi.es/investigadores/218391/detalle,PABLO SANCHEZ LORDA,INVESTIGA_SOBRE,convocatorias de profesorado,El Consejo de Gobierno ha aprobado la convocatoria de 161 plazas de cuerpos docentes universitarios y de profesorado permanente laboral.,37
https://portalinvestigacion.uniovi.es/investigadores/218536/detalle,IGNACIO VILLAVERDE MENENDEZ,LIDERA,Vicepresidencia de la Red CRUSOE,"El vicepresidente Ignacio Villaverde, rector de la Universidad de Oviedo;",39
https://portalinvestigacion.uniovi.es/investigadores/217053/detalle,MIGUEL FERNANDEZ GARCIA,LIDERA,Beca Excelencia 360º,"Jairo de la Cruz Martínez, estudiante del grado en Ingeniería Eléctrica de la Escuela Politécnica de Ingeniería de Gijón, logra la Beca Excelencia 360º al mejor estudiante de 2026.",40
https://portalinvestigacion.uniovi.es/investigadores/217053/detalle,MIGUEL FERNANDEZ GARCIA,COLABORA_EN,Uniovi eTech Racing,"su participación durante los últimos dos años en Uniovi eTech Racing, donde ha colaborado en el diseño y desarrollo del sistema de tracción del monoplaza eléctrico del equipo.",40
https://portalinvestigacion.uniovi.es/investigadores/217053/detalle,MIGUEL FERNANDEZ GARCIA,INVESTIGA_SOBRE,inteligencia artificial,"ha mostrado un firme interés por la innovación y el emprendimiento a través de su participación, junto a estudiantes de otras ramas de ingeniería, en diferentes concursos, entre ellos el impulsado por la Cátedra INDRA de la Universidad de Oviedo.",40
https://portalinvestigacion.uniovi.es/investigadores/217053/detalle,MIGUEL FERNANDEZ GARCIA,INVESTIGA_SOBRE,energías renovables,"su estancia Erasmus en el Politecnico di Milano, donde amplió su formación en Ingeniería Energética y energías renovables mediante proyectos colaborativos con estudiantes de diferentes países.",40
https://portalinvestigacion.uniovi.es/investigadores/217898/detalle,MANUEL HERNANDEZ MUÑIZ,COLABORA_EN,exposición sobre análisis input-output,La exposición ‘La arquitectura de las economías: 85 años de análisis input-output (1941-2026)’ muestra por primera vez parte del archivo histórico donado por la asociación internacional Input-Output.,41
https://portalinvestigacion.uniovi.es/investigadores/217233/detalle,ANDRE CARRASCAL INCERA,COLABORA_EN,exposición sobre análisis input-output,"El acto inaugural, previsto para el lunes 29 de junio, a las 11:30 horas en el Aulario 2 de la Facultad de Economía y Empresa, participan el rector de la Universidad de Oviedo, Ignacio Villaverde; la decana, Carmen Benavides; el presidente de la International Input-Output Association, Kuishuang Feng, y el director de SADEI, Ramiro Lomba.",41
https://portalinvestigacion.uniovi.es/investigadores/218037/detalle,MARIA DEL CARMEN RAMOS CARVAJAL,COLABORA_EN,exposición sobre análisis input-output,"Tras la apertura se ofrecerá una visita guiada por las cinco secciones, a cargo de profesores de la Facultad André Carrascal, Manuel Hernández Muñiz, Carmen Ramos Carbajal y Esteban Fernández.",41
https://portalinvestigacion.uniovi.es/investigadores/219168/detalle,ESTEBAN FERNANDEZ VAZQUEZ,COLABORA_EN,exposición sobre análisis input-output,"Tras la apertura se ofrecerá una visita guiada por las cinco secciones, a cargo de profesores de la Facultad André Carrascal, Manuel Hernández Muñiz, Carmen Ramos Carbajal y Esteban Fernández.",41
https://portalinvestigacion.uniovi.es/investigadores/217196/detalle,FRANCISCO JAVIER DE COS JUEZ,COLABORA_EN,Eclipse solar,dos artículos de los investigadores Javier de Cos y Noemí Pinilla-Alonso sobre qué vamos a ver el 12 de agosto y la explicación científica del fenómeno,42
https://portalinvestigacion.uniovi.es/investigadores/217196/detalle,FRANCISCO JAVIER DE COS JUEZ,INVESTIGA_SOBRE,Eclipse solar,aportan una visión actualizada y detallan con exactitud qué se va a ver y el modo de hacerlo con seguridad,42
https://portalinvestigacion.uniovi.es/investigadores/218536/detalle,IGNACIO VILLAVERDE MENENDEZ,LIDERA,Divulgación científica,esta colaboración es “nuestra manera de sumarnos a ese momento colectivo: poner el conocimiento al servicio del asombro”,42
https://portalinvestigacion.uniovi.es/investigadores/1010273/detalle,IRENE DIAZ MARTINEZ,COLABORA_EN,Eclipse solar,"la vicerrectora de Investigación, Irene Díaz; y la investigadora Noemí Pinilla-Alonso.",42
https://portalinvestigacion.uniovi.es/investigadores/217775/detalle,ALFONSO JOAQUIN LOPEZ MUÑIZ,COLABORA_EN,Programa de Mentoring,"el vicerrector de estudiantes y Empleabilidad, Alfonso López Muñiz, ha asegurado que 'Compromiso Asturias ha tomado las riendas para avanzar en estas actividades'.",45
https://portalinvestigacion.uniovi.es/investigadores/217775/detalle,ALFONSO JOAQUIN LOPEZ MUÑIZ,COLABORA_EN,Desarrollo del talento joven,el éxito del programa radica en su capacidad para conectar la experiencia de los mentores con el potencial de los jóvenes asturianos.,45
https://portalinvestigacion.uniovi.es/investigadores/217775/detalle,ALFONSO JOAQUIN LOPEZ MUÑIZ,COLABORA_EN,Empleabilidad de jóvenes,los participantes han adquirido competencias blandas para mejorar su empleabilidad.,45
https://portalinvestigacion.uniovi.es/investigadores/217775/detalle,ALFONSO JOAQUIN LOPEZ MUÑIZ,COLABORA_EN,Intercambio de conocimiento,lograr que se produzca ese intercambio de conocimiento.,45
https://portalinvestigacion.uniovi.es/investigadores/2373266/detalle,SWAN SADITH PACHECO DIAZ,LIDERA,Ciencias Sociales y Jurídicas,"Ciencias Sociales y Jurídicas: Claudia Flores Méndez, premio compartido con Carlos Martínez Andreu, de la Universidad de Castilla-La Mancha",46
https://portalinvestigacion.uniovi.es/investigadores/2373266/detalle,SWAN SADITH PACHECO DIAZ,LIDERA,Ciencias Sociales y Jurídicas,Ciencias Sociales y Jurídicas: Swan Pacheco Díaz,46
https://portalinvestigacion.uniovi.es/investigadores/217666/detalle,ENOL JUNQUERA ALVAREZ,COLABORA_EN,Ciencias,Accésits de los Estudiantes Ciencias: Enol Junquera Álvarez,46
https://portalinvestigacion.uniovi.es/investigadores/219650/detalle,GERARD VILLARROYA PIQUE,COLABORA_EN,Ingeniería y Arquitectura,Accésits de los Estudiantes Ingeniería y Arquitectura: Gerard Villarroya,46
https://portalinvestigacion.uniovi.es/investigadores/217124/detalle,SUSANA IRENE DIAZ RODRIGUEZ,LIDERA,Estadística e Investigación Operativa y Didáctica de la Matemática,"la vicerrectora de Investigación, Irene Díaz",47
https://portalinvestigacion.uniovi.es/investigadores/218536/detalle,IGNACIO VILLAVERDE MENENDEZ,LIDERA,Derecho Público,"el rector de la Universidad de Oviedo, Ignacio Villaverde",47
https://portalinvestigacion.uniovi.es/investigadores/2355302/detalle,NOEMI PINILLA ALONSO,INVESTIGA_SOBRE,asteroides metálicos,La colaboración con Light Bridges para estudiar los asteroides metálicos en apoyo de la misión Psyche comenzó en el año 2022.,48
https://portalinvestigacion.uniovi.es/investigadores/2355302/detalle,NOEMI PINILLA ALONSO,DESARROLLA,proyecto R2,Esta línea de trabajo tendrá continuidad en el ICTEA a través del proyecto R2: del Riesgo al Recurso.,48
https://portalinvestigacion.uniovi.es/investigadores/2355302/detalle,NOEMI PINILLA ALONSO,COLABORA_EN,minería espacial,"Comprender su composición, estructura y evolución no solo resulta clave para reconstruir la historia temprana de los planetas rocosos, sino también para evaluar el potencial futuro de los recursos minerales fuera de la Tierra.",48
https://portalinvestigacion.uniovi.es/investigadores/1931689/detalle,ANGEL BERNARDO GUTIERREZ,LIDERA,hemofilia,"la tesis del doctor Ángel Bernardo Gutiérrez, titulada Avanzando en el conocimiento de la intersección entre hemostasia, inmunidad e inflamación",49
https://portalinvestigacion.uniovi.es/investigadores/2456580/detalle,FRANCESCO DAL SANTO,LIDERA,esquizofrenia,el premio ha recaído en el doctor Francesco Dal Santo por la tesis Análisis de redes de las dimensiones psicopatológicas de la esquizofrenia,49
https://portalinvestigacion.uniovi.es/investigadores/1116408/detalle,EVA MARIA LÓPEZ ÁLVAREZ,LIDERA,inmunoterapia en cáncer,"la tesis de la doctora Eva Villanueva Fernández, titulada Expresión de linfocitos infiltrantes de tumor (TILs), PD-L1 e inestabilidad de microsatélites en tumores pobremente diferenciados de senos paranasales",49
https://portalinvestigacion.uniovi.es/investigadores/218988/detalle,NOELIA BLANCO AGUDIN,LIDERA,infecciones oculares,"la tesis de la doctora Noelia Blanco Agudín, titulada La comunicación intercelular mediada por vesículas extracelulares en un modelo de queratitis bacteriana",49
https://portalinvestigacion.uniovi.es/investigadores/218536/detalle,IGNACIO VILLAVERDE MENENDEZ,LIDERA,cooperación universitaria europea,"El rector de la Universidad de Oviedo, Ignacio Villaverde, ha presidido la reunión del Alliance Council.",51
https://portalinvestigacion.uniovi.es/investigadores/218110/detalle,INES PEÑUELAS SANCHEZ,COLABORA_EN,sostenibilidad,"La visita ha servido también para conocer experiencias, instalaciones y proyectos de la Universidad de Rouen Normandía vinculados a infraestructuras científicas, relaciones internacionales, recursos lingüísticos, innovación digital y sostenibilidad.",51
https://portalinvestigacion.uniovi.es/investigadores/218110/detalle,INES PEÑUELAS SANCHEZ,COLABORA_EN,internacionalización,"La visita ha servido también para conocer experiencias, instalaciones y proyectos de la Universidad de Rouen Normandía vinculados a infraestructuras científicas, relaciones internacionales, recursos lingüísticos, innovación digital y sostenibilidad.",51
https://portalinvestigacion.uniovi.es/investigadores/218110/detalle,INES PEÑUELAS SANCHEZ,COLABORA_EN,planificación estratégica,"La visita ha servido también para conocer experiencias, instalaciones y proyectos de la Universidad de Rouen Normandía vinculados a infraestructuras científicas, relaciones internacionales, recursos lingüísticos, innovación digital y sostenibilidad.",51
https://portalinvestigacion.uniovi.es/investigadores/218110/detalle,INES PEÑUELAS SANCHEZ,COLABORA_EN,docencia,"La visita ha servido también para conocer experiencias, instalaciones y proyectos de la Universidad de Rouen Normandía vinculados a infraestructuras científicas, relaciones internacionales, recursos lingüísticos, innovación digital y sostenibilidad.",51
https://portalinvestigacion.uniovi.es/investigadores/218110/detalle,INES PEÑUELAS SANCHEZ,COLABORA_EN,innovación docente,"La visita ha servido también para conocer experiencias, instalaciones y proyectos de la Universidad de Rouen Normandía vinculados a infraestructuras científicas, relaciones internacionales, recursos lingüísticos, innovación digital y sostenibilidad.",51
https://portalinvestigacion.uniovi.es/investigadores/218110/detalle,INES PEÑUELAS SANCHEZ,COLABORA_EN,gestión de campus,"La visita ha servido también para conocer experiencias, instalaciones y proyectos de la Universidad de Rouen Normandía vinculados a infraestructuras científicas, relaciones internacionales, recursos lingüísticos, innovación digital y sostenibilidad.",51
https://portalinvestigacion.uniovi.es/investigadores/218110/detalle,INES PEÑUELAS SANCHEZ,COLABORA_EN,servicios universitarios,"La visita ha servido también para conocer experiencias, instalaciones y proyectos de la Universidad de Rouen Normandía vinculados a infraestructuras científicas, relaciones internacionales, recursos lingüísticos, innovación digital y sostenibilidad.",51
https://portalinvestigacion.uniovi.es/investigadores/218110/detalle,INES PEÑUELAS SANCHEZ,COLABORA_EN,apoyo al estudiantado,"La visita ha servido también para conocer experiencias, instalaciones y proyectos de la Universidad de Rouen Normandía vinculados a infraestructuras científicas, relaciones internacionales, recursos lingüísticos, innovación digital y sostenibilidad.",51
https://portalinvestigacion.uniovi.es/investigadores/217928/detalle,JUAN MANUEL MARCHANTE GAYON,COLABORA_EN,investigación,"La visita ha servido también para conocer experiencias, instalaciones y proyectos de la Universidad de Rouen Normandía vinculados a infraestructuras científicas, relaciones internacionales, recursos lingüísticos, innovación digital y sostenibilidad.",51
https://portalinvestigacion.uniovi.es/investigadores/217775/detalle,ALFONSO JOAQUIN LOPEZ MUÑIZ,COLABORA_EN,donación de sangre,La campaña universitaria es fruto de la colaboración entre el Vicerrectorado de Estudiantes y Empleabilidad y el Centro Comunitario de Sangre y Tejidos de Asturias.,52
https://portalinvestigacion.uniovi.es/investigadores/217271/detalle,BEATRIZ CABALLERO GARCIA,COLABORA_EN,donación de sangre,"Beatriz Caballero, vicedecana de Estrategia Académica y Calidad de la Facultad de Biología, y Carmen Benavides, decana de la Facultad de Economía y Empresa, recogieron los diplomas a la solidaridad en representación de ambos centros.",52
https://portalinvestigacion.uniovi.es/investigadores/218536/detalle,IGNACIO VILLAVERDE MENENDEZ,LIDERA,cooperación universitaria europea,su contribución al impulso de la cooperación universitaria europea a través de la alianza INGENIUM,53
https://portalinvestigacion.uniovi.es/investigadores/218536/detalle,IGNACIO VILLAVERDE MENENDEZ,INVESTIGA_SOBRE,Derecho Constitucional,su trayectoria como catedrático de Derecho Constitucional,53
https://portalinvestigacion.uniovi.es/investigadores/218536/detalle,IGNACIO VILLAVERDE MENENDEZ,COLABORA_EN,alianza INGENIUM,la universidad estrechamente vinculada a la Universidad de Oviedo a través de INGENIUM,53
https://portalinvestigacion.uniovi.es/investigadores/217393/detalle,AURELIO ANTONIO GONZALEZ OVIES,INVESTIGA_SOBRE,poesía,"Aurelio González Ovies, profesor de Filología Latina de la Universidad de Oviedo desde 1988, es uno de los poetas asturianos más reconocidos de su generación y autor de una amplia obra literaria que abarca poesía, prosa poética y literatura infantil y juvenil.",54
https://portalinvestigacion.uniovi.es/investigadores/217043/detalle,ANA MARIA FERNANDEZ GARCIA,COLABORA_EN,Historia del Arte,"la catedrática de Historia del Arte de la Universidad de Oviedo, Ana María Fernández García, destaca en el texto que Raigambre explora 'ese territorio poético y visual donde nacen la memoria, la identidad y la emoción'.",54
https://portalinvestigacion.uniovi.es/investigadores/217393/detalle,AURELIO ANTONIO GONZALEZ OVIES,COLABORA_EN,poesía,"Las formas sencillas y sutiles, las representaciones esquemáticas de la realidad y el simbolismo que caracterizan la pintura y escultura de Agustín García acercan sus creaciones perceptiblemente a la poesía.",54
https://portalinvestigacion.uniovi.es/investigadores/217043/detalle,ANA MARIA FERNANDEZ GARCIA,COLABORA_EN,Historia del Arte,"la propuesta confirma 'la unidad de las artes' y permite que ambas disciplinas dialoguen desde códigos distintos, pero con una misma capacidad para emocionar.",54
https://portalinvestigacion.uniovi.es/investigadores/216733/detalle,ESTEBAN AGULLO TOMAS,COLABORA_EN,Cooperación Universitaria al Desarrollo,El grupo de trabajo de Cooperación Universitaria al Desarrollo ha retomado sus reuniones presenciales con una agenda orientada al intercambio de buenas prácticas y a la identificación de actuaciones conjuntas.,56
https://portalinvestigacion.uniovi.es/investigadores/216733/detalle,ESTEBAN AGULLO TOMAS,INVESTIGA_SOBRE,Internacionalización,La creciente conexión entre la internacionalización y la cooperación universitaria al desarrollo ha centrado una parte importante de la reunión conjunta de responsables de ambas áreas de las universidades del Grupo 9 de Universidades (G-9).,56
https://portalinvestigacion.uniovi.es/investigadores/217462/detalle,ALEJANDRO GARCIA TUERO,LIDERA,atletismo,"Las victorias de Sergio Plata, Alejandro García, Nicolás Vila y Rubén Naya y el triunfo en ambos relevos certificaron la remontada del conjunto verdinegro.",57
https://portalinvestigacion.uniovi.es/investigadores/217462/detalle,ALEJANDRO GARCIA TUERO,INVESTIGA_SOBRE,atletismo,El Universidad de Oviedo competirá la próxima temporada en División de Honor tras lograr este domingo el ascenso en la Final por el Título de Primera División.,57
https://portalinvestigacion.uniovi.es/investigadores/219672/detalle,Borja Jiménez-Alfaro,LIDERA,regeneración de especies alpinas,"El estudio plantea que, en escenarios caracterizados por inviernos más cálidos y una menor cobertura nival, podrían verse favorecidas las especies capaces de germinar con menores necesidades de estratificación fría y con una mayor tolerancia a la escasez de agua.",58
https://portalinvestigacion.uniovi.es/investigadores/219672/detalle,Borja Jiménez-Alfaro,INVESTIGA_SOBRE,germinación de especies alpinas,"La investigación, realizada sobre 56 especies de la Cordillera Cantábrica, concluye que las plantas de ambientes alpinos mediterráneos responden mejor a los periodos prolongados de frío que las de hábitats alpinos templados.",58
https://portalinvestigacion.uniovi.es/investigadores/220058/detalle,IVAN IGLESIAS IGLESIAS,COLABORA_EN,Música contemporánea,"Iván Iglesias, de la Universidad de Valladolid; Ariel Brínguez, saxofonista, compositor y arreglista; Manuel Paz, director de OCAS; Flores Chaviano y Andrés Alén, orquestadores; Julio Ogas, de la Universidad de Oviedo; Adriana Pedret, gestora cultural, programadora y curadora en el ámbito de la música iberoamericana; Gabriel Plaza, periodista musical; Javier Estrella, presidente de Plataforma Jazz España; Juan Ignacio Guijarro, de la Universidad de Sevilla; e Yvan Corbat, director del Festival Fifty-Fifty.",59
https://portalinvestigacion.uniovi.es/investigadores/218860/detalle,MARIA FERNANDEZ DEL VALLE,COLABORA_EN,Intervenciones traslacionales para la salud,"El programa abordará cuestiones como la situación de los festivales de jazz en España, la contribución del jazz a la identidad cultural europea.",59
https://portalinvestigacion.uniovi.es/investigadores/218042/detalle,JULIO RAUL OGAS JOFRE,COLABORA_EN,Música contemporánea,"El 18 de junio, la Sala de Cámara del Auditorio Príncipe Felipe acogerá el concierto de AKNOT, formación integrada por Marco Martínez, Adra Karim e Ian Morris, en colaboración con Vetusta Jazz.",59
https://portalinvestigacion.uniovi.es/investigadores/217129/detalle,JOSE LUIS DIAZ DE ARRIBA,COLABORA_EN,Ingeniería de computadores,La presencia de Jazz About Bach en el Pozo San Luis permite establecer un diálogo entre patrimonio industrial y creación contemporánea.,59
https://portalinvestigacion.uniovi.es/investigadores/2353797/detalle,ENOL ALVAREZ FERNANDEZ,COLABORA_EN,fútbol sala,El equipo de la Universidad de Oviedo ha finalizado su andadura en el 42 campeonato nacional de fútbol sala PTGAS.,61
https://portalinvestigacion.uniovi.es/investigadores/2353797/detalle,ENOL ALVAREZ FERNANDEZ,COLABORA_EN,deportividad y compañerismo,...sirve para ensalzar los valores universitarios de deportividad y compañerismo y fomentar las relaciones entre el PTGAS de las diferentes universidades españolas.,61
https://portalinvestigacion.uniovi.es/investigadores/218042/detalle,JULIO RAUL OGAS JOFRE,LIDERA,investidura de doctor Honoris Causa,"El compositor, cantante y productor mierense Víctor Manuel San José ha sido investido doctor Honoris Causa por la Universidad de Oviedo en una emotiva ceremonia celebrada este jueves en el Paraninfo del Edificio Histórico.",62
https://portalinvestigacion.uniovi.es/investigadores/218042/detalle,JULIO RAUL OGAS JOFRE,COLABORA_EN,música popular urbana,el artista mierense ha sabido 'interpretar e interpelar a la sociedad en diferentes circunstancias de la historia reciente'.,62
https://portalinvestigacion.uniovi.es/investigadores/218042/detalle,JULIO RAUL OGAS JOFRE,INVESTIGA_SOBRE,patrimonio inmaterial,reconoce su aportación al patrimonio inmaterial que ha sabido construir a partir de sus canciones y la comunicación con el público.,62
https://portalinvestigacion.uniovi.es/investigadores/218042/detalle,JULIO RAUL OGAS JOFRE,INVESTIGA_SOBRE,canción civil,"una 'canción civil, plagada de problemas, con auténtica y verdadera conciencia histórica'.",62
https://portalinvestigacion.uniovi.es/investigadores/218042/detalle,JULIO RAUL OGAS JOFRE,INVESTIGA_SOBRE,música tradicional asturiana,"ha destacado cómo canciones como La planta 14, El abuelo Vitor, Carta de un minero a Manuel Llaneza o María Coraje han convertido la realidad social y minera de la región en materia artística.",62
https://portalinvestigacion.uniovi.es/investigadores/218042/detalle,JULIO RAUL OGAS JOFRE,INVESTIGA_SOBRE,compromiso social,"sus canciones han abordado cuestiones como la situación de las mujeres, los derechos del colectivo LGBTI, la pobreza, la guerra o las desigualdades sociales.",62
https://portalinvestigacion.uniovi.es/investigadores/218042/detalle,JULIO RAUL OGAS JOFRE,INVESTIGA_SOBRE,creación artística,ha defendido que existe un impulso creativo imposible de explicar únicamente desde el conocimiento técnico.,62
https://portalinvestigacion.uniovi.es/investigadores/218042/detalle,JULIO RAUL OGAS JOFRE,INVESTIGA_SOBRE,memoria colectiva,su contribución a preservar la memoria colectiva asturiana a través de sus canciones.,62
https://portalinvestigacion.uniovi.es/investigadores/218042/detalle,JULIO RAUL OGAS JOFRE,INVESTIGA_SOBRE,experiencia vital,la capacidad de la música para formar parte de la experiencia vital de las personas.,62
https://portalinvestigacion.uniovi.es/investigadores/218042/detalle,JULIO RAUL OGAS JOFRE,INVESTIGA_SOBRE,canciones fundamentales,"ha recordado el origen de canciones fundamentales de su trayectoria, como El cobarde, inspirada en un reportaje de Oriana Fallaci sobre la guerra de Vietnam.",62
https://portalinvestigacion.uniovi.es/investigadores/217293/detalle,ANDRES ARIAS RODRIGUEZ,COLABORA_EN,Comisión de Patrimonio Vegetal y Espacios Verdes,"La comisión está integrada por profesorado, personal técnico y estudiantes e incorpora perfiles vinculados a la botánica, ecología, fisiología vegetal, zoología, infraestructuras y sostenibilidad.",64
https://portalinvestigacion.uniovi.es/investigadores/217772/detalle,BELEN LOPEZ MARTINEZ,COLABORA_EN,Comisión de Patrimonio Vegetal y Espacios Verdes,"Belén López, decana de la Facultad de Biología, destaca que, con esta medida, 'queremos que el centro refleje también en sus espacios los valores científicos y ambientales que transmitimos cada día desde la docencia y la investigación'.",64
https://portalinvestigacion.uniovi.es/investigadores/218110/detalle,INES PEÑUELAS SANCHEZ,COLABORA_EN,Comisión de Patrimonio Vegetal y Espacios Verdes,"Inés Peñuelas, vicerrectora de Sostenibilidad y Digitalización, hace hincapiés en que 'las universidades tienen que desempeñar un papel activo en la transición hacia modelos más sostenibles y resilientes'.",64
https://portalinvestigacion.uniovi.es/investigadores/217293/detalle,ANDRES ARIAS RODRIGUEZ,INVESTIGA_SOBRE,biodiversidad y sostenibilidad,"La propuesta, impulsada por la Facultad de Biología y el Departamento de Biología de Organismos y Sistemas, tiene una clara vocación transversal y pretende convertirse en una experiencia de referencia para otros campus y centros universitarios.",64
https://portalinvestigacion.uniovi.es/investigadores/218110/detalle,INES PEÑUELAS SANCHEZ,COLABORA_EN,Mares Circulares,la Universidad de Oviedo mantiene un firme compromiso con la protección de los ecosistemas marinos y la promoción de la economía circular.,65
https://portalinvestigacion.uniovi.es/investigadores/218110/detalle,INES PEÑUELAS SANCHEZ,INVESTIGA_SOBRE,sostenibilidad,"la sostenibilidad constituye un eje estratégico para nuestra institución y forma parte de nuestro compromiso con la formación, la investigación, la transferencia de conocimiento y la contribución al desarrollo responsable de la sociedad.",65
https://portalinvestigacion.uniovi.es/investigadores/218110/detalle,INES PEÑUELAS SANCHEZ,COLABORA_EN,Blue Ambassadors,"la participación en la comunidad Blue Ambassadors, una red transnacional integrada por entidades, agentes marítimos y ciudadanía comprometidos con el cuidado y la protección del mar.",65
https://portalinvestigacion.uniovi.es/investigadores/216756/detalle,ANA ALONSO GARCIA,COLABORA_EN,ONG Ingeniería Sin Fronteras,"una cantidad que donará a la ONG Ingeniería Sin Fronteras, organización con la que ha colaborado en los últimos 4 años.",67
https://portalinvestigacion.uniovi.es/investigadores/218536/detalle,IGNACIO VILLAVERDE MENENDEZ,LIDERA,Premio Impacto Positivo,Villaverde ha señalado que “la universidad no puede ser solo un lugar donde se transmiten conocimientos técnicos o donde se acredita un expediente académico.,67
https://portalinvestigacion.uniovi.es/investigadores/220120/detalle,MARIA TERESA ALONSO MORO,COLABORA_EN,Reconocimientos a la Innovación Docente,"La Facultad de Formación del Profesorado y Educación de la Universidad de Oviedo y la Consejería de Educación del Gobierno del Principado reafirman su compromiso con la excelencia, la creatividad y el impacto de unas experiencias docentes.",68
https://portalinvestigacion.uniovi.es/investigadores/217712/detalle,JULIA MARIA MARTINEZ-LOMBO TESTA,DESARROLLA,Innovación docente,"Los proyectos ganadores, distribuidos en diez categorías temáticas, han sido los siguientes.",68
https://portalinvestigacion.uniovi.es/investigadores/219152/detalle,MARTA SOLEDAD GARCIA RODRIGUEZ,INVESTIGA_SOBRE,Educación Inclusiva,Premio a la Escuela Inclusiva y la Coeducación.,68
https://portalinvestigacion.uniovi.es/investigadores/219850/detalle,MARIA FERNANDEZ DIAZ,INVESTIGA_SOBRE,Fisiopatología del Envejecimiento,"Reconocimientos a la Innovación Docente (RID-2026) con el propósito de impulsar, visibilizar y poner en valor las mejores prácticas didácticas.",68
https://portalinvestigacion.uniovi.es/investigadores/217051/detalle,MARIA PAULA FERNANDEZ GARCIA,COLABORA_EN,Educación y Psicología,"Grupo de Aprendizaje Escolar, Dificultades y Rendimiento Académico.",68
https://portalinvestigacion.uniovi.es/investigadores/218643/detalle,CELESTINO RODRIGUEZ PEREZ,COLABORA_EN,Intervención Educativa,"Grupo de Investigación sobre Intervención Educativa en el Ámbito Familiar, Escolar y Social.",68
https://portalinvestigacion.uniovi.es/investigadores/217045/detalle,BENJAMIN FERNANDEZ GARCIA,INVESTIGA_SOBRE,Intervenciones Traslacionales para la Salud,Con la celebración de los Reconocimientos a la Innovación Docente (RID-2026).,68
https://portalinvestigacion.uniovi.es/investigadores/218048/detalle,HUGO OLMEDILLAS FERNANDEZ,LIDERA,rasgos psicológicos de atletas de ultrarresistencia,Una revisión sistemática y metaanálisis liderada por investigadores de la Universidad de Oviedo ha analizado la evidencia científica disponible sobre los rasgos psicológicos de los atletas de ultrarresistencia.,69
https://portalinvestigacion.uniovi.es/investigadores/218048/detalle,HUGO OLMEDILLAS FERNANDEZ,COLABORA_EN,investigación sobre dependencia al ejercicio,"El trabajo ha sido realizado por investigadores del grupo AstuRES de la universidad asturiana, en colaboración con el CarVasCare Research Group de la Universidad de Castilla-La Mancha.",69
https://portalinvestigacion.uniovi.es/investigadores/218344/detalle,MIGUEL ANGEL RODRIGUEZ DIAZ,LIDERA,análisis de rasgos psicológicos en deportistas,"Miguel Ángel Rodríguez, investigador principal, destaca que 'de todos los rasgos estudiados, la responsabilidad es el que aparece de forma más consistente en estos deportistas.'",69
https://portalinvestigacion.uniovi.es/investigadores/220120/detalle,MARIA TERESA ALONSO MORO,COLABORA_EN,divulgación sobre energías renovables,"El galardón valora su contribución a la divulgación, la formación y la generación de conocimiento en torno a las energías renovables y la transición energética.",70
https://portalinvestigacion.uniovi.es/investigadores/220120/detalle,MARIA TERESA ALONSO MORO,LIDERA,Cátedra de Hunosa,ha reconocido la labor desarrollada por la Cátedra de Hunosa con un accésit de los premios EnerAgen 2026.,70
https://portalinvestigacion.uniovi.es/investigadores/220120/detalle,MARIA TERESA ALONSO MORO,INVESTIGA_SOBRE,transición energética,valora su trabajo para acercar a la ciudadanía la transformación del legado minero asturiano en un activo de energía de futuro.,70
https://portalinvestigacion.uniovi.es/investigadores/217124/detalle,SUSANA IRENE DIAZ RODRIGUEZ,INVESTIGA_SOBRE,Modelización de la Incertidumbre y la Imprecisión en Teoría de la Decisión,La evaluación de las solicitudes tendrá en cuenta varios criterios estratégicos y científicos.,71
https://portalinvestigacion.uniovi.es/investigadores/218536/detalle,IGNACIO VILLAVERDE MENENDEZ,LIDERA,Derechos Fundamentales y Constitución,"Ignacio Villaverde, rector de la Universidad de Oviedo, ha destacado el enorme esfuerzo que supone organizar la actividad docente.",71
https://portalinvestigacion.uniovi.es/investigadores/216944/detalle,ANA ISABEL ALVAREZ GONZALEZ,COLABORA_EN,"Grupo de Aprendizaje Escolar, Dificultades y Rendimiento Académico",La institución distingue con las insignias de oro a las universidades que integran la alianza INGENIUM.,71
https://portalinvestigacion.uniovi.es/investigadores/218412/detalle,JESUS DANIEL SANTOS RODRIGUEZ,COLABORA_EN,Grupo de Modelización Matemática Aplicada,La iniciativa se integra dentro del II Plan Plurianual de Investigación y Recursos Humanos 2025-2028.,71
https://portalinvestigacion.uniovi.es/investigadores/217169/detalle,ANGEL ESPINIELLA MENENDEZ,INVESTIGA_SOBRE,Grupo de Derecho Internacional Privado de la Universidad de Oviedo,"El consejo ha respaldado también, en aplicación del reglamento de profesorado emérito.",71
https://portalinvestigacion.uniovi.es/investigadores/218457/detalle,ANA SUAREZ ALVAREZ,LIDERA,Olimpiada de Economía,"Claudia Cuesta González, estudiante del Colegio Internacional Meres, ha sido la ganadora de la XIX Edición de la Olimpiada de Economía.",72
https://portalinvestigacion.uniovi.es/investigadores/218602/detalle,ANA SUAREZ VAZQUEZ,COLABORA_EN,Olimpiada de Economía,"Organizada por la Facultad de Economía y Empresa de la Universidad de Oviedo, la Olimpiada de Economía cuenta con la colaboración con la Consejería de Hacienda y Fondos Europeos del Principado de Asturias.",72
https://portalinvestigacion.uniovi.es/investigadores/1931679/detalle,MARIA DEL MAR GARCIA SUAREZ,COLABORA_EN,Olimpiada de Economía,"la Consejería de Hacienda y Fondos Europeos del Principado de Asturias, el Colegio de Economistas de Asturias y Corteva Agriscience.",72
https://portalinvestigacion.uniovi.es/investigadores/218543/detalle,ANTONIO URBANO CONTRERAS,COLABORA_EN,Inteligencia Artificial en la educación,la integración de la inteligencia artificial generativa en la enseñanza universitaria ha sido uno de los temas estrella de las II Jornadas de Innovación Educativa,73
https://portalinvestigacion.uniovi.es/investigadores/217928/detalle,JUAN MANUEL MARCHANTE GAYON,COLABORA_EN,Inteligencia Artificial en la educación,"Juan Manuel Marchante, vicerrector de Estudios y Docencia de la Universidad de Oviedo, ha subrayado, al término del encuentro, que las jornadas han dedicado una atención especial a... la integración de la Inteligencia Artificial (IA) en la enseñanza universitaria.",73
https://portalinvestigacion.uniovi.es/investigadores/218536/detalle,IGNACIO VILLAVERDE MENENDEZ,COLABORA_EN,Inteligencia Artificial en la educación,"la aplicación de la Inteligencia Artificial en la educación superior, uno de los grandes retos y oportunidades del sistema universitario.",73
https://portalinvestigacion.uniovi.es/investigadores/217573/detalle,VERONICA GARCIA DIAZ,COLABORA_EN,Aprendizaje-Servicio,los asistentes han tenido también ocasión de compartir experiencias y metodologías sobre el llamado Aprendizaje-Servicio (ApS),73
https://portalinvestigacion.uniovi.es/investigadores/218536/detalle,IGNACIO VILLAVERDE MENENDEZ,LIDERA,Centro de Servicios Universitarios,"La mesa redonda titulada Veinte años en La Ferrería: cuando la Universidad encontró su sitio en Avilés, moderada por la actual directora, Luz Mar González Arias.",74
https://portalinvestigacion.uniovi.es/investigadores/218536/detalle,IGNACIO VILLAVERDE MENENDEZ,COLABORA_EN,Cátedra de Cine,"un compromiso que no solo se materializa en la actividad desarrollada en este Centro de Servicios Universitario, que se centra en la formación académica, la divulgación científica y una intensa agenda cultural abierta a todo el público.",74
https://portalinvestigacion.uniovi.es/investigadores/218536/detalle,IGNACIO VILLAVERDE MENENDEZ,COLABORA_EN,Parque Científico Tecnológico Avilés Isla de la Innovación,el reciente protocolo alcanzado entre la Universidad de Oviedo y el Parque Científico Tecnológico Avilés Isla de la Innovación.,74
https://portalinvestigacion.uniovi.es/investigadores/218536/detalle,IGNACIO VILLAVERDE MENENDEZ,INVESTIGA_SOBRE,innovación y transferencia de conocimiento,"la universidad se convierte en una pieza fundamental para avanzar en la innovación, el talento, la transferencia de conocimiento y la creación de empresas basadas en conocimiento en la ciudad.",74
https://portalinvestigacion.uniovi.es/investigadores/218536/detalle,IGNACIO VILLAVERDE MENENDEZ,LIDERA,programación cultural,"Queremos que siga siendo un espacio de formación, de cultura, de conversación pública y de conexión.",74
https://portalinvestigacion.uniovi.es/investigadores/218536/detalle,IGNACIO VILLAVERDE MENENDEZ,LIDERA,relación institucional,"celebramos 20 años de una relación institucional, cultural y ciudadana que ha dado frutos muy visibles en Avilés.",74
https://portalinvestigacion.uniovi.es/investigadores/218536/detalle,IGNACIO VILLAVERDE MENENDEZ,LIDERA,Centro de Servicios Universitarios,"La Universidad está aquí no por oportunidad, sino por convicción.",74
https://portalinvestigacion.uniovi.es/investigadores/218536/detalle,IGNACIO VILLAVERDE MENENDEZ,LIDERA,formación académica,suscribimos y reafirmamos el compromiso de la Universidad de Oviedo con Avilés.,74
https://portalinvestigacion.uniovi.es/investigadores/218536/detalle,IGNACIO VILLAVERDE MENENDEZ,LIDERA,divulgación científica,un compromiso que no solo se materializa en la actividad desarrollada en este Centro de Servicios Universitario.,74
https://portalinvestigacion.uniovi.es/investigadores/218536/detalle,IGNACIO VILLAVERDE MENENDEZ,LIDERA,agenda cultural,una intensa agenda cultural abierta a todo el público.,74
https://portalinvestigacion.uniovi.es/investigadores/218536/detalle,IGNACIO VILLAVERDE MENENDEZ,LIDERA,relación con la industria,"la necesidad de colocar cortinas, ya que el edificio es muy luminoso, o de aislar el bajo cubierta.",74
https://portalinvestigacion.uniovi.es/investigadores/218536/detalle,IGNACIO VILLAVERDE MENENDEZ,LIDERA,programación de conferencias,en el formato de ciclos de conferencias que sirvió de hilo conductor.,74
https://portalinvestigacion.uniovi.es/investigadores/218536/detalle,IGNACIO VILLAVERDE MENENDEZ,LIDERA,Noche Europea de los Investigadores,la Noche Europea de los Investigadores y las Investigadoras que se celebra en el mes de septiembre.,74
https://portalinvestigacion.uniovi.es/investigadores/218536/detalle,IGNACIO VILLAVERDE MENENDEZ,LIDERA,actividades post-pandemia,fue un momento delicado en el que hubo que ir decidiendo qué actividades se retomaban y en qué condiciones.,74
https://portalinvestigacion.uniovi.es/investigadores/218536/detalle,IGNACIO VILLAVERDE MENENDEZ,LIDERA,programación cultural,propuestas para seguir potenciando el papel de CSU como un centro de referencia para toda la comarca.,74
https://portalinvestigacion.uniovi.es/investigadores/218536/detalle,IGNACIO VILLAVERDE MENENDEZ,COLABORA_EN,procesamiento de minerales,"La cooperación entre la Universidad de Oviedo y HUNOSA supone un ejemplo de la conexión con el sector productivo para fortalecer la investigación, la innovación y la formación especializada.",75
https://portalinvestigacion.uniovi.es/investigadores/218536/detalle,IGNACIO VILLAVERDE MENENDEZ,COLABORA_EN,materias primas,"La Universidad de Oviedo y HUNOSA han reforzado hoy su colaboración en el ámbito de las materias primas, el procesamiento de minerales y la valorización de recursos.",75
https://portalinvestigacion.uniovi.es/investigadores/218536/detalle,IGNACIO VILLAVERDE MENENDEZ,COLABORA_EN,investigación aplicada,"Entre ellas destaca la Cátedra HUNOSA, una alianza para impulsar la transición energética y la competitividad de Asturias a través de la investigación aplicada.",75
https://portalinvestigacion.uniovi.es/investigadores/218536/detalle,IGNACIO VILLAVERDE MENENDEZ,COLABORA_EN,sostenibilidad ambiental,"El rector ha destacado que este convenio “refuerza el compromiso de la Universidad de Oviedo con la transferencia de conocimiento, la innovación y la colaboración con empresas implicadas en desarrollar soluciones tecnológicas a desafíos globales como la sostenibilidad ambiental y la protección de los océanos.",76
https://portalinvestigacion.uniovi.es/investigadores/218536/detalle,IGNACIO VILLAVERDE MENENDEZ,COLABORA_EN,economía azul,La colaboración con Universal Plastic permite avanzar en proyectos vinculados a la economía azul.,76
https://portalinvestigacion.uniovi.es/investigadores/218536/detalle,IGNACIO VILLAVERDE MENENDEZ,COLABORA_EN,contaminación plástica marina,con especial atención a la contaminación por plásticos en ecosistemas marinos.,76
https://portalinvestigacion.uniovi.es/investigadores/219148/detalle,JORGE GARCIA GARCIA,COLABORA_EN,transferencia de conocimiento,"en beneficio del entorno académico, científico y empresarial.",76
https://portalinvestigacion.uniovi.es/investigadores/218679/detalle,ALVARO RUBIO ORDOÑEZ,LIDERA,Certamen Musical,La banda metal Midriasis se ha impuesto en la final del VII Certamen Musical de la Universidad de Oviedo.,77
https://portalinvestigacion.uniovi.es/investigadores/218679/detalle,ALVARO RUBIO ORDOÑEZ,DESARROLLA,Música,"El grupo combina un amplio abanico de influencias —que van desde el Death y Groove Metal hasta el Thrash, Black y Progressive Metal— para crear un sonido dinámico.",77
https://portalinvestigacion.uniovi.es/investigadores/217775/detalle,ALFONSO JOAQUIN LOPEZ MUÑIZ,LIDERA,Prueba de Acceso a la Universidad (PAU),"Alfonso López Muñiz, vicerrector de Estudiantes y Empleabilidad, destaca que dentro del perfil del alumnado hay más mujeres que hombres.",78
https://portalinvestigacion.uniovi.es/investigadores/217867/detalle,MARIA DEL PILAR MOSTEIRO DIAZ,LIDERA,música y reducción del estrés,"La investigación, liderada por investigadoras del área de Enfermería de la universidad asturiana, ha sido publicada en la revista ‘Nursing in Critical Care’.",79
https://portalinvestigacion.uniovi.es/investigadores/217867/detalle,MARIA DEL PILAR MOSTEIRO DIAZ,COLABORA_EN,música y reducción del estrés,el trabajo señala la necesidad de estudios más amplios y con metodologías homogéneas para confirmar su eficacia.,79
https://portalinvestigacion.uniovi.es/investigadores/217867/detalle,MARIA DEL PILAR MOSTEIRO DIAZ,INVESTIGA_SOBRE,efecto de la música en pacientes críticos,El estudio revisa ensayos clínicos sobre el efecto de la música en pacientes ingresados en la UCI asistidos con ventilación mecánica.,79
https://portalinvestigacion.uniovi.es/investigadores/217867/detalle,MARIA DEL PILAR MOSTEIRO DIAZ,INVESTIGA_SOBRE,niveles de cortisol en pacientes críticos,la evidencia disponible no permite recomendar su uso rutinario en la práctica clínica con el objetivo específico de reducir el cortisol en pacientes con VMI.,79
https://portalinvestigacion.uniovi.es/investigadores/217867/detalle,MARIA DEL PILAR MOSTEIRO DIAZ,INVESTIGA_SOBRE,intervención musical en UCI,"la música se ha propuesto como una intervención sencilla, accesible y no farmacológica para modular la respuesta al estrés en estos pacientes.",79
https://portalinvestigacion.uniovi.es/investigadores/217867/detalle,MARIA DEL PILAR MOSTEIRO DIAZ,INVESTIGA_SOBRE,metodologías en estudios de música,la notable variabilidad entre los estudios.,79
https://portalinvestigacion.uniovi.es/investigadores/217867/detalle,MARIA DEL PILAR MOSTEIRO DIAZ,INVESTIGA_SOBRE,bienestar del paciente en UCI,la música continúa siendo una intervención prometedora por su bajo riesgo y su potencial para mejorar el bienestar del paciente.,79
https://portalinvestigacion.uniovi.es/investigadores/217867/detalle,MARIA DEL PILAR MOSTEIRO DIAZ,INVESTIGA_SOBRE,cortisol y estrés,la música puede ser una herramienta útil para humanizar la atención en las UCI.,79
https://portalinvestigacion.uniovi.es/investigadores/217867/detalle,MARIA DEL PILAR MOSTEIRO DIAZ,COLABORA_EN,recomendaciones clínicas en enfermería,es imprescindible contar con estudios de calidad.,79
https://portalinvestigacion.uniovi.es/investigadores/218878/detalle,JAVIER FERNANDEZ MATEOS,LIDERA,Conferencia de Decanas y Decanos de Facultades de Derecho de España,"Javier Fernández Teruelo, ha sido hoy de nuevo reelegido presidente de la Conferencia de Decanas y Decanos de Facultades de Derecho de España.",80
https://portalinvestigacion.uniovi.es/investigadores/218878/detalle,JAVIER FERNANDEZ MATEOS,DESARROLLA,sistema de grupos de trabajo,ha impulsado un sistema de grupos de trabajo conformado por los propios decanos/as y sus equipos con el fin de analizar y reflexionar los principales retos y oportunidades a los que se enfrentan las facultades.,80
https://portalinvestigacion.uniovi.es/investigadores/218878/detalle,JAVIER FERNANDEZ MATEOS,COLABORA_EN,negociación con el Ministerio de Justicia,ha posibilitado la apertura de espacios de negociación con el Ministerio de Justicia.,80
https://portalinvestigacion.uniovi.es/investigadores/218536/detalle,IGNACIO VILLAVERDE MENENDEZ,LIDERA,gestión universitaria,"El presidente y rector de la Universidad de Oviedo, Ignacio Villaverde, ha subrayado el papel 'esencial' de las secretarías generales como garantes de que las instituciones funcionen de manera adecuada y acorde a la legalidad vigente.",81
https://portalinvestigacion.uniovi.es/investigadores/218536/detalle,IGNACIO VILLAVERDE MENENDEZ,INVESTIGA_SOBRE,digitalización de títulos,"Durante las sesiones que se desarrollan, está previsto abordar asuntos de actualidad en la gestión universitaria, especialmente desde el punto de vista normativo, como la digitalización de títulos.",81
https://portalinvestigacion.uniovi.es/investigadores/218536/detalle,IGNACIO VILLAVERDE MENENDEZ,INVESTIGA_SOBRE,uso ético de la inteligencia artificial,"Durante las sesiones que se desarrollan, está previsto abordar asuntos de actualidad en la gestión universitaria, especialmente desde el punto de vista normativo, como el uso ético de la inteligencia artificial.",81
https://portalinvestigacion.uniovi.es/investigadores/218536/detalle,IGNACIO VILLAVERDE MENENDEZ,INVESTIGA_SOBRE,nueva Ley Orgánica del Sistema Universitario,"Durante las sesiones que se desarrollan, está previsto abordar asuntos de actualidad en la gestión universitaria, especialmente desde el punto de vista normativo, como la aplicación de la nueva Ley Orgánica del Sistema Universitario.",81
https://portalinvestigacion.uniovi.es/investigadores/217780/detalle,ANTONIO MIGUEL LOPEZ RODRIGUEZ,COLABORA_EN,certificaciones digitales,"El programa ha continuado con la primera mesa redonda, que ha girado en torno a las certificaciones digitales de los títulos.",81
https://portalinvestigacion.uniovi.es/investigadores/217780/detalle,ANTONIO MIGUEL LOPEZ RODRIGUEZ,INVESTIGA_SOBRE,Wallet Europass,"Gran parte del tiempo ha estado dedicado a presentar el Wallet Europass, el sistema de credenciales digitales europeas actualmente en implementación.",81
https://portalinvestigacion.uniovi.es/investigadores/217775/detalle,ALFONSO JOAQUIN LOPEZ MUÑIZ,INVESTIGA_SOBRE,competencialidad en pruebas académicas,la Universidad de Oviedo se sitúa muy por encima del acuerdo de mínimos de la Conferencia de Rectores de España (Crue) en lo que respecta a la competencialidad de las pruebas.,82
https://portalinvestigacion.uniovi.es/investigadores/217775/detalle,ALFONSO JOAQUIN LOPEZ MUÑIZ,INVESTIGA_SOBRE,sistemas de detección de frecuencias en exámenes,este año se incorporan sistemas de detección de frecuencias en las pruebas de la PAU como una medida orientada a reforzar las garantías de equidad y transparencia del proceso.,82
https://portalinvestigacion.uniovi.es/investigadores/216842/detalle,YAISEL JUAN BORRELL PICHS,LIDERA,impacto de contaminantes emergentes en ecosistemas marinos,El equipo de investigación ARENA (Aula de Recursos Naturales) de la Universidad de Oviedo lidera el proyecto BIOACUMAR,84
https://portalinvestigacion.uniovi.es/investigadores/216842/detalle,YAISEL JUAN BORRELL PICHS,COLABORA_EN,evaluación de riesgos ambientales,"En este contexto, los resultados permitirán evaluar riesgos asociados tanto al estado de los ecosistemas como a la seguridad alimentaria de los productos pesqueros y acuícolas",84
https://portalinvestigacion.uniovi.es/investigadores/219703/detalle,LAURA MIRALLES LOPEZ,LIDERA,impacto de contaminantes emergentes en ecosistemas marinos,"Los genetistas Yaisel J. Borrell y Laura Miralles, que lideran el proyecto BIOACUMAR",84
https://portalinvestigacion.uniovi.es/investigadores/2355302/detalle,NOEMI PINILLA ALONSO,LIDERA,divulgación científica sobre el eclipse total de Sol,La Universidad de Oviedo refuerza las acciones de divulgación científica en torno al eclipse total de Sol previsto para agosto de 2026.,85
https://portalinvestigacion.uniovi.es/investigadores/2355302/detalle,NOEMI PINILLA ALONSO,INVESTIGA_SOBRE,observación segura del eclipse,el personal investigador abordará cuestiones relacionadas con la observación segura del eclipse.,85
https://portalinvestigacion.uniovi.es/investigadores/2355302/detalle,NOEMI PINILLA ALONSO,INVESTIGA_SOBRE,efectos durante la totalidad del eclipse,el personal investigador abordará cuestiones relacionadas con los efectos que se perciben durante la totalidad.,85
https://portalinvestigacion.uniovi.es/investigadores/2355302/detalle,NOEMI PINILLA ALONSO,INVESTIGA_SOBRE,oportunidades científicas del eclipse,el personal investigador abordará cuestiones relacionadas con las oportunidades científicas que ofrece este evento.,85
https://portalinvestigacion.uniovi.es/investigadores/217196/detalle,FRANCISCO JAVIER DE COS JUEZ,LIDERA,divulgación científica sobre el eclipse total de Sol,Conferencias divulgativa y observación en el Planetario.,85
https://portalinvestigacion.uniovi.es/investigadores/217196/detalle,FRANCISCO JAVIER DE COS JUEZ,INVESTIGA_SOBRE,observación segura del eclipse,"se abordarán aspectos relacionados con la seguridad, como el uso de gafas homologadas.",85
https://portalinvestigacion.uniovi.es/investigadores/217196/detalle,FRANCISCO JAVIER DE COS JUEZ,INVESTIGA_SOBRE,efectos durante la totalidad del eclipse,se abordarán aspectos relacionados con los efectos que se perciben durante la totalidad.,85
https://portalinvestigacion.uniovi.es/investigadores/217196/detalle,FRANCISCO JAVIER DE COS JUEZ,INVESTIGA_SOBRE,oportunidades científicas del eclipse,se abordarán aspectos relacionados con las oportunidades científicas que ofrece este evento.,85
https://portalinvestigacion.uniovi.es/investigadores/217196/detalle,FRANCISCO JAVIER DE COS JUEZ,INVESTIGA_SOBRE,interrogantes científicos sobre el Sol,qué interrogantes científicos siguen abiertos sobre el Sol.,85
https://portalinvestigacion.uniovi.es/investigadores/217196/detalle,FRANCISCO JAVIER DE COS JUEZ,INVESTIGA_SOBRE,condiciones para la observación del eclipse,qué condiciones convierten un lugar en ideal para la observación.,85
https://portalinvestigacion.uniovi.es/investigadores/219653/detalle,RUBEN USAMENTIAGA FERNANDEZ,LIDERA,Cátedra Gonvarri Metal Structures R&D,"La cátedra será dirigida por Rubén Usamentiaga Fernández, catedrático del Departamento de Informática de la institución académica asturiana.",86
https://portalinvestigacion.uniovi.es/investigadores/219653/detalle,RUBEN USAMENTIAGA FERNANDEZ,INVESTIGA_SOBRE,tecnologías aplicadas al ámbito industrial,los primeros pasos de la colaboración se centrarán en la puesta en marcha de actividades de investigación y formación vinculadas a tecnologías aplicadas al ámbito industrial.,86
https://portalinvestigacion.uniovi.es/investigadores/217882/detalle,ANA YOLANDA GUTIERREZ FERNANDEZ,DESARROLLA,CRISPR-Cas9,diseñó una herramienta de edición genética que hoy se utiliza en laboratorios de todo el mundo,87
https://portalinvestigacion.uniovi.es/investigadores/217882/detalle,ANA YOLANDA GUTIERREZ FERNANDEZ,INVESTIGA_SOBRE,cáncer,"sus investigaciones permiten 'aproximarnos de otro modo al cáncer, a las enfermedades raras, a las patologías genéticas, a la biotecnología, a la agricultura, a la salud y a la vida'",87
https://portalinvestigacion.uniovi.es/investigadores/217882/detalle,ANA YOLANDA GUTIERREZ FERNANDEZ,INVESTIGA_SOBRE,enfermedades raras,"sus investigaciones permiten 'aproximarnos de otro modo al cáncer, a las enfermedades raras, a las patologías genéticas, a la biotecnología, a la agricultura, a la salud y a la vida'",87
https://portalinvestigacion.uniovi.es/investigadores/217882/detalle,ANA YOLANDA GUTIERREZ FERNANDEZ,INVESTIGA_SOBRE,patologías genéticas,"sus investigaciones permiten 'aproximarnos de otro modo al cáncer, a las enfermedades raras, a las patologías genéticas, a la biotecnología, a la agricultura, a la salud y a la vida'",87
https://portalinvestigacion.uniovi.es/investigadores/217882/detalle,ANA YOLANDA GUTIERREZ FERNANDEZ,INVESTIGA_SOBRE,biotecnología,"sus investigaciones permiten 'aproximarnos de otro modo al cáncer, a las enfermedades raras, a las patologías genéticas, a la biotecnología, a la agricultura, a la salud y a la vida'",87
https://portalinvestigacion.uniovi.es/investigadores/217882/detalle,ANA YOLANDA GUTIERREZ FERNANDEZ,INVESTIGA_SOBRE,agricultura,"sus investigaciones permiten 'aproximarnos de otro modo al cáncer, a las enfermedades raras, a las patologías genéticas, a la biotecnología, a la agricultura, a la salud y a la vida'",87
https://portalinvestigacion.uniovi.es/investigadores/217882/detalle,ANA YOLANDA GUTIERREZ FERNANDEZ,INVESTIGA_SOBRE,salud,"sus investigaciones permiten 'aproximarnos de otro modo al cáncer, a las enfermedades raras, a las patologías genéticas, a la biotecnología, a la agricultura, a la salud y a la vida'",87
https://portalinvestigacion.uniovi.es/investigadores/217636/detalle,JAVIER FERNANDEZ MENENDEZ,INVESTIGA_SOBRE,Inteligencia Artificial en la docencia,"Durante la cita se analizarán temas como el papel llamado a desempeñar por la Inteligencia Artificial (IA) en la docencia, la investigación y la transformación académica.",88
https://portalinvestigacion.uniovi.es/investigadores/218461/detalle,MARIA JOSE SUAREZ-CABAL,COLABORA_EN,Ingeniería del Software,"la vicerrectora de Emprendimiento, Empleabilidad y Formación Permanente de la Universidad de León, María José Vieira Aller;",88
https://portalinvestigacion.uniovi.es/investigadores/217949/detalle,RUBEN MARTIN PAYO,LIDERA,Promoción de la Salud,"Rubén Martín Payo, director de la cátedra, arropan a los estudiantes en el inicio de la competición.",89
https://portalinvestigacion.uniovi.es/investigadores/217811/detalle,SUSANA LUQUE RODRIGUEZ,LIDERA,Promoción de la Salud,"Susana Luque, vicerrectora de Transferencia y Relaciones con la Empresa, ha destacado que, con esta actividad, la Universidad de Oviedo quiere situar la promoción de la salud y la alfabetización sanitaria como una prioridad social y educativa.",89
https://portalinvestigacion.uniovi.es/investigadores/217720/detalle,ALBERTO LANA PEREZ,COLABORA_EN,Promoción de la Salud,"la directora de la Fundación para la Investigación Biosanitaria del Principado de Asturias (FINBA), Celia Gómez; la vicerrectora de Transferencia y Relaciones con la Empresa, Susana Luque; la consejera de Educación, Eva Ledo, el subdirector de la Cátedra de Salud Comunitaria y Promoción de la Salud de la Universidad de Oviedo, Alberto Lana; la consejera de Salud, Concepción Saavedra; el director de la cátedra, Rubén Martín.",89
https://portalinvestigacion.uniovi.es/investigadores/217720/detalle,ALBERTO LANA PEREZ,COLABORA_EN,Promoción de la Salud,"la directora de la Fundación para la Investigación Biosanitaria del Principado de Asturias (FINBA), Celia Gómez; la vicerrectora de Transferencia y Relaciones con la Empresa, Susana Luque; la consejera de Educación, Eva Ledo, el subdirector de la Cátedra de Salud Comunitaria y Promoción de la Salud de la Universidad de Oviedo, Alberto Lana.",89
https://portalinvestigacion.uniovi.es/investigadores/217124/detalle,SUSANA IRENE DIAZ RODRIGUEZ,COLABORA_EN,Inteligencia Artificial,"La vicerrectora de Investigación de la Universidad de Oviedo, Irene Díaz, participó en la sectorial La Inteligencia Artificial y su impacto en la Investigación han centrado parte de los trabajos de la reunión anual de la Comisión Sectorial de Investigación del Grupo 9 de Universidades.",90
https://portalinvestigacion.uniovi.es/investigadores/219985/detalle,MANUEL LLORCA RIEGO,INVESTIGA_SOBRE,pobreza energética,"El estudio se ha publicado en la revista Energy Economics, de gran impacto en su área del conocimiento.",92
https://portalinvestigacion.uniovi.es/investigadores/218334/detalle,ANA MARIA RODRIGUEZ ALVAREZ,INVESTIGA_SOBRE,pobreza energética,"El estudio se ha publicado en la revista Energy Economics, de gran impacto en su área del conocimiento.",92
https://portalinvestigacion.uniovi.es/investigadores/219985/detalle,MANUEL LLORCA RIEGO,COLABORA_EN,bono social eléctrico,La investigación ha sido realizada por la Universidad de Oviedo en colaboración con la Copenhagen Business School.,92
https://portalinvestigacion.uniovi.es/investigadores/218334/detalle,ANA MARIA RODRIGUEZ ALVAREZ,COLABORA_EN,bono social eléctrico,La investigación ha sido realizada por la Universidad de Oviedo en colaboración con la Copenhagen Business School.,92
https://portalinvestigacion.uniovi.es/investigadores/218536/detalle,IGNACIO VILLAVERDE MENENDEZ,LIDERA,Crue–Secretarías Generales,"Ignacio Villaverde, rector de la Universidad de Oviedo, pasa a formar parte de la Junta Rectora de CRUE, como presidente de la sectorial de Secretarías Generales.",93
https://portalinvestigacion.uniovi.es/investigadores/2370717/detalle,EDUARDO FERNANDEZ ALONSO,LIDERA,germinación de semillas,Esta es la principal conclusión de una investigación liderada por la Universidad de Oviedo.,94
https://portalinvestigacion.uniovi.es/investigadores/2370717/detalle,EDUARDO FERNANDEZ ALONSO,INVESTIGA_SOBRE,estrategias de germinación,El estudio demuestra que las plantas ajustan el momento de germinación de sus semillas en función del entorno.,94
https://portalinvestigacion.uniovi.es/investigadores/2370717/detalle,EDUARDO FERNANDEZ ALONSO,COLABORA_EN,base de datos SeedArc,"El trabajo, basado en la base de datos global SeedArc —coordinada desde Asturias — y desarrollado en colaboración con equipos internacionales.",94
https://portalinvestigacion.uniovi.es/investigadores/2370717/detalle,EDUARDO FERNANDEZ ALONSO,INVESTIGA_SOBRE,regeneración vegetal,el estudio muestra que la germinación forma parte de una estrategia ecológica más amplia que conecta el ciclo de vida de las plantas con su entorno.,94
https://portalinvestigacion.uniovi.es/investigadores/2370717/detalle,EDUARDO FERNANDEZ ALONSO,INVESTIGA_SOBRE,nicho de regeneración,Este trabajo aporta una nueva forma de entender el llamado 'nicho de regeneración'.,94
https://portalinvestigacion.uniovi.es/investigadores/218058/detalle,FRANCISCO DE ASIS ORTEGA FERNANDEZ,COLABORA_EN,Gestión de Proyectos,"impartida por los profesores Francisco Ortega, Valeriano Álvarez, Marta Terrados y Adriano Mones, del Área de Proyectos de Ingeniería de la Universidad de Oviedo.",95
https://portalinvestigacion.uniovi.es/investigadores/216917/detalle,JOSE VALERIANO ALVAREZ CABAL,COLABORA_EN,Gestión de Proyectos,"impartida por los profesores Francisco Ortega, Valeriano Álvarez, Marta Terrados y Adriano Mones, del Área de Proyectos de Ingeniería de la Universidad de Oviedo.",95
https://portalinvestigacion.uniovi.es/investigadores/218536/detalle,IGNACIO VILLAVERDE MENENDEZ,LIDERA,Deportes,"El rector, Ignacio Villaverde; la vicerrectora de Extensión Universitaria y Proyección Cultural, Marta Mateo, y el director de área de Deportes, Javier Fernández Río, han recibido este viernes a los medallistas.",96
https://portalinvestigacion.uniovi.es/investigadores/217503/detalle,FRANCISCO JAVIER FERNANDEZ RIO,COLABORA_EN,Deportes,"Los y las deportistas de la Universidad de Oviedo, que cuentan con el apoyo del Principado de Asturias, han destacado en surf con un total de seis medallas.",96
https://portalinvestigacion.uniovi.es/investigadores/217503/detalle,FRANCISCO JAVIER FERNANDEZ RIO,COLABORA_EN,Deportes,"La representación de la institución académica asturiana ha conseguido medallas en disciplinas como el kárate, el judo, el atletismo, la halterofilia o el remo.",96
https://portalinvestigacion.uniovi.es/investigadores/452939/detalle,IRENE FERNANDEZ ARANAZ,LIDERA,Kárate,"Irene Fernández, plata en kárate; Eva Otero, plata en kárate, y Rubén Arenas Zapata, bronce en kárate.",96
https://portalinvestigacion.uniovi.es/investigadores/219148/detalle,JORGE GARCIA GARCIA,LIDERA,formación oficial de la alianza INGENIUM,"La actividad está coordinada por Jorge García, director del Área de Transferencia del Conocimiento.",98
https://portalinvestigacion.uniovi.es/investigadores/219148/detalle,JORGE GARCIA GARCIA,COLABORA_EN,formación oficial de la alianza INGENIUM,junto con las universidades XAMK de Finlandia y Creta.,98
https://portalinvestigacion.uniovi.es/investigadores/218536/detalle,IGNACIO VILLAVERDE MENENDEZ,COLABORA_EN,investigación y formación en trabajo social,El acuerdo apuesta por la colaboración institucional: la universidad aporta el marco académico e investigador y el COTSA la dimensión profesional y colegial.,99
https://portalinvestigacion.uniovi.es/investigadores/218536/detalle,IGNACIO VILLAVERDE MENENDEZ,INVESTIGA_SOBRE,intervención social,"el impacto que la universidad pública quiere tener en la sociedad, más allá de formar a buenos profesionales en el terreno del trabajo y en la intervención social con los más desprotegidos.",99
https://portalinvestigacion.uniovi.es/investigadores/2370664/detalle,SARA FERNANDEZ GARCIA,COLABORA_EN,investigación y formación en trabajo social,gracias a este convenio el colegio podrá ofrecer orientación a los futuros especialistas.,99
https://portalinvestigacion.uniovi.es/investigadores/218512/detalle,MARTA MARIA VIDAL SUAREZ,COLABORA_EN,investigación y formación en trabajo social,Profesionales colegiados en el COTSA colaborarán en clases universitarias para reforzar la perspectiva práctica del estudiantado.,99
https://portalinvestigacion.uniovi.es/investigadores/220197/detalle,Manuel García Díaz,COLABORA_EN,Energía,"La exposición aborda diferentes miradas relacionadas con el eclipse solar, entre las que se encuentran... el impacto del eclipse en la producción de energía solar.",100
https://portalinvestigacion.uniovi.es/investigadores/1301842/detalle,SANDRA VILLAR CONDE,COLABORA_EN,Morfología y Biología Celular,"La exposición aborda diferentes miradas relacionadas con el eclipse solar, entre las que se encuentran... los efectos en el cerebro humano y los mecanismos de atención.",100
https://portalinvestigacion.uniovi.es/investigadores/1010274/detalle,NOEMI DIAZ RODRIGUEZ,COLABORA_EN,Historia del Arte y Musicología,"La exposición aborda diferentes miradas relacionadas con el eclipse solar, entre las que se encuentran... la reconstrucción de eclipses históricos a partir de fuentes documentales.",100
https://portalinvestigacion.uniovi.es/investigadores/216929/detalle,DAVID ALVAREZ FERNANDEZ,COLABORA_EN,Biología de Organismos y Sistemas,"La exposición aborda diferentes miradas relacionadas con el eclipse solar, entre las que se encuentran... la posible influencia en los ritmos biológicos y el comportamiento animal.",100
https://portalinvestigacion.uniovi.es/investigadores/217320/detalle,MIGUEL CALLEJA PUERTA,COLABORA_EN,Historia,"La exposición aborda diferentes miradas relacionadas con el eclipse solar, entre las que se encuentran... la reconstrucción de eclipses históricos a partir de fuentes documentales.",100
https://portalinvestigacion.uniovi.es/investigadores/217574/detalle,VICENTE GARCIA DIAZ,COLABORA_EN,Filología Clásica y Románica,"La exposición aborda diferentes miradas relacionadas con el eclipse solar, entre las que se encuentran... aspectos lingüísticos, como el origen de la palabra eclipse.",100
https://portalinvestigacion.uniovi.es/investigadores/216934/detalle,MARTINA INMACULADA ALVAREZ FERNANDEZ,COLABORA_EN,Biología de Organismos y Sistemas,"La exposición aborda diferentes miradas relacionadas con el eclipse solar, entre las que se encuentran... la posible influencia en los ritmos biológicos y el comportamiento animal.",100
https://portalinvestigacion.uniovi.es/investigadores/217124/detalle,SUSANA IRENE DIAZ RODRIGUEZ,COLABORA_EN,Biología Funcional,"La exposición aborda diferentes miradas relacionadas con el eclipse solar, entre las que se encuentran... los efectos en el cerebro humano y los mecanismos de atención.",100
https://portalinvestigacion.uniovi.es/investigadores/218506/detalle,JAVIER VERDEJO MANCHADO,COLABORA_EN,Filología Clásica y Románica,"La exposición aborda diferentes miradas relacionadas con el eclipse solar, entre las que se encuentran... aspectos lingüísticos, como el origen de la palabra eclipse.",100
https://portalinvestigacion.uniovi.es/investigadores/216932/detalle,MARIA ALVAREZ FERNANDEZ,COLABORA_EN,"Grupo Demeter. Maternidad, Genero y Familia","La exposición aborda diferentes miradas relacionadas con el eclipse solar, entre las que se encuentran... aspectos lingüísticos, como el origen de la palabra eclipse.",100
https://portalinvestigacion.uniovi.es/investigadores/219634/detalle,JOSE RANILLA PASTOR,COLABORA_EN,tecnologías cuánticas,"José Ranilla, responsable de Quantum and High Performance Computing de la Universidad de Oviedo, subraya el papel que tendrá en la promoción de una colaboración abierta entre la comunidad investigadora y las empresas.",101
https://portalinvestigacion.uniovi.es/investigadores/219634/detalle,JOSE RANILLA PASTOR,INVESTIGA_SOBRE,tecnologías cuánticas,Quantum Asturias nace también con vocación hacia la educación y la investigación en tecnologías cuánticas.,101
https://portalinvestigacion.uniovi.es/investigadores/217570/detalle,LAURA GARCIA DE LA FUENTE,INVESTIGA_SOBRE,paisaje,la obra de Elías García Fuentes revela 'su interés por la naturaleza y por geografías lejanas'.,102
https://portalinvestigacion.uniovi.es/investigadores/217570/detalle,LAURA GARCIA DE LA FUENTE,INVESTIGA_SOBRE,naturaleza,la obra de Elías García Fuentes revela 'su interés por la naturaleza y por geografías lejanas'.,102
https://portalinvestigacion.uniovi.es/investigadores/217570/detalle,LAURA GARCIA DE LA FUENTE,INVESTIGA_SOBRE,territorio,"las obras reflejan 'surcos, estelas o cicatrices' que dejan tras de sí tanto el paso del tiempo como la acción sobre el territorio.",102
https://portalinvestigacion.uniovi.es/investigadores/218536/detalle,IGNACIO VILLAVERDE MENENDEZ,COLABORA_EN,inteligencia artificial,una línea específica estratégica de investigación aplicada en inteligencia artificial para optimizar la actividad económica del territorio,103
https://portalinvestigacion.uniovi.es/investigadores/218536/detalle,IGNACIO VILLAVERDE MENENDEZ,LIDERA,investigación,"para la Universidad de Oviedo es especialmente valioso contar con entidades como Caja Rural de Asturias y su Fundación, que nos han demostrado históricamente su sensibilidad y compromiso con el conocimiento, la formación y la investigación",103
https://portalinvestigacion.uniovi.es/investigadores/217124/detalle,SUSANA IRENE DIAZ RODRIGUEZ,COLABORA_EN,Investigación,"la vicerrectora Irene Díaz ha destacado que su trayectoria es un ejemplo inspirador de excelencia académica, liderazgo estudiantil y proyección internacional.",104
https://portalinvestigacion.uniovi.es/investigadores/217775/detalle,ALFONSO JOAQUIN LOPEZ MUÑIZ,COLABORA_EN,Jornadas de Puertas Abiertas,"El vicerrector de Estudiantes y Empleabilidad, Alfonso López Muñiz, invita al estudiantado a aprovechar esta oportunidad para descubrir la realidad universitaria.",106
https://portalinvestigacion.uniovi.es/investigadores/217883/detalle,JOSE AVELINO GUTIERREZ GONZALEZ,LIDERA,exhumación e identificación de restos,El grupo Arqueos ha realizado el trabajo de campo y liderado la investigación histórica y científica.,107
https://portalinvestigacion.uniovi.es/investigadores/217772/detalle,BELEN LOPEZ MARTINEZ,COLABORA_EN,exhumación e identificación de restos,"han acompañado a las familias los integrantes del grupo Arqueos, con su director, el catedrático José Avelino Guitérrez al frente; la exvicerrectora Pilar García Cuetos; y la decana de la Facultad de Biología, Belén López.",107
https://portalinvestigacion.uniovi.es/investigadores/217998/detalle,COVADONGA HUIDOBRO FERNANDEZ,COLABORA_EN,divulgación científica,"Para la redacción de las respuestas se cuenta con la colaboración de Jose Montejo, Covadonga Huidobro y Alfonso Fernández, profesorado de la Universidad de Oviedo.",108
https://portalinvestigacion.uniovi.es/investigadores/220003/detalle,JUAN ALFONSO FERNANDEZ GARCIA,COLABORA_EN,divulgación científica,"Para la redacción de las respuestas se cuenta con la colaboración de Jose Montejo, Covadonga Huidobro y Alfonso Fernández, profesorado de la Universidad de Oviedo.",108
https://portalinvestigacion.uniovi.es/investigadores/218262/detalle,JOSE MANUEL MONTEJO BERNARDO,COLABORA_EN,divulgación científica,"Para la redacción de las respuestas se cuenta con la colaboración de Jose Montejo, Covadonga Huidobro y Alfonso Fernández, profesorado de la Universidad de Oviedo.",108
https://portalinvestigacion.uniovi.es/investigadores/217058/detalle,ALFONSO FERNANDEZ GONZALEZ,COLABORA_EN,divulgación científica,"Para la redacción de las respuestas se cuenta con la colaboración de Jose Montejo, Covadonga Huidobro y Alfonso Fernández, profesorado de la Universidad de Oviedo.",108
https://portalinvestigacion.uniovi.es/investigadores/218536/detalle,IGNACIO VILLAVERDE MENENDEZ,LIDERA,ejercicio físico en adolescentes con cáncer,El trabajo galardonado demuestra que el ejercicio supervisado durante el tratamiento oncológico en adolescentes es una medida segura y factible.,112
https://portalinvestigacion.uniovi.es/investigadores/218536/detalle,IGNACIO VILLAVERDE MENENDEZ,INVESTIGA_SOBRE,actividad física y salud cardiovascular,Estos hallazgos apoyan la integración del ejercicio físico supervisado como parte del abordaje integral del cáncer en la adolescencia.,112
https://portalinvestigacion.uniovi.es/investigadores/218896/detalle,MIGUEL ENRIQUE DEL VALLE SOTO,COLABORA_EN,ejercicio físico en adolescentes con cáncer,"Esta investigación ha sido realizada en un trabajo colaborativo de cuatro hospitales, dos universidades y una fundación.",112
https://portalinvestigacion.uniovi.es/investigadores/218896/detalle,MIGUEL ENRIQUE DEL VALLE SOTO,LIDERA,ejercicio físico supervisado,El ejercicio físico supervisado durante el tratamiento oncológico en adolescentes es una intervención segura y factible.,112
https://portalinvestigacion.uniovi.es/investigadores/218896/detalle,MIGUEL ENRIQUE DEL VALLE SOTO,INVESTIGA_SOBRE,deterioro funcional en adolescentes con cáncer,La investigación concluye que la incorporación temprana de actividad física favorece la capacidad funcional y atenúa el deterioro durante el proceso terapéutico.,112
https://portalinvestigacion.uniovi.es/investigadores/2500137/detalle,MARINA DADER SUAREZ,INVESTIGA_SOBRE,inteligencia artificial,su intención es continuar desarrollando su trayectoria en el ámbito de la investigación en inteligencia artificial,113
https://portalinvestigacion.uniovi.es/investigadores/216900/detalle,PABLO ARBOLEYA ARBOLEYA,COLABORA_EN,inteligencia artificial,La responsable de Transferencia y Relaciones con la Empresa ha añadido que la Universidad de Oviedo “se enorgullece de acompañar a Plexigrid en este hito.,114
https://portalinvestigacion.uniovi.es/investigadores/218428/detalle,MARIA LUISA SERRANO ORTEGA,INVESTIGA_SOBRE,gestión de redes eléctricas,La Cátedra Plexigrid es el vehículo de colaboración entre la spin-off y la Universidad de Oviedo.,114
https://portalinvestigacion.uniovi.es/investigadores/218056/detalle,LUIS OREA SANCHEZ,INVESTIGA_SOBRE,flexibilidad y digitalización,"La spin-off de la Universidad de Oviedo, fundada en 2020, opera hoy en Europa, América y Oceanía con más de 35 empresas distribuidoras eléctricas.",114
https://portalinvestigacion.uniovi.es/investigadores/218593/detalle,INES MARIA SUAREZ RAMON,COLABORA_EN,sostenibilidad,"La vicerrectora de Sostenibilidad y Digitalización, Inés Peñuelas; y de Transferencia y Relaciones con la Empresa, Susana Luque.",114
https://portalinvestigacion.uniovi.es/investigadores/217764/detalle,HILARIO LOPEZ GARCIA,COLABORA_EN,ingeniería eléctrica,"el director del Departamento de Ingeniería Eléctrica, Electrónica, de Computadores y Sistemas (DIEECS), Hilario López.",114
https://portalinvestigacion.uniovi.es/investigadores/216900/detalle,PABLO ARBOLEYA ARBOLEYA,LIDERA,gestión de red del siglo XXI,"Alberto Méndez, cofundador y CEO de Plexigrid, ha explicado que estas instalaciones son 'la expresión física de cómo entendemos la gestión de red del siglo XXI'.",114
https://portalinvestigacion.uniovi.es/investigadores/216900/detalle,PABLO ARBOLEYA ARBOLEYA,DESARROLLA,plataforma de software,"La compañía, con sedes en España (Gijón) y Suecia (Estocolmo), ha consolidado en estos años una plataforma de software que combina gemelos digitales.",114
https://portalinvestigacion.uniovi.es/investigadores/218110/detalle,INES PEÑUELAS SANCHEZ,COLABORA_EN,transferencia del conocimiento,La responsable de Transferencia y Relaciones con la Empresa ha añadido que la Universidad de Oviedo 'se enorgullece de acompañar a Plexigrid en este hito.',114
https://portalinvestigacion.uniovi.es/investigadores/218232/detalle,MARIA DE LA PAZ MENENDEZ SEBASTIAN,COLABORA_EN,Igualdad,"su trabajo sostenido, riguroso y tantas veces discreto ha sido decisivo para consolidar este compromiso institucional.",116
https://portalinvestigacion.uniovi.es/investigadores/218232/detalle,MARIA DE LA PAZ MENENDEZ SEBASTIAN,INVESTIGA_SOBRE,Derechos de las mujeres,"la defensa de los derechos de las mujeres, la eliminación de las desigualdades y la construcción de una universidad más justa no son una responsabilidad individual.",116
https://portalinvestigacion.uniovi.es/investigadores/219672/detalle,Borja Jiménez-Alfaro,LIDERA,conservación de ecosistemas,El estudio liderado por investigadores del Laboratorio de Vegetación y Biodiversidad ha sido publicado en la revista ‘Applied Vegetation Science’.,117
https://portalinvestigacion.uniovi.es/investigadores/219672/detalle,Borja Jiménez-Alfaro,INVESTIGA_SOBRE,diversidad de ecosistemas,Los resultados evidencian una elevada diversidad de ecosistemas en el noroeste ibérico y proporcionan herramientas prácticas para su conservación y seguimiento.,117
https://portalinvestigacion.uniovi.es/investigadores/219672/detalle,Borja Jiménez-Alfaro,DESARROLLA,enfoque de regionalización,"El Laboratorio de Vegetación y Biodiversidad, coordinado por Borja Jiménez-Alfaro en la Universidad de Oviedo... ha desarrollado un nuevo enfoque para hacer frente a la conservación de los ecosistemas terrestres.",117
https://portalinvestigacion.uniovi.es/investigadores/219672/detalle,Borja Jiménez-Alfaro,COLABORA_EN,proyecto de transferencia,El estudio se ha coordinado desde el equipo científico que la Universidad de Oviedo mantiene en el Jardín Botánico Atlántico de Gijón.,117
https://portalinvestigacion.uniovi.es/investigadores/217093/detalle,FRANCISCO JOSE DELGADO RIVERO,LIDERA,Cátedra de Políticas Públicas,"La cátedra será dirigida por Francisco José Delgado Rivero, profesor del Departamento de Economía de la universidad asturiana.",118
https://portalinvestigacion.uniovi.es/investigadores/218536/detalle,IGNACIO VILLAVERDE MENENDEZ,COLABORA_EN,Cátedra de Políticas Públicas,"La firma ha tenido lugar hoy en el Edificio Histórico de la Universidad de Oviedo y ha contado con la participación del rector, Ignacio Villaverde.",118
https://portalinvestigacion.uniovi.es/investigadores/217221/detalle,VERONICA CAÑAL FERNANDEZ,COLABORA_EN,Cátedra de Políticas Públicas,"El acto ha contado con la presencia de la vicerrectora de Transferencia y Relaciones con la Empresa, Susana Luque; la directora de área de Cátedras de Empresa e Institucionales, Verónica Cañal.",118
https://portalinvestigacion.uniovi.es/investigadores/1931679/detalle,MARIA DEL MAR GARCIA SUAREZ,COLABORA_EN,Cátedra de Políticas Públicas,"El acto ha contado con la presencia de la viceconsejera de Presupuestos y Financiación Autonómica, Mar García Salgado.",118
https://portalinvestigacion.uniovi.es/investigadores/217079/detalle,MARIA BEGOÑA CUETO IGLESIAS,LIDERA,exportaciones de coches usados contaminantes,"El trabajo ha sido realizado por Ignacio del Rosal, profesor del Departamento de Economía Aplicada, y ha sido publicado recientemente en la revista ‘Journal of Environmental Planning and Management’.",119
https://portalinvestigacion.uniovi.es/investigadores/217079/detalle,MARIA BEGOÑA CUETO IGLESIAS,COLABORA_EN,proyecto de investigación sobre exportaciones de coches,Este trabajo se enmarca en un proyecto de investigación financiado por el Programa de Subvenciones para grupos de investigación de organismos del Principado de Asturias.,119
https://portalinvestigacion.uniovi.es/investigadores/217640/detalle,MARIA TERESA IGLESIAS GARCIA,COLABORA_EN,Observatorio de la Despoblación y el Despoblamiento,La Red Estratégica para la creación de un Observatorio de la Despoblación y el Despoblamiento (DESP-OB) está formada por once centros de investigación de toda España y trabaja en el análisis del fenómeno del despoblamiento desde una perspectiva multidisciplinar.,120
https://portalinvestigacion.uniovi.es/investigadores/217723/detalle,ELENA LASARTE NAVAMUEL,COLABORA_EN,Observatorio de la Despoblación y el Despoblamiento,El Campus de Mieres de la Universidad de Oviedo ha acogido los días 29 y 30 de abril el II Encuentro de la Red Estratégica para la creación de un Observatorio de la Despoblación y el Despoblamiento (DESP-OB).,120
https://portalinvestigacion.uniovi.es/investigadores/219106/detalle,FERNANDO COLLANTES GUTIERREZ,INVESTIGA_SOBRE,despoblación rural,"La jornada del 29 de abril continuó con la conferencia “¿Lugares que no importan? La despoblación rural en su perspectiva histórica”, impartida por Fernando Collantes.",120
https://portalinvestigacion.uniovi.es/investigadores/217124/detalle,SUSANA IRENE DIAZ RODRIGUEZ,COLABORA_EN,Propuesta de planificación de la plantilla del personal docente e investigador,"El planteamiento, que ha recibido el visto bueno, consiste en destinar cinco plazas de la oferta pública de empleo del personal docente e investigador del año 2025 para actuar sobre aquellas áreas de conocimiento en las que existe un déficit efectivo de docencia.",121
https://portalinvestigacion.uniovi.es/investigadores/217124/detalle,SUSANA IRENE DIAZ RODRIGUEZ,COLABORA_EN,nuevo reglamento de la Escuela de Doctorado,"La vicerrectora de Investigación, Irene Díaz, ha explicado que, con este nuevo reglamento de la Escuela de Doctorado, la Universidad de Oviedo 'busca implementar de forma efectiva estos avances, garantizando una formación doctoral de calidad, equitativa y alineada con las necesidades sociales y los retos del desarrollo sostenible.'",121
https://portalinvestigacion.uniovi.es/investigadores/217928/detalle,JUAN MANUEL MARCHANTE GAYON,COLABORA_EN,Máster Universitario en Envejecimiento Saludable y Calidad de Vida,"El Consejo de Gobierno también ha dado luz verde a la creación del Máster Universitario en Envejecimiento Saludable y Calidad de Vida, una nueva titulación oficial que comenzará a impartirse en el curso 2027-2028.",121
https://portalinvestigacion.uniovi.es/investigadores/1010273/detalle,IRENE DIAZ MARTINEZ,COLABORA_EN,reforma del reglamento de reconocimiento de créditos,"Esta actualización adapta el reconocimiento de los créditos a los campos de conocimiento, en lugar de a las denominadas áreas de conocimiento.",121
https://portalinvestigacion.uniovi.es/investigadores/217775/detalle,ALFONSO JOAQUIN LOPEZ MUÑIZ,COLABORA_EN,Plan de Simplificación Administrativa,"El Consejo de Gobierno ha analizado hoy los avances recogidos en el segundo informe de seguimiento del Plan, que abarcan desde cambios en la organización interna hasta la digitalización de trámites cotidianos.",121
https://portalinvestigacion.uniovi.es/investigadores/217811/detalle,SUSANA LUQUE RODRIGUEZ,COLABORA_EN,Premios EmprendeXXI,"En la entrega de premios ha estado presente la vicerrectora de Transferencia y Relaciones con la Empresa, Susana Luque.",122
https://portalinvestigacion.uniovi.es/investigadores/216776/detalle,BRAULIO JOSE ALVAREZ ALVAREZ,COLABORA_EN,proyecto TEDI,"...los profesores del Área de Ingeniería de los Procesos de Fabricación, Víctor Meana y Braulio J. Álvarez.",123
https://portalinvestigacion.uniovi.es/investigadores/218285/detalle,VICTOR MANUEL MEANA DIAZ,COLABORA_EN,proyecto TEDI,"...los profesores del Área de Ingeniería de los Procesos de Fabricación, Víctor Meana y Braulio J. Álvarez.",123
https://portalinvestigacion.uniovi.es/investigadores/216748/detalle,SUSANA AL-HALABI DIAZ,INVESTIGA_SOBRE,prevención de la conducta suicida,la profesora Susana Al-Halabí culmina su Beca Leonardo con un proyecto de investigación sobre la prevención de la conducta suicida en las aulas asturianas,124
https://portalinvestigacion.uniovi.es/investigadores/216748/detalle,SUSANA AL-HALABI DIAZ,DESARROLLA,programa PositivaMente 2.0,"El trabajo se ha desarrollado con la participación voluntaria de seis institutos de educación secundaria de Oviedo, Siero, Nava y Villaviciosa",124
https://portalinvestigacion.uniovi.es/investigadores/216748/detalle,SUSANA AL-HALABI DIAZ,LIDERA,proyecto de investigación,"El proyecto se articuló en torno al programa PositivaMente 2.0, una propuesta de prevención escolar orientada a fortalecer los factores de protección entre el alumnado",124
https://portalinvestigacion.uniovi.es/investigadores/220163/detalle,VICTOR MARTINEZ LOREDO,COLABORA_EN,asesoramiento científico,"los profesores José Errasti y Víctor Martínez-Loredo, del Departamento de Psicología de la Universidad de Oviedo, participaron en el proyecto aportando asesoramiento científico y apoyo en el análisis estadístico de los datos",124
https://portalinvestigacion.uniovi.es/investigadores/1380611/detalle,ADRIANA DIEZ GOMEZ DEL CASAL,COLABORA_EN,programa PositivaMente 2.0,"La supervisión del programa fue realizada por esta profesora junto a Adriana Díez Gómez del Casal, de la Universidad de La Rioja.",124
https://portalinvestigacion.uniovi.es/investigadores/219515/detalle,EDUARDO FONSECA PEDRERO,COLABORA_EN,programa PositivaMente 2.0,"Ambas psicólogas son autoras del programa junto con Alicia Pérez-Albéniz y Eduardo Fonseca-Pedrero, del grupo de investigación PRISMA.",124
https://portalinvestigacion.uniovi.es/investigadores/218536/detalle,IGNACIO VILLAVERDE MENENDEZ,COLABORA_EN,donación de escultura,"Ignacio Villaverde, rector de la Universidad de Oviedo, que agradece la generosidad de la fundación, subraya que “la incorporación de esta escultura supone un hito para nuestra institución y para la ciudad.",126
https://portalinvestigacion.uniovi.es/investigadores/220100/detalle,SONIA OTERO ESTEVEZ,INVESTIGA_SOBRE,Sociología de la Alimentación,"El grupo de investigación en Sociología de la Alimentación de la Universidad de Oviedo analiza las transformaciones recientes en las prácticas de compra, preparación y consumo de alimentos.",127
https://portalinvestigacion.uniovi.es/investigadores/217118/detalle,CECILIA DIAZ MENDEZ,COLABORA_EN,II Informe Ecosocial sobre calidad de vida en España,"Las investigadoras Cecilia Díaz Méndez, Isabel García Espejo y Sonia Otero Estévez firman un capítulo del ‘II Informe Ecosocial sobre calidad de vida en España’ de FUHEM, dedicado a la alimentación.",127
https://portalinvestigacion.uniovi.es/investigadores/217576/detalle,MARIA ISABEL GARCIA ESPEJO,COLABORA_EN,II Informe Ecosocial sobre calidad de vida en España,"Las investigadoras Cecilia Díaz Méndez, Isabel García Espejo y Sonia Otero Estévez firman un capítulo del ‘II Informe Ecosocial sobre calidad de vida en España’ de FUHEM, dedicado a la alimentación.",127
https://portalinvestigacion.uniovi.es/investigadores/220100/detalle,SONIA OTERO ESTEVEZ,COLABORA_EN,II Informe Ecosocial sobre calidad de vida en España,"Las investigadoras Cecilia Díaz Méndez, Isabel García Espejo y Sonia Otero Estévez firman un capítulo del ‘II Informe Ecosocial sobre calidad de vida en España’ de FUHEM, dedicado a la alimentación.",127
https://portalinvestigacion.uniovi.es/investigadores/217118/detalle,CECILIA DIAZ MENDEZ,DESARROLLA,estudio sobre hábitos alimentarios,"El grupo de investigación en Sociología de la Alimentación (SOCIALIMEN) de la Universidad de Oviedo ha publicado un estudio en el que analizan las transformaciones recientes en las prácticas de compra, preparación y consumo de alimentos en los hogares españoles.",127
https://portalinvestigacion.uniovi.es/investigadores/217576/detalle,MARIA ISABEL GARCIA ESPEJO,DESARROLLA,estudio sobre hábitos alimentarios,"El grupo de investigación en Sociología de la Alimentación (SOCIALIMEN) de la Universidad de Oviedo ha publicado un estudio en el que analizan las transformaciones recientes en las prácticas de compra, preparación y consumo de alimentos en los hogares españoles.",127
https://portalinvestigacion.uniovi.es/investigadores/220100/detalle,SONIA OTERO ESTEVEZ,DESARROLLA,estudio sobre hábitos alimentarios,"El grupo de investigación en Sociología de la Alimentación (SOCIALIMEN) de la Universidad de Oviedo ha publicado un estudio en el que analizan las transformaciones recientes en las prácticas de compra, preparación y consumo de alimentos en los hogares españoles.",127
https://portalinvestigacion.uniovi.es/investigadores/217196/detalle,FRANCISCO JAVIER DE COS JUEZ,INVESTIGA_SOBRE,eclipse total de Sol,"Javier de Cos, director del instituto, y Noemí Pinilla-Alonso, investigadora distinguida del Programa ATRAE en la universidad asturiana.",128
https://portalinvestigacion.uniovi.es/investigadores/217196/detalle,FRANCISCO JAVIER DE COS JUEZ,COLABORA_EN,observación del eclipse,"El evento cuenta con la colaboración del Ministerio de Ciencia, Innovación y Universidades - FECYT.",128
https://portalinvestigacion.uniovi.es/investigadores/217124/detalle,SUSANA IRENE DIAZ RODRIGUEZ,LIDERA,divulgación científica,"Irene Díaz, vicerrectora de Investigación destaca que 'este ensayo supone una excelente oportunidad para acercar la ciencia a la sociedad'.",128
https://portalinvestigacion.uniovi.es/investigadores/217196/detalle,FRANCISCO JAVIER DE COS JUEZ,INVESTIGA_SOBRE,observación astronómica,"Javier de Cos subraya el valor práctico de la iniciativa: 'El 29 de abril podremos comprobar sobre el terreno aspectos fundamentales como la ubicación, la visibilidad y las condiciones de observación'.",128
https://portalinvestigacion.uniovi.es/investigadores/217196/detalle,FRANCISCO JAVIER DE COS JUEZ,INVESTIGA_SOBRE,recomendaciones para la observación,"Noemí Pinilla-Alonso incide en la importancia de la divulgación científica: 'Queremos que la gente no solo observe el eclipse, sino que lo haga con conocimiento'.",128
https://portalinvestigacion.uniovi.es/investigadores/218536/detalle,IGNACIO VILLAVERDE MENENDEZ,INVESTIGA_SOBRE,movilidad académica,Villaverde ha insistido en que el principal reto de las universidades es definir el propósito de estas iniciativas.,129
https://portalinvestigacion.uniovi.es/investigadores/218536/detalle,IGNACIO VILLAVERDE MENENDEZ,INVESTIGA_SOBRE,internacionalización universitaria,"Frente a este modelo, Villaverde ha defendido la necesidad de avanzar hacia estructuras de colaboración más profundas y sostenibles.",129
https://portalinvestigacion.uniovi.es/investigadores/218536/detalle,IGNACIO VILLAVERDE MENENDEZ,INVESTIGA_SOBRE,alianzas estratégicas,"Hay que ir a un modelo de alianzas, a un modelo de confederación de universidades, de fusión en frío de universidades.",129
https://portalinvestigacion.uniovi.es/investigadores/218536/detalle,IGNACIO VILLAVERDE MENENDEZ,INVESTIGA_SOBRE,impacto social de la movilidad,"Villaverde ha alertado de que, en muchos casos, estos programas no garantizan la igualdad de oportunidades.",129
https://portalinvestigacion.uniovi.es/investigadores/218536/detalle,IGNACIO VILLAVERDE MENENDEZ,COLABORA_EN,donación de escultura,"Ignacio Villaverde, rector de la Universidad de Oviedo, que agradece la generosidad de la fundación, subraya que 'la incorporación de esta escultura supone un hito para nuestra institución y para la ciudad.'",130
https://portalinvestigacion.uniovi.es/investigadores/217928/detalle,JUAN MANUEL MARCHANTE GAYON,INVESTIGA_SOBRE,docencia universitaria,"Juan Manuel Marchante, Vicerrector de Estudios y Docencia de la Universidad de Oviedo, ha presentado los resultados del análisis de la docencia que están realizando.",131
https://portalinvestigacion.uniovi.es/investigadores/217758/detalle,MARIA CONCEPCION LOPEZ DIAZ,LIDERA,ordenación académica,"La Comisión Sectorial de Ordenación Académica, presidida por la rectora de la Universidad de Cantabria, Concepción López, se ha reunido en la Universitat de les Illes Balears (UIB).",131
https://portalinvestigacion.uniovi.es/investigadores/1010407/detalle,ENRIQUE JOSE RODRIGUEZ MARTIN,COLABORA_EN,Cultura Cercana,La Universidad de Oviedo y la Consejería de Derechos Sociales y Bienestar han presentado hoy en el Edificio Histórico una nueva edición del programa Cultura Cercana.,132
https://portalinvestigacion.uniovi.es/investigadores/1010407/detalle,ENRIQUE JOSE RODRIGUEZ MARTIN,INVESTIGA_SOBRE,ciencia cercana y divulgación accesible,"La edición 2026 se articula en torno a seis líneas estratégicas: cultura y bienestar emocional; ciencia cercana y divulgación accesible; memoria, identidad y patrimonio local.",132
https://portalinvestigacion.uniovi.es/investigadores/218149/detalle,JOSE MANUEL RICO ORDAS,COLABORA_EN,Cambio Climático,la elaboración de estos materiales fue el resultado de un proceso de colaboración intenso entre Juan Hernaz y un equipo interdisciplinar de la Cátedra,133
https://portalinvestigacion.uniovi.es/investigadores/217570/detalle,LAURA GARCIA DE LA FUENTE,COLABORA_EN,Cambio Climático,elaboración de estos materiales fue el resultado de un proceso de colaboración intenso entre Juan Hernaz y un equipo interdisciplinar de la Cátedra,133
https://portalinvestigacion.uniovi.es/investigadores/216996/detalle,ARTURO COLINA VUELTA,COLABORA_EN,Cambio Climático,elaboración de estos materiales fue el resultado de un proceso de colaboración intenso entre Juan Hernaz y un equipo interdisciplinar de la Cátedra,133
https://portalinvestigacion.uniovi.es/investigadores/218150/detalle,MANUEL RICO SECADES,COLABORA_EN,Cambio Climático,elaboración de estos materiales fue el resultado de un proceso de colaboración intenso entre Juan Hernaz y un equipo interdisciplinar de la Cátedra,133
https://portalinvestigacion.uniovi.es/investigadores/217903/detalle,DANIEL HERRERA ARENAS,COLABORA_EN,Cambio Climático,elaboración de estos materiales fue el resultado de un proceso de colaboración intenso entre Juan Hernaz y un equipo interdisciplinar de la Cátedra,133
https://portalinvestigacion.uniovi.es/investigadores/218040/detalle,ICARO OBESO MUÑIZ,COLABORA_EN,Cambio Climático,elaboración de estos materiales fue el resultado de un proceso de colaboración intenso entre Juan Hernaz y un equipo interdisciplinar de la Cátedra,133
https://portalinvestigacion.uniovi.es/investigadores/219660/detalle,ANTONIO TORRALBA BURRIAL,COLABORA_EN,Cambio Climático,elaboración de estos materiales fue el resultado de un proceso de colaboración intenso entre Juan Hernaz y un equipo interdisciplinar de la Cátedra,133
https://portalinvestigacion.uniovi.es/investigadores/219096/detalle,PEDRO ARCOS GONZÁLEZ,COLABORA_EN,Cambio Climático,elaboración de estos materiales fue el resultado de un proceso de colaboración intenso entre Juan Hernaz y un equipo interdisciplinar de la Cátedra,133
https://portalinvestigacion.uniovi.es/investigadores/218539/detalle,MARIA ISABEL VIÑA OLAY,LIDERA,Defensoría Universitaria,"la defensora, Isabel Viña, ha presentado ante el Claustro su informe anual",134
https://portalinvestigacion.uniovi.es/investigadores/217169/detalle,ANGEL ESPINIELLA MENENDEZ,COLABORA_EN,"Reglamento General de Centros, Departamentos e Institutos","el Claustro ha aprobado el nuevo Reglamento General de Centros, Departamentos e Institutos, una norma moderna, alineada con la Ley Orgánica del Sistema Universitario (LOSU) y con los nuevos Estatutos de la Universidad de Oviedo",134
https://portalinvestigacion.uniovi.es/investigadores/216950/detalle,PEDRO DOMINGO ALVAREZ LLORET,COLABORA_EN,patrimonio cultural,"El alumnado del Grado de Historia del Arte y del Máster Universitario en Estudios Avanzados en Historia del Arte ofrecerá a lo largo de este fin de semana, ocho visitas guiadas diferentes –gratuitas- para conmemorar el Día Internacional de los Monumentos y los Sitios.",135
https://portalinvestigacion.uniovi.es/investigadores/218801/detalle,FRANCISCO GARCIA RIESGO,COLABORA_EN,internacionalización,"«El estudiantado internacional en España representa el 3,4%, lejos de la media de la OCDE (6,4%). La solución pasa por una cooperación estrecha entre administraciones y universidades».",136
https://portalinvestigacion.uniovi.es/investigadores/218442/detalle,RAMON SOBRINO SANCHEZ,LIDERA,Festival musicUO,"Ramón Sobrino, catedrático de Musicología y director del ciclo.",137
https://portalinvestigacion.uniovi.es/investigadores/218495/detalle,PABLO ZAPICO GARCIA,COLABORA_EN,Festival musicUO,los hermanos Daniel y Pablo Zapico (archilaúd y tiorba),137
https://portalinvestigacion.uniovi.es/investigadores/218536/detalle,IGNACIO VILLAVERDE MENENDEZ,LIDERA,alianza INGENIUM,Villaverde ha explicado que las recomendaciones 'van en sintonía con el nuevo enfoque que hemos dado a la alianza'.,138
https://portalinvestigacion.uniovi.es/investigadores/219809/detalle,SILVIA MEDINA QUINTANA,COLABORA_EN,arte contemporáneo,"la galerista y coordinadora local, Silvia Medina, y la productora ejecutiva del proyecto, Malu da Cunha, que interviene en nombre de los artistas.",139
https://portalinvestigacion.uniovi.es/investigadores/1095823/detalle,RODRIGO CUETO GARCIA,INVESTIGA_SOBRE,historia del arte,"la catedrática de Historia del Arte de la Universidad de Oviedo, María Pilar García Cuetos, asegura que la exposición sitúa el arte 'como lenguaje común que acerca a público y artistas'.",139
https://portalinvestigacion.uniovi.es/investigadores/216887/detalle,JAVIER DE ANDRES SUAREZ,INVESTIGA_SOBRE,divulgación ambiental,El estudio pone de relieve que la divulgación ambiental no es homogénea entre empresas.,140
https://portalinvestigacion.uniovi.es/investigadores/217791/detalle,PEDRO LORCA FERNANDEZ,INVESTIGA_SOBRE,divulgación ambiental,"El marco regulatorio ha supuesto un impulso relevante, pero no garantiza por sí solo niveles elevados de divulgación.",140
https://portalinvestigacion.uniovi.es/investigadores/216887/detalle,JAVIER DE ANDRES SUAREZ,INVESTIGA_SOBRE,divulgación ambiental,Las diferencias entre países ponen de manifiesto que la regulación común convive con realidades institucionales diversas que siguen influyendo en el comportamiento empresarial.,140
https://portalinvestigacion.uniovi.es/investigadores/217791/detalle,PEDRO LORCA FERNANDEZ,INVESTIGA_SOBRE,divulgación ambiental,"Avanzar hacia una mayor transparencia ambiental requerirá no solo regulación, sino también un compromiso más firme por parte de las empresas con la rendición de cuentas.",140
https://portalinvestigacion.uniovi.es/investigadores/218536/detalle,IGNACIO VILLAVERDE MENENDEZ,COLABORA_EN,evaluación institucional,El rector Ignacio Villaverde participará en varias de las actividades diseñadas a lo largo de la semana.,141
https://portalinvestigacion.uniovi.es/investigadores/218536/detalle,IGNACIO VILLAVERDE MENENDEZ,LIDERA,alianza INGENIUM,"La Universidad de Oviedo, como coordinadora, acogerá del 6 al 10 de abril la visita del equipo evaluador.",141
https://portalinvestigacion.uniovi.es/investigadores/1116426/detalle,JOSE ANTONIO FERNANDEZ ALVAREZ,LIDERA,sistemas híbridos de energía solar y nuclear,"La iniciativa está liderada por el grupo Sistemas Electrónicos de Alimentación (SEA), de la institución académica asturiana, junto a las universidades de Vigo y Leicester (Reino Unido).",142
https://portalinvestigacion.uniovi.es/investigadores/217321/detalle,PABLO FERNANDEZ MIAJA,COLABORA_EN,sistemas híbridos de energía solar y nuclear,"Pablo Fernández Miaja, profesor de la Universidad de Oviedo, explica que, al agrupar la experiencia del Reino Unido en generadores termoeléctricos de radioisótopos (RTGs) con la de la Universidad de Oviedo en electrónica de potencia.",142
https://portalinvestigacion.uniovi.es/investigadores/1116426/detalle,JOSE ANTONIO FERNANDEZ ALVAREZ,COLABORA_EN,sistemas híbridos de energía solar y nuclear,Estamos combinando lo mejor de cada tecnología para asegurar que las misiones puedan operar durante más tiempo y en condiciones mucho más exigentes.,142
https://portalinvestigacion.uniovi.es/investigadores/1116426/detalle,JOSE ANTONIO FERNANDEZ ALVAREZ,INVESTIGA_SOBRE,sistemas de energía híbridos RTG-solar,El Grupo SEA lleva 40 años investigando y colaborando con la industria en el campo de la electrónica de potencia.,142
https://portalinvestigacion.uniovi.es/investigadores/1116426/detalle,JOSE ANTONIO FERNANDEZ ALVAREZ,DESARROLLA,sistemas de gestión de energía eléctrica,"La arquitectura híbrida utiliza un sistema de gestión de energía eléctrica, desarrollado por el grupo SEA, que permite combinar ambas fuentes de energía según sea necesario.",142
https://portalinvestigacion.uniovi.es/investigadores/1116426/detalle,JOSE ANTONIO FERNANDEZ ALVAREZ,INVESTIGA_SOBRE,generadores termoeléctricos de radioisótopos (RTGs),"Los generadores termoeléctricos de radioisótopos (RTGs) utilizan radioisótopos, que son átomos inestables que liberan energía en forma de calor de manera continua.",142
https://portalinvestigacion.uniovi.es/investigadores/1116426/detalle,JOSE ANTONIO FERNANDEZ ALVAREZ,COLABORA_EN,sistemas de energía para el espacio profundo,Mediante esta empresa se capitalizan los más de 20 años de experiencia en el desarrollo de sistemas de energía para el espacio profundo basados en energía nuclear.,142
https://portalinvestigacion.uniovi.es/investigadores/1116426/detalle,JOSE ANTONIO FERNANDEZ ALVAREZ,INVESTIGA_SOBRE,soluciones energéticas para misiones espaciales,"Este logro conjunto entre España y el Reino Unido no solo refuerza nuestros lazos bilaterales, sino que también proporciona a la comunidad científica mundial una solución energética probada y escalable.",142
https://portalinvestigacion.uniovi.es/investigadores/218778/detalle,JAVIER MARTIN SANCHEZ,INVESTIGA_SOBRE,traducción de la tabla periódica a lengua de signos,El trabajo de investigación de esta iniciativa partió de un análisis riguroso del léxico en LSE y de la constatación de que no existía una traducción completa y sistemática de la Tabla Periódica en ninguna lengua signada del mundo.,143
https://portalinvestigacion.uniovi.es/investigadores/217928/detalle,JUAN MANUEL MARCHANTE GAYON,DESARROLLA,Máster Conjunto Internacional en Tecnologías de los Procesos Químicos y Bioquímicos,"El primer título oficial INGENIUM será una realidad el próximo curso académico, 2026-2027, tras haber sido aprobado en el Consejo de Gobierno de la Universidad de Oviedo celebrado esta mañana.",144
https://portalinvestigacion.uniovi.es/investigadores/217124/detalle,SUSANA IRENE DIAZ RODRIGUEZ,COLABORA_EN,Modelización de la Incertidumbre y la Imprecisión en Teoría de la Decisión,"la universidad apuesta por reforzar las metodologías activas, mejorar la coordinación docente, adaptar las infraestructuras y consolidar el papel de la digitalización y la inteligencia artificial como herramientas clave en la enseñanza universitaria del siglo XXI.",144
https://portalinvestigacion.uniovi.es/investigadores/218536/detalle,IGNACIO VILLAVERDE MENENDEZ,LIDERA,alianza de universidades europeas,todas ellas pertenecientes a la alianza de universidades europeas que lidera la institución académica asturiana.,144
https://portalinvestigacion.uniovi.es/investigadores/217124/detalle,SUSANA IRENE DIAZ RODRIGUEZ,COLABORA_EN,nueva Programación Conjunta de Enseñanzas Oficiales (PCEO),El Consejo de Gobierno ha respaldado varias medidas vinculadas a la planificación de titulaciones y a la adaptación de la oferta formativa.,144
https://portalinvestigacion.uniovi.es/investigadores/217124/detalle,SUSANA IRENE DIAZ RODRIGUEZ,INVESTIGA_SOBRE,análisis de la docencia y la innovación docente,"El Consejo de Gobierno ha conocido también el informe sobre el análisis de la docencia y la innovación docente, presentado recientemente por la Universidad de Oviedo.",144
https://portalinvestigacion.uniovi.es/investigadores/217124/detalle,SUSANA IRENE DIAZ RODRIGUEZ,COLABORA_EN,contratos predoctorales,"El consejo ha refrendado igualmente la convocatoria de contratos predoctorales para 2026, dotada con cerca de 1,84 millones de euros.",144
https://portalinvestigacion.uniovi.es/investigadores/217124/detalle,SUSANA IRENE DIAZ RODRIGUEZ,INVESTIGA_SOBRE,proyección internacional de la investigación,la Universidad de Oviedo refuerza su compromiso con la proyección internacional de su investigación con la aprobación de la nueva convocatoria de ayudas para 2026.,144
https://portalinvestigacion.uniovi.es/investigadores/218536/detalle,IGNACIO VILLAVERDE MENENDEZ,COLABORA_EN,financiación universitaria,"En el marco de esta Asamblea, ayer, jueves 26 de marzo, se celebró una jornada de rectores y rectoras de CRUE centrada en la financiación universitaria.",146
https://portalinvestigacion.uniovi.es/investigadores/218536/detalle,IGNACIO VILLAVERDE MENENDEZ,INVESTIGA_SOBRE,financiación del sistema universitario,La jornada concluyó con una mesa redonda bajo el título «La financiación del sistema universitario español. Retos y problemas».,146
https://portalinvestigacion.uniovi.es/investigadores/217019/detalle,MARIA DEL MAR FERNANDEZ ALVAREZ,INVESTIGA_SOBRE,consumo de bebidas azucaradas,Una investigación de la Universidad de Oviedo revela que la ingesta comienza a edades muy tempranas y aumenta progresivamente con la edad hasta el punto de convertirse en la actualidad en un problema emergente de salud pública.,147
https://portalinvestigacion.uniovi.es/investigadores/217019/detalle,MARIA DEL MAR FERNANDEZ ALVAREZ,INVESTIGA_SOBRE,salud pública,El estudio revela además que el consumo comienza a edades muy tempranas y aumenta progresivamente con la edad hasta el punto de convertirse en un problema emergente de salud pública.,147
https://portalinvestigacion.uniovi.es/investigadores/217019/detalle,MARIA DEL MAR FERNANDEZ ALVAREZ,INVESTIGA_SOBRE,hábitos alimentarios,Esto indica que estas bebidas están presentes de forma constante en la mayoría de los jóvenes.,147
https://portalinvestigacion.uniovi.es/investigadores/217019/detalle,MARIA DEL MAR FERNANDEZ ALVAREZ,INVESTIGA_SOBRE,intervenciones preventivas,lo que refuerza la necesidad de intervenciones preventivas desde etapas educativas iniciales.,147
https://portalinvestigacion.uniovi.es/investigadores/217505/detalle,CAROLINA FERNANDEZ RODRIGUEZ,INVESTIGA_SOBRE,consumo de bebidas energéticas,El análisis del contexto de consumo de las bebidas energéticas se observa que el principal escenario es en entornos sociales.,147
https://portalinvestigacion.uniovi.es/investigadores/217949/detalle,RUBEN MARTIN PAYO,INVESTIGA_SOBRE,consumo de bebidas deportivas,El consumo de bebidas deportivas presenta un patrón más heterogéneo entre los adolescentes.,147
https://portalinvestigacion.uniovi.es/investigadores/1010280/detalle,LUCIA FERNANDEZ ARCE,INVESTIGA_SOBRE,alfabetización nutricional,"Conocer cuánto consumen los jóvenes y en qué contextos lo hacen resulta fundamental para diseñar estrategias eficaces de promoción de la salud, orientadas a mejorar la alfabetización nutricional.",147
https://portalinvestigacion.uniovi.es/investigadores/217949/detalle,RUBEN MARTIN PAYO,INVESTIGA_SOBRE,efectos cardiovasculares,"recuerdan que el consumo frecuente de bebidas azucaradas se asocia a diversos problemas de salud, como el aumento de peso, la aparición de diabetes tipo 2, el deterioro dental, alteraciones del sueño y otros efectos cardiovasculares.",147
https://portalinvestigacion.uniovi.es/investigadores/219065/detalle,TERESA MORAN LOPEZ,INVESTIGA_SOBRE,vulnerabilidad de aves de montaña al cambio climático,"La investigación, en la que han participado investigadores del Instituto Mixto de Investigación en Biodiversidad (IMIB - Universidad de Oviedo, CSIC, Principado de Asturias), analiza más de 800 especies de aves del Paleártico y muestra que las de alta montaña desempeñan funciones ecológicas irremplazables.",149
https://portalinvestigacion.uniovi.es/investigadores/217928/detalle,JUAN MANUEL MARCHANTE GAYON,COLABORA_EN,nuevo modelo educativo,"Marchante ha subrayado que el objetivo es 'consolidar un modelo docente más flexible, innovador y centrado en el aprendizaje del estudiantado'.",151
https://portalinvestigacion.uniovi.es/investigadores/218536/detalle,IGNACIO VILLAVERDE MENENDEZ,LIDERA,transformación del modelo educativo,"la universidad asturiana reafirma su compromiso con una enseñanza universitaria de calidad, adaptada a los retos actuales y orientada a formar profesionales preparados para un entorno social y laboral en constante transformación.",151
https://portalinvestigacion.uniovi.es/investigadores/219556/detalle,MARIA CARMEN BELLVER MORENO,INVESTIGA_SOBRE,alfabetización científica y mediática,"el estudio concluye que fomentar el pensamiento crítico, la verificación de fuentes y el uso de herramientas para contrastar información resulta clave para ayudar a los jóvenes a distinguir entre información científica fiable y desinformación.",153
https://portalinvestigacion.uniovi.es/investigadores/218756/detalle,NEREA LOPEZ BOUZAS,INVESTIGA_SOBRE,alfabetización científica y mediática,la difusión de información científica en redes sociales y medios digitales exige reforzar la alfabetización mediática y científica del alumnado.,153
https://portalinvestigacion.uniovi.es/investigadores/217246/detalle,JONATHAN CASTAÑEDA FERNANDEZ,INVESTIGA_SOBRE,alfabetización científica y mediática,"la apariencia de un argumento coherente puede resultar muy persuasiva, incluso cuando la información no está respaldada por evidencias científicas.",153
https://portalinvestigacion.uniovi.es/investigadores/218536/detalle,IGNACIO VILLAVERDE MENENDEZ,LIDERA,ceremonia de reconocimiento,"El rector, Ignacio Villaverde, ha presidido una emotiva ceremonia de agradecimiento en el Paraninfo del Edificio Histórico.",154
https://portalinvestigacion.uniovi.es/investigadores/218536/detalle,IGNACIO VILLAVERDE MENENDEZ,LIDERA,homenaje a personal jubilado,Ignacio Villaverde ha querido agradecer el compromiso de las 93 personas reconocidas este lunes en el acto Marita Aragón.,154
https://portalinvestigacion.uniovi.es/investigadores/218536/detalle,IGNACIO VILLAVERDE MENENDEZ,LIDERA,exposición,"El rector de la Universidad de Oviedo, Ignacio Villaverde, ha inaugurado esta mañana la exposición Lángara, el señor de los goles.",155
https://portalinvestigacion.uniovi.es/investigadores/217503/detalle,FRANCISCO JAVIER FERNANDEZ RIO,COLABORA_EN,exposición,"Villaverde, acompañado por el director del área de Deportes de la Universidad, Javier Fernández Río, ha recorrido las vitrinas y los expositores.",155
https://portalinvestigacion.uniovi.es/investigadores/218447/detalle,PATRICIA SOLIS GARCIA,INVESTIGA_SOBRE,tabaquismo en personas con discapacidad intelectual,"Los estudios evidencian que las personas con discapacidad intelectual encuentran importantes barreras para dejar de fumar, como la falta de información y apoyos.",156
https://portalinvestigacion.uniovi.es/investigadores/1301794/detalle,ELENA AMALIA UDEANU,INVESTIGA_SOBRE,tabaquismo en personas con discapacidad intelectual,escuchar a las personas con discapacidad intelectual es clave para diseñar intervenciones que realmente funcionen.,156
https://portalinvestigacion.uniovi.es/investigadores/217579/detalle,GLORIA GARCIA FERNANDEZ,INVESTIGA_SOBRE,tabaquismo en personas con discapacidad intelectual,las investigaciones concluyen que los programas actuales de prevención y tratamiento no responden a las necesidades de este sector de la población.,156
https://portalinvestigacion.uniovi.es/investigadores/217579/detalle,GLORIA GARCIA FERNANDEZ,COLABORA_EN,proyecto de investigación sobre tabaquismo,Estos estudios se han desarrollado en el marco de un proyecto de investigación financiado por la Delegación del Gobierno para el Plan Nacional sobre Drogas.,156
https://portalinvestigacion.uniovi.es/investigadores/217579/detalle,GLORIA GARCIA FERNANDEZ,LIDERA,investigación sobre adicciones,"la investigadora principal del proyecto, Gloria García Fernández, de la Universidad de Oviedo.",156
https://portalinvestigacion.uniovi.es/investigadores/216992/detalle,EDUARDO CIRES RODRIGUEZ,COLABORA_EN,Olimpiada de Biología,"La fase local de la Olimpiada de Biología está coordinada en la Universidad de Oviedo por los profesores Eva Martínez, Candela Cuesta y Eduardo Cires.",157
https://portalinvestigacion.uniovi.es/investigadores/217078/detalle,CANDELA CUESTA MOLINER,COLABORA_EN,Olimpiada de Biología,"La fase local de la Olimpiada de Biología está coordinada en la Universidad de Oviedo por los profesores Eva Martínez, Candela Cuesta y Eduardo Cires.",157
https://portalinvestigacion.uniovi.es/investigadores/217704/detalle,EVA MARTINEZ PINILLA,COLABORA_EN,Olimpiada de Biología,"La fase local de la Olimpiada de Biología está coordinada en la Universidad de Oviedo por los profesores Eva Martínez, Candela Cuesta y Eduardo Cires.",157
https://portalinvestigacion.uniovi.es/investigadores/218643/detalle,CELESTINO RODRIGUEZ PEREZ,LIDERA,dificultades de aprendizaje,"Los profesores de la Universidad de Oviedo Celestino Rodríguez y Marisol Cueli, integrantes del grupo de investigación en Aprendizaje Escolar, Dificultades y Rendimiento Académico (ADIR), han sido distinguidos con el premio Samuel Kirk al mejor artículo de investigación correspondiente del 2025.",158
https://portalinvestigacion.uniovi.es/investigadores/218643/detalle,CELESTINO RODRIGUEZ PEREZ,INVESTIGA_SOBRE,autoeficacia académica y aprendizaje autorregulado,El trabajo premiado se centra en estudiantes universitarios con dificultades específicas de aprendizaje y/o TDAH.,158
https://portalinvestigacion.uniovi.es/investigadores/218536/detalle,IGNACIO VILLAVERDE MENENDEZ,LIDERA,Foro de Empleo,Villaverde ha señalado durante el acto de apertura que el Foro es una herramienta clave para conectar al alumnado universitario con oportunidades reales y reforzar la retención de talento en Asturias.,159
https://portalinvestigacion.uniovi.es/investigadores/218536/detalle,IGNACIO VILLAVERDE MENENDEZ,INVESTIGA_SOBRE,empleabilidad,"ha advertido que la empleabilidad no puede entenderse solo como un reto individual, sino como un desafío colectivo que interpela al conjunto de la sociedad.",159
https://portalinvestigacion.uniovi.es/investigadores/218536/detalle,IGNACIO VILLAVERDE MENENDEZ,COLABORA_EN,colaboración entre universidad y empresa,"ha señalado la necesidad de reforzar la colaboración entre universidad, empresa e instituciones para generar oportunidades de calidad y evitar la pérdida de talento joven.",159
https://portalinvestigacion.uniovi.es/investigadores/218536/detalle,IGNACIO VILLAVERDE MENENDEZ,DESARROLLA,iniciativas para la empleabilidad,"Otra innovación es el Pasaporte al Empleo. Esta iniciativa, con un perfil lúdico y participativo, invita a estudiantes, titulados y tituladas a recorrer los diferentes estands para obtener sellos de las empresas.",159
https://portalinvestigacion.uniovi.es/investigadores/220134/detalle,JUAN MANGAS SANCHEZ,COLABORA_EN,Hidratación de alquinos activados catalizada por L‑cisteína,El trabajo seleccionado como Premio AsturChem2025 ha sido el presentado por el investigador Jorge González-Rodríguez y titulado Hidratación de alquinos activados catalizada por L‑cisteína.,161
https://portalinvestigacion.uniovi.es/investigadores/219850/detalle,MARIA FERNANDEZ DIAZ,INVESTIGA_SOBRE,catalizadores sostenibles en química orgánica,"El artículo ganador busca reemplazar metales pesados por nuevos catalizadores orgánicos o biológicos, lo que se enmarca en el desarrollo de una química más sostenible.",161
https://portalinvestigacion.uniovi.es/investigadores/218869/detalle,MARIA FERNANDEZ GARCIA,COLABORA_EN,Transformación de aminoácidos por bacterias del ácido láctico,"María Fernández García, delegada Institucional del CSIC en Asturias y directora del Instituto de Productos Lácteos de Asturias, ha pronunciado la conferencia titulada Transformación de aminoácidos por bacterias del ácido láctico y su impacto en los productos fermentados.",161
https://portalinvestigacion.uniovi.es/investigadores/217981/detalle,VICENTE GOTOR FERNANDEZ,LIDERA,Grupo de Química Bioorgánica,"En esta investigación, desarrollada en el grupo de Química Bioorgánica de la Universidad de Oviedo, se demuestra que un aminoácido natural como es la L cisteína puede actuar como catalizador para transformar sistemas propargílicos en compuestos carbonílicos.",161
https://portalinvestigacion.uniovi.es/investigadores/218170/detalle,FELIX RODRIGUEZ IGLESIAS,COLABORA_EN,Química Orgánica Sintética y Catálisis,El jurado ha destacado la posibilidad de combinar dos estrategias claves en síntesis orgánica como son la organocatálisis y la biocatálisis.,161
https://portalinvestigacion.uniovi.es/investigadores/219833/detalle,ALBA GONZALEZ SANZ,LIDERA,Ciclo de conferencias sobre Aurora de Albornoz,Begoña Camblor Pandiella y Alba González Sanz han diseñado un programa de conferencias que reúne a personas expertas en la autora o en la literatura del siglo XX.,163
https://portalinvestigacion.uniovi.es/investigadores/219833/detalle,ALBA GONZALEZ SANZ,INVESTIGA_SOBRE,Literatura del exilio republicano,Aurora de Albornoz dedicó su vida a estudiar y difundir la poesía española del exilio republicano.,163
https://portalinvestigacion.uniovi.es/investigadores/219833/detalle,ALBA GONZALEZ SANZ,INVESTIGA_SOBRE,Memoria democrática,Aurora de Albornoz es clave para algo tan básico de la construcción de la memoria democrática como la comprensión que tenemos de la poesía del exilio.,163
https://portalinvestigacion.uniovi.es/investigadores/219833/detalle,ALBA GONZALEZ SANZ,DESARROLLA,Actividades de conmemoración,"Queremos reivindicar su figura porque ella fue un agente cultural, democrático y creativo de primer orden en la España que construía su democracia.",163
https://portalinvestigacion.uniovi.es/investigadores/219833/detalle,ALBA GONZALEZ SANZ,COLABORA_EN,Ciclo de conferencias Hacia el fondo del tiempo,La Universidad de Oviedo pone en valor el legado de la escritora e investigadora luarquesa Aurora de Albornoz en el centenario de su nacimiento.,163
https://portalinvestigacion.uniovi.es/investigadores/218896/detalle,MIGUEL ENRIQUE DEL VALLE SOTO,INVESTIGA_SOBRE,ejercicio físico y cáncer en adolescentes,El trabajo galardonado demuestra que el ejercicio supervisado durante el tratamiento oncológico en adolescentes es una medida segura y factible.,164
https://portalinvestigacion.uniovi.es/investigadores/218896/detalle,MIGUEL ENRIQUE DEL VALLE SOTO,DESARROLLA,ejercicio físico supervisado,Este trabajo demuestra que el ejercicio físico supervisado durante el tratamiento oncológico en adolescentes es una intervención segura y factible.,164
https://portalinvestigacion.uniovi.es/investigadores/218896/detalle,MIGUEL ENRIQUE DEL VALLE SOTO,COLABORA_EN,ensayo clínico aleatorizado multicéntrico,La investigación se basó en realizar un ensayo clínico aleatorizado multicéntrico con 104 adolescentes de entre 12 y 19 años.,164
https://portalinvestigacion.uniovi.es/investigadores/218896/detalle,MIGUEL ENRIQUE DEL VALLE SOTO,LIDERA,intervención en adolescentes con cáncer,Estos hallazgos apoyan la integración del ejercicio físico supervisado como parte del abordaje integral del cáncer en la adolescencia.,164
https://portalinvestigacion.uniovi.es/investigadores/218896/detalle,MIGUEL ENRIQUE DEL VALLE SOTO,INVESTIGA_SOBRE,efectos adversos de tratamientos oncológicos,La investigación recuerda que los tratamientos oncológicos que incluyen quimioterapia y radioterapia se asocian con efectos adversos relevantes.,164
https://portalinvestigacion.uniovi.es/investigadores/2355864/detalle,CLAUDIA GARCIA PAJIN,LIDERA,diseño y fabricación de prótesis impresas en 3D,"“Diseñamos las prótesis a medida, para cubrir las necesidades específicas de cada persona”, explica Claudia García, ingeniera mecánica en MediaLab.",167
https://portalinvestigacion.uniovi.es/investigadores/2355864/detalle,CLAUDIA GARCIA PAJIN,COLABORA_EN,diseño y fabricación de prótesis personalizadas,"La iniciativa reúne a estudiantes, investigadores y profesionales de diferentes disciplinas que trabajan de forma colaborativa para desarrollar soluciones adaptadas a personas con amputaciones o malformaciones congénitas, especialmente niños.",167
https://portalinvestigacion.uniovi.es/investigadores/1095869/detalle,ANA FERNÁNDEZ VICIANA,INVESTIGA_SOBRE,Didáctica de las Lenguas,"La Liga de Debate no es solo una competición: es un entrenamiento para la vida, donde se pulen herramientas esenciales como la búsqueda de información veraz, la investigación, la rapidez de réplica y el respeto al adversario.",168
https://portalinvestigacion.uniovi.es/investigadores/220122/detalle,ANA GABRIELA FERNANDEZ SAAVEDRA,INVESTIGA_SOBRE,Sociología,¿Está la juventud perdiendo su capacidad de diálogo en la era de las redes sociales?,168
https://portalinvestigacion.uniovi.es/investigadores/218998/detalle,CARLOS CABO GOMEZ,INVESTIGA_SOBRE,impacto ambiental de parques eólicos,"Carlos Cabo, otro de los investigadores principales del proyecto, subraya la necesidad de mejorar los seguimientos de fauna siniestrada en los parques eólicos.",169
https://portalinvestigacion.uniovi.es/investigadores/218536/detalle,IGNACIO VILLAVERDE MENENDEZ,COLABORA_EN,Foro de Empleo,"El Vicerrectorado de Estudiantes y Empleabilidad ha ampliado, además, la nómina de participantes con incorporaciones como las de Volkswagen Group España Distribución, Qnity Electronics, Unicaja, Aena, Alsa, la Fundación para la Investigación y la Innovación Biosanitaria del Principado de Asturias (FINBA), Decathlon o MediaMarkt.",170
https://portalinvestigacion.uniovi.es/investigadores/218536/detalle,IGNACIO VILLAVERDE MENENDEZ,LIDERA,Foro de Empleo,"La Universidad de Oviedo organiza una nueva edición del Foro de Empleo, que se ha consolidado como la principal plataforma de dinamización y retención del talento universitario en la región.",170
https://portalinvestigacion.uniovi.es/investigadores/218536/detalle,IGNACIO VILLAVERDE MENENDEZ,INVESTIGA_SOBRE,dinamización y retención del talento universitario,Este encuentro busca fomentar que la excelencia profesional generada en las aulas revierta en el tejido productivo asturiano.,170
https://portalinvestigacion.uniovi.es/investigadores/218536/detalle,IGNACIO VILLAVERDE MENENDEZ,COLABORA_EN,empleabilidad,"El Foro de Empleo es un espacio para el encuentro y el entrenamiento, que permite al estudiantado mejorar su empleabilidad y facilitar su acceso al mercado laboral.",170
https://portalinvestigacion.uniovi.es/investigadores/218536/detalle,IGNACIO VILLAVERDE MENENDEZ,COLABORA_EN,nuevas actividades,"También estrena actividades, como un espacio en el que reclutadores y demandantes de empleo podrán intercambiar impresiones en un contexto informal.",170
https://portalinvestigacion.uniovi.es/investigadores/219659/detalle,ANA SUAREZ SANCHEZ,COLABORA_EN,movilidad académica,La presidenta de CRUE resaltó la movilidad académica como expresión tangible de la cooperación.,171
https://portalinvestigacion.uniovi.es/investigadores/219659/detalle,ANA SUAREZ SANCHEZ,COLABORA_EN,investigación conjunta,"estrechar vínculos implica avanzar en el reconocimiento de titulaciones, reforzar la investigación conjunta y consolidar marcos estables de colaboración institucional.",171
https://portalinvestigacion.uniovi.es/investigadores/219659/detalle,ANA SUAREZ SANCHEZ,COLABORA_EN,cooperación científica,"los programas de movilidad académica y la cooperación científica, incluyendo la promoción de la ciencia abierta y de la ciencia en español.",171
https://portalinvestigacion.uniovi.es/investigadores/217124/detalle,SUSANA IRENE DIAZ RODRIGUEZ,LIDERA,divulgación científica,"La vicerrectora de Investigación, Irene Díaz, ha reconocido que “la investigación que se realiza en las universidades tiene sentido pleno cuando llega a la sociedad.",172
https://portalinvestigacion.uniovi.es/investigadores/217124/detalle,SUSANA IRENE DIAZ RODRIGUEZ,DESARROLLA,"programa Hola, soy tu laboratorio","Entre los meses de marzo y junio, la Universidad de Oviedo desarrollará el programa Hola, soy tu laboratorio.",172
https://portalinvestigacion.uniovi.es/investigadores/217124/detalle,SUSANA IRENE DIAZ RODRIGUEZ,COLABORA_EN,iniciativas de divulgación,"La muestra refleja la colaboración entre investigadores e investigadoras, instituciones y ciudadanía.",172
https://portalinvestigacion.uniovi.es/investigadores/218536/detalle,IGNACIO VILLAVERDE MENENDEZ,LIDERA,Derecho Público,"La apertura del acto contará con la participación del rector de la Universidad de Oviedo, Ignacio Villaverde.",173
https://portalinvestigacion.uniovi.es/investigadores/218232/detalle,MARIA DE LA PAZ MENENDEZ SEBASTIAN,COLABORA_EN,Derecho Social,"la directora del Área de Igualdad de la universidad, Paz Menéndez Sebastián; y de la directora general de Igualdad del Principado de Asturias, Vanesa Fernández García.",173
https://portalinvestigacion.uniovi.es/investigadores/1301773/detalle,ANDREA FERNANDEZ GARCÍA,INVESTIGA_SOBRE,Género y Familia,la incorporación de la perspectiva de género a la investigación desde múltiples disciplinas.,173
https://portalinvestigacion.uniovi.es/investigadores/217047/detalle,CARMEN MARIA FERNANDEZ GARCIA,INVESTIGA_SOBRE,Educación,la presencia de autoras en los materiales educativos.,173
https://portalinvestigacion.uniovi.es/investigadores/217051/detalle,MARIA PAULA FERNANDEZ GARCIA,INVESTIGA_SOBRE,Psicología,la brecha de género en las pensiones.,173
https://portalinvestigacion.uniovi.es/investigadores/217045/detalle,BENJAMIN FERNANDEZ GARCIA,INVESTIGA_SOBRE,Biología Funcional,el impacto diferenciado de los desastres naturales sobre mujeres y niñas.,173
https://portalinvestigacion.uniovi.es/investigadores/218231/detalle,EVA MARIA MENENDEZ SEBASTIAN,COLABORA_EN,Derecho Público,"la directora general de Igualdad del Gobierno de Asturias, Vanesa Fernández, y la directora de área de Igualdad de la Universidad de Oviedo, Paz Menéndez Sebastián.",174
https://portalinvestigacion.uniovi.es/investigadores/218536/detalle,IGNACIO VILLAVERDE MENENDEZ,COLABORA_EN,Derecho Público,"El acto ha contado con la presencia del rector de la Universidad de Oviedo, Ignacio Villaverde.",174
https://portalinvestigacion.uniovi.es/investigadores/218232/detalle,MARIA DE LA PAZ MENENDEZ SEBASTIAN,COLABORA_EN,Derecho Privado y de la Empresa,"la directora de área de Igualdad de la Universidad de Oviedo, Paz Menéndez Sebastián.",174
https://portalinvestigacion.uniovi.es/investigadores/218046/detalle,RODRIGO OLAY VALDES,LIDERA,poesía festiva de José Iglesias de la Casa,"La investigadora de la Universidad de Salamanca estudia, en la obra premiada por unanimidad, la poesía festiva de José Iglesias de la Casa.",175
https://portalinvestigacion.uniovi.es/investigadores/218454/detalle,VERONICA SOTO LOPEZ,COLABORA_EN,Premio de Investigación Instituto Feijoo de Estudios del Siglo XVIII,Noelia López Souto (Universidad de Salamanca) se ha alzado con el Premio de Investigación Instituto Feijoo de Estudios del Siglo XVIII 2026.,175
https://portalinvestigacion.uniovi.es/investigadores/218046/detalle,RODRIGO OLAY VALDES,COLABORA_EN,Premio de Investigación Instituto Feijoo de Estudios del Siglo XVIII,"El jurado que ha concedido esta distinción está formado por Armando Menéndez Viso (director del IFESXVIII), tres miembros del Consejo Rector del Instituto (Juan Díaz Álvarez, Marta Friera Álvarez y María Jesús García Garrosa) y el presidente de la SEESXVIII (Fernando Durán López).",175
https://portalinvestigacion.uniovi.es/investigadores/2237794/detalle,DAVID FERNANDEZ VIVERO,LIDERA,microRNA como biomarcador de adaptación al entrenamiento,"El trabajo, publicado en Scandinavian Journal of Medicine & Science in Sports, ha sido liderado por el grupo de investigación Intervenciones Traslacionales para la Salud de la Universidad de Oviedo.",176
https://portalinvestigacion.uniovi.es/investigadores/217641/detalle,EDUARDO IGLESIAS GUTIERREZ,COLABORA_EN,investigación sobre microRNA y entrenamiento,"El estudio se apoya en el análisis de los microRNA, pequeñas moléculas de RNA cuyo descubrimiento fue reconocido con el Premio Nobel de Fisiología o Medicina en 2024.",176
https://portalinvestigacion.uniovi.es/investigadores/217641/detalle,EDUARDO IGLESIAS GUTIERREZ,LIDERA,análisis de microRNA en deportistas olímpicos,"Identificar biomarcadores moleculares sensibles al entrenamiento, como el miR-223-3p, nos acerca a una monitorización más precisa y personalizada en deportistas de élite.",176
https://portalinvestigacion.uniovi.es/investigadores/219836/detalle,NICOLAS TERRADOS CEPEDA,LIDERA,investigación sobre respuesta cardíaca al ejercicio,Estos análisis funcionales asociaron el miR-223-3p con procesos vinculados a la regulación de la contracción cardíaca en estructuras clave para el control del ritmo cardíaco.,176
https://portalinvestigacion.uniovi.es/investigadores/2237794/detalle,DAVID FERNANDEZ VIVERO,INVESTIGA_SOBRE,microRNA y adaptación al ejercicio,Los microRNA circulantes en sangre parecen constituir un mecanismo de comunicación entre los diferentes tejidos corporales.,176
https://portalinvestigacion.uniovi.es/investigadores/219836/detalle,NICOLAS TERRADOS CEPEDA,COLABORA_EN,investigación sobre microRNA y entrenamiento,Este trabajo demuestra que es posible integrar investigación molecular de vanguardia en la planificación real del alto rendimiento.,176
https://portalinvestigacion.uniovi.es/investigadores/219832/detalle,MARIA GOMEZ MARTIN,COLABORA_EN,docencia universitaria,"la colaboración entre universidades y administraciones «no es una opción, sino una condición indispensable para asegurar la igualdad de oportunidades, la cohesión territorial y la excelencia académica».",178
https://portalinvestigacion.uniovi.es/investigadores/219832/detalle,MARIA GOMEZ MARTIN,INVESTIGA_SOBRE,inteligencia artificial en la docencia universitaria,se analizarán los retos derivados de la irrupción de la IA generativa en los procesos de enseñanza-aprendizaje y en los sistemas de evaluación.,178
https://portalinvestigacion.uniovi.es/investigadores/217079/detalle,MARIA BEGOÑA CUETO IGLESIAS,DESARROLLA,modelo estadístico para mejorar la empleabilidad,La Cátedra de Evaluación de las Políticas de Empleo ha desarrollado este modelo estadístico en el marco de un estudio sobre el mercado laboral asturiano.,179
https://portalinvestigacion.uniovi.es/investigadores/218362/detalle,CESAR RODRIGUEZ GUTIERREZ,COLABORA_EN,Cátedra de Evaluación de Políticas de Empleo,"Es el primer informe que elabora la Cátedra de Evaluación de Políticas de Empleo, financiada por el Sepepa en colaboración con la Universidad de Oviedo.",179
https://portalinvestigacion.uniovi.es/investigadores/216972/detalle,JUAN FRANCISCO CANAL DOMINGUEZ,COLABORA_EN,Cátedra de Evaluación de Políticas de Empleo,"Es el primer informe que elabora la Cátedra de Evaluación de Políticas de Empleo, financiada por el Sepepa en colaboración con la Universidad de Oviedo.",179
https://portalinvestigacion.uniovi.es/investigadores/218284/detalle,MATIAS MAYOR FERNANDEZ,COLABORA_EN,Cátedra de Evaluación de Políticas de Empleo,"Es el primer informe que elabora la Cátedra de Evaluación de Políticas de Empleo, financiada por el Sepepa en colaboración con la Universidad de Oviedo.",179
https://portalinvestigacion.uniovi.es/investigadores/217811/detalle,SUSANA LUQUE RODRIGUEZ,COLABORA_EN,Cátedra de Evaluación de Políticas de Empleo,"Es el primer informe que elabora la Cátedra de Evaluación de Políticas de Empleo, financiada por el Sepepa en colaboración con la Universidad de Oviedo.",179
https://portalinvestigacion.uniovi.es/investigadores/216870/detalle,MARIA ISABEL ALVAREZ VEGA,COLABORA_EN,debate,Divergencia defenderá a la Universidad de Oviedo en la Liga Interuniversitaria del Debate del G-9.,180
https://portalinvestigacion.uniovi.es/investigadores/1301778/detalle,CRISTIAN PEREZ GARCIA,COLABORA_EN,jurado,"viajarán a Zaragoza Roger Campione, director del Grupo de debate, y Cristián Pérez, que formará parte del jurado.",180
https://portalinvestigacion.uniovi.es/investigadores/216966/detalle,TONI ROGER CAMPIONE,COLABORA_EN,debate,"viajarán a Zaragoza Roger Campione, director del Grupo de debate.",180
https://portalinvestigacion.uniovi.es/investigadores/217014/detalle,RUBEN FERNANDEZ ALONSO,LIDERA,Olimpiada Asturiana de Geología,"la lista de 10 finalistas estuvo liderada por Coral Garrido García, del IES Padre Feijóo (Gijón)",181
https://portalinvestigacion.uniovi.es/investigadores/218536/detalle,IGNACIO VILLAVERDE MENENDEZ,COLABORA_EN,inteligencia artificial,la colaboración interuniversitaria es una herramienta estratégica para fortalecer el sistema público,182
https://portalinvestigacion.uniovi.es/investigadores/218536/detalle,IGNACIO VILLAVERDE MENENDEZ,LIDERA,Transformación Institucional,"“Como universidad coordinadora de la alianza, la Universidad de Oviedo asume el liderazgo de este proceso” que, según ha explicado el rector, Ignacio Villaverde, “no es un mero requisito europeo, sino una oportunidad histórica para modernizar nuestra universidad desde dentro”.",183
https://portalinvestigacion.uniovi.es/investigadores/218412/detalle,JESUS DANIEL SANTOS RODRIGUEZ,COLABORA_EN,Movilidad internacional,"El Consejo de Gobierno ha dado el visto bueno a la convocatoria de ayudas de movilidad internacional para el personal docente e investigador correspondiente al año 2026, dotada con 50.000 euros con cargo al II Plan Plurianual de Investigación y Recursos Humanos 2025-2028.",183
https://portalinvestigacion.uniovi.es/investigadores/2370717/detalle,EDUARDO FERNANDEZ ALONSO,COLABORA_EN,cooperación institucional,la Universidad de Oviedo ha demostrado en todo momento su voluntad de cooperación y de búsqueda de soluciones compartidas.,184
https://portalinvestigacion.uniovi.es/investigadores/219706/detalle,MIGUEL ANTONIO FERNANDEZ MARQUEZ,COLABORA_EN,biodiversidad fúngica,"La incorporación de este fondo refuerza el valor del herbario como infraestructura estratégica para la investigación, la docencia y la conservación del patrimonio natural.",186
https://portalinvestigacion.uniovi.es/investigadores/219706/detalle,MIGUEL ANTONIO FERNANDEZ MARQUEZ,INVESTIGA_SOBRE,estudios taxonómicos,"El tratamiento, catalogación y digitalización progresiva de estos materiales permitirá que estén disponibles para estudios taxonómicos, biogeográficos y de cambio global.",186
https://portalinvestigacion.uniovi.es/investigadores/216992/detalle,EDUARDO CIRES RODRIGUEZ,COLABORA_EN,biodiversidad fúngica,El Herbario FCO amplía su representatividad en el ámbito micológico y consolida su papel como infraestructura científica estratégica del Departamento de Biología de Organismos y Sistemas.,186
https://portalinvestigacion.uniovi.es/investigadores/218536/detalle,IGNACIO VILLAVERDE MENENDEZ,LIDERA,Alianza INGENIUM,"su contribución clave al impulso de la Alianza INGENIUM, una iniciativa que reúne a diez universidades de diez países de la Unión Europea.",187
https://portalinvestigacion.uniovi.es/investigadores/218536/detalle,IGNACIO VILLAVERDE MENENDEZ,INVESTIGA_SOBRE,Derecho Constitucional,su notable contribución como catedrático de Derecho Constitucional.,187
https://portalinvestigacion.uniovi.es/investigadores/218038/detalle,ANA BELEN RAMOS GUAJARDO,LIDERA,"impacto social, económico y ambiental del desplazamiento de flotas pesqueras","La Universidad de Oviedo, a través del Instituto de Recursos Naturales y Ordenación del Territorio (INDUROT), lidera el proyecto ESPARDE",188
https://portalinvestigacion.uniovi.es/investigadores/218040/detalle,ICARO OBESO MUÑIZ,COLABORA_EN,proyecto ESPARDE,El proyecto cuenta con la colaboración de la Fundación Biodiversidad del Ministerio para la Transición Ecológica y el Reto Demográfico,188
https://portalinvestigacion.uniovi.es/investigadores/219310/detalle,EMMA ZAPICO FERNANDEZ,COLABORA_EN,proyecto ESPARDE,El proyecto cuenta con la colaboración de la Fundación Biodiversidad del Ministerio para la Transición Ecológica y el Reto Demográfico,188
https://portalinvestigacion.uniovi.es/investigadores/217570/detalle,LAURA GARCIA DE LA FUENTE,COLABORA_EN,proyecto ESPARDE,"El equipo está integrado por los profesores Emma Zapico, Ana Belén Ramos e Ícaro Obeso",188
https://portalinvestigacion.uniovi.es/investigadores/216996/detalle,ARTURO COLINA VUELTA,COLABORA_EN,proyecto ESPARDE,"El equipo está integrado por los profesores Emma Zapico, Ana Belén Ramos e Ícaro Obeso",188
https://portalinvestigacion.uniovi.es/investigadores/218110/detalle,INES PEÑUELAS SANCHEZ,COLABORA_EN,cooperación universitaria,"La vicerrectora de Sostenibilidad y Digitalización, Inés Peñuelas, forma parte de la delegación de la CRUE que participa en el encuentro.",189
https://portalinvestigacion.uniovi.es/investigadores/218110/detalle,INES PEÑUELAS SANCHEZ,INVESTIGA_SOBRE,inteligencia artificial,"se analizarán 'el impacto de la inteligencia artificial, la importancia de la movilidad académica'.",189
https://portalinvestigacion.uniovi.es/investigadores/218110/detalle,INES PEÑUELAS SANCHEZ,INVESTIGA_SOBRE,movilidad académica,"se analizarán 'el impacto de la inteligencia artificial, la importancia de la movilidad académica'.",189
https://portalinvestigacion.uniovi.es/investigadores/218110/detalle,INES PEÑUELAS SANCHEZ,INVESTIGA_SOBRE,creación de start-ups,el papel de las universidades en el apoyo a sus egresados en la creación de start-ups.,189
https://portalinvestigacion.uniovi.es/investigadores/218110/detalle,INES PEÑUELAS SANCHEZ,INVESTIGA_SOBRE,empleabilidad,cómo el aprendizaje a lo largo de la vida incide en los retos de la empleabilidad.,189
https://portalinvestigacion.uniovi.es/investigadores/217772/detalle,BELEN LOPEZ MARTINEZ,COLABORA_EN,Olimpiada de Biología,"La entrega de premios ha contado con la asistencia de Belén López Martínez, nueva decana de la Facultad de Biología.",190
https://portalinvestigacion.uniovi.es/investigadores/219668/detalle,FERNANDO RUBIERA MOROLLON,LIDERA,Cátedra para el Análisis de la Innovación en Asturias,"el equipo de investigación de la Cátedra, dirigida por el catedrático de Economía Aplicada Fernando Rubiera",191
https://portalinvestigacion.uniovi.es/investigadores/219668/detalle,FERNANDO RUBIERA MOROLLON,INVESTIGA_SOBRE,industria de defensa,Uno de los primeros sectores de estudio será la industria de defensa.,191
https://portalinvestigacion.uniovi.es/investigadores/219668/detalle,FERNANDO RUBIERA MOROLLON,INVESTIGA_SOBRE,Inteligencia Artificial,la Cátedra estudiará el impacto de la digitalización y la Inteligencia Artificial en la transformación del mercado laboral.,191
https://portalinvestigacion.uniovi.es/investigadores/219668/detalle,FERNANDO RUBIERA MOROLLON,DESARROLLA,panel de control sobre el impacto de la innovación,se desarrollará un dashboard o panel de control que facilitará el seguimiento del impacto de la innovación en la economía regional.,191
https://portalinvestigacion.uniovi.es/investigadores/1010273/detalle,IRENE DIAZ MARTINEZ,COLABORA_EN,inteligencia artificial,"El ceisIA nació en abril de 2023, en virtud de un acuerdo entre la universidad y el ayuntamiento, con el objetivo de aplicar la inteligencia artificial a la mejora de los procesos municipales y al análisis de su impacto social.",192
https://portalinvestigacion.uniovi.es/investigadores/219278/detalle,NOELIA RICO PACHON,DESARROLLA,aplicación para la gestión de licencias urbanísticas,"Entre estos trabajos, destaca el desarrollo de una aplicación para la gestión de licencias urbanísticas, concebida como instrumento de apoyo a la toma de decisiones y de agilización de los procedimientos administrativos.",192
https://portalinvestigacion.uniovi.es/investigadores/218536/detalle,IGNACIO VILLAVERDE MENENDEZ,LIDERA,ceisIA,"La universidad garantiza la continuidad del ceisIA como centro propio, en un entorno más estable y alineado con los principios de buen gobierno y uso responsable de los recursos públicos.",192
https://portalinvestigacion.uniovi.es/investigadores/218048/detalle,HUGO OLMEDILLAS FERNANDEZ,LIDERA,lesiones inguinales deportivas,Un metaanálisis liderado por el grupo AstuRES y publicado en el ‘British Journal of Sports Medicine’ analiza cerca de 6.000 lesiones para identificar perfiles de riesgo clave.,194
https://portalinvestigacion.uniovi.es/investigadores/218048/detalle,HUGO OLMEDILLAS FERNANDEZ,INVESTIGA_SOBRE,epidemiología de lesiones deportivas,La investigación apunta un aumento del 5% de tasa de incidencia por cada año de edad del deportista.,194
https://portalinvestigacion.uniovi.es/investigadores/218048/detalle,HUGO OLMEDILLAS FERNANDEZ,COLABORA_EN,prevención de lesiones deportivas,"Estos hallazgos, que muestran una consistencia clara tanto en niveles de élite como en el deporte amateur, permiten implementar modelos de prevención adecuados a cada deportista, según su perfil de riesgo lesional.",194
https://portalinvestigacion.uniovi.es/investigadores/218896/detalle,MIGUEL ENRIQUE DEL VALLE SOTO,COLABORA_EN,prevención de lesiones deportivas,"Con esta nueva publicación, nuestra universidad no solo estrecha la certeza sobre los factores de riesgo, sino que proporciona a clubes, asociaciones y federaciones deportivas la base científica para diseñar entrenamientos más seguros y eficientes.",194
https://portalinvestigacion.uniovi.es/investigadores/218536/detalle,IGNACIO VILLAVERDE MENENDEZ,COLABORA_EN,ciencia y tecnología del espacio,La visita se enmarca en los primeros contactos para explorar posibles líneas de colaboración en ciencia y tecnología del espacio entre el director ejecutivo de Breakthrough Initiatives y la institución académica asturiana.,195
https://portalinvestigacion.uniovi.es/investigadores/218536/detalle,IGNACIO VILLAVERDE MENENDEZ,COLABORA_EN,observación astronómica,"La visita institucional de Worden en un adelanto de su participación en el congreso internacional que el Principado, con la colaboración del Instituto de Ciencia y Tecnología del Espacio de Asturias (ICTEA) de la Universidad de Oviedo, prepara con ocasión del eclipse total de Sol que tendrá lugar en agosto.",195
https://portalinvestigacion.uniovi.es/investigadores/218536/detalle,IGNACIO VILLAVERDE MENENDEZ,LIDERA,Jornadas de Orientación Universitaria,"El rector, Ignacio Villaverde, ha participado este lunes en la inauguración junto a la concejala de Educación, Salud Pública y Consumo del Ayuntamiento de Oviedo, Lourdes García López; la directora general de Inclusión Educativa y Ordenación, María Dolores Bueno Aldea, y el vicerrector de Estudiantes y Empleabilidad, Alfonso López Muñiz.",197
https://portalinvestigacion.uniovi.es/investigadores/218536/detalle,IGNACIO VILLAVERDE MENENDEZ,COLABORA_EN,Jornadas de Orientación Universitaria,"Estas jornadas, organizadas por el Vicerrectorado de Estudiantes y Empleabilidad de la Universidad de Oviedo en colaboración con la Consejería de Educación del Principado de Asturias y el Ayuntamiento de Oviedo.",197
https://portalinvestigacion.uniovi.es/investigadores/218536/detalle,IGNACIO VILLAVERDE MENENDEZ,INVESTIGA_SOBRE,Derechos Fundamentales y Constitución,"El rector, Ignacio Villaverde, ha participado este lunes en la inauguración.",197
https://portalinvestigacion.uniovi.es/investigadores/218536/detalle,IGNACIO VILLAVERDE MENENDEZ,DESARROLLA,Orientación académica,Las JOU son una oportunidad clave para que el estudiantado preuniversitario conozca de primera mano la amplia y diversa oferta académica de la Universidad de Oviedo.,197
https://portalinvestigacion.uniovi.es/investigadores/218596/detalle,MARIA EUGENIA SUAREZ SERRANO,DESARROLLA,materiales cerámicos de alta estabilidad,El grupo de Materiales Nanoestructurados Multifuncionales del CINN desarrolló una familia de materiales basada en beta-eucriptita.,198
https://portalinvestigacion.uniovi.es/investigadores/218596/detalle,MARIA EUGENIA SUAREZ SERRANO,INVESTIGA_SOBRE,sistemas LiDAR para la atmósfera de Marte,El proyecto europeo MiLi trabaja en el desarrollo de un sistema LiDAR miniaturizado capaz de operar en las extremas condiciones del planeta rojo.,198
https://portalinvestigacion.uniovi.es/investigadores/218596/detalle,MARIA EUGENIA SUAREZ SERRANO,COLABORA_EN,proyecto europeo MiLi,El proyecto MiLi está financiado por la Comisión Europea a través del programa Horizonte Europa.,198
https://portalinvestigacion.uniovi.es/investigadores/218596/detalle,MARIA EUGENIA SUAREZ SERRANO,LIDERA,desarrollo de tecnologías para la exploración espacial,La participación del CINN refuerza el papel de la investigación asturiana en el desarrollo de tecnologías clave para la exploración espacial.,198
https://portalinvestigacion.uniovi.es/investigadores/217124/detalle,SUSANA IRENE DIAZ RODRIGUEZ,COLABORA_EN,Día Internacional de la Mujer y la Niña en la Ciencia,"La vicerrectora de Investigación de la Universidad de Oviedo, Irene Díaz, ha asegurado que este programa busca “reivindicar el papel de la mujer en la ciencia, romper con la brecha de género y ofrecer referentes reales y cercanos a las niñas y adolescentes...",199
https://portalinvestigacion.uniovi.es/investigadores/216770/detalle,PEDRO ALONSO VELAZQUEZ,COLABORA_EN,programa María Goyri,"se quiere congratular por las comunicaciones recibidas de manera informal desde el Ministerio de Ciencia, Innovación y Universidades",201
https://portalinvestigacion.uniovi.es/investigadores/219135/detalle,JESUS ANGEL DEL BRIO GONZALEZ,COLABORA_EN,evaluación del profesorado,"ha centrado sus debates en la implementación práctica de la Ley Orgánica del Sistema Universitario (LOSU), con especial atención a la evaluación del profesorado",201
https://portalinvestigacion.uniovi.es/investigadores/217370/detalle,CARLOS GONZALEZ GUTIERREZ,COLABORA_EN,Planes de Formación del Campus Digital Compartido (CDC) G-9,se ha destacado la consolidación del Plan de Formación del Profesorado y del Plan específico para el PDI Novel,201
https://portalinvestigacion.uniovi.es/investigadores/217775/detalle,ALFONSO JOAQUIN LOPEZ MUÑIZ,COLABORA_EN,Jornadas de Orientación Universitaria,"Las JOU son una oportunidad clave para que el estudiantado preuniversitario conozca de primera mano la amplia y diversa oferta académica de la Universidad de Oviedo, asegura el vicerrector de Estudiantes y Empleabilidad, Alfonso López Muñiz.",203
https://portalinvestigacion.uniovi.es/investigadores/217363/detalle,ANA ISABEL GONZALEZ GONZALEZ,COLABORA_EN,Derecho Público,"Ana Isabel González, catedrática de Escuela de Derecho Financiero y Tributario de la Universidad de Oviedo.",204
https://portalinvestigacion.uniovi.es/investigadores/217112/detalle,GUSTAVO MANUEL DIAZ GONZALEZ,COLABORA_EN,Derecho Público,"Gustavo Manuel Díaz González, departamento de Derecho Público.",204
https://portalinvestigacion.uniovi.es/investigadores/217235/detalle,MARIA ISABEL CARRERA SUAREZ,COLABORA_EN,"Literaturas, Culturas y Teorías Contemporáneas","María Isabel Carrera Suárez, grupo Intersecciones: Literaturas, Culturas y Teorías Contemporáneas.",204
https://portalinvestigacion.uniovi.es/investigadores/218090/detalle,MARCOS MANUEL PASCUAL GONZALEZ,COLABORA_EN,Derecho Financiero y Tributario,"Marcos Manuel Pascual González, departamento de Derecho Público.",204
https://portalinvestigacion.uniovi.es/investigadores/217503/detalle,FRANCISCO JAVIER FERNANDEZ RIO,COLABORA_EN,Educación,"Francisco Javier Fernández Río, catedrático de Ciencias de la Educación.",204
https://portalinvestigacion.uniovi.es/investigadores/217071/detalle,FRANCISCO MANUEL FERNANDEZ LINERA,COLABORA_EN,Ingeniería Eléctrica,"Francisco Manuel Fernández Linera, departamento de Ingeniería Eléctrica.",204
https://portalinvestigacion.uniovi.es/investigadores/217049/detalle,FRANCISCO JAVIER FERNANDEZ GARCIA,COLABORA_EN,No especificado,"Francisco Javier Fernández García, departamento no especificado.",204
https://portalinvestigacion.uniovi.es/investigadores/217509/detalle,FRANCISCO JOSE FERNANDEZ RODRIGUEZ,COLABORA_EN,Geología,"Francisco José Fernández Rodríguez, departamento de Geología.",204
https://portalinvestigacion.uniovi.es/investigadores/217362/detalle,MARTA ISABEL GONZALEZ GARCIA,COLABORA_EN,Filosofía,"Marta Isabel González García, departamento de Filosofía.",204
https://portalinvestigacion.uniovi.es/investigadores/217359/detalle,CRISTINA GONZALEZ GAGO,COLABORA_EN,Física,"Cristina González Gago, departamento de Física.",204
https://portalinvestigacion.uniovi.es/investigadores/216782/detalle,PEDRO ALVAREZ ALVAREZ,LIDERA,diversidad de hongos en raíces de roble albar,"Los investigadores descubren que los árboles que reciben menos luz y compiten por recursos albergan las comunidades más ricas, lo que subraya la importancia de conservar una estructura forestal heterogénea.",207
https://portalinvestigacion.uniovi.es/investigadores/216782/detalle,PEDRO ALVAREZ ALVAREZ,INVESTIGA_SOBRE,simbiosis de hongos y roble,Conocer la diversidad y función de estos hongos es imprescindible para gestionar y conservar los bosques atlánticos.,207
https://portalinvestigacion.uniovi.es/investigadores/216782/detalle,PEDRO ALVAREZ ALVAREZ,DESARROLLA,estrategias de conservación de bosques,El estudio proporciona una base científica sólida para diseñar estrategias de conservación que mantengan la heterogeneidad estructural del bosque.,207
https://portalinvestigacion.uniovi.es/investigadores/216782/detalle,PEDRO ALVAREZ ALVAREZ,COLABORA_EN,estudio de diversidad fúngica,"El estudio, publicado en ‘Mycological Progress’, ha sido desarrollado junto a investigadores de ixCelium (Londres) y de las universidades de Granada y de Santiago de Compostela.",207
https://portalinvestigacion.uniovi.es/investigadores/218286/detalle,ANDRES MEANA FERNANDEZ,LIDERA,Máquinas y Motores Térmicos,"Andrés Meana Fernández, profesor permanente laboral en el Área de Máquinas y Motores Térmicos.",209
https://portalinvestigacion.uniovi.es/investigadores/217124/detalle,SUSANA IRENE DIAZ RODRIGUEZ,INVESTIGA_SOBRE,Código de Buenas Prácticas en Investigación y Transferencia,"su objetivo principal es promover una investigación íntegra, honesta, rigurosa y responsable, reforzando la confianza de la sociedad en la ciencia y previniendo conductas inadecuadas.",210
https://portalinvestigacion.uniovi.es/investigadores/217124/detalle,SUSANA IRENE DIAZ RODRIGUEZ,COLABORA_EN,Programa Investigo Asturias,"la convocatoria pública para la contratación de personal investigador en el marco del 'Programa Investigo Asturias', destinada a personas jóvenes desempleadas.",210
https://portalinvestigacion.uniovi.es/investigadores/217124/detalle,SUSANA IRENE DIAZ RODRIGUEZ,COLABORA_EN,Instituto de Formación e Innovación Docente (IFID),"la creación del IFID permitirá optimizar recursos, unificar estructuras y ofrecer una oferta formativa más flexible.",210
https://portalinvestigacion.uniovi.es/investigadores/217169/detalle,ANGEL ESPINIELLA MENENDEZ,COLABORA_EN,intercambio de experiencias organizativas y de desarrollo normativo,"La Comisión Sectorial de Secretarías Generales del Grupo 9 de Universidades (G-9) ha celebrado una nueva jornada de trabajo, para intercambiar experiencias y abordar los retos organizativos.",212
https://portalinvestigacion.uniovi.es/investigadores/217169/detalle,ANGEL ESPINIELLA MENENDEZ,INVESTIGA_SOBRE,adaptación de los nuevos estatutos universitarios a la LOSU,"El trabajo se ha centrado en primer lugar, en el proceso de elaboración y adaptación de los nuevos estatutos universitarios a la LOSU.",212
https://portalinvestigacion.uniovi.es/investigadores/217169/detalle,ANGEL ESPINIELLA MENENDEZ,INVESTIGA_SOBRE,aspectos legales y procedimentales de las sanciones por fraude en las pruebas de evaluación,un punto de particular interés ha sido el análisis de los aspectos legales y procedimentales de las sanciones por fraude en las pruebas de evaluación.,212
https://portalinvestigacion.uniovi.es/investigadores/219646/detalle,SARA EVA WEIDBERG LOPEZ,DESARROLLA,tratamientos para dejar de fumar,"El Grupo de Conductas Adictivas (GCA) de la Facultad de Psicología de la Universidad de Oviedo impulsa dos programas innovadores para ayudar a dejar de fumar, tanto tabaco como cannabis.",213
https://portalinvestigacion.uniovi.es/investigadores/219646/detalle,SARA EVA WEIDBERG LOPEZ,INVESTIGA_SOBRE,abstinencia de cannabis,"CanQuit, la aplicación móvil desarrollada por el Grupo de Conductas Adictivas para ayudar a las personas con problemas de cannabis a cesar su consumo, ha sido descargada por más de 500 personas de toda España.",213
https://portalinvestigacion.uniovi.es/investigadores/219607/detalle,ANGEL GARCIA PEREZ,COLABORA_EN,programas de deshabituación tabáquica,"Con más de una década de experiencia en intervenciones de deshabituación tabáquica, el Grupo de Conductas Adictivas ha atendido con éxito a cientos de personas fumadoras.",213
https://portalinvestigacion.uniovi.es/investigadores/218421/detalle,ROBERTO SECADES VILLA,COLABORA_EN,programas de deshabituación tabáquica,"Con más de una década de experiencia en intervenciones de deshabituación tabáquica, el Grupo de Conductas Adictivas ha atendido con éxito a cientos de personas fumadoras.",213
https://portalinvestigacion.uniovi.es/investigadores/217966/detalle,ALBA GONZALEZ DE LA ROZ,COLABORA_EN,programas de deshabituación tabáquica,"Con más de una década de experiencia en intervenciones de deshabituación tabáquica, el Grupo de Conductas Adictivas ha atendido con éxito a cientos de personas fumadoras.",213
https://portalinvestigacion.uniovi.es/investigadores/1116432/detalle,LAYLA ALEMAN MOUSSA,COLABORA_EN,programas de deshabituación tabáquica,"Con más de una década de experiencia en intervenciones de deshabituación tabáquica, el Grupo de Conductas Adictivas ha atendido con éxito a cientos de personas fumadoras.",213
https://portalinvestigacion.uniovi.es/investigadores/218536/detalle,IGNACIO VILLAVERDE MENENDEZ,LIDERA,Universidad Europea,la alianza ha reafirmado que el lanzamiento de las titulaciones conjuntas constituye una de las prioridades estratégicas de INGENIUM para 2026,214
https://portalinvestigacion.uniovi.es/investigadores/218536/detalle,IGNACIO VILLAVERDE MENENDEZ,COLABORA_EN,Acuerdo marco sobre microcredenciales,"la Alianza INGENIUM contará con un acuerdo marco sobre microcredenciales, liderado por la Universidad de Oviedo",214
https://portalinvestigacion.uniovi.es/investigadores/218536/detalle,IGNACIO VILLAVERDE MENENDEZ,INVESTIGA_SOBRE,Educación conjunta,Esta próxima etapa estará centrada en consolidar la educación conjunta —con las titulaciones compartidas como eje central—,214
https://portalinvestigacion.uniovi.es/investigadores/218756/detalle,NEREA LOPEZ BOUZAS,INVESTIGA_SOBRE,comunicación en personas con autismo,la tesis galardonada analiza el uso de un Entorno de Aprendizaje Gamificado y Aumentado (EGA) en la mejora de la comunicación del alumnado con TEA,215
https://portalinvestigacion.uniovi.es/investigadores/219562/detalle,MARIA PILAR GARCES GARCIA,INVESTIGA_SOBRE,atmósfera pictórica,"María Pilar García Cuetos, catedrática de Historia del Arte y exvicerrectora de Extensión Universitaria y Proyección Cultural, destaca que “si algo define la pintura de Paz Banciella, me atrevo a decir que es la vida y la evocación cósmica que nos trasmite”.",216
https://portalinvestigacion.uniovi.es/investigadores/217614/detalle,GERMAN FLOR BLANCO,INVESTIGA_SOBRE,evolución del estuario del Nalón,"El estudio, firmado, entre otros, por los investigadores de la Universidad de Oviedo Germán Flor Blanco y Efrén García Ordiales, se basa en registros sedimentológicos de hasta 27 metros de profundidad que han permitido identificar cuatro etapas evolutivas.",217
https://portalinvestigacion.uniovi.es/investigadores/217438/detalle,EFREN GARCIA ORDIALES,INVESTIGA_SOBRE,impacto de la actividad humana en el estuario,"Las conclusiones son claras: este enclave costero no solo refleja los cambios naturales asociados a variaciones climáticas, sino también el profundo impacto de la actividad humana desde el siglo XIX, especialmente por la minería y las obras portuarias.",217
https://portalinvestigacion.uniovi.es/investigadores/217614/detalle,GERMAN FLOR BLANCO,COLABORA_EN,gestión sostenible de entornos costeros,"Este trabajo, vinculado al grupo de investigación internacional UNESCO PICG IGCP 725 y a los grupos FECYT ISYMA y GEOCANTABRICA, aporta información esencial para entender la evolución climática desde hace casi 50.000 años y la gestión sostenible de los entornos costeros en un contexto de cambio climático.",217
https://portalinvestigacion.uniovi.es/investigadores/217438/detalle,EFREN GARCIA ORDIALES,COLABORA_EN,legado minero-industrial,"este estudio ha permitido refrendar trabajos previos realizados en colaboración sobre el área, en donde se ha identificado las fuentes del legado minero-industrial.",217
https://portalinvestigacion.uniovi.es/investigadores/218536/detalle,IGNACIO VILLAVERDE MENENDEZ,LIDERA,universidad pública,"“La universidad pública es de todos y de todas, no de unos u otros. Es un bien común, colectivo y universal”",218
https://portalinvestigacion.uniovi.es/investigadores/218536/detalle,IGNACIO VILLAVERDE MENENDEZ,INVESTIGA_SOBRE,transformación social,"“Tratamos también de que los universitarios y universitarias, quienes pasan por nuestras aulas, porten con ellos esos valores y se conviertan en actores de esa transformación social”",218
https://portalinvestigacion.uniovi.es/investigadores/218536/detalle,IGNACIO VILLAVERDE MENENDEZ,DESARROLLA,programas de doctorado,“la creación del Centro Internacional de Doctorado de la Universidad de Oviedo; el impulso de la internacionalización y cotutelas dentro de la Alianza INGENIUM”,218
https://portalinvestigacion.uniovi.es/investigadores/218536/detalle,IGNACIO VILLAVERDE MENENDEZ,COLABORA_EN,becas de doctorado,“Villaverde ha anunciado la puesta en marcha de becas de doctorado para estudiantes latinoamericanos”,218
https://portalinvestigacion.uniovi.es/investigadores/218801/detalle,FRANCISCO GARCIA RIESGO,INVESTIGA_SOBRE,globalización del conocimiento,“la universidad española se enfrenta a importantes desafíos en un contexto imparable de globalización del conocimiento y de la tecnología”,218
https://portalinvestigacion.uniovi.es/investigadores/219562/detalle,MARIA PILAR GARCES GARCIA,LIDERA,Extensión Universitaria,La nueva responsable de Extensión Universitaria y Proyección Cultural ha asumido su cargo con el propósito de continuar fortaleciendo 'el vínculo entre la universidad y su entorno'.,220
https://portalinvestigacion.uniovi.es/investigadores/219562/detalle,MARIA PILAR GARCES GARCIA,INVESTIGA_SOBRE,estudios de traducción,Mateo ha centrado su investigación en el campo de los estudios de traducción en el ámbito de las lenguas inglesa y española.,220
https://portalinvestigacion.uniovi.es/investigadores/219562/detalle,MARIA PILAR GARCES GARCIA,COLABORA_EN,gestión académica,También se ha implicado activamente en la gestión académica.,220
https://portalinvestigacion.uniovi.es/investigadores/218536/detalle,IGNACIO VILLAVERDE MENENDEZ,COLABORA_EN,iniciativa de embajadores UO,"El rector Ignacio Villaverde, la vicerrectora María Pilar García Cuetos, y el presidente del Consejo de Estudiantes, Jesús Vera Berdasco, han presentado el proyecto llamando a la implicación del estudiantado.",221
https://portalinvestigacion.uniovi.es/investigadores/219562/detalle,MARIA PILAR GARCES GARCIA,COLABORA_EN,iniciativa de embajadores UO,"“Ser embajador o embajadora UO implica una forma activa de participación universitaria, abierta a estudiantes interesados en contribuir al desarrollo del territorio desde su conocimiento académico y su vinculación personal con el entorno.”",221
https://portalinvestigacion.uniovi.es/investigadores/218536/detalle,IGNACIO VILLAVERDE MENENDEZ,LIDERA,Cátedra de Cultura Científica,"La Cátedra de Cultura Científica es fruto de la colaboración entre la Universidad de Oviedo y la Consejería de Ciencia, Industria y Empleo del Principado de Asturias.",222
https://portalinvestigacion.uniovi.es/investigadores/218536/detalle,IGNACIO VILLAVERDE MENENDEZ,INVESTIGA_SOBRE,Percepción Social de la Ciencia,"El Barómetro de Percepción Social de la Ciencia y la Tecnología en Asturias permitirá analizar de forma periódica cómo entiende, valora y se relaciona la ciudadanía con la ciencia.",222
https://portalinvestigacion.uniovi.es/investigadores/218613/detalle,LUIGI TOFFOLATTI BALLARIN,COLABORA_EN,Divulgación Científica,"Han intervenido Luigi Toffolatti, catedrático de Astrofísica de la Universidad de Oviedo y miembro de la colaboración internacional Planck de la Agencia Espacial Europea.",222
https://portalinvestigacion.uniovi.es/investigadores/217465/detalle,EVA GARCIA VAZQUEZ,COLABORA_EN,Divulgación Científica,"La jornada ha concluido con la conversación Las estrellas desde Asturias, moderada por Cipriano Alonso Barrio, doctor en Química y colaborador de la cátedra.",222
https://portalinvestigacion.uniovi.es/investigadores/217756/detalle,JOSE ANTONIO LOPEZ CEREZO,LIDERA,Cátedra de Cultura Científica,"El director de la cátedra, José Antonio López Cerezo, han presentado hoy en el Edificio Histórico las actividades de la entidad.",222
https://portalinvestigacion.uniovi.es/investigadores/217780/detalle,ANTONIO MIGUEL LOPEZ RODRIGUEZ,COLABORA_EN,Divulgación Científica,La jornada ha culminado con dos mesas redondas con especialistas en divulgación y astronomía para debatir sobre el papel social de la ciencia en nuestra comunidad.,222
https://portalinvestigacion.uniovi.es/investigadores/217465/detalle,EVA GARCIA VAZQUEZ,INVESTIGA_SOBRE,Ciencia Ciudadana,"Eva García Vázquez, catedrática de Genética de la Universidad de Oviedo y referente en proyectos de ciencia ciudadana.",222
https://portalinvestigacion.uniovi.es/investigadores/218181/detalle,LUIS JOSE RODRIGUEZ MUÑIZ,COLABORA_EN,Divulgación Científica,"Luis Rodríguez Muñiz, catedrático de Didáctica de la Matemática y vicepresidente de la Real Sociedad Matemática Española.",222
https://portalinvestigacion.uniovi.es/investigadores/217691/detalle,MARIA LINDSAY MARTINEZ GARCIA,INVESTIGA_SOBRE,educación,"Aula Abierta, fundada en 1973, es una de las revistas científicas sobre educación más veteranas de España.",223
https://portalinvestigacion.uniovi.es/investigadores/1095910/detalle,MARIA VICTORIA MARTINEZ LOPEZ,INVESTIGA_SOBRE,bioética,"Las tres primeras han recibido, además, una mención de buenas prácticas editoriales en materia de género.",223
https://portalinvestigacion.uniovi.es/investigadores/217692/detalle,MARIA MARTINEZ GOMEZ,INVESTIGA_SOBRE,ingeniería eléctrica,Archivum es una de las revistas históricas de la Universidad de Oviedo y estuvo durante décadas vinculada a la antigua Facultad de Filosofía y Letras.,223
https://portalinvestigacion.uniovi.es/investigadores/219902/detalle,MARIA CARMEN MARTINEZ RODRIGUEZ,INVESTIGA_SOBRE,neurociencia cognitiva,El Servicio de Publicaciones de la Universidad de Oviedo edita un total de 28 revistas científicas.,223
https://portalinvestigacion.uniovi.es/investigadores/217698/detalle,MARIA VERONICA MARTINEZ LOPEZ,INVESTIGA_SOBRE,logopedia,"Liño es una revista científica de periodicidad anual dedicada a la investigación en Historia del Arte, Arquitectura y Patrimonio Cultural.",223
https://portalinvestigacion.uniovi.es/investigadores/219514/detalle,MARIA TERESA MARTINEZ RODRIGUEZ,INVESTIGA_SOBRE,evaluación psicométrica,La Revista Internacional de Derecho Romano (RIDROM) fue creada en 2008 por iniciativa de la Asociación Iberoamericana de Derecho Romano.,223
https://portalinvestigacion.uniovi.es/investigadores/217811/detalle,SUSANA LUQUE RODRIGUEZ,COLABORA_EN,Transferencia de Conocimiento,"Susana Luque, vicerrectora de Transferencia y Relaciones con la Empresa, señala que esta semana 'es una oportunidad para que empresas, administraciones y entidades conozcan de primera mano el potencial investigador de la Universidad de Oviedo'.",224
https://portalinvestigacion.uniovi.es/investigadores/218536/detalle,IGNACIO VILLAVERDE MENENDEZ,COLABORA_EN,Transferencia de Conocimiento,"Ignacio Villaverde, rector de la Universidad de Oviedo, subraya que 'la transferencia del conocimiento es una de las grandes responsabilidades de la universidad pública'.",224
https://portalinvestigacion.uniovi.es/investigadores/219562/detalle,MARIA PILAR GARCES GARCIA,LIDERA,Extensión Universitaria y Proyección Cultural,"Marta Mateo, catedrática de Filología Inglesa, sustituirá a María Pilar García Cuetos, que ha liderado el vicerrectorado durante los últimos cuatro años.",225
https://portalinvestigacion.uniovi.es/investigadores/219562/detalle,MARIA PILAR GARCES GARCIA,INVESTIGA_SOBRE,estudios de traducción,Mateo ha centrado su investigación en el campo de los estudios de traducción en el ámbito de las lenguas inglesa y española.,225
https://portalinvestigacion.uniovi.es/investigadores/219562/detalle,MARIA PILAR GARCES GARCIA,DESARROLLA,traducción,"La expedición de Humphry Clinker, del escritor escocés del siglo XVIII Tobias Smollett, que le valió el Premio de Traducción 2013 de la Asociación Española de Estudios Anglo-norteamericanos (AEDEAN).",225
https://portalinvestigacion.uniovi.es/investigadores/217800/detalle,YOLANDA LOZANO GOMEZ,COLABORA_EN,igualdad de género y diversidad en STEM,"La Universidad de Oviedo participará en el desarrollo de nuevos contenidos formativos, metodologías docentes inclusivas y programas de apoyo al estudiantado de máster y doctorado.",226
https://portalinvestigacion.uniovi.es/investigadores/218955/detalle,BARBARA ALVAREZ GONZALEZ,COLABORA_EN,igualdad de género y diversidad en STEM,"La Universidad de Oviedo participará en el desarrollo de nuevos contenidos formativos, metodologías docentes inclusivas y programas de apoyo al estudiantado de máster y doctorado.",226
https://portalinvestigacion.uniovi.es/investigadores/218536/detalle,IGNACIO VILLAVERDE MENENDEZ,COLABORA_EN,Premio de Investigación en Estudios de Género,"Olubukola Oyedeji, estudiante de Máster en Estudios de la Mujer y Género de la Universidad de Oviedo, se ha alzado con el galardón en la categoría de Mejor TFM.",227
https://portalinvestigacion.uniovi.es/investigadores/218536/detalle,IGNACIO VILLAVERDE MENENDEZ,COLABORA_EN,Estudios de Género,"67 trabajos procedentes de 14 universidades públicas al Premio de Investigación en Estudios de Género, un récord de participación que demuestra el creciente interés académico sobre los estudios de género.",227
https://portalinvestigacion.uniovi.es/investigadores/218536/detalle,IGNACIO VILLAVERDE MENENDEZ,COLABORA_EN,Transformación social,el compromiso de las universidades con la transformación social.,227
https://portalinvestigacion.uniovi.es/investigadores/218536/detalle,IGNACIO VILLAVERDE MENENDEZ,COLABORA_EN,Educación superior digital,alineados con las tendencias europeas de aprendizaje a lo largo de la vida y educación superior digital.,227
https://portalinvestigacion.uniovi.es/investigadores/218536/detalle,IGNACIO VILLAVERDE MENENDEZ,COLABORA_EN,Inteligencia artificial,el Campus Digital Compartido está trabajando en el primer piloto de infraestructura propia para el uso de modelos de inteligencia artificial open source.,227
https://portalinvestigacion.uniovi.es/investigadores/219226/detalle,SET PEREZ GONZALEZ,COLABORA_EN,Matemáticas,"Set Pérez González, profesor de Matemática Aplicada, y Raquel Pérez Díaz, de Derecho Civil, se han sumado al programa recientemente.",228
https://portalinvestigacion.uniovi.es/investigadores/218121/detalle,RAQUEL PEREZ DIAZ,COLABORA_EN,Derecho Civil,"Raquel Pérez Díaz, de Derecho Civil, se han sumado al programa recientemente.",228
https://portalinvestigacion.uniovi.es/investigadores/218586/detalle,PEDRO MANUEL SUAREZ MARTINEZ,COLABORA_EN,Filología Clásica,"Pedro Manuel Suárez Martínez, vinculado al programa de forma continuada desde el curso 2009-2010.",228
https://portalinvestigacion.uniovi.es/investigadores/217767/detalle,JOSE MANUEL LOPEZ GARCIA,COLABORA_EN,Biomedicina,José Manuel López García imparte tres asignaturas relacionadas con la biomedicina desde hace ocho años.,228
https://portalinvestigacion.uniovi.es/investigadores/217335/detalle,RAFAEL GONZALEZ AYESTARAN,INVESTIGA_SOBRE,5G,La nueva red da servicio totalmente abierto a todos los grupos de investigación del Campus de Gijón.,230
https://portalinvestigacion.uniovi.es/investigadores/217902/detalle,LUIS FERNANDO HERRAN ONTAÑON,COLABORA_EN,5G,"El equipo responsable de esta nueva red está formado por los profesores de la institución académica Rafael González Ayestarán, Ignacio Rodríguez Larrad y Luis Fernando Herrán Ontañón.",230
https://portalinvestigacion.uniovi.es/investigadores/217761/detalle,CARLOS LOPEZ FERNANDEZ,COLABORA_EN,5G,"El equipo responsable de esta nueva red está formado por los profesores de la institución académica Rafael González Ayestarán, Ignacio Rodríguez Larrad y Luis Fernando Herrán Ontañón.",230
https://portalinvestigacion.uniovi.es/investigadores/219298/detalle,IGNACIO RODRIGUEZ,COLABORA_EN,5G,"El equipo responsable de esta nueva red está formado por los profesores de la institución académica Rafael González Ayestarán, Ignacio Rodríguez Larrad y Luis Fernando Herrán Ontañón.",230
https://portalinvestigacion.uniovi.es/investigadores/217762/detalle,JESUS ALBERTO LOPEZ FERNANDEZ,COLABORA_EN,5G,"El equipo responsable de esta nueva red está formado por los profesores de la institución académica Rafael González Ayestarán, Ignacio Rodríguez Larrad y Luis Fernando Herrán Ontañón.",230
https://portalinvestigacion.uniovi.es/investigadores/217902/detalle,LUIS FERNANDO HERRAN ONTAÑON,INVESTIGA_SOBRE,6G,La nueva infraestructura tecnológica avanzada sitúa a la institución académica y al Principado en una posición ventajosa para el desarrollo de la investigación.,230
https://portalinvestigacion.uniovi.es/investigadores/217335/detalle,RAFAEL GONZALEZ AYESTARAN,INVESTIGA_SOBRE,6G,La nueva infraestructura tecnológica avanzada sitúa a la institución académica y al Principado en una posición ventajosa para el desarrollo de la investigación.,230
https://portalinvestigacion.uniovi.es/investigadores/217761/detalle,CARLOS LOPEZ FERNANDEZ,INVESTIGA_SOBRE,6G,La nueva infraestructura tecnológica avanzada sitúa a la institución académica y al Principado en una posición ventajosa para el desarrollo de la investigación.,230
https://portalinvestigacion.uniovi.es/investigadores/219298/detalle,IGNACIO RODRIGUEZ,INVESTIGA_SOBRE,6G,La nueva infraestructura tecnológica avanzada sitúa a la institución académica y al Principado en una posición ventajosa para el desarrollo de la investigación.,230
https://portalinvestigacion.uniovi.es/investigadores/217762/detalle,JESUS ALBERTO LOPEZ FERNANDEZ,INVESTIGA_SOBRE,6G,La nueva infraestructura tecnológica avanzada sitúa a la institución académica y al Principado en una posición ventajosa para el desarrollo de la investigación.,230
https://portalinvestigacion.uniovi.es/investigadores/218536/detalle,IGNACIO VILLAVERDE MENENDEZ,COLABORA_EN,innovación y transferencia de conocimiento,"Este acuerdo, que han firmado hoy la alcaldesa de Avilés, Mariví Monteserín, y el rector de la Universidad de Oviedo, Ignacio Villaverde, contribuye a reforzar la estrategia de transformación productiva de la ciudad.",233
https://portalinvestigacion.uniovi.es/investigadores/218536/detalle,IGNACIO VILLAVERDE MENENDEZ,INVESTIGA_SOBRE,modelos industriales sostenibles y digitales,Este convenio no solo refuerza la apuesta por modelos industriales sostenibles y digitales.,233
https://portalinvestigacion.uniovi.es/investigadores/218536/detalle,IGNACIO VILLAVERDE MENENDEZ,LIDERA,ecosistema de innovación,la colaboración con el Ayuntamiento de Avilés como socio estratégico es “fundamental” para consolidar un ecosistema de innovación.,233
https://portalinvestigacion.uniovi.es/investigadores/217811/detalle,SUSANA LUQUE RODRIGUEZ,COLABORA_EN,transferencia de conocimiento,Se avanzará también en programas de formación especializados en nuevas tecnologías o competencias empresariales.,233
https://portalinvestigacion.uniovi.es/investigadores/217811/detalle,SUSANA LUQUE RODRIGUEZ,INVESTIGA_SOBRE,emprendimiento tecnológico,la Universidad de Oviedo se convierte en un socio estratégico en el establecimiento de alianzas internacionales.,233
https://portalinvestigacion.uniovi.es/investigadores/217461/detalle,ALBA GARCIA TORRES,LIDERA,regulación del tiempo desde una perspectiva feminista,La profesora Alba García Torres ha sido reconocida por una investigación sobre la regulación del tiempo desde una perspectiva feminista.,234
https://portalinvestigacion.uniovi.es/investigadores/217461/detalle,ALBA GARCIA TORRES,INVESTIGA_SOBRE,invisibilización del trabajo reproductivo y de cuidados,poniendo el foco en la invisibilización histórica del trabajo reproductivo y de cuidados.,234
https://portalinvestigacion.uniovi.es/investigadores/217461/detalle,ALBA GARCIA TORRES,DESARROLLA,enfoque de derecho al tiempo,"propone un enfoque de derecho al tiempo que articule de forma equilibrada trabajo remunerado, los cuidados, el descanso y el ocio.",234
https://portalinvestigacion.uniovi.es/investigadores/217461/detalle,ALBA GARCIA TORRES,INVESTIGA_SOBRE,desigualdades en la regulación del tiempo,la regulación tradicional del tiempo ha estado dominada por una lógica productiva y económica.,234
https://portalinvestigacion.uniovi.es/investigadores/217461/detalle,ALBA GARCIA TORRES,LIDERA,transformación social del tiempo,Trabajar menos debe formar parte de una transformación más amplia: reorganizar socialmente el tiempo.,234
https://portalinvestigacion.uniovi.es/investigadores/216763/detalle,PABLO ALONSO GONZALEZ,LIDERA,control de la nanoluz,"Un equipo internacional, liderado por el grupo de Nano-Óptica Cuántica de la Universidad de Oviedo y el Centro de Investigación en Nanomateriales y Nanotecnología (CINN-CSIC), ha publicado un artículo de revisión en la prestigiosa revista Nature Nanotechnology que detalla cómo manipular los fenómenos ópticos fundamentales cuando la luz se acopla a la materia en materiales de espesor atómico.",235
https://portalinvestigacion.uniovi.es/investigadores/216763/detalle,PABLO ALONSO GONZALEZ,INVESTIGA_SOBRE,polaritones,"El estudio se centra en los polaritones, cuasipartículas híbridas que nacen cuando la luz y la materia interactúan de manera intensa.",235
https://portalinvestigacion.uniovi.es/investigadores/216763/detalle,PABLO ALONSO GONZALEZ,DESARROLLA,dispositivos de comunicación y sensores de alta precisión,El grupo de Nano-Óptica Cuántica encabeza un trabajo internacional que establece las bases para desarrollar dispositivos de comunicación y sensores de alta precisión.,235
https://portalinvestigacion.uniovi.es/investigadores/1095859/detalle,AITANA TARAZAGA MARTIN-LUENGO,COLABORA_EN,nanotecnología,"Esta investigación se enmarca en el proyecto TWISTOPTICS, liderado por el profesor de la Universidad de Oviedo Pablo Alonso González y financiado por una ERC Consolidator Grant del Consejo Europeo de Investigación.",235
https://portalinvestigacion.uniovi.es/investigadores/1116395/detalle,MARCOS MIÑARRO PRADO,COLABORA_EN,efecto de pesticidas y pérdida de hábitats en abejas silvestres,El estudio coordina a 63 investigadores de 43 instituciones que han aportado datos de 681 campos de cultivo de tres continentes.,236
https://portalinvestigacion.uniovi.es/investigadores/217405/detalle,DANIEL GARCIA GARCIA,COLABORA_EN,efecto de pesticidas y pérdida de hábitats en abejas silvestres,El trabajo concluye que conservar las abejas silvestres resulta indispensable para asegurar una gran parte de nuestro alimento.,236
https://portalinvestigacion.uniovi.es/investigadores/1116395/detalle,MARCOS MIÑARRO PRADO,INVESTIGA_SOBRE,declive de las abejas silvestres,El análisis global evidencia un patrón similar lo largo de los distintos sistemas de cultivo estudiados.,236
https://portalinvestigacion.uniovi.es/investigadores/217405/detalle,DANIEL GARCIA GARCIA,INVESTIGA_SOBRE,declive de las abejas silvestres,El estudio sugiere diversas vías para explicar el efecto nocivo.,236
https://portalinvestigacion.uniovi.es/investigadores/1116395/detalle,MARCOS MIÑARRO PRADO,DESARROLLA,gestión de la agricultura y biodiversidad,La investigación demuestra la relevancia de gestionar la agricultura abordando de forma coordinada e integradora los distintos procesos.,236
https://portalinvestigacion.uniovi.es/investigadores/217921/detalle,RAQUEL MARIA GONZALEZ SOENGAS,INVESTIGA_SOBRE,tratamiento de enfermedades cardiovasculares en emergencias complejas,Aída Sotomayor Centeno ha sido reconocida por su investigación sobre el tratamiento de enfermedades cardiovasculares en emergencias complejas.,238
https://portalinvestigacion.uniovi.es/investigadores/217921/detalle,RAQUEL MARIA GONZALEZ SOENGAS,LIDERA,Epidemiología de las Enfermedades Cardiovasculares en Emergencias Complejas,"El premio al mejor TFG fue para Aída Sotomayor Centeno, por su trabajo titulado Epidemiología de las Enfermedades Cardiovasculares en Emergencias Complejas.",238
https://portalinvestigacion.uniovi.es/investigadores/217921/detalle,RAQUEL MARIA GONZALEZ SOENGAS,INVESTIGA_SOBRE,impacto de los desastres naturales en la salud mental de la población joven,Raquel María González García ha sido reconocida por su investigación sobre el impacto de los desastres naturales en la salud mental de las personas jóvenes.,238
https://portalinvestigacion.uniovi.es/investigadores/217921/detalle,RAQUEL MARIA GONZALEZ SOENGAS,LIDERA,impacto de los desastres naturales en la salud mental de la población joven,María González García ha sido reconocida con el premio al mejor TFM gracias a su trabajo sobre el impacto de los desastres naturales en la salud mental de la población joven.,238
https://portalinvestigacion.uniovi.es/investigadores/1010273/detalle,IRENE DIAZ MARTINEZ,COLABORA_EN,Escuela Internacional de Doctorado,"la vicerrectora de Investigación, Irene Díaz, ha destacado que “con la aprobación de este órgano culminamos la configuración de la Escuela Internacional de Doctorado""",239
https://portalinvestigacion.uniovi.es/investigadores/1010273/detalle,IRENE DIAZ MARTINEZ,INVESTIGA_SOBRE,Plan Propio de Investigación,"la vicerrectora Irene Díaz ha subrayado que “el Plan Propio sigue siendo una herramienta fundamental para sostener la actividad investigadora en todas sus fases""",239
https://portalinvestigacion.uniovi.es/investigadores/219685/detalle,ALVARO FERNANDEZ VAQUERO,COLABORA_EN,restauración de obras de arte,"la intervención, llevada a cabo por la especialista Ana Isabel Ortega Díaz y coordinada por Álvaro Fernández Castañón, restaurador de pintura del Museo del Prado",240
https://portalinvestigacion.uniovi.es/investigadores/218643/detalle,CELESTINO RODRIGUEZ PEREZ,COLABORA_EN,Erasmus Rural,"El Gobierno del Principado de Asturias, en colaboración con la Universidad de Oviedo, ha puesto en marcha la primera edición del programa Erasmus Rural.",243
https://portalinvestigacion.uniovi.es/investigadores/218643/detalle,CELESTINO RODRIGUEZ PEREZ,LIDERA,Erasmus Rural,"La vicepresidenta del Principado ha subrayado que 'Erasmus Rural es una apuesta decidida por la escuela rural, clave para mantener vivo el territorio'.",243
https://portalinvestigacion.uniovi.es/investigadores/218643/detalle,CELESTINO RODRIGUEZ PEREZ,INVESTIGA_SOBRE,despoblamiento,"Erasmus Rural es una iniciativa pionera que conecta universidad, educación y territorio para reforzar la escuela rural y avanzar en la lucha contra el despoblamiento.",243
https://portalinvestigacion.uniovi.es/investigadores/218643/detalle,CELESTINO RODRIGUEZ PEREZ,COLABORA_EN,cohesión territorial,Erasmus Rural se enmarca en la estrategia del Gobierno del Principado para impulsar la cohesión territorial.,243
https://portalinvestigacion.uniovi.es/investigadores/218643/detalle,CELESTINO RODRIGUEZ PEREZ,DESARROLLA,proyecto de innovación educativa,el alumnado debe diseñar y desarrollar un proyecto de innovación educativa adaptado a la realidad del medio rural.,243
https://portalinvestigacion.uniovi.es/investigadores/218536/detalle,IGNACIO VILLAVERDE MENENDEZ,LIDERA,Erasmus Rural,"Villaverde ha añadido además que esta iniciativa 'permite que nuestros estudiantes aprendan en contextos reales, diversos y con un enorme valor pedagógico y humano'.",243
https://portalinvestigacion.uniovi.es/investigadores/218536/detalle,IGNACIO VILLAVERDE MENENDEZ,COLABORA_EN,cohesión social,"refuerza nuestra esencia como universidad pública: estar al servicio del territorio, contribuir a la cohesión social y abrir oportunidades allí donde más se necesitan.",243
https://portalinvestigacion.uniovi.es/investigadores/218643/detalle,CELESTINO RODRIGUEZ PEREZ,COLABORA_EN,educación,"Erasmus Rural es una apuesta decidida por la escuela rural, clave para mantener vivo el territorio.",243
https://portalinvestigacion.uniovi.es/investigadores/219959/detalle,JAVIER FERNANDEZ GONZALEZ,LIDERA,Cátedra SERESCO SAGE de Nuevos Modelos de Negocio basados en Tecnologías de la Información,Premio otorgado a Javier Fernández Fernández‑Nespral por el TFG El crecimiento de plataformas digitales: Análisis del caso de Rocket Internet.,244
https://portalinvestigacion.uniovi.es/investigadores/217688/detalle,JOSE CARLOS MARTINEZ GARCIA,LIDERA,Cátedra R3 PWM de Inversiones Financieras,Premio concedido a Guillermo Esteban García por el TFG Análisis cualitativo comparativo de la sostenibilidad de fondos de inversión.,244
https://portalinvestigacion.uniovi.es/investigadores/218656/detalle,JULIO RODRIGUEZ SUAREZ,LIDERA,Cátedra VACIERO de Transformación Empresarial y su Marco Jurídico‑Financiero,Premio otorgado a Carla Martínez García de Vega por el TFG La protección de la privacidad del trabajador por cuenta ajena ante la digitalización de la empresa.,244
https://portalinvestigacion.uniovi.es/investigadores/219231/detalle,DAVID RODRIGUEZ MARTINEZ,LIDERA,Cátedra Banco Sabadell de Finanzas Sostenibles,Premio otorgado a David Rodríguez Suárez por el TFG Inversiones Financieras Sostenibles: resultados de los fondos ESG en Europa.,244
https://portalinvestigacion.uniovi.es/investigadores/217511/detalle,MARIA ARANZAZU FERNANDEZ RODRIGUEZ,LIDERA,Cátedra ONTIER de Empresas Saludables,Premio concedido a Francisco Javier Fernández Rodríguez por el TFG Working in the Third Place: Care as corporate control.,244
https://portalinvestigacion.uniovi.es/investigadores/217560/detalle,ESTEBAN GARCIA CANAL,LIDERA,"Cátedra Caja Rural de Desarrollo Económico, Social y Territorial",Premio concedido a Carla Cifuentes Parajón por el TFG La Política Agrícola Común y el desarrollo rural: análisis de la iniciativa LEADER en la Comarca de la Sidra del Principado de Asturias.,244
https://portalinvestigacion.uniovi.es/investigadores/219833/detalle,ALBA GONZALEZ SANZ,COLABORA_EN,La Regenta,"la investigadora y comisaria, Alba González Sanz, para la puesta en marcha de una muestra que 'trata de recordar que La Regenta es una forma de mirar el mundo'",245
https://portalinvestigacion.uniovi.es/investigadores/219562/detalle,MARIA PILAR GARCES GARCIA,COLABORA_EN,La Regenta,"ha agradecido el trabajo de la Biblioteca, en la figura de María José Ferrer Echávarri, y de la investigadora y comisaria, Alba González Sanz",245
https://portalinvestigacion.uniovi.es/investigadores/220101/detalle,CARLOS RODRIGUEZ HOYOS,DESARROLLA,aerodinámica y aeroelasticidad,Carlos Rodríguez ha dado continuidad a ese trabajo al planificar y desarrollar varios ensayos en el túnel aerodinámico norteamericano.,246
https://portalinvestigacion.uniovi.es/investigadores/218207/detalle,ANTONIO NAVARRO MANSO,COLABORA_EN,túnel de viento,La colaboración entre ambas universidades tiene su origen en una estancia del investigador Antonio Navarro en Princeton en 2017 que culminó con la construcción del túnel de viento CRUE20-oWT.,246
https://portalinvestigacion.uniovi.es/investigadores/220101/detalle,CARLOS RODRIGUEZ HOYOS,INVESTIGA_SOBRE,viento y estructuras,Carlos Rodríguez articuló su trabajo en dos frentes complementarios.,246
https://portalinvestigacion.uniovi.es/investigadores/218207/detalle,ANTONIO NAVARRO MANSO,LIDERA,túnel de viento CRUE20-oWT,Antonio Navarro estableció los primeros vínculos con el Departamento de Ingeniería Civil y Medioambiental de la Universidad de Princeton y construyó el túnel de viento CRUE20-oWT gracias a una beca de movilidad de excelencia.,246
https://portalinvestigacion.uniovi.es/investigadores/218267/detalle,SUSANA MONTES RODRIGUEZ,LIDERA,Escuela Internacional de Doctorado,"La Universidad de Oviedo ha inaugurado hoy la Escuela Internacional de Doctorado Paz Suárez Rendueles, un centro encargado de la organización, coordinación y supervisión de los programas de doctorado.",248
https://portalinvestigacion.uniovi.es/investigadores/218536/detalle,IGNACIO VILLAVERDE MENENDEZ,LIDERA,Escuela Internacional de Doctorado,"El rector, Ignacio Villaverde, ha celebrado la puesta en marcha del centro durante su inauguración como una herramienta clave para 'elevar la calidad de la formación investigadora'.",248
https://portalinvestigacion.uniovi.es/investigadores/1010273/detalle,IRENE DIAZ MARTINEZ,COLABORA_EN,Escuela Internacional de Doctorado,"han participado Vicente Gotor, exrector; Irene Díaz, vicerrectora de Investigación; Susana Montes, directora de la Escuela Internacional de Doctorado, y Covadonga Betegón.",248
https://portalinvestigacion.uniovi.es/investigadores/217124/detalle,SUSANA IRENE DIAZ RODRIGUEZ,COLABORA_EN,Escuela Internacional de Doctorado,"han participado Vicente Gotor, exrector; Irene Díaz, vicerrectora de Investigación; Susana Montes, directora de la Escuela Internacional de Doctorado, y Covadonga Betegón.",248
https://portalinvestigacion.uniovi.es/investigadores/217981/detalle,VICENTE GOTOR FERNANDEZ,COLABORA_EN,Escuela Internacional de Doctorado,"han participado Vicente Gotor, exrector; Irene Díaz, vicerrectora de Investigación; Susana Montes, directora de la Escuela Internacional de Doctorado, y Covadonga Betegón.",248
https://portalinvestigacion.uniovi.es/investigadores/218536/detalle,IGNACIO VILLAVERDE MENENDEZ,INVESTIGA_SOBRE,calidad de la formación investigadora,"'elevar la calidad de la formación investigadora, fomentar su internacionalización y garantizar la transferencia efectiva del conocimiento a la sociedad'.",248
https://portalinvestigacion.uniovi.es/investigadores/218458/detalle,CARLOS MANUEL SUAREZ ALVAREZ,LIDERA,interceptación de calidad en cáncer,El Instituto Universitario de Oncología del Principado de Asturias nació hace 25 años con un propósito clave: realizar una interceptación de calidad en cáncer.,249
https://portalinvestigacion.uniovi.es/investigadores/218458/detalle,CARLOS MANUEL SUAREZ ALVAREZ,INVESTIGA_SOBRE,cáncer,los avances logrados han sido posibles gracias a 'la visión y compromiso' de los profesores que impulsaron el proyecto.,249
https://portalinvestigacion.uniovi.es/investigadores/218458/detalle,CARLOS MANUEL SUAREZ ALVAREZ,COLABORA_EN,proyecto de investigación del cáncer,la colaboración ha sido fundamental para la consolidación del proyecto.,249
https://portalinvestigacion.uniovi.es/investigadores/218458/detalle,CARLOS MANUEL SUAREZ ALVAREZ,DESARROLLA,laboratorio de investigación,El IUOPA me brindó la oportunidad de montar un laboratorio de investigación al lado del departamento de Otorrinolaringología.,249
https://portalinvestigacion.uniovi.es/investigadores/218536/detalle,IGNACIO VILLAVERDE MENENDEZ,COLABORA_EN,proyectos de interés social,La colaboración entre nuestra universidad y la Fundación Alimerka pone de manifiesto cómo el conocimiento y la acción conjunta pueden generar un beneficio directo para la sociedad.,250
https://portalinvestigacion.uniovi.es/investigadores/218536/detalle,IGNACIO VILLAVERDE MENENDEZ,DESARROLLA,investigación en el ámbito biosanitario,realizar nuevos proyectos de interés social y esto sin olvidar la línea de investigación especialmente centrada en el ámbito biosanitario.,250
https://portalinvestigacion.uniovi.es/investigadores/218128/detalle,JOSE MARIA PEREZ FREIJE,LIDERA,Biomedicina y Oncología Molecular,"David Roiz del Valle, graduado en Biología por la Universidad de Oviedo, ha defendido recientemente tesis doctoral en Biomedicina y Oncología Molecular, con la dirección de los doctores Carlos López-Otín y Alejandro Piñeiro Ugalde.",251
https://portalinvestigacion.uniovi.es/investigadores/218128/detalle,JOSE MARIA PEREZ FREIJE,COLABORA_EN,"Genomas, Cáncer y Envejecimiento","Actualmente, trabaja como investigador postdoctoral en el grupo de Genomas, Cáncer y Envejecimiento de la institución académica asturiana, con la supervisión de los doctores José María Pérez Freije y Alejandro Piñeiro Ugalde.",251
https://portalinvestigacion.uniovi.es/investigadores/218128/detalle,JOSE MARIA PEREZ FREIJE,INVESTIGA_SOBRE,Bioquímica,"Por ello, escribí un mensaje al profesor López-. Otín para saber qué estudios eran más recomendables para adentrarse en la bioquímica, y él me animó a estudiar Biología.",251
https://portalinvestigacion.uniovi.es/investigadores/218128/detalle,JOSE MARIA PEREZ FREIJE,COLABORA_EN,Investigación en Biología,...gracias a la colaboración que llevé a cabo durante los cuatro años de carrera con el grupo de profesor Carlos López-Otín.,251
https://portalinvestigacion.uniovi.es/investigadores/218128/detalle,JOSE MARIA PEREZ FREIJE,INVESTIGA_SOBRE,Psicología Clínica,"Hugo Martínez, graduado en Psicología por la Universidad de Oviedo, actualmente cursa el último año de residencia en Psicología Clínica en Asturias.",251
https://portalinvestigacion.uniovi.es/investigadores/1116395/detalle,MARCOS MIÑARRO PRADO,LIDERA,impacto de la fauna silvestre en el control de plagas,"Una investigación liderada por el Servicio Regional de Investigación y Desarrollo Agroalimentario (Serida) y la Universidad de Oviedo muestra el papel fundamental que desempeñan las aves, los murciélagos y las arañas en la sostenibilidad del cultivo de manzanas y arándanos en Asturias.",252
https://portalinvestigacion.uniovi.es/investigadores/217405/detalle,DANIEL GARCIA GARCIA,LIDERA,impacto de la fauna silvestre en el control de plagas,"El proyecto, liderado por Marcos Miñarro, investigador del Serida, y por Daniel García, catedrático de Ecología de la Universidad de Oviedo, cuenta con financiación de la Agencia Estatal de Investigación.",252
https://portalinvestigacion.uniovi.es/investigadores/217405/detalle,DANIEL GARCIA GARCIA,INVESTIGA_SOBRE,control biológico de plagas,El equipo investigador ha estudiado cómo los animales silvestres ayudan a controlar las plagas de forma natural (servicio ecosistémico)...,252
https://portalinvestigacion.uniovi.es/investigadores/1116395/detalle,MARCOS MIÑARRO PRADO,COLABORA_EN,sostenibilidad agrícola,Miñarro destaca que esta transmisión de conocimiento acerca la ciencia al sector productivo y proporciona herramientas prácticas para avanzar hacia una agricultura más sostenible.,252
https://portalinvestigacion.uniovi.es/investigadores/217410/detalle,RAQUEL GARCIA GARCIA,COLABORA_EN,sostenibilidad agrícola,"El proyecto ha sido capaz de identificar estos efectos negativos, lo que abre la puerta a nuevas estrategias de manejo para mitigar los daños que estos animales puedan causar sin comprometer los beneficios del control biológico.",252
https://portalinvestigacion.uniovi.es/investigadores/216929/detalle,DAVID ALVAREZ FERNANDEZ,INVESTIGA_SOBRE,cormoranes moñudos,"CORMIÑOS, llevado a cabo entre 2022 y 2025 por la consultora CORY'S–Investigación y Conservación de la Biodiversidad, en colaboración con David Álvarez, investigador del Departamento de Biología de Organismos y Sistemas de la Universidad de Oviedo...",253
https://portalinvestigacion.uniovi.es/investigadores/216733/detalle,ESTEBAN AGULLO TOMAS,COLABORA_EN,cooperación al desarrollo,Agulló ha manifestado además su satisfacción por acoger esta exposición y ha abierto las puertas de la universidad para seguir colaborando tanto con la CODOPA como con la Asociación Escritores por el Sáhara-Bubisher.,254
https://portalinvestigacion.uniovi.es/investigadores/218144/detalle,MARISELA DEL CARMEN PEREZ RODRIGUEZ,LIDERA,seguimiento GPS de especies silvestres,"El trabajo ha sido liderado por el grupo de investigación Coexistencia para la Conservación, del Instituto Mixto de Investigación en Biodiversidad IMIB.",255
https://portalinvestigacion.uniovi.es/investigadores/218144/detalle,MARISELA DEL CARMEN PEREZ RODRIGUEZ,COLABORA_EN,conservación del Quebrantahuesos,en colaboración con la Fundación para la Conservación del Quebrantahuesos y la ONG portuguesa Palombar.,255
https://portalinvestigacion.uniovi.es/investigadores/218144/detalle,MARISELA DEL CARMEN PEREZ RODRIGUEZ,INVESTIGA_SOBRE,impacto de energías renovables en fauna,los autores de la investigación han evaluado las herramientas de planificación espacial de la energía eólica.,255
https://portalinvestigacion.uniovi.es/investigadores/218536/detalle,IGNACIO VILLAVERDE MENENDEZ,INVESTIGA_SOBRE,investigación,"“este presupuesto aprobado consolida la estabilidad institucional y permite profundizar en las líneas prioritarias del equipo de gobierno: investigación, calidad docente, fortalecimiento de campus y centros, digitalización, internacionalización y sostenibilidad económica y ambiental”.",256
https://portalinvestigacion.uniovi.es/investigadores/218536/detalle,IGNACIO VILLAVERDE MENENDEZ,LIDERA,Gerencia de la Universidad de Oviedo,"El rector, Ignacio Villaverde, propondrá al Consejo Social el nombramiento de Emma Ramos Carvajal como nueva gerente en su reunión del próximo 18 de diciembre.",257
https://portalinvestigacion.uniovi.es/investigadores/216902/detalle,ALBA ARDURA GUTIERREZ,LIDERA,conservación del desmán ibérico,"El proyecto AQUAMAM, liderado por la profesora de la Universidad de Oviedo Alba Ardura, nace con el objetivo de entender cómo las grandes presas están afectando a la conectividad y salud genética de las poblaciones de desmán.",258
https://portalinvestigacion.uniovi.es/investigadores/218865/detalle,JAVIER FERNANDEZ FERNANDEZ,COLABORA_EN,conservación del desmán ibérico,"“Con esta información podremos proponer acciones de restauración ecológica y medidas correctoras para reducir los efectos de las presas y mejorar la conectividad de los ríos”, añade Sara Fernández Fernández, profesora de Biología Funcional.",258
https://portalinvestigacion.uniovi.es/investigadores/218867/detalle,SARA FERNANDEZ FERNANDEZ,COLABORA_EN,conservación del desmán ibérico,"“AQUAMAM combina ciencia, tecnología y conservación, para reconectar nuestros ríos y proteger a una de las especies más singulares y sensibles de la fauna ibérica”, concluyen.",258
https://portalinvestigacion.uniovi.es/investigadores/217490/detalle,SILVIA GOMEZ ANSON,COLABORA_EN,Educación financiera,"El primer día del taller, celebrado en la Facultad de Economía y Empresa, incluyó una conferencia de la Comisión Nacional del Mercado de Valores sobre comunicación en educación financiera, una mesa redonda con profesionales del sector bancario y un taller del Banco de España sobre mercados y coyuntura económica.",259
https://portalinvestigacion.uniovi.es/investigadores/217490/detalle,SILVIA GOMEZ ANSON,DESARROLLA,Gamificación en educación financiera,"El segundo día, en el Coworking Talud de la Ería, los equipos trabajaron con mentores para diseñar juegos educativos que explicaran, de forma accesible y lúdica, conceptos como el ahorro, la inversión o la banca digital.",259
https://portalinvestigacion.uniovi.es/investigadores/217490/detalle,SILVIA GOMEZ ANSON,COLABORA_EN,Educación financiera,"Para los jóvenes universitarios, la sesión con estudiantes de Educación Secundaria fue la ocasión de comprobar si aquello que habían diseñado funcionaba de verdad ante un público real.",259
https://portalinvestigacion.uniovi.es/investigadores/218897/detalle,EVA MARIA DEL VALLE SUAREZ,COLABORA_EN,Accesibilidad e inclusión,"Esta iniciativa está organizada por la Oficina de Atención a Personas con Necesidades Específicas de la Universidad de Oviedo, dependiente del Vicerrectorado de Estudiantes y Empleabilidad, e Inserta Empleo, entidad de Fundación ONCE.",260
https://portalinvestigacion.uniovi.es/investigadores/218536/detalle,IGNACIO VILLAVERDE MENENDEZ,COLABORA_EN,Accesibilidad e inclusión,"Esta actividad, que ha contado también con la participación de Ignacio Villaverde, rector de la Universidad de Oviedo.",260
https://portalinvestigacion.uniovi.es/investigadores/218801/detalle,FRANCISCO GARCIA RIESGO,INVESTIGA_SOBRE,financiación universitaria,«la aportación de recursos públicos al Sistema Universitario Español ha sido inferior en un 21% a los valores medios de la OCDE y en un 26% a los valores medios de la UE a 23».,263
https://portalinvestigacion.uniovi.es/investigadores/218137/detalle,JOSE ANTONIO PEREZ MENDEZ,INVESTIGA_SOBRE,rendimiento científico,"«El índice normalizado de calidad de la actividad científica de nuestro Sistema Universitario se sitúa en un nivel muy próximo a valores referenciales de Estados Unidos, Alemania y Francia».",263
https://portalinvestigacion.uniovi.es/investigadores/218137/detalle,JOSE ANTONIO PEREZ MENDEZ,INVESTIGA_SOBRE,empleabilidad,«los universitarios españoles reducen su tasa de desempleo más que en la media de la OCDE y la UE a 23».,263
https://portalinvestigacion.uniovi.es/investigadores/216966/detalle,TONI ROGER CAMPIONE,LIDERA,inteligencia artificial en conflictos armados,...liderado por el catedrático de Filosofía del Derecho Roger Campione.,264
https://portalinvestigacion.uniovi.es/investigadores/218461/detalle,MARIA JOSE SUAREZ-CABAL,COLABORA_EN,inteligencia artificial en conflictos armados,"...han formado parte profesores de la Universidad de Oviedo, entidad beneficiaria del proyecto (Vicente Domínguez, María José García Salgado, Lucía Payero y Davide de Pietri)...",264
https://portalinvestigacion.uniovi.es/investigadores/218536/detalle,IGNACIO VILLAVERDE MENENDEZ,LIDERA,Plan Estratégico de la Universidad de Oviedo 2022-2024,"Villaverde ha informado del grado de cumplimiento del Plan Estratégico de la Universidad de Oviedo 2022-2024, que alcanza una media de 2,9 sobre 4 en los ejes transversales.",265
https://portalinvestigacion.uniovi.es/investigadores/218536/detalle,IGNACIO VILLAVERDE MENENDEZ,INVESTIGA_SOBRE,modificaciones de planes de estudio,"el objetivo de tales cambios es “mantener una actualización constante de los planes de estudio y garantizar que nuestra oferta académica responde de manera ágil a las demandas sociales, científicas y profesionales.”",265
https://portalinvestigacion.uniovi.es/investigadores/219562/detalle,MARIA PILAR GARCES GARCIA,LIDERA,Investigación Literaria,"El galardón está impulsado por la Cátedra Ángel González de la Universidad de Oviedo, con la financiación del Gobierno del Principado de Asturias.",266
https://portalinvestigacion.uniovi.es/investigadores/219562/detalle,MARIA PILAR GARCES GARCIA,COLABORA_EN,Poesía escrita por mujeres,"El trabajo se propone, así pues, como un necesario eslabón más de la larga cadena de estudios que en los últimos tiempos se empeñan en la adecuada visibilización de la poesía escrita por mujeres.",266
https://portalinvestigacion.uniovi.es/investigadores/1301906/detalle,ANA MARIA LOPEZ FERNANDEZ,INVESTIGA_SOBRE,violencia obstétrica,"en su investigación, examinó críticamente la violencia obstétrica en el estado de Lagos, Nigeria.",267
https://portalinvestigacion.uniovi.es/investigadores/1301906/detalle,ANA MARIA LOPEZ FERNANDEZ,DESARROLLA,atención materna,aboga por una atención materna más responsable y respetuosa.,267
https://portalinvestigacion.uniovi.es/investigadores/1301906/detalle,ANA MARIA LOPEZ FERNANDEZ,COLABORA_EN,justicia reproductiva,influyendo en las conversaciones sobre la justicia reproductiva.,267
https://portalinvestigacion.uniovi.es/investigadores/1095803/detalle,JOSE MARIA PEREZ BELLA,COLABORA_EN,Técnicas de evaluación no destructiva,"El investigador de la Universidad de Oviedo Alejandro del Hoyo Vijande ha sido reconocido con un segundo premio, por el trabajo titulado Técnicas de evaluación no destructiva basadas en medidas de campo electromagnético sin información de fase.",268
https://portalinvestigacion.uniovi.es/investigadores/218027/detalle,VICTOR QUESADA FERNANDEZ,INVESTIGA_SOBRE,Claves transcriptómicas del envejecimiento,"Su trabajo premiado, titulado Claves transcriptómicas del envejecimiento, fue dirigido por los doctores José María Pérez Freije y David Roiz del Valle.",268
https://portalinvestigacion.uniovi.es/investigadores/2353845/detalle,SAMUEL PIS VIGIL,INVESTIGA_SOBRE,Secuenciación y análisis del genoma de Marteilia pararefringens,"El galardón reconoce su TFM, titulado Secuenciación y análisis del genoma de Marteilia pararefringens, dirigido por los profesores Roberto de la Herrán Moreno y Guillermo Barturen Briñas.",268
https://portalinvestigacion.uniovi.es/investigadores/218138/detalle,MARIA TRINIDAD PEREZ MENDEZ,COLABORA_EN,Técnicas de evaluación no destructiva,"Gracias a este método, es posible desarrollar sistemas de inspección no destructiva de bajo coste.",268
https://portalinvestigacion.uniovi.es/investigadores/218128/detalle,JOSE MARIA PEREZ FREIJE,COLABORA_EN,Claves transcriptómicas del envejecimiento,"La investigación profundiza en aspectos como la velocidad de transcripción, las histonas y los transposones, abriendo nuevas vías para entender estos mecanismos y desarrollar futuras dianas terapéuticas contra enfermedades asociadas a la edad.",268
https://portalinvestigacion.uniovi.es/investigadores/2014345/detalle,ANTONIO GARCIA-BERNARDO TARTIERE,INVESTIGA_SOBRE,Claves transcriptómicas del envejecimiento,"Su trabajo premiado, titulado Claves transcriptómicas del envejecimiento, fue dirigido por los doctores José María Pérez Freije y David Roiz del Valle.",268
https://portalinvestigacion.uniovi.es/investigadores/2353845/detalle,SAMUEL PIS VIGIL,INVESTIGA_SOBRE,Secuenciación y análisis del genoma de Marteilia pararefringens,La investigación de Pis Vigil ha producido uno de los genomas de mayor calidad entre las especies de protozoos secuenciadas hasta la fecha.,268
https://portalinvestigacion.uniovi.es/investigadores/218536/detalle,IGNACIO VILLAVERDE MENENDEZ,COLABORA_EN,Exposición de arte,"La vicerrectora de Extensión Universitaria y Proyección Cultural, María Pilar García Cuetos, inaugura esta tarde (19:00 horas) la muestra junto al artista.",269
https://portalinvestigacion.uniovi.es/investigadores/218536/detalle,IGNACIO VILLAVERDE MENENDEZ,COLABORA_EN,Cultura y arte,"La universidad, heredera de más de cuatro siglos de historia y de un patrimonio artístico que forma parte esencial de la identidad de Asturias, entiende que su misión cultural no se limita a custodiar el pasado, sino también a acompañar y promover la creación del presente.",269
https://portalinvestigacion.uniovi.es/investigadores/218536/detalle,IGNACIO VILLAVERDE MENENDEZ,COLABORA_EN,Exposición de arte,"Por su parte, la vicerrectora de Extensión Universitaria y Proyección Cultural, María Pilar García Cuetos, destaca que Tamargo 'convierte los pigmentos, las arenas y las tierras recolectadas en distintos lugares del mundo en un lenguaje propio, cargado de significados y de resonancias personales'.",269
https://portalinvestigacion.uniovi.es/investigadores/218536/detalle,IGNACIO VILLAVERDE MENENDEZ,COLABORA_EN,Cultura y arte,"García Cuetos añade que, en esta muestra, la última del año en la Casa Abierta, 'el artista reflexiona sobre las experiencias vinculadas a Asturias y sus más recientes vivencias, que nos acercan a su mundo interior'.",269
https://portalinvestigacion.uniovi.es/investigadores/218536/detalle,IGNACIO VILLAVERDE MENENDEZ,COLABORA_EN,Exposición de arte,La serie de obras que se pueden ver desde hoy en la Sala de Exposiciones del Edificio Histórico de la Universidad de Oviedo nace alrededor del 2019 de un giro vital que plasma en su creación artística.,269
https://portalinvestigacion.uniovi.es/investigadores/218536/detalle,IGNACIO VILLAVERDE MENENDEZ,COLABORA_EN,Cultura y arte,"El rector de la Universidad de Oviedo, Ignacio Villaverde, asegura en el catálogo de la exposición que Marcos Tamargo 'pertenece a esa estirpe de creadores que hacen de la materia un lenguaje y del color una forma de pensamiento'.",269
https://portalinvestigacion.uniovi.es/investigadores/218536/detalle,IGNACIO VILLAVERDE MENENDEZ,COLABORA_EN,sistema universitario,"El rector de la Universidad de Oviedo, Ignacio Villaverde, ha participado en el encuentro celebrado hoy en la Universidad de Castilla-La Mancha.",270
https://portalinvestigacion.uniovi.es/investigadores/218536/detalle,IGNACIO VILLAVERDE MENENDEZ,INVESTIGA_SOBRE,financiación estructural y estable para la investigación,la Asamblea ha subrayado la necesidad de contar con una «financiación estructural y estable» para la investigación.,270
https://portalinvestigacion.uniovi.es/investigadores/218232/detalle,MARIA DE LA PAZ MENENDEZ SEBASTIAN,COLABORA_EN,violencia de género,"las universidades desempeñemos un papel esencial como generadoras de conocimiento, conciencia crítica y compromiso con la ciudadanía.",271
https://portalinvestigacion.uniovi.es/investigadores/218536/detalle,IGNACIO VILLAVERDE MENENDEZ,COLABORA_EN,violencia de género,"el rector, Ignacio Villaverde, y la directora de área de Igualdad, Paz Menéndez Sebastián reproducirán los manifiestos por la Eliminación de la Violencia contra las Mujeres.",271
https://portalinvestigacion.uniovi.es/investigadores/217331/detalle,BEGOÑA FERNANDEZ PEREZ,LIDERA,Cátedra Sino-Foundry Refractory R&D,"La Cátedra Sino-Foundry Refractory R&D (SFR) estará dirigida por Begoña Fernández, profesora titular del Departamento de Ciencia de los Materiales e Ingeniería Metalúrgica de la Universidad de Oviedo.",272
https://portalinvestigacion.uniovi.es/investigadores/218679/detalle,ALVARO RUBIO ORDOÑEZ,COLABORA_EN,Cátedra Sino-Foundry Refractory R&D,"contará en su comisión de seguimiento con Álvaro Rubio, profesor titular del Departamento de Geología y experto en el análisis microestructural de materiales refractarios.",272
https://portalinvestigacion.uniovi.es/investigadores/218536/detalle,IGNACIO VILLAVERDE MENENDEZ,COLABORA_EN,Cátedra Sino-Foundry Refractory R&D,"El acuerdo, suscrito entre Ignacio Villaverde, rector de la institución académica asturiana, y He Shengping, CEO de la compañía.",272
https://portalinvestigacion.uniovi.es/investigadores/218536/detalle,IGNACIO VILLAVERDE MENENDEZ,LIDERA,transferencia de conocimiento,"El rector ha añadido que, con esta iniciativa, la Universidad de Oviedo refuerza su compromiso con la transferencia del conocimiento hacia el entorno empresarial.",272
https://portalinvestigacion.uniovi.es/investigadores/218536/detalle,IGNACIO VILLAVERDE MENENDEZ,LIDERA,Derechos Fundamentales y Constitución,Villaverde subraya que la confluencia y la relación entre el entorno socioeconómico y la universidad es “indispensable” para que el progreso sea una realidad.,273
https://portalinvestigacion.uniovi.es/investigadores/218536/detalle,IGNACIO VILLAVERDE MENENDEZ,INVESTIGA_SOBRE,transformación social a través de la educación,“Creo firmemente nesta misión da universidá: cambiar vidas y faer el mundu meyor”,273
https://portalinvestigacion.uniovi.es/investigadores/219790/detalle,ALFONSO PALACIO ALVAREZ,COLABORA_EN,relación entre la universidad y el arte,"Alfonso Palacio, director adjunto del Museo del Prado, ha sido este año el encargado de ofrecer la conferencia magistral.",273
https://portalinvestigacion.uniovi.es/investigadores/217419/detalle,SANTIAGO GARCIA GRANDA,COLABORA_EN,educación y memoria,los lugares de memoria son espacios atravesados por la noción de tiempo donde la colectividad puede reencontrarse con aspectos importantes de su identidad.,273
https://portalinvestigacion.uniovi.es/investigadores/218220/detalle,FAUSTINO JOSE NUÑEZ BATALLA,COLABORA_EN,flamenco,"La sexta temporada de la Canción de Autor enfocará también el talento de las poetas del 27 con Sheila Blanco, en un diálogo que coordinará la profesora Miriam Perandones.",274
https://portalinvestigacion.uniovi.es/investigadores/218112/detalle,MIRIAM PERANDONES LOZANO,COLABORA_EN,poesía,"Su trayectoria destaca por su labor divulgativa en proyectos como Cantando a las Poetas del 27, que recupera y musicaliza la obra de autoras olvidadas de esa generación.",274
https://portalinvestigacion.uniovi.es/investigadores/218220/detalle,FAUSTINO JOSE NUÑEZ BATALLA,COLABORA_EN,música,"Acompañada únicamente por su piano, interpreta poemas de Carmen Conde, Ernestina de Champourcin, Concha Méndez, Elisabeth Mulder, Pilar de Valderrama, Margarita Ferreras, Josefina Romo Arregui y Dolores Catarinéu.",274
https://portalinvestigacion.uniovi.es/investigadores/218112/detalle,MIRIAM PERANDONES LOZANO,COLABORA_EN,carnaval,"El músico, poeta y cantautor Antonio Martínez Ares dialogará con la profesora Elena Merino sobre La poética del Carnaval de Cádiz: la comparsa de Martínez Ares.",274
https://portalinvestigacion.uniovi.es/investigadores/218220/detalle,FAUSTINO JOSE NUÑEZ BATALLA,COLABORA_EN,improvisación,"Las conversaciones musicales finalizarán con Alexis Díaz-Pimienta, novelista, poeta, ensayista y repentista.",274
https://portalinvestigacion.uniovi.es/investigadores/217124/detalle,SUSANA IRENE DIAZ RODRIGUEZ,COLABORA_EN,estrategia de internacionalización,la Universidad de Oviedo quiere potenciar su presencia en el mundo.,275
https://portalinvestigacion.uniovi.es/investigadores/217283/detalle,JOSE MIGUEL ARIAS BLANCO,COLABORA_EN,evaluación en educación,"José Miguel Arias, profesor del área de Métodos de Investigación y Diagnóstico en Educación.",275
https://portalinvestigacion.uniovi.es/investigadores/218210/detalle,MARIA DEL ROSARIO NEIRA PIÑEIRO,COLABORA_EN,tecnología y aprendizaje,"María Neira, directora del Departamento de Salud Pública y Medio Ambiente de la OMS.",275
https://portalinvestigacion.uniovi.es/investigadores/217169/detalle,ANGEL ESPINIELLA MENENDEZ,COLABORA_EN,investigación y transferencia,se han analizado los principales datos de investigación y transferencia.,275
https://portalinvestigacion.uniovi.es/investigadores/218536/detalle,IGNACIO VILLAVERDE MENENDEZ,COLABORA_EN,derechos fundamentales,"Ignacio Villaverde, ha querido agradecer el trabajo de las personas.",275
https://portalinvestigacion.uniovi.es/investigadores/219659/detalle,ANA SUAREZ SANCHEZ,COLABORA_EN,internacionalización,"Al encuentro ha asistido Ana Suárez, vicerrectora de Internacionalización de la Universidad de Oviedo.",276
https://portalinvestigacion.uniovi.es/investigadores/219659/detalle,ANA SUAREZ SANCHEZ,COLABORA_EN,movilidad,"se han examinado las principales prioridades compartidas en materia de internacionalización, movilidad y cooperación.",276
https://portalinvestigacion.uniovi.es/investigadores/219659/detalle,ANA SUAREZ SANCHEZ,COLABORA_EN,cooperación,"se han examinado las principales prioridades compartidas en materia de internacionalización, movilidad y cooperación.",276
https://portalinvestigacion.uniovi.es/investigadores/219659/detalle,ANA SUAREZ SANCHEZ,COLABORA_EN,Study Abroad,la agenda de trabajo ha incluido asuntos relevantes como el impulso de los programas de Study Abroad en cada universidad.,276
https://portalinvestigacion.uniovi.es/investigadores/219659/detalle,ANA SUAREZ SANCHEZ,COLABORA_EN,Joint Degrees,la comisión ha avanzado en la hoja de ruta para la implantación de Joint Degrees bajo el European Approach.,276
https://portalinvestigacion.uniovi.es/investigadores/219659/detalle,ANA SUAREZ SANCHEZ,COLABORA_EN,Premio de Tesis Doctorales en Cooperación para el Desarrollo,"la próxima convocatoria del Premio de Tesis Doctorales en Cooperación para el Desarrollo, que alcanza ya su sexta edición.",276
https://portalinvestigacion.uniovi.es/investigadores/218309/detalle,JORGE PISONERO CASTRO,COLABORA_EN,cáncer colorrectal,"...investigadores de la Universidad de Oviedo, del Consorcio para la Explotación del Centro Nacional de Análisis Genómica (CNAG) de Barcelona, y de la Universidad de Granada.",277
https://portalinvestigacion.uniovi.es/investigadores/218309/detalle,JORGE PISONERO CASTRO,COLABORA_EN,entorno tumoral,"...encabezado por el Dr. Alexandre Calon, coordinador del Grupo de Investigación traslacional en microentorno tumoral del Instituto de Investigación del Hospital del Mar.",277
https://portalinvestigacion.uniovi.es/investigadores/217922/detalle,SONIA GONZALEZ SOLARES,LIDERA,desarrollo de un método in vitro para identificar radicales libres en sangre,"el galardón fue para la investigadora Isabel Quirós, profesora del área de Biología Celular de la Universidad de Oviedo, por el desarrollo de un método in vitro para identificar radicales libres en sangre y su uso en diagnóstico de patologías.",278
https://portalinvestigacion.uniovi.es/investigadores/217922/detalle,SONIA GONZALEZ SOLARES,LIDERA,trayectoria y labor investigadora,"el premio ‘Da Vinci’ reconoció la trayectoria y la labor investigadora de Sonia González Solares, catedrática del área de Fisiología de la Universidad de Oviedo.",278
https://portalinvestigacion.uniovi.es/investigadores/219264/detalle,ISABEL QUIROS GONZALEZ,LIDERA,investigación en Biología Celular,"el galardón fue para la investigadora Isabel Quirós, profesora del área de Biología Celular de la Universidad de Oviedo.",278
https://portalinvestigacion.uniovi.es/investigadores/2370717/detalle,EDUARDO FERNANDEZ ALONSO,LIDERA,biodiversidad urbana,"El estudio, liderado por el profesor de la Universidad de Oviedo Eduardo Fernández Pascual, junto con la bióloga municipal Zuzana Ferencova, analiza la “novedad ecológica” de comunidades de plantas, hongos y bacterias del suelo en distintos hábitats urbanos de Gijón/Xixón.",279
https://portalinvestigacion.uniovi.es/investigadores/217124/detalle,SUSANA IRENE DIAZ RODRIGUEZ,COLABORA_EN,Investigación universitaria,"La vicerrectora de Investigación de la Universidad de Oviedo, Irene Díaz, participa en la Comisión Sectorial de Crue I+D+i.",280
https://portalinvestigacion.uniovi.es/investigadores/217124/detalle,SUSANA IRENE DIAZ RODRIGUEZ,INVESTIGA_SOBRE,Transferencia de conocimiento,Alcón ha reivindicado la necesidad de que se active el 'sexenio de transferencia' como viene pidiendo CRUE.,280
https://portalinvestigacion.uniovi.es/investigadores/218536/detalle,IGNACIO VILLAVERDE MENENDEZ,COLABORA_EN,Extensión Universitaria,Ignacio Villaverde ha recordado que la Extensión Universitaria es una actividad fundamental para la Universidad de Oviedo que fue pionera en su desarrollo en España.,281
https://portalinvestigacion.uniovi.es/investigadores/218536/detalle,IGNACIO VILLAVERDE MENENDEZ,DESARROLLA,UOTerritorio,"El rector ha subrayado que, para articular ese compromiso con Asturias, la Universidad de Oviedo diseñó el proyecto UOterritorio.",281
https://portalinvestigacion.uniovi.es/investigadores/218536/detalle,IGNACIO VILLAVERDE MENENDEZ,INVESTIGA_SOBRE,Cultura y Patrimonio,"la concepción de la universidad como una institución dinamizadora del territorio, orgullosa de su cultura y su patrimonio cultural y comprometida con Asturias.",281
https://portalinvestigacion.uniovi.es/investigadores/217793/detalle,MARCOS LOREDO COLUNGA,COLABORA_EN,Junta Directiva de UNE,"Marcos Loredo, forma parte del equipo como vocal.",284
https://portalinvestigacion.uniovi.es/investigadores/217793/detalle,MARCOS LOREDO COLUNGA,COLABORA_EN,Editorial Universidad de Granada,"María Isabel Cabrera, directora de Editorial Universidad de Granada, que ha sido reelegida presidenta.",284
https://portalinvestigacion.uniovi.es/investigadores/217793/detalle,MARCOS LOREDO COLUNGA,COLABORA_EN,Edición académica UNE,"fortalecer la edición académica UNE para transferir conocimiento, con impacto y responsabilidad social.",284
https://portalinvestigacion.uniovi.es/investigadores/217758/detalle,MARIA CONCEPCION LOPEZ DIAZ,LIDERA,Comisión Sectorial de Ordenación Académica,"La Comisión Sectorial de Ordenación Académica del Grupo 9 de Universidades (G-9), presidida por la rectora de la Universidad de Cantabria, Concepción López.",285
https://portalinvestigacion.uniovi.es/investigadores/218536/detalle,IGNACIO VILLAVERDE MENENDEZ,COLABORA_EN,Extensión Universitaria,"El rector, Ignacio Villaverde, y el alcalde, Sergio Hidalgo Alonso, han firmado en el Edificio Histórico un convenio de colaboración que regula el funcionamiento de este espacio de Extensión Universitaria.",286
https://portalinvestigacion.uniovi.es/investigadores/218536/detalle,IGNACIO VILLAVERDE MENENDEZ,LIDERA,Aula Valdés-Salas,"El profesor de Economía y presidente de la Fundación Valdés-Salas, Isidro Sánchez, continuará al frente de este proyecto que incluye una intensa programación anual.",286
https://portalinvestigacion.uniovi.es/investigadores/218536/detalle,IGNACIO VILLAVERDE MENENDEZ,INVESTIGA_SOBRE,"difusión cultural, científica y formativa","ha desempeñado un papel fundamental en la difusión cultural, científica y formativa en el concejo asturiano y en su entorno.",286
https://portalinvestigacion.uniovi.es/investigadores/217793/detalle,MARCOS LOREDO COLUNGA,COLABORA_EN,Premio Nacional de Edición Universitaria,El Servicio de Publicaciones de la Universidad de Oviedo recibió ayer en Zaragoza el Premio Nacional de Edición Universitaria por la obra El jardín de las delicias.,287
https://portalinvestigacion.uniovi.es/investigadores/218536/detalle,IGNACIO VILLAVERDE MENENDEZ,LIDERA,gestión de la investigación,"ha repasado los diez acontecimientos que marcaron el desarrollo del curso académico 2024-2025. En concreto, ha detallado las medidas implementadas para mejorar la gestión de la investigación",288
https://portalinvestigacion.uniovi.es/investigadores/217811/detalle,SUSANA LUQUE RODRIGUEZ,COLABORA_EN,Cátedra de Cultura Científica,"El convenio ha sido suscrito esta mañana por Susana Luque, vicerrectora de Transferencia y Relaciones con la Empresa.",290
https://portalinvestigacion.uniovi.es/investigadores/217756/detalle,JOSE ANTONIO LOPEZ CEREZO,LIDERA,Cátedra de Cultura Científica,"José Antonio López Cerezo, catedrático de Lógica y Filosofía de la Ciencia e integrante del grupo de investigación de Estudios Sociales de la Ciencia (CTS), será el director.",290
https://portalinvestigacion.uniovi.es/investigadores/217756/detalle,JOSE ANTONIO LOPEZ CEREZO,INVESTIGA_SOBRE,percepción de la ciencia,Esta iniciativa pretende analizar la percepción que la sociedad asturiana tiene de la ciencia.,290
https://portalinvestigacion.uniovi.es/investigadores/217293/detalle,ANDRES ARIAS RODRIGUEZ,INVESTIGA_SOBRE,bioplásticos,El proyecto ganador utiliza una bacteria que puede convertir los compuestos orgánicos de las vinazas en un plástico biodegradable destinado a la fabricación de biotextiles que sustituyan a los tejidos derivados del petróleo.,291
https://portalinvestigacion.uniovi.es/investigadores/217293/detalle,ANDRES ARIAS RODRIGUEZ,DESARROLLA,transformación de residuos,"La iniciativa vencedora consiste en transformar los residuos del tequila en bioplásticos, específicamente PHA (polihidroxialcanoatos), mediante el uso de una bacteria llamada Cupriavidus necator.",291
https://portalinvestigacion.uniovi.es/investigadores/217293/detalle,ANDRES ARIAS RODRIGUEZ,COLABORA_EN,economía circular,"Este hackathon no solo fomenta la colaboración internacional, sino que también ha puesto de relieve el papel de la innovación en la búsqueda de soluciones sostenibles para los retos medioambientales actuales.",291
https://portalinvestigacion.uniovi.es/investigadores/218516/detalle,JOSE LUIS VIESCA RODRIGUEZ,LIDERA,Economía Circular,"El director de la cátedra, el profesor José Luis Viesca, fue el encargado de detallar, durante el acto inaugural, un programa que busca una “participación amplia y transversal” en torno a la circularidad.",292
https://portalinvestigacion.uniovi.es/investigadores/218062/detalle,PAULA OULEGO BLANCO,COLABORA_EN,Economía Circular,"El martes, 11 de noviembre (11.00 h.), el campus de El Cristo. Facultad de Química, Aula 24 (Oviedo) acogerá el taller Compostaje urbano: transforma tus residuos en recurso, impartido por la profesora Paula Oulego y por el ingeniero químico Martín Carreño.",292
https://portalinvestigacion.uniovi.es/investigadores/218417/detalle,LUIS ANGEL SAÑUDO FONTANEDA,INVESTIGA_SOBRE,Sistemas Urbanos de Drenaje Sostenible,"el jueves 13 (12.00 h.), el campus de Mieres, Edificio de Investigación, será el lugar donde se ofrecerá la conferencia: Circularidad del Agua. Sistemas Urbanos de Drenaje Sostenible, por Luis Sañudo Fontaneda, Profesor titular de Ingeniería de la Construcción (Universidad de Oviedo).",292
https://portalinvestigacion.uniovi.es/investigadores/217768/detalle,FERNANDO LOPEZ GAYARRE,INVESTIGA_SOBRE,Sostenibilidad en la Construcción,"El miércoles 12 (12.00 h.) el campus de Gijón. EPI, Aulario Sur, Sala de Juntas (Gijón), acoge la conferencia Caminando hacia la Sostenibilidad del Hormigón a partir de Materiales Circulares, impartida por Fernando López Gayarre, Catedrático de Ingeniería de la Construcción (Universidad de Oviedo) y vicepresidente de la Asociación Científica Española de Hormigones Ecosostenibles.",292
https://portalinvestigacion.uniovi.es/investigadores/216842/detalle,YAISEL JUAN BORRELL PICHS,LIDERA,detección de fraude alimentario,"“Precisamente por ello, se impone como prioridad el desarrollo de técnicas de detección del fraude alimentario que permitan identificar los productos comercializados incluso cuando ya están cocinados, hervidos o procesados, y sin necesidad de especialistas que reconozcan las especies a simple vista.”",294
https://portalinvestigacion.uniovi.es/investigadores/1301692/detalle,MARIA CELENZA,COLABORA_EN,detección de fraude alimentario,"Yaisel Borrell Pich, catedrático de Genética e investigador principal del proyecto, y María Celenza, investigadora predoctoral implicada en el mismo.",294
https://portalinvestigacion.uniovi.es/investigadores/217775/detalle,ALFONSO JOAQUIN LOPEZ MUÑIZ,COLABORA_EN,programa de becas,"Alfonso López Muñiz, Vicerrector de Estudiantes y Empleabilidad de la Universidad de Oviedo, ha agradecido el compromiso de la compañía con la captación de talento en la institución académica asturiana.",295
https://portalinvestigacion.uniovi.es/investigadores/216988/detalle,ROSA MARIA CID LOPEZ,LIDERA,Máster en Género y Diversidad,"...se distingue la trayectoria de las profesoras Isabel Carrera, Socorro Suárez Lafuente, Rosa Cid y la fallecida Amparo Pedregal, impulsoras de un proyecto clave en la promoción de la igualdad y la lucha contra la violencia de género...",297
https://portalinvestigacion.uniovi.es/investigadores/217235/detalle,MARIA ISABEL CARRERA SUAREZ,LIDERA,Máster en Género y Diversidad,"...se distingue la trayectoria de las profesoras Isabel Carrera, Socorro Suárez Lafuente, Rosa Cid y la fallecida Amparo Pedregal, impulsoras de un proyecto clave en la promoción de la igualdad y la lucha contra la violencia de género...",297
https://portalinvestigacion.uniovi.es/investigadores/2355223/detalle,ALFONSO ORTEGA DE LA PUENTE,COLABORA_EN,Máster de Abogacía y Procura,El Grupo aboga por garantizar que el Máster imparta una formación de calidad y adaptada a la preparación para el ejercicio profesional.,298
https://portalinvestigacion.uniovi.es/investigadores/2355223/detalle,ALFONSO ORTEGA DE LA PUENTE,COLABORA_EN,Trabajos de Fin de Grado (TFG),El Grupo de Trabajo sobre la revisión del modelo actual de Trabajos de Fin de Grado (TFG) ha considerado necesario reflexionar sobre su naturaleza obligatoria u optativa.,298
https://portalinvestigacion.uniovi.es/investigadores/218801/detalle,FRANCISCO GARCIA RIESGO,COLABORA_EN,Inteligencia Artificial en educación,se aboga por el protagonismo del acto de defensa en el que los docentes planteen preguntas directas a los estudiantes sobre el contenido del trabajo.,298
https://portalinvestigacion.uniovi.es/investigadores/218801/detalle,FRANCISCO GARCIA RIESGO,COLABORA_EN,evaluación académica,se trata de promover una cultura académica que valore el aprendizaje y el esfuerzo personal.,298
https://portalinvestigacion.uniovi.es/investigadores/1010273/detalle,IRENE DIAZ MARTINEZ,LIDERA,Semana de la Ciencia y la Innovación,"Irene Díaz, vicerrectora de Investigación, ha agradecido el esfuerzo de todos los participantes año tras año para hacer posible este evento, el gran referente de divulgación científica en Asturias.",299
https://portalinvestigacion.uniovi.es/investigadores/217882/detalle,ANA YOLANDA GUTIERREZ FERNANDEZ,COLABORA_EN,Ciencia y Tecnología,"La iniciativa, que cuenta con la colaboración del Ministerio de Ciencia, Innovación y Universidades, a través de la Fundación Española para la Ciencia y Tecnología (FECYT), y del Gobierno del Principado de Asturias.",299
https://portalinvestigacion.uniovi.es/investigadores/217882/detalle,ANA YOLANDA GUTIERREZ FERNANDEZ,INVESTIGA_SOBRE,Cáncer,entre estas últimas se encuentra la titulada Ciencia con impacto: la contribución del IUOPA al conocimiento del cáncer.,299
https://portalinvestigacion.uniovi.es/investigadores/219413/detalle,PEDRO GONZALEZ MENENDEZ,INVESTIGA_SOBRE,Biología Redox,"Entre las que más interés suscitaron por parte de los centros educativos se encuentran... El viaje de un glóbulo rojo: de la médula ósea a la sangre, de Pedro González Menéndez.",299
https://portalinvestigacion.uniovi.es/investigadores/217048/detalle,FELIPE FERNANDEZ GARCIA,INVESTIGA_SOBRE,Geografía,la Universidad de Oviedo se suma a la celebración de Año Internacional de la Conservación de los Glaciares con la conferencia divulgativa La Antártida: el continente sin dueño impartida por el profesor Jesús Ruiz del Departamento de Geografía.,299
https://portalinvestigacion.uniovi.es/investigadores/217124/detalle,SUSANA IRENE DIAZ RODRIGUEZ,INVESTIGA_SOBRE,Biología Redox,"Entre las que más interés suscitaron por parte de los centros educativos se encuentran... El viaje de un glóbulo rojo: de la médula ósea a la sangre, de Pedro González Menéndez.",299
https://portalinvestigacion.uniovi.es/investigadores/217882/detalle,ANA YOLANDA GUTIERREZ FERNANDEZ,DESARROLLA,Ciencia Inclusiva,"Más de 200 investigadores formarán parte de esta iniciativa de divulgación científica con conferencias, talleres, experimentos, una exposición, actividades de ciencia inclusiva o un proyecto de divulgación científica en bares.",299
https://portalinvestigacion.uniovi.es/investigadores/217882/detalle,ANA YOLANDA GUTIERREZ FERNANDEZ,COLABORA_EN,Divulgación Científica,"Más de 200 investigadores formarán parte de esta iniciativa de divulgación científica con conferencias, talleres, experimentos, una exposición, actividades de ciencia inclusiva o un proyecto de divulgación científica en bares.",299
https://portalinvestigacion.uniovi.es/investigadores/218648/detalle,OSCAR RODRIGUEZ PRIETO,LIDERA,Cátedra Universitaria de Demografía,"La cátedra será dirigida por Óscar Rodríguez Buznego, profesor del Departamento de Sociología de la universidad asturiana.",300
https://portalinvestigacion.uniovi.es/investigadores/217349/detalle,MARIA AIDA GONZALEZ DIAZ,INVESTIGA_SOBRE,emprendimiento,elaborado por la Cátedra de Emprendimiento Fundación Caja Rural de Asturias – Universidad de Oviedo,301
https://portalinvestigacion.uniovi.es/investigadores/217349/detalle,MARIA AIDA GONZALEZ DIAZ,LIDERA,Informe GEM 2024-2025,dirigido por los profesores Manuel González y Vanesa Solís,301
